2026-10-10 05:26:47.813 UTC [30731] hel1435-S2-desktop-R250000-b0-explain-r1 LOG:  duration: 79.871 ms  plan:
	Query Text: DELETE FROM output_snapshot_history h
	             USING pipelines p, users u
	             WHERE h.output_id = ANY($1) AND h.captured_at < $2
	               AND h.pipeline_id = p.id AND p.owner_id = u.id
	               AND h.captured_at < COALESCE(($3::timestamptz[])[array_position($4::text[], u.tier)], $5)
	Query Parameters: $1 = '{o0,o1,o10,o100,o1000,o1001,o1002,o1003,o1004,o1005,o1006,o1007,o1008,o1009,o101,o1010,o1011,o1012,o1013,o1014,o1015,o1016,o1017,o1018,o1019,o102,o1020,o1021,o1022,o1023,o1024,o1025,o1026,o1027,o1028,o1029,o103,o1030,o1031,o1032,o1033,o1034,o1035,o1036,o1037,o1038,o1039,o104,o1040,o1041,o1042,o1043,o1044,o1045,o1046,o1047,o1048,o1049,o105,o1050,o1051,o1052,o1053,o1054,o1055,o1056,o1057,o1058,o1059,o106,o1060,o1061,o1062,o1063,o1064,o1065,o1066,o1067,o1068,o1069,o107,o1070,o1071,o1072,o1073,o1074,o1075,o1076,o1077,o1078,o1079,o108,o1080,o1081,o1082,o1083,o1084,o1085,o1086,o1087,o1088,o1089,o109,o1090,o1091,o1092,o1093,o1094,o1095,o1096,o1097,o1098,o1099,o11,o110,o1100,o1101,o1102,o1103,o1104,o1105,o1106,o1107,o1108,o1109,o111,o1110,o1111,o1112,o1113,o1114,o1115,o1116,o1117,o1118,o1119,o112,o1120,o1121,o1122,o1123,o1124,o1125,o1126,o1127,o1128,o1129,o113,o1130,o1131,o1132,o1133,o1134,o1135,o1136,o1137,o1138,o1139,o114,o1140,o1141,o1142,o1143,o1144,o1145,o1146,o1147,o1148,o1149,o115,o1150,o1151,o1152,o1153,o1154,o1155,o1156,o1157,o1158,o1159,o116,o1160,o1161,o1162,o1163,o1164,o1165,o1166,o1167,o1168,o1169,o117,o1170,o1171,o1172,o1173,o1174,o1175,o1176,o1177,o1178,o1179,o118,o1180,o1181,o1182,o1183,o1184,o1185,o1186,o1187,o1188,o1189,o119,o1190,o1191,o1192,o1193,o1194,o1195,o1196,o1197,o1198,o1199,o12,o120,o1200,o1201,o1202,o1203,o1204,o1205,o1206,o1207,o1208,o1209,o121,o1210,o1211,o1212,o1213,o1214,o1215,o1216,o1217,o1218,o1219,o122,o1220,o1221,o1222,o1223,o1224,o1225,o1226,o1227,o1228,o1229,o123,o1230,o1231,o1232,o1233,o1234,o1235,o1236,o1237,o1238,o1239,o124,o1240,o1241,o1242,o1243,o1244,o1245,o1246,o1247,o1248,o1249,o125,o1250,o1251,o1252,o1253,o1254,o1255,o1256,o1257,o1258,o1259,o126,o1260,o1261,o1262,o1263,o1264,o1265,o1266,o1267,o1268,o1269,o127,o1270,o1271,o1272,o1273,o1274,o1275,o1276,o1277,o1278,o1279,o128,o1280,o1281,o1282,o1283,o1284,o1285,o1286,o1287,o1288,o1289,o129,o1290,o1291,o1292,o1293,o1294,o1295,o1296,o1297,o1298,o1299,o13,o130,o1300,o1301,o1302,o1303,o1304,o1305,o1306,o1307,o1308,o1309,o131,o1310,o1311,o1312,o1313,o1314,o1315,o1316,o1317,o1318,o1319,o132,o1320,o1321,o1322,o1323,o1324,o1325,o1326,o1327,o1328,o1329,o133,o1330,o1331,o1332,o1333,o1334,o1335,o1336,o1337,o1338,o1339,o134,o1340,o1341,o1342,o1343,o1344,o1345,o1346,o1347,o1348,o1349,o135,o1350,o1351,o1352,o1353,o1354,o1355,o1356,o1357,o1358,o1359,o136,o1360,o1361,o1362,o1363,o1364,o1365,o1366,o1367,o1368,o1369,o137,o1370,o1371,o1372,o1373,o1374,o1375,o1376,o1377,o1378,o1379,o138,o1380,o1381,o1382,o1383,o1384,o1385,o1386,o1387,o1388,o1389,o139,o1390,o1391,o1392,o1393,o1394,o1395,o1396,o1397,o1398,o1399,o14,o140,o1400,o1401,o1402,o1403,o1404,o1405,o1406,o1407,o1408,o1409,o141,o1410,o1411,o1412,o1413,o1414,o1415,o1416,o1417,o1418,o1419,o142,o1420,o1421,o1422,o1423,o1424,o1425,o1426,o1427,o1428,o1429,o143,o1430,o1431,o1432,o1433,o1434,o1435,o1436,o1437,o1438,o1439,o144,o1440,o1441,o1442,o1443}', $2 = '2026-09-09 22:00:00-07', $3 = '{"2026-09-09 22:00:00-07","2026-07-11 22:00:00-07","2025-10-09 22:00:00-07"}', $4 = '{free,beta,owner}', $5 = '2026-09-09 22:00:00-07'
	Delete on output_snapshot_history h  (cost=170.20..25415.09 rows=0 width=0) (actual time=79.867..79.869 rows=0 loops=1)
	  Buffers: shared hit=31 read=17954 dirtied=5 written=174
	  WAL: records=17 bytes=918
	  ->  Hash Join  (cost=170.20..25415.09 rows=5141 width=18) (actual time=0.970..79.834 rows=17 loops=1)
	        Hash Cond: (p.owner_id = u.id)
	        Join Filter: (h.captured_at < COALESCE(('{"2026-09-09 22:00:00-07","2026-07-11 22:00:00-07","2025-10-09 22:00:00-07"}'::timestamp with time zone[])[array_position('{free,beta,owner}'::text[], u.tier)], '2026-09-09 22:00:00-07'::timestamp with time zone))
	        Rows Removed by Join Filter: 18090
	        Buffers: shared hit=14 read=17954 written=174
	        ->  Hash Join  (cost=111.69..25316.04 rows=15423 width=36) (actual time=0.665..76.462 rows=18107 loops=1)
	              Hash Cond: (h.pipeline_id = p.id)
	              Buffers: shared hit=14 read=17933 written=174
	              ->  Index Scan using idx_output_snapshot_history_captured_at on output_snapshot_history h  (cost=1.67..25165.48 rows=15428 width=19) (actual time=0.037..73.637 rows=18107 loops=1)
	                    Index Cond: (captured_at < '2026-09-09 22:00:00-07'::timestamp with time zone)
	                    Filter: (output_id = ANY ('{o0,o1,o10,o100,o1000,o1001,o1002,o1003,o1004,o1005,o1006,o1007,o1008,o1009,o101,o1010,o1011,o1012,o1013,o1014,o1015,o1016,o1017,o1018,o1019,o102,o1020,o1021,o1022,o1023,o1024,o1025,o1026,o1027,o1028,o1029,o103,o1030,o1031,o1032,o1033,o1034,o1035,o1036,o1037,o1038,o1039,o104,o1040,o1041,o1042,o1043,o1044,o1045,o1046,o1047,o1048,o1049,o105,o1050,o1051,o1052,o1053,o1054,o1055,o1056,o1057,o1058,o1059,o106,o1060,o1061,o1062,o1063,o1064,o1065,o1066,o1067,o1068,o1069,o107,o1070,o1071,o1072,o1073,o1074,o1075,o1076,o1077,o1078,o1079,o108,o1080,o1081,o1082,o1083,o1084,o1085,o1086,o1087,o1088,o1089,o109,o1090,o1091,o1092,o1093,o1094,o1095,o1096,o1097,o1098,o1099,o11,o110,o1100,o1101,o1102,o1103,o1104,o1105,o1106,o1107,o1108,o1109,o111,o1110,o1111,o1112,o1113,o1114,o1115,o1116,o1117,o1118,o1119,o112,o1120,o1121,o1122,o1123,o1124,o1125,o1126,o1127,o1128,o1129,o113,o1130,o1131,o1132,o1133,o1134,o1135,o1136,o1137,o1138,o1139,o114,o1140,o1141,o1142,o1143,o1144,o1145,o1146,o1147,o1148,o1149,o115,o1150,o1151,o1152,o1153,o1154,o1155,o1156,o1157,o1158,o1159,o116,o1160,o1161,o1162,o1163,o1164,o1165,o1166,o1167,o1168,o1169,o117,o1170,o1171,o1172,o1173,o1174,o1175,o1176,o1177,o1178,o1179,o118,o1180,o1181,o1182,o1183,o1184,o1185,o1186,o1187,o1188,o1189,o119,o1190,o1191,o1192,o1193,o1194,o1195,o1196,o1197,o1198,o1199,o12,o120,o1200,o1201,o1202,o1203,o1204,o1205,o1206,o1207,o1208,o1209,o121,o1210,o1211,o1212,o1213,o1214,o1215,o1216,o1217,o1218,o1219,o122,o1220,o1221,o1222,o1223,o1224,o1225,o1226,o1227,o1228,o1229,o123,o1230,o1231,o1232,o1233,o1234,o1235,o1236,o1237,o1238,o1239,o124,o1240,o1241,o1242,o1243,o1244,o1245,o1246,o1247,o1248,o1249,o125,o1250,o1251,o1252,o1253,o1254,o1255,o1256,o1257,o1258,o1259,o126,o1260,o1261,o1262,o1263,o1264,o1265,o1266,o1267,o1268,o1269,o127,o1270,o1271,o1272,o1273,o1274,o1275,o1276,o1277,o1278,o1279,o128,o1280,o1281,o1282,o1283,o1284,o1285,o1286,o1287,o1288,o1289,o129,o1290,o1291,o1292,o1293,o1294,o1295,o1296,o1297,o1298,o1299,o13,o130,o1300,o1301,o1302,o1303,o1304,o1305,o1306,o1307,o1308,o1309,o131,o1310,o1311,o1312,o1313,o1314,o1315,o1316,o1317,o1318,o1319,o132,o1320,o1321,o1322,o1323,o1324,o1325,o1326,o1327,o1328,o1329,o133,o1330,o1331,o1332,o1333,o1334,o1335,o1336,o1337,o1338,o1339,o134,o1340,o1341,o1342,o1343,o1344,o1345,o1346,o1347,o1348,o1349,o135,o1350,o1351,o1352,o1353,o1354,o1355,o1356,o1357,o1358,o1359,o136,o1360,o1361,o1362,o1363,o1364,o1365,o1366,o1367,o1368,o1369,o137,o1370,o1371,o1372,o1373,o1374,o1375,o1376,o1377,o1378,o1379,o138,o1380,o1381,o1382,o1383,o1384,o1385,o1386,o1387,o1388,o1389,o139,o1390,o1391,o1392,o1393,o1394,o1395,o1396,o1397,o1398,o1399,o14,o140,o1400,o1401,o1402,o1403,o1404,o1405,o1406,o1407,o1408,o1409,o141,o1410,o1411,o1412,o1413,o1414,o1415,o1416,o1417,o1418,o1419,o142,o1420,o1421,o1422,o1423,o1424,o1425,o1426,o1427,o1428,o1429,o143,o1430,o1431,o1432,o1433,o1434,o1435,o1436,o1437,o1438,o1439,o144,o1440,o1441,o1442,o1443}'::text[]))
	                    Rows Removed by Filter: 298541
	                    Buffers: shared hit=14 read=17898 written=174
	              ->  Hash  (cost=68.34..68.34 rows=3334 width=27) (actual time=0.613..0.613 rows=3334 loops=1)
	                    Buckets: 4096  Batches: 1  Memory Usage: 227kB
	                    Buffers: shared read=35
	                    ->  Seq Scan on pipelines p  (cost=0.00..68.34 rows=3334 width=27) (actual time=0.005..0.301 rows=3334 loops=1)
	                          Buffers: shared read=35
	        ->  Hash  (cost=37.67..37.67 rows=1667 width=27) (actual time=0.300..0.301 rows=1667 loops=1)
	              Buckets: 2048  Batches: 1  Memory Usage: 113kB
	              Buffers: shared read=21
	              ->  Seq Scan on users u  (cost=0.00..37.67 rows=1667 width=27) (actual time=0.008..0.163 rows=1667 loops=1)
	                    Buffers: shared read=21
2026-10-10 05:26:48.875 UTC [30731] hel1435-S2-desktop-R250000-b0-explain-r1 LOG:  duration: 1043.539 ms  plan:
	Query Text: DELETE FROM output_snapshot_history WHERE output_id = ANY($1) AND id IN (
	             SELECT id FROM (
	               SELECT id, age_class, bucket,
	                      row_number() OVER w AS recency,
	                      lag(age_class) OVER w AS prev_class,
	                      lag(bucket) OVER w AS prev_bucket
	               FROM (
	                 SELECT id, output_id, captured_at,
	                        CASE WHEN extract(epoch FROM ($2::timestamptz - captured_at)) < $3 THEN 0
	                             WHEN extract(epoch FROM ($4::timestamptz - captured_at)) < $5 THEN 1
	                             ELSE 2 END AS age_class,
	                        floor(extract(epoch FROM captured_at) /
	                          CASE WHEN extract(epoch FROM ($6::timestamptz - captured_at)) < $7 THEN $8
	                               WHEN extract(epoch FROM ($9::timestamptz - captured_at)) < $10 THEN $11
	                               ELSE $12 END) AS bucket
	                 FROM output_snapshot_history
	                 WHERE output_id = ANY($13)
	               ) classed
	               WINDOW w AS (PARTITION BY output_id ORDER BY captured_at DESC, id DESC)
	             ) ranked
	             WHERE recency > $14 AND prev_class = age_class AND prev_bucket = bucket)
	Query Parameters: $1 = '{o0,o1,o10,o100,o1000,o1001,o1002,o1003,o1004,o1005,o1006,o1007,o1008,o1009,o101,o1010,o1011,o1012,o1013,o1014,o1015,o1016,o1017,o1018,o1019,o102,o1020,o1021,o1022,o1023,o1024,o1025,o1026,o1027,o1028,o1029,o103,o1030,o1031,o1032,o1033,o1034,o1035,o1036,o1037,o1038,o1039,o104,o1040,o1041,o1042,o1043,o1044,o1045,o1046,o1047,o1048,o1049,o105,o1050,o1051,o1052,o1053,o1054,o1055,o1056,o1057,o1058,o1059,o106,o1060,o1061,o1062,o1063,o1064,o1065,o1066,o1067,o1068,o1069,o107,o1070,o1071,o1072,o1073,o1074,o1075,o1076,o1077,o1078,o1079,o108,o1080,o1081,o1082,o1083,o1084,o1085,o1086,o1087,o1088,o1089,o109,o1090,o1091,o1092,o1093,o1094,o1095,o1096,o1097,o1098,o1099,o11,o110,o1100,o1101,o1102,o1103,o1104,o1105,o1106,o1107,o1108,o1109,o111,o1110,o1111,o1112,o1113,o1114,o1115,o1116,o1117,o1118,o1119,o112,o1120,o1121,o1122,o1123,o1124,o1125,o1126,o1127,o1128,o1129,o113,o1130,o1131,o1132,o1133,o1134,o1135,o1136,o1137,o1138,o1139,o114,o1140,o1141,o1142,o1143,o1144,o1145,o1146,o1147,o1148,o1149,o115,o1150,o1151,o1152,o1153,o1154,o1155,o1156,o1157,o1158,o1159,o116,o1160,o1161,o1162,o1163,o1164,o1165,o1166,o1167,o1168,o1169,o117,o1170,o1171,o1172,o1173,o1174,o1175,o1176,o1177,o1178,o1179,o118,o1180,o1181,o1182,o1183,o1184,o1185,o1186,o1187,o1188,o1189,o119,o1190,o1191,o1192,o1193,o1194,o1195,o1196,o1197,o1198,o1199,o12,o120,o1200,o1201,o1202,o1203,o1204,o1205,o1206,o1207,o1208,o1209,o121,o1210,o1211,o1212,o1213,o1214,o1215,o1216,o1217,o1218,o1219,o122,o1220,o1221,o1222,o1223,o1224,o1225,o1226,o1227,o1228,o1229,o123,o1230,o1231,o1232,o1233,o1234,o1235,o1236,o1237,o1238,o1239,o124,o1240,o1241,o1242,o1243,o1244,o1245,o1246,o1247,o1248,o1249,o125,o1250,o1251,o1252,o1253,o1254,o1255,o1256,o1257,o1258,o1259,o126,o1260,o1261,o1262,o1263,o1264,o1265,o1266,o1267,o1268,o1269,o127,o1270,o1271,o1272,o1273,o1274,o1275,o1276,o1277,o1278,o1279,o128,o1280,o1281,o1282,o1283,o1284,o1285,o1286,o1287,o1288,o1289,o129,o1290,o1291,o1292,o1293,o1294,o1295,o1296,o1297,o1298,o1299,o13,o130,o1300,o1301,o1302,o1303,o1304,o1305,o1306,o1307,o1308,o1309,o131,o1310,o1311,o1312,o1313,o1314,o1315,o1316,o1317,o1318,o1319,o132,o1320,o1321,o1322,o1323,o1324,o1325,o1326,o1327,o1328,o1329,o133,o1330,o1331,o1332,o1333,o1334,o1335,o1336,o1337,o1338,o1339,o134,o1340,o1341,o1342,o1343,o1344,o1345,o1346,o1347,o1348,o1349,o135,o1350,o1351,o1352,o1353,o1354,o1355,o1356,o1357,o1358,o1359,o136,o1360,o1361,o1362,o1363,o1364,o1365,o1366,o1367,o1368,o1369,o137,o1370,o1371,o1372,o1373,o1374,o1375,o1376,o1377,o1378,o1379,o138,o1380,o1381,o1382,o1383,o1384,o1385,o1386,o1387,o1388,o1389,o139,o1390,o1391,o1392,o1393,o1394,o1395,o1396,o1397,o1398,o1399,o14,o140,o1400,o1401,o1402,o1403,o1404,o1405,o1406,o1407,o1408,o1409,o141,o1410,o1411,o1412,o1413,o1414,o1415,o1416,o1417,o1418,o1419,o142,o1420,o1421,o1422,o1423,o1424,o1425,o1426,o1427,o1428,o1429,o143,o1430,o1431,o1432,o1433,o1434,o1435,o1436,o1437,o1438,o1439,o144,o1440,o1441,o1442,o1443}', $2 = '2026-10-09 22:00:00-07', $3 = '86400', $4 = '2026-10-09 22:00:00-07', $5 = '604800', $6 = '2026-10-09 22:00:00-07', $7 = '86400', $8 = '300', $9 = '2026-10-09 22:00:00-07', $10 = '604800', $11 = '3600', $12 = '86400', $13 = '{o0,o1,o10,o100,o1000,o1001,o1002,o1003,o1004,o1005,o1006,o1007,o1008,o1009,o101,o1010,o1011,o1012,o1013,o1014,o1015,o1016,o1017,o1018,o1019,o102,o1020,o1021,o1022,o1023,o1024,o1025,o1026,o1027,o1028,o1029,o103,o1030,o1031,o1032,o1033,o1034,o1035,o1036,o1037,o1038,o1039,o104,o1040,o1041,o1042,o1043,o1044,o1045,o1046,o1047,o1048,o1049,o105,o1050,o1051,o1052,o1053,o1054,o1055,o1056,o1057,o1058,o1059,o106,o1060,o1061,o1062,o1063,o1064,o1065,o1066,o1067,o1068,o1069,o107,o1070,o1071,o1072,o1073,o1074,o1075,o1076,o1077,o1078,o1079,o108,o1080,o1081,o1082,o1083,o1084,o1085,o1086,o1087,o1088,o1089,o109,o1090,o1091,o1092,o1093,o1094,o1095,o1096,o1097,o1098,o1099,o11,o110,o1100,o1101,o1102,o1103,o1104,o1105,o1106,o1107,o1108,o1109,o111,o1110,o1111,o1112,o1113,o1114,o1115,o1116,o1117,o1118,o1119,o112,o1120,o1121,o1122,o1123,o1124,o1125,o1126,o1127,o1128,o1129,o113,o1130,o1131,o1132,o1133,o1134,o1135,o1136,o1137,o1138,o1139,o114,o1140,o1141,o1142,o1143,o1144,o1145,o1146,o1147,o1148,o1149,o115,o1150,o1151,o1152,o1153,o1154,o1155,o1156,o1157,o1158,o1159,o116,o1160,o1161,o1162,o1163,o1164,o1165,o1166,o1167,o1168,o1169,o117,o1170,o1171,o1172,o1173,o1174,o1175,o1176,o1177,o1178,o1179,o118,o1180,o1181,o1182,o1183,o1184,o1185,o1186,o1187,o1188,o1189,o119,o1190,o1191,o1192,o1193,o1194,o1195,o1196,o1197,o1198,o1199,o12,o120,o1200,o1201,o1202,o1203,o1204,o1205,o1206,o1207,o1208,o1209,o121,o1210,o1211,o1212,o1213,o1214,o1215,o1216,o1217,o1218,o1219,o122,o1220,o1221,o1222,o1223,o1224,o1225,o1226,o1227,o1228,o1229,o123,o1230,o1231,o1232,o1233,o1234,o1235,o1236,o1237,o1238,o1239,o124,o1240,o1241,o1242,o1243,o1244,o1245,o1246,o1247,o1248,o1249,o125,o1250,o1251,o1252,o1253,o1254,o1255,o1256,o1257,o1258,o1259,o126,o1260,o1261,o1262,o1263,o1264,o1265,o1266,o1267,o1268,o1269,o127,o1270,o1271,o1272,o1273,o1274,o1275,o1276,o1277,o1278,o1279,o128,o1280,o1281,o1282,o1283,o1284,o1285,o1286,o1287,o1288,o1289,o129,o1290,o1291,o1292,o1293,o1294,o1295,o1296,o1297,o1298,o1299,o13,o130,o1300,o1301,o1302,o1303,o1304,o1305,o1306,o1307,o1308,o1309,o131,o1310,o1311,o1312,o1313,o1314,o1315,o1316,o1317,o1318,o1319,o132,o1320,o1321,o1322,o1323,o1324,o1325,o1326,o1327,o1328,o1329,o133,o1330,o1331,o1332,o1333,o1334,o1335,o1336,o1337,o1338,o1339,o134,o1340,o1341,o1342,o1343,o1344,o1345,o1346,o1347,o1348,o1349,o135,o1350,o1351,o1352,o1353,o1354,o1355,o1356,o1357,o1358,o1359,o136,o1360,o1361,o1362,o1363,o1364,o1365,o1366,o1367,o1368,o1369,o137,o1370,o1371,o1372,o1373,o1374,o1375,o1376,o1377,o1378,o1379,o138,o1380,o1381,o1382,o1383,o1384,o1385,o1386,o1387,o1388,o1389,o139,o1390,o1391,o1392,o1393,o1394,o1395,o1396,o1397,o1398,o1399,o14,o140,o1400,o1401,o1402,o1403,o1404,o1405,o1406,o1407,o1408,o1409,o141,o1410,o1411,o1412,o1413,o1414,o1415,o1416,o1417,o1418,o1419,o142,o1420,o1421,o1422,o1423,o1424,o1425,o1426,o1427,o1428,o1429,o143,o1430,o1431,o1432,o1433,o1434,o1435,o1436,o1437,o1438,o1439,o144,o1440,o1441,o1442,o1443}', $14 = '102'
	Delete on output_snapshot_history  (cost=411270.50..411288.23 rows=0 width=0) (actual time=1043.535..1043.538 rows=0 loops=1)
	  Buffers: shared hit=39999 read=266878 dirtied=355 written=12, temp read=1222 written=1226
	  WAL: records=5952 bytes=321408
	  ->  Nested Loop  (cost=411270.50..411288.23 rows=1 width=46) (actual time=1023.786..1041.966 rows=5952 loops=1)
	        Buffers: shared hit=34047 read=266878 written=12, temp read=1222 written=1226
	        ->  Unique  (cost=411268.83..411268.84 rows=2 width=56) (actual time=1023.718..1024.890 rows=5952 loops=1)
	              Buffers: shared hit=15595 read=261522, temp read=1222 written=1226
	              ->  Sort  (cost=411268.83..411268.84 rows=2 width=56) (actual time=1023.718..1024.368 rows=5952 loops=1)
	                    Sort Key: ranked.id
	                    Sort Method: quicksort  Memory: 844kB
	                    Buffers: shared hit=15595 read=261522, temp read=1222 written=1226
	                    ->  Subquery Scan on ranked  (cost=380175.20..411268.82 rows=2 width=56) (actual time=736.764..1022.346 rows=5952 loops=1)
	                          Filter: ((ranked.recency > 102) AND (ranked.prev_class = ranked.age_class) AND (ranked.prev_bucket = ranked.bucket))
	                          Rows Removed by Filter: 243770
	                          Buffers: shared hit=15592 read=261522, temp read=1222 written=1226
	                          ->  WindowAgg  (cost=380175.20..406915.71 rows=248749 width=109) (actual time=736.264..1009.820 rows=249722 loops=1)
	                                Buffers: shared hit=15592 read=261522, temp read=1222 written=1226
	                                ->  Sort  (cost=380175.20..380797.07 rows=248749 width=29) (actual time=736.163..758.616 rows=249722 loops=1)
	                                      Sort Key: output_snapshot_history_1.output_id, output_snapshot_history_1.captured_at DESC, output_snapshot_history_1.id DESC
	                                      Sort Method: external merge  Disk: 9776kB
	                                      Buffers: shared hit=15592 read=261522, temp read=1222 written=1226
	                                      ->  Seq Scan on output_snapshot_history output_snapshot_history_1  (cost=1.24..351928.40 rows=248749 width=29) (actual time=6.401..585.211 rows=249722 loops=1)
	                                            Filter: (output_id = ANY ('{o0,o1,o10,o100,o1000,o1001,o1002,o1003,o1004,o1005,o1006,o1007,o1008,o1009,o101,o1010,o1011,o1012,o1013,o1014,o1015,o1016,o1017,o1018,o1019,o102,o1020,o1021,o1022,o1023,o1024,o1025,o1026,o1027,o1028,o1029,o103,o1030,o1031,o1032,o1033,o1034,o1035,o1036,o1037,o1038,o1039,o104,o1040,o1041,o1042,o1043,o1044,o1045,o1046,o1047,o1048,o1049,o105,o1050,o1051,o1052,o1053,o1054,o1055,o1056,o1057,o1058,o1059,o106,o1060,o1061,o1062,o1063,o1064,o1065,o1066,o1067,o1068,o1069,o107,o1070,o1071,o1072,o1073,o1074,o1075,o1076,o1077,o1078,o1079,o108,o1080,o1081,o1082,o1083,o1084,o1085,o1086,o1087,o1088,o1089,o109,o1090,o1091,o1092,o1093,o1094,o1095,o1096,o1097,o1098,o1099,o11,o110,o1100,o1101,o1102,o1103,o1104,o1105,o1106,o1107,o1108,o1109,o111,o1110,o1111,o1112,o1113,o1114,o1115,o1116,o1117,o1118,o1119,o112,o1120,o1121,o1122,o1123,o1124,o1125,o1126,o1127,o1128,o1129,o113,o1130,o1131,o1132,o1133,o1134,o1135,o1136,o1137,o1138,o1139,o114,o1140,o1141,o1142,o1143,o1144,o1145,o1146,o1147,o1148,o1149,o115,o1150,o1151,o1152,o1153,o1154,o1155,o1156,o1157,o1158,o1159,o116,o1160,o1161,o1162,o1163,o1164,o1165,o1166,o1167,o1168,o1169,o117,o1170,o1171,o1172,o1173,o1174,o1175,o1176,o1177,o1178,o1179,o118,o1180,o1181,o1182,o1183,o1184,o1185,o1186,o1187,o1188,o1189,o119,o1190,o1191,o1192,o1193,o1194,o1195,o1196,o1197,o1198,o1199,o12,o120,o1200,o1201,o1202,o1203,o1204,o1205,o1206,o1207,o1208,o1209,o121,o1210,o1211,o1212,o1213,o1214,o1215,o1216,o1217,o1218,o1219,o122,o1220,o1221,o1222,o1223,o1224,o1225,o1226,o1227,o1228,o1229,o123,o1230,o1231,o1232,o1233,o1234,o1235,o1236,o1237,o1238,o1239,o124,o1240,o1241,o1242,o1243,o1244,o1245,o1246,o1247,o1248,o1249,o125,o1250,o1251,o1252,o1253,o1254,o1255,o1256,o1257,o1258,o1259,o126,o1260,o1261,o1262,o1263,o1264,o1265,o1266,o1267,o1268,o1269,o127,o1270,o1271,o1272,o1273,o1274,o1275,o1276,o1277,o1278,o1279,o128,o1280,o1281,o1282,o1283,o1284,o1285,o1286,o1287,o1288,o1289,o129,o1290,o1291,o1292,o1293,o1294,o1295,o1296,o1297,o1298,o1299,o13,o130,o1300,o1301,o1302,o1303,o1304,o1305,o1306,o1307,o1308,o1309,o131,o1310,o1311,o1312,o1313,o1314,o1315,o1316,o1317,o1318,o1319,o132,o1320,o1321,o1322,o1323,o1324,o1325,o1326,o1327,o1328,o1329,o133,o1330,o1331,o1332,o1333,o1334,o1335,o1336,o1337,o1338,o1339,o134,o1340,o1341,o1342,o1343,o1344,o1345,o1346,o1347,o1348,o1349,o135,o1350,o1351,o1352,o1353,o1354,o1355,o1356,o1357,o1358,o1359,o136,o1360,o1361,o1362,o1363,o1364,o1365,o1366,o1367,o1368,o1369,o137,o1370,o1371,o1372,o1373,o1374,o1375,o1376,o1377,o1378,o1379,o138,o1380,o1381,o1382,o1383,o1384,o1385,o1386,o1387,o1388,o1389,o139,o1390,o1391,o1392,o1393,o1394,o1395,o1396,o1397,o1398,o1399,o14,o140,o1400,o1401,o1402,o1403,o1404,o1405,o1406,o1407,o1408,o1409,o141,o1410,o1411,o1412,o1413,o1414,o1415,o1416,o1417,o1418,o1419,o142,o1420,o1421,o1422,o1423,o1424,o1425,o1426,o1427,o1428,o1429,o143,o1430,o1431,o1432,o1433,o1434,o1435,o1436,o1437,o1438,o1439,o144,o1440,o1441,o1442,o1443}'::text[]))
	                                            Rows Removed by Filter: 4736909
	                                            Buffers: shared hit=15586 read=261522
	        ->  Index Scan using output_snapshot_history_pkey on output_snapshot_history  (cost=1.67..9.70 rows=1 width=22) (actual time=0.003..0.003 rows=1 loops=5952)
	              Index Cond: (id = ranked.id)
	              Filter: (output_id = ANY ('{o0,o1,o10,o100,o1000,o1001,o1002,o1003,o1004,o1005,o1006,o1007,o1008,o1009,o101,o1010,o1011,o1012,o1013,o1014,o1015,o1016,o1017,o1018,o1019,o102,o1020,o1021,o1022,o1023,o1024,o1025,o1026,o1027,o1028,o1029,o103,o1030,o1031,o1032,o1033,o1034,o1035,o1036,o1037,o1038,o1039,o104,o1040,o1041,o1042,o1043,o1044,o1045,o1046,o1047,o1048,o1049,o105,o1050,o1051,o1052,o1053,o1054,o1055,o1056,o1057,o1058,o1059,o106,o1060,o1061,o1062,o1063,o1064,o1065,o1066,o1067,o1068,o1069,o107,o1070,o1071,o1072,o1073,o1074,o1075,o1076,o1077,o1078,o1079,o108,o1080,o1081,o1082,o1083,o1084,o1085,o1086,o1087,o1088,o1089,o109,o1090,o1091,o1092,o1093,o1094,o1095,o1096,o1097,o1098,o1099,o11,o110,o1100,o1101,o1102,o1103,o1104,o1105,o1106,o1107,o1108,o1109,o111,o1110,o1111,o1112,o1113,o1114,o1115,o1116,o1117,o1118,o1119,o112,o1120,o1121,o1122,o1123,o1124,o1125,o1126,o1127,o1128,o1129,o113,o1130,o1131,o1132,o1133,o1134,o1135,o1136,o1137,o1138,o1139,o114,o1140,o1141,o1142,o1143,o1144,o1145,o1146,o1147,o1148,o1149,o115,o1150,o1151,o1152,o1153,o1154,o1155,o1156,o1157,o1158,o1159,o116,o1160,o1161,o1162,o1163,o1164,o1165,o1166,o1167,o1168,o1169,o117,o1170,o1171,o1172,o1173,o1174,o1175,o1176,o1177,o1178,o1179,o118,o1180,o1181,o1182,o1183,o1184,o1185,o1186,o1187,o1188,o1189,o119,o1190,o1191,o1192,o1193,o1194,o1195,o1196,o1197,o1198,o1199,o12,o120,o1200,o1201,o1202,o1203,o1204,o1205,o1206,o1207,o1208,o1209,o121,o1210,o1211,o1212,o1213,o1214,o1215,o1216,o1217,o1218,o1219,o122,o1220,o1221,o1222,o1223,o1224,o1225,o1226,o1227,o1228,o1229,o123,o1230,o1231,o1232,o1233,o1234,o1235,o1236,o1237,o1238,o1239,o124,o1240,o1241,o1242,o1243,o1244,o1245,o1246,o1247,o1248,o1249,o125,o1250,o1251,o1252,o1253,o1254,o1255,o1256,o1257,o1258,o1259,o126,o1260,o1261,o1262,o1263,o1264,o1265,o1266,o1267,o1268,o1269,o127,o1270,o1271,o1272,o1273,o1274,o1275,o1276,o1277,o1278,o1279,o128,o1280,o1281,o1282,o1283,o1284,o1285,o1286,o1287,o1288,o1289,o129,o1290,o1291,o1292,o1293,o1294,o1295,o1296,o1297,o1298,o1299,o13,o130,o1300,o1301,o1302,o1303,o1304,o1305,o1306,o1307,o1308,o1309,o131,o1310,o1311,o1312,o1313,o1314,o1315,o1316,o1317,o1318,o1319,o132,o1320,o1321,o1322,o1323,o1324,o1325,o1326,o1327,o1328,o1329,o133,o1330,o1331,o1332,o1333,o1334,o1335,o1336,o1337,o1338,o1339,o134,o1340,o1341,o1342,o1343,o1344,o1345,o1346,o1347,o1348,o1349,o135,o1350,o1351,o1352,o1353,o1354,o1355,o1356,o1357,o1358,o1359,o136,o1360,o1361,o1362,o1363,o1364,o1365,o1366,o1367,o1368,o1369,o137,o1370,o1371,o1372,o1373,o1374,o1375,o1376,o1377,o1378,o1379,o138,o1380,o1381,o1382,o1383,o1384,o1385,o1386,o1387,o1388,o1389,o139,o1390,o1391,o1392,o1393,o1394,o1395,o1396,o1397,o1398,o1399,o14,o140,o1400,o1401,o1402,o1403,o1404,o1405,o1406,o1407,o1408,o1409,o141,o1410,o1411,o1412,o1413,o1414,o1415,o1416,o1417,o1418,o1419,o142,o1420,o1421,o1422,o1423,o1424,o1425,o1426,o1427,o1428,o1429,o143,o1430,o1431,o1432,o1433,o1434,o1435,o1436,o1437,o1438,o1439,o144,o1440,o1441,o1442,o1443}'::text[]))
	              Buffers: shared hit=18452 read=5356 written=12
	JIT:
	  Functions: 24
	  Options: Inlining false, Optimization false, Expressions true, Deforming true
	  Timing: Generation 0.678 ms, Inlining 0.000 ms, Optimization 0.292 ms, Emission 6.137 ms, Total 7.108 ms
2026-10-10 05:26:48.878 UTC [30731] hel1435-S2-desktop-R250000-b0-explain-r1 LOG:  temporary file: path "base/pgsql_tmp/pgsql_tmp30731.0", size 10010624
2026-10-10 05:26:48.878 UTC [30731] hel1435-S2-desktop-R250000-b0-explain-r1 STATEMENT:  DELETE FROM output_snapshot_history WHERE output_id = ANY($1) AND id IN (
	             SELECT id FROM (
	               SELECT id, age_class, bucket,
	                      row_number() OVER w AS recency,
	                      lag(age_class) OVER w AS prev_class,
	                      lag(bucket) OVER w AS prev_bucket
	               FROM (
	                 SELECT id, output_id, captured_at,
	                        CASE WHEN extract(epoch FROM ($2::timestamptz - captured_at)) < $3 THEN 0
	                             WHEN extract(epoch FROM ($4::timestamptz - captured_at)) < $5 THEN 1
	                             ELSE 2 END AS age_class,
	                        floor(extract(epoch FROM captured_at) /
	                          CASE WHEN extract(epoch FROM ($6::timestamptz - captured_at)) < $7 THEN $8
	                               WHEN extract(epoch FROM ($9::timestamptz - captured_at)) < $10 THEN $11
	                               ELSE $12 END) AS bucket
	                 FROM output_snapshot_history
	                 WHERE output_id = ANY($13)
	               ) classed
	               WINDOW w AS (PARTITION BY output_id ORDER BY captured_at DESC, id DESC)
	             ) ranked
	             WHERE recency > $14 AND prev_class = age_class AND prev_bucket = bucket)
2026-10-10 05:26:49.080 UTC [30733] hel1435-S2-desktop-R250000-b0-explain-r2 LOG:  duration: 80.112 ms  plan:
	Query Text: DELETE FROM output_snapshot_history h
	             USING pipelines p, users u
	             WHERE h.output_id = ANY($1) AND h.captured_at < $2
	               AND h.pipeline_id = p.id AND p.owner_id = u.id
	               AND h.captured_at < COALESCE(($3::timestamptz[])[array_position($4::text[], u.tier)], $5)
	Query Parameters: $1 = '{o0,o1,o10,o100,o1000,o1001,o1002,o1003,o1004,o1005,o1006,o1007,o1008,o1009,o101,o1010,o1011,o1012,o1013,o1014,o1015,o1016,o1017,o1018,o1019,o102,o1020,o1021,o1022,o1023,o1024,o1025,o1026,o1027,o1028,o1029,o103,o1030,o1031,o1032,o1033,o1034,o1035,o1036,o1037,o1038,o1039,o104,o1040,o1041,o1042,o1043,o1044,o1045,o1046,o1047,o1048,o1049,o105,o1050,o1051,o1052,o1053,o1054,o1055,o1056,o1057,o1058,o1059,o106,o1060,o1061,o1062,o1063,o1064,o1065,o1066,o1067,o1068,o1069,o107,o1070,o1071,o1072,o1073,o1074,o1075,o1076,o1077,o1078,o1079,o108,o1080,o1081,o1082,o1083,o1084,o1085,o1086,o1087,o1088,o1089,o109,o1090,o1091,o1092,o1093,o1094,o1095,o1096,o1097,o1098,o1099,o11,o110,o1100,o1101,o1102,o1103,o1104,o1105,o1106,o1107,o1108,o1109,o111,o1110,o1111,o1112,o1113,o1114,o1115,o1116,o1117,o1118,o1119,o112,o1120,o1121,o1122,o1123,o1124,o1125,o1126,o1127,o1128,o1129,o113,o1130,o1131,o1132,o1133,o1134,o1135,o1136,o1137,o1138,o1139,o114,o1140,o1141,o1142,o1143,o1144,o1145,o1146,o1147,o1148,o1149,o115,o1150,o1151,o1152,o1153,o1154,o1155,o1156,o1157,o1158,o1159,o116,o1160,o1161,o1162,o1163,o1164,o1165,o1166,o1167,o1168,o1169,o117,o1170,o1171,o1172,o1173,o1174,o1175,o1176,o1177,o1178,o1179,o118,o1180,o1181,o1182,o1183,o1184,o1185,o1186,o1187,o1188,o1189,o119,o1190,o1191,o1192,o1193,o1194,o1195,o1196,o1197,o1198,o1199,o12,o120,o1200,o1201,o1202,o1203,o1204,o1205,o1206,o1207,o1208,o1209,o121,o1210,o1211,o1212,o1213,o1214,o1215,o1216,o1217,o1218,o1219,o122,o1220,o1221,o1222,o1223,o1224,o1225,o1226,o1227,o1228,o1229,o123,o1230,o1231,o1232,o1233,o1234,o1235,o1236,o1237,o1238,o1239,o124,o1240,o1241,o1242,o1243,o1244,o1245,o1246,o1247,o1248,o1249,o125,o1250,o1251,o1252,o1253,o1254,o1255,o1256,o1257,o1258,o1259,o126,o1260,o1261,o1262,o1263,o1264,o1265,o1266,o1267,o1268,o1269,o127,o1270,o1271,o1272,o1273,o1274,o1275,o1276,o1277,o1278,o1279,o128,o1280,o1281,o1282,o1283,o1284,o1285,o1286,o1287,o1288,o1289,o129,o1290,o1291,o1292,o1293,o1294,o1295,o1296,o1297,o1298,o1299,o13,o130,o1300,o1301,o1302,o1303,o1304,o1305,o1306,o1307,o1308,o1309,o131,o1310,o1311,o1312,o1313,o1314,o1315,o1316,o1317,o1318,o1319,o132,o1320,o1321,o1322,o1323,o1324,o1325,o1326,o1327,o1328,o1329,o133,o1330,o1331,o1332,o1333,o1334,o1335,o1336,o1337,o1338,o1339,o134,o1340,o1341,o1342,o1343,o1344,o1345,o1346,o1347,o1348,o1349,o135,o1350,o1351,o1352,o1353,o1354,o1355,o1356,o1357,o1358,o1359,o136,o1360,o1361,o1362,o1363,o1364,o1365,o1366,o1367,o1368,o1369,o137,o1370,o1371,o1372,o1373,o1374,o1375,o1376,o1377,o1378,o1379,o138,o1380,o1381,o1382,o1383,o1384,o1385,o1386,o1387,o1388,o1389,o139,o1390,o1391,o1392,o1393,o1394,o1395,o1396,o1397,o1398,o1399,o14,o140,o1400,o1401,o1402,o1403,o1404,o1405,o1406,o1407,o1408,o1409,o141,o1410,o1411,o1412,o1413,o1414,o1415,o1416,o1417,o1418,o1419,o142,o1420,o1421,o1422,o1423,o1424,o1425,o1426,o1427,o1428,o1429,o143,o1430,o1431,o1432,o1433,o1434,o1435,o1436,o1437,o1438,o1439,o144,o1440,o1441,o1442,o1443}', $2 = '2026-09-09 22:00:00-07', $3 = '{"2026-09-09 22:00:00-07","2026-07-11 22:00:00-07","2025-10-09 22:00:00-07"}', $4 = '{free,beta,owner}', $5 = '2026-09-09 22:00:00-07'
	Delete on output_snapshot_history h  (cost=170.20..25415.09 rows=0 width=0) (actual time=80.109..80.111 rows=0 loops=1)
	  Buffers: shared hit=26 read=17959 dirtied=1 written=2
	  WAL: records=17 bytes=918
	  ->  Hash Join  (cost=170.20..25415.09 rows=5141 width=18) (actual time=1.498..80.075 rows=17 loops=1)
	        Hash Cond: (p.owner_id = u.id)
	        Join Filter: (h.captured_at < COALESCE(('{"2026-09-09 22:00:00-07","2026-07-11 22:00:00-07","2025-10-09 22:00:00-07"}'::timestamp with time zone[])[array_position('{free,beta,owner}'::text[], u.tier)], '2026-09-09 22:00:00-07'::timestamp with time zone))
	        Rows Removed by Join Filter: 18090
	        Buffers: shared hit=9 read=17959 written=2
	        ->  Hash Join  (cost=111.69..25316.04 rows=15423 width=36) (actual time=1.033..76.555 rows=18107 loops=1)
	              Hash Cond: (h.pipeline_id = p.id)
	              Buffers: shared hit=9 read=17938 written=2
	              ->  Index Scan using idx_output_snapshot_history_captured_at on output_snapshot_history h  (cost=1.67..25165.48 rows=15428 width=19) (actual time=0.050..73.398 rows=18107 loops=1)
	                    Index Cond: (captured_at < '2026-09-09 22:00:00-07'::timestamp with time zone)
	                    Filter: (output_id = ANY ('{o0,o1,o10,o100,o1000,o1001,o1002,o1003,o1004,o1005,o1006,o1007,o1008,o1009,o101,o1010,o1011,o1012,o1013,o1014,o1015,o1016,o1017,o1018,o1019,o102,o1020,o1021,o1022,o1023,o1024,o1025,o1026,o1027,o1028,o1029,o103,o1030,o1031,o1032,o1033,o1034,o1035,o1036,o1037,o1038,o1039,o104,o1040,o1041,o1042,o1043,o1044,o1045,o1046,o1047,o1048,o1049,o105,o1050,o1051,o1052,o1053,o1054,o1055,o1056,o1057,o1058,o1059,o106,o1060,o1061,o1062,o1063,o1064,o1065,o1066,o1067,o1068,o1069,o107,o1070,o1071,o1072,o1073,o1074,o1075,o1076,o1077,o1078,o1079,o108,o1080,o1081,o1082,o1083,o1084,o1085,o1086,o1087,o1088,o1089,o109,o1090,o1091,o1092,o1093,o1094,o1095,o1096,o1097,o1098,o1099,o11,o110,o1100,o1101,o1102,o1103,o1104,o1105,o1106,o1107,o1108,o1109,o111,o1110,o1111,o1112,o1113,o1114,o1115,o1116,o1117,o1118,o1119,o112,o1120,o1121,o1122,o1123,o1124,o1125,o1126,o1127,o1128,o1129,o113,o1130,o1131,o1132,o1133,o1134,o1135,o1136,o1137,o1138,o1139,o114,o1140,o1141,o1142,o1143,o1144,o1145,o1146,o1147,o1148,o1149,o115,o1150,o1151,o1152,o1153,o1154,o1155,o1156,o1157,o1158,o1159,o116,o1160,o1161,o1162,o1163,o1164,o1165,o1166,o1167,o1168,o1169,o117,o1170,o1171,o1172,o1173,o1174,o1175,o1176,o1177,o1178,o1179,o118,o1180,o1181,o1182,o1183,o1184,o1185,o1186,o1187,o1188,o1189,o119,o1190,o1191,o1192,o1193,o1194,o1195,o1196,o1197,o1198,o1199,o12,o120,o1200,o1201,o1202,o1203,o1204,o1205,o1206,o1207,o1208,o1209,o121,o1210,o1211,o1212,o1213,o1214,o1215,o1216,o1217,o1218,o1219,o122,o1220,o1221,o1222,o1223,o1224,o1225,o1226,o1227,o1228,o1229,o123,o1230,o1231,o1232,o1233,o1234,o1235,o1236,o1237,o1238,o1239,o124,o1240,o1241,o1242,o1243,o1244,o1245,o1246,o1247,o1248,o1249,o125,o1250,o1251,o1252,o1253,o1254,o1255,o1256,o1257,o1258,o1259,o126,o1260,o1261,o1262,o1263,o1264,o1265,o1266,o1267,o1268,o1269,o127,o1270,o1271,o1272,o1273,o1274,o1275,o1276,o1277,o1278,o1279,o128,o1280,o1281,o1282,o1283,o1284,o1285,o1286,o1287,o1288,o1289,o129,o1290,o1291,o1292,o1293,o1294,o1295,o1296,o1297,o1298,o1299,o13,o130,o1300,o1301,o1302,o1303,o1304,o1305,o1306,o1307,o1308,o1309,o131,o1310,o1311,o1312,o1313,o1314,o1315,o1316,o1317,o1318,o1319,o132,o1320,o1321,o1322,o1323,o1324,o1325,o1326,o1327,o1328,o1329,o133,o1330,o1331,o1332,o1333,o1334,o1335,o1336,o1337,o1338,o1339,o134,o1340,o1341,o1342,o1343,o1344,o1345,o1346,o1347,o1348,o1349,o135,o1350,o1351,o1352,o1353,o1354,o1355,o1356,o1357,o1358,o1359,o136,o1360,o1361,o1362,o1363,o1364,o1365,o1366,o1367,o1368,o1369,o137,o1370,o1371,o1372,o1373,o1374,o1375,o1376,o1377,o1378,o1379,o138,o1380,o1381,o1382,o1383,o1384,o1385,o1386,o1387,o1388,o1389,o139,o1390,o1391,o1392,o1393,o1394,o1395,o1396,o1397,o1398,o1399,o14,o140,o1400,o1401,o1402,o1403,o1404,o1405,o1406,o1407,o1408,o1409,o141,o1410,o1411,o1412,o1413,o1414,o1415,o1416,o1417,o1418,o1419,o142,o1420,o1421,o1422,o1423,o1424,o1425,o1426,o1427,o1428,o1429,o143,o1430,o1431,o1432,o1433,o1434,o1435,o1436,o1437,o1438,o1439,o144,o1440,o1441,o1442,o1443}'::text[]))
	                    Rows Removed by Filter: 298541
	                    Buffers: shared hit=9 read=17903 written=2
	              ->  Hash  (cost=68.34..68.34 rows=3334 width=27) (actual time=0.962..0.963 rows=3334 loops=1)
	                    Buckets: 4096  Batches: 1  Memory Usage: 227kB
	                    Buffers: shared read=35
	                    ->  Seq Scan on pipelines p  (cost=0.00..68.34 rows=3334 width=27) (actual time=0.008..0.469 rows=3334 loops=1)
	                          Buffers: shared read=35
	        ->  Hash  (cost=37.67..37.67 rows=1667 width=27) (actual time=0.455..0.456 rows=1667 loops=1)
	              Buckets: 2048  Batches: 1  Memory Usage: 113kB
	              Buffers: shared read=21
	              ->  Seq Scan on users u  (cost=0.00..37.67 rows=1667 width=27) (actual time=0.008..0.233 rows=1667 loops=1)
	                    Buffers: shared read=21
2026-10-10 05:26:50.226 UTC [30733] hel1435-S2-desktop-R250000-b0-explain-r2 LOG:  duration: 1132.159 ms  plan:
	Query Text: DELETE FROM output_snapshot_history WHERE output_id = ANY($1) AND id IN (
	             SELECT id FROM (
	               SELECT id, age_class, bucket,
	                      row_number() OVER w AS recency,
	                      lag(age_class) OVER w AS prev_class,
	                      lag(bucket) OVER w AS prev_bucket
	               FROM (
	                 SELECT id, output_id, captured_at,
	                        CASE WHEN extract(epoch FROM ($2::timestamptz - captured_at)) < $3 THEN 0
	                             WHEN extract(epoch FROM ($4::timestamptz - captured_at)) < $5 THEN 1
	                             ELSE 2 END AS age_class,
	                        floor(extract(epoch FROM captured_at) /
	                          CASE WHEN extract(epoch FROM ($6::timestamptz - captured_at)) < $7 THEN $8
	                               WHEN extract(epoch FROM ($9::timestamptz - captured_at)) < $10 THEN $11
	                               ELSE $12 END) AS bucket
	                 FROM output_snapshot_history
	                 WHERE output_id = ANY($13)
	               ) classed
	               WINDOW w AS (PARTITION BY output_id ORDER BY captured_at DESC, id DESC)
	             ) ranked
	             WHERE recency > $14 AND prev_class = age_class AND prev_bucket = bucket)
	Query Parameters: $1 = '{o0,o1,o10,o100,o1000,o1001,o1002,o1003,o1004,o1005,o1006,o1007,o1008,o1009,o101,o1010,o1011,o1012,o1013,o1014,o1015,o1016,o1017,o1018,o1019,o102,o1020,o1021,o1022,o1023,o1024,o1025,o1026,o1027,o1028,o1029,o103,o1030,o1031,o1032,o1033,o1034,o1035,o1036,o1037,o1038,o1039,o104,o1040,o1041,o1042,o1043,o1044,o1045,o1046,o1047,o1048,o1049,o105,o1050,o1051,o1052,o1053,o1054,o1055,o1056,o1057,o1058,o1059,o106,o1060,o1061,o1062,o1063,o1064,o1065,o1066,o1067,o1068,o1069,o107,o1070,o1071,o1072,o1073,o1074,o1075,o1076,o1077,o1078,o1079,o108,o1080,o1081,o1082,o1083,o1084,o1085,o1086,o1087,o1088,o1089,o109,o1090,o1091,o1092,o1093,o1094,o1095,o1096,o1097,o1098,o1099,o11,o110,o1100,o1101,o1102,o1103,o1104,o1105,o1106,o1107,o1108,o1109,o111,o1110,o1111,o1112,o1113,o1114,o1115,o1116,o1117,o1118,o1119,o112,o1120,o1121,o1122,o1123,o1124,o1125,o1126,o1127,o1128,o1129,o113,o1130,o1131,o1132,o1133,o1134,o1135,o1136,o1137,o1138,o1139,o114,o1140,o1141,o1142,o1143,o1144,o1145,o1146,o1147,o1148,o1149,o115,o1150,o1151,o1152,o1153,o1154,o1155,o1156,o1157,o1158,o1159,o116,o1160,o1161,o1162,o1163,o1164,o1165,o1166,o1167,o1168,o1169,o117,o1170,o1171,o1172,o1173,o1174,o1175,o1176,o1177,o1178,o1179,o118,o1180,o1181,o1182,o1183,o1184,o1185,o1186,o1187,o1188,o1189,o119,o1190,o1191,o1192,o1193,o1194,o1195,o1196,o1197,o1198,o1199,o12,o120,o1200,o1201,o1202,o1203,o1204,o1205,o1206,o1207,o1208,o1209,o121,o1210,o1211,o1212,o1213,o1214,o1215,o1216,o1217,o1218,o1219,o122,o1220,o1221,o1222,o1223,o1224,o1225,o1226,o1227,o1228,o1229,o123,o1230,o1231,o1232,o1233,o1234,o1235,o1236,o1237,o1238,o1239,o124,o1240,o1241,o1242,o1243,o1244,o1245,o1246,o1247,o1248,o1249,o125,o1250,o1251,o1252,o1253,o1254,o1255,o1256,o1257,o1258,o1259,o126,o1260,o1261,o1262,o1263,o1264,o1265,o1266,o1267,o1268,o1269,o127,o1270,o1271,o1272,o1273,o1274,o1275,o1276,o1277,o1278,o1279,o128,o1280,o1281,o1282,o1283,o1284,o1285,o1286,o1287,o1288,o1289,o129,o1290,o1291,o1292,o1293,o1294,o1295,o1296,o1297,o1298,o1299,o13,o130,o1300,o1301,o1302,o1303,o1304,o1305,o1306,o1307,o1308,o1309,o131,o1310,o1311,o1312,o1313,o1314,o1315,o1316,o1317,o1318,o1319,o132,o1320,o1321,o1322,o1323,o1324,o1325,o1326,o1327,o1328,o1329,o133,o1330,o1331,o1332,o1333,o1334,o1335,o1336,o1337,o1338,o1339,o134,o1340,o1341,o1342,o1343,o1344,o1345,o1346,o1347,o1348,o1349,o135,o1350,o1351,o1352,o1353,o1354,o1355,o1356,o1357,o1358,o1359,o136,o1360,o1361,o1362,o1363,o1364,o1365,o1366,o1367,o1368,o1369,o137,o1370,o1371,o1372,o1373,o1374,o1375,o1376,o1377,o1378,o1379,o138,o1380,o1381,o1382,o1383,o1384,o1385,o1386,o1387,o1388,o1389,o139,o1390,o1391,o1392,o1393,o1394,o1395,o1396,o1397,o1398,o1399,o14,o140,o1400,o1401,o1402,o1403,o1404,o1405,o1406,o1407,o1408,o1409,o141,o1410,o1411,o1412,o1413,o1414,o1415,o1416,o1417,o1418,o1419,o142,o1420,o1421,o1422,o1423,o1424,o1425,o1426,o1427,o1428,o1429,o143,o1430,o1431,o1432,o1433,o1434,o1435,o1436,o1437,o1438,o1439,o144,o1440,o1441,o1442,o1443}', $2 = '2026-10-09 22:00:00-07', $3 = '86400', $4 = '2026-10-09 22:00:00-07', $5 = '604800', $6 = '2026-10-09 22:00:00-07', $7 = '86400', $8 = '300', $9 = '2026-10-09 22:00:00-07', $10 = '604800', $11 = '3600', $12 = '86400', $13 = '{o0,o1,o10,o100,o1000,o1001,o1002,o1003,o1004,o1005,o1006,o1007,o1008,o1009,o101,o1010,o1011,o1012,o1013,o1014,o1015,o1016,o1017,o1018,o1019,o102,o1020,o1021,o1022,o1023,o1024,o1025,o1026,o1027,o1028,o1029,o103,o1030,o1031,o1032,o1033,o1034,o1035,o1036,o1037,o1038,o1039,o104,o1040,o1041,o1042,o1043,o1044,o1045,o1046,o1047,o1048,o1049,o105,o1050,o1051,o1052,o1053,o1054,o1055,o1056,o1057,o1058,o1059,o106,o1060,o1061,o1062,o1063,o1064,o1065,o1066,o1067,o1068,o1069,o107,o1070,o1071,o1072,o1073,o1074,o1075,o1076,o1077,o1078,o1079,o108,o1080,o1081,o1082,o1083,o1084,o1085,o1086,o1087,o1088,o1089,o109,o1090,o1091,o1092,o1093,o1094,o1095,o1096,o1097,o1098,o1099,o11,o110,o1100,o1101,o1102,o1103,o1104,o1105,o1106,o1107,o1108,o1109,o111,o1110,o1111,o1112,o1113,o1114,o1115,o1116,o1117,o1118,o1119,o112,o1120,o1121,o1122,o1123,o1124,o1125,o1126,o1127,o1128,o1129,o113,o1130,o1131,o1132,o1133,o1134,o1135,o1136,o1137,o1138,o1139,o114,o1140,o1141,o1142,o1143,o1144,o1145,o1146,o1147,o1148,o1149,o115,o1150,o1151,o1152,o1153,o1154,o1155,o1156,o1157,o1158,o1159,o116,o1160,o1161,o1162,o1163,o1164,o1165,o1166,o1167,o1168,o1169,o117,o1170,o1171,o1172,o1173,o1174,o1175,o1176,o1177,o1178,o1179,o118,o1180,o1181,o1182,o1183,o1184,o1185,o1186,o1187,o1188,o1189,o119,o1190,o1191,o1192,o1193,o1194,o1195,o1196,o1197,o1198,o1199,o12,o120,o1200,o1201,o1202,o1203,o1204,o1205,o1206,o1207,o1208,o1209,o121,o1210,o1211,o1212,o1213,o1214,o1215,o1216,o1217,o1218,o1219,o122,o1220,o1221,o1222,o1223,o1224,o1225,o1226,o1227,o1228,o1229,o123,o1230,o1231,o1232,o1233,o1234,o1235,o1236,o1237,o1238,o1239,o124,o1240,o1241,o1242,o1243,o1244,o1245,o1246,o1247,o1248,o1249,o125,o1250,o1251,o1252,o1253,o1254,o1255,o1256,o1257,o1258,o1259,o126,o1260,o1261,o1262,o1263,o1264,o1265,o1266,o1267,o1268,o1269,o127,o1270,o1271,o1272,o1273,o1274,o1275,o1276,o1277,o1278,o1279,o128,o1280,o1281,o1282,o1283,o1284,o1285,o1286,o1287,o1288,o1289,o129,o1290,o1291,o1292,o1293,o1294,o1295,o1296,o1297,o1298,o1299,o13,o130,o1300,o1301,o1302,o1303,o1304,o1305,o1306,o1307,o1308,o1309,o131,o1310,o1311,o1312,o1313,o1314,o1315,o1316,o1317,o1318,o1319,o132,o1320,o1321,o1322,o1323,o1324,o1325,o1326,o1327,o1328,o1329,o133,o1330,o1331,o1332,o1333,o1334,o1335,o1336,o1337,o1338,o1339,o134,o1340,o1341,o1342,o1343,o1344,o1345,o1346,o1347,o1348,o1349,o135,o1350,o1351,o1352,o1353,o1354,o1355,o1356,o1357,o1358,o1359,o136,o1360,o1361,o1362,o1363,o1364,o1365,o1366,o1367,o1368,o1369,o137,o1370,o1371,o1372,o1373,o1374,o1375,o1376,o1377,o1378,o1379,o138,o1380,o1381,o1382,o1383,o1384,o1385,o1386,o1387,o1388,o1389,o139,o1390,o1391,o1392,o1393,o1394,o1395,o1396,o1397,o1398,o1399,o14,o140,o1400,o1401,o1402,o1403,o1404,o1405,o1406,o1407,o1408,o1409,o141,o1410,o1411,o1412,o1413,o1414,o1415,o1416,o1417,o1418,o1419,o142,o1420,o1421,o1422,o1423,o1424,o1425,o1426,o1427,o1428,o1429,o143,o1430,o1431,o1432,o1433,o1434,o1435,o1436,o1437,o1438,o1439,o144,o1440,o1441,o1442,o1443}', $14 = '102'
	Delete on output_snapshot_history  (cost=411270.50..411288.23 rows=0 width=0) (actual time=1132.155..1132.158 rows=0 loops=1)
	  Buffers: shared hit=38196 read=268681, temp read=1222 written=1226
	  WAL: records=5952 bytes=321408
	  ->  Nested Loop  (cost=411270.50..411288.23 rows=1 width=46) (actual time=1110.122..1130.551 rows=5952 loops=1)
	        Buffers: shared hit=32244 read=268681, temp read=1222 written=1226
	        ->  Unique  (cost=411268.83..411268.84 rows=2 width=56) (actual time=1110.059..1111.393 rows=5952 loops=1)
	              Buffers: shared hit=13607 read=263510, temp read=1222 written=1226
	              ->  Sort  (cost=411268.83..411268.84 rows=2 width=56) (actual time=1110.058..1110.844 rows=5952 loops=1)
	                    Sort Key: ranked.id
	                    Sort Method: quicksort  Memory: 844kB
	                    Buffers: shared hit=13607 read=263510, temp read=1222 written=1226
	                    ->  Subquery Scan on ranked  (cost=380175.20..411268.82 rows=2 width=56) (actual time=811.455..1108.594 rows=5952 loops=1)
	                          Filter: ((ranked.recency > 102) AND (ranked.prev_class = ranked.age_class) AND (ranked.prev_bucket = ranked.bucket))
	                          Rows Removed by Filter: 243770
	                          Buffers: shared hit=13604 read=263510, temp read=1222 written=1226
	                          ->  WindowAgg  (cost=380175.20..406915.71 rows=248749 width=109) (actual time=811.128..1095.534 rows=249722 loops=1)
	                                Buffers: shared hit=13604 read=263510, temp read=1222 written=1226
	                                ->  Sort  (cost=380175.20..380797.07 rows=248749 width=29) (actual time=811.048..833.929 rows=249722 loops=1)
	                                      Sort Key: output_snapshot_history_1.output_id, output_snapshot_history_1.captured_at DESC, output_snapshot_history_1.id DESC
	                                      Sort Method: external merge  Disk: 9776kB
	                                      Buffers: shared hit=13604 read=263510, temp read=1222 written=1226
	                                      ->  Seq Scan on output_snapshot_history output_snapshot_history_1  (cost=1.24..351928.40 rows=248749 width=29) (actual time=5.912..640.514 rows=249722 loops=1)
	                                            Filter: (output_id = ANY ('{o0,o1,o10,o100,o1000,o1001,o1002,o1003,o1004,o1005,o1006,o1007,o1008,o1009,o101,o1010,o1011,o1012,o1013,o1014,o1015,o1016,o1017,o1018,o1019,o102,o1020,o1021,o1022,o1023,o1024,o1025,o1026,o1027,o1028,o1029,o103,o1030,o1031,o1032,o1033,o1034,o1035,o1036,o1037,o1038,o1039,o104,o1040,o1041,o1042,o1043,o1044,o1045,o1046,o1047,o1048,o1049,o105,o1050,o1051,o1052,o1053,o1054,o1055,o1056,o1057,o1058,o1059,o106,o1060,o1061,o1062,o1063,o1064,o1065,o1066,o1067,o1068,o1069,o107,o1070,o1071,o1072,o1073,o1074,o1075,o1076,o1077,o1078,o1079,o108,o1080,o1081,o1082,o1083,o1084,o1085,o1086,o1087,o1088,o1089,o109,o1090,o1091,o1092,o1093,o1094,o1095,o1096,o1097,o1098,o1099,o11,o110,o1100,o1101,o1102,o1103,o1104,o1105,o1106,o1107,o1108,o1109,o111,o1110,o1111,o1112,o1113,o1114,o1115,o1116,o1117,o1118,o1119,o112,o1120,o1121,o1122,o1123,o1124,o1125,o1126,o1127,o1128,o1129,o113,o1130,o1131,o1132,o1133,o1134,o1135,o1136,o1137,o1138,o1139,o114,o1140,o1141,o1142,o1143,o1144,o1145,o1146,o1147,o1148,o1149,o115,o1150,o1151,o1152,o1153,o1154,o1155,o1156,o1157,o1158,o1159,o116,o1160,o1161,o1162,o1163,o1164,o1165,o1166,o1167,o1168,o1169,o117,o1170,o1171,o1172,o1173,o1174,o1175,o1176,o1177,o1178,o1179,o118,o1180,o1181,o1182,o1183,o1184,o1185,o1186,o1187,o1188,o1189,o119,o1190,o1191,o1192,o1193,o1194,o1195,o1196,o1197,o1198,o1199,o12,o120,o1200,o1201,o1202,o1203,o1204,o1205,o1206,o1207,o1208,o1209,o121,o1210,o1211,o1212,o1213,o1214,o1215,o1216,o1217,o1218,o1219,o122,o1220,o1221,o1222,o1223,o1224,o1225,o1226,o1227,o1228,o1229,o123,o1230,o1231,o1232,o1233,o1234,o1235,o1236,o1237,o1238,o1239,o124,o1240,o1241,o1242,o1243,o1244,o1245,o1246,o1247,o1248,o1249,o125,o1250,o1251,o1252,o1253,o1254,o1255,o1256,o1257,o1258,o1259,o126,o1260,o1261,o1262,o1263,o1264,o1265,o1266,o1267,o1268,o1269,o127,o1270,o1271,o1272,o1273,o1274,o1275,o1276,o1277,o1278,o1279,o128,o1280,o1281,o1282,o1283,o1284,o1285,o1286,o1287,o1288,o1289,o129,o1290,o1291,o1292,o1293,o1294,o1295,o1296,o1297,o1298,o1299,o13,o130,o1300,o1301,o1302,o1303,o1304,o1305,o1306,o1307,o1308,o1309,o131,o1310,o1311,o1312,o1313,o1314,o1315,o1316,o1317,o1318,o1319,o132,o1320,o1321,o1322,o1323,o1324,o1325,o1326,o1327,o1328,o1329,o133,o1330,o1331,o1332,o1333,o1334,o1335,o1336,o1337,o1338,o1339,o134,o1340,o1341,o1342,o1343,o1344,o1345,o1346,o1347,o1348,o1349,o135,o1350,o1351,o1352,o1353,o1354,o1355,o1356,o1357,o1358,o1359,o136,o1360,o1361,o1362,o1363,o1364,o1365,o1366,o1367,o1368,o1369,o137,o1370,o1371,o1372,o1373,o1374,o1375,o1376,o1377,o1378,o1379,o138,o1380,o1381,o1382,o1383,o1384,o1385,o1386,o1387,o1388,o1389,o139,o1390,o1391,o1392,o1393,o1394,o1395,o1396,o1397,o1398,o1399,o14,o140,o1400,o1401,o1402,o1403,o1404,o1405,o1406,o1407,o1408,o1409,o141,o1410,o1411,o1412,o1413,o1414,o1415,o1416,o1417,o1418,o1419,o142,o1420,o1421,o1422,o1423,o1424,o1425,o1426,o1427,o1428,o1429,o143,o1430,o1431,o1432,o1433,o1434,o1435,o1436,o1437,o1438,o1439,o144,o1440,o1441,o1442,o1443}'::text[]))
	                                            Rows Removed by Filter: 4736909
	                                            Buffers: shared hit=13598 read=263510
	        ->  Index Scan using output_snapshot_history_pkey on output_snapshot_history  (cost=1.67..9.70 rows=1 width=22) (actual time=0.003..0.003 rows=1 loops=5952)
	              Index Cond: (id = ranked.id)
	              Filter: (output_id = ANY ('{o0,o1,o10,o100,o1000,o1001,o1002,o1003,o1004,o1005,o1006,o1007,o1008,o1009,o101,o1010,o1011,o1012,o1013,o1014,o1015,o1016,o1017,o1018,o1019,o102,o1020,o1021,o1022,o1023,o1024,o1025,o1026,o1027,o1028,o1029,o103,o1030,o1031,o1032,o1033,o1034,o1035,o1036,o1037,o1038,o1039,o104,o1040,o1041,o1042,o1043,o1044,o1045,o1046,o1047,o1048,o1049,o105,o1050,o1051,o1052,o1053,o1054,o1055,o1056,o1057,o1058,o1059,o106,o1060,o1061,o1062,o1063,o1064,o1065,o1066,o1067,o1068,o1069,o107,o1070,o1071,o1072,o1073,o1074,o1075,o1076,o1077,o1078,o1079,o108,o1080,o1081,o1082,o1083,o1084,o1085,o1086,o1087,o1088,o1089,o109,o1090,o1091,o1092,o1093,o1094,o1095,o1096,o1097,o1098,o1099,o11,o110,o1100,o1101,o1102,o1103,o1104,o1105,o1106,o1107,o1108,o1109,o111,o1110,o1111,o1112,o1113,o1114,o1115,o1116,o1117,o1118,o1119,o112,o1120,o1121,o1122,o1123,o1124,o1125,o1126,o1127,o1128,o1129,o113,o1130,o1131,o1132,o1133,o1134,o1135,o1136,o1137,o1138,o1139,o114,o1140,o1141,o1142,o1143,o1144,o1145,o1146,o1147,o1148,o1149,o115,o1150,o1151,o1152,o1153,o1154,o1155,o1156,o1157,o1158,o1159,o116,o1160,o1161,o1162,o1163,o1164,o1165,o1166,o1167,o1168,o1169,o117,o1170,o1171,o1172,o1173,o1174,o1175,o1176,o1177,o1178,o1179,o118,o1180,o1181,o1182,o1183,o1184,o1185,o1186,o1187,o1188,o1189,o119,o1190,o1191,o1192,o1193,o1194,o1195,o1196,o1197,o1198,o1199,o12,o120,o1200,o1201,o1202,o1203,o1204,o1205,o1206,o1207,o1208,o1209,o121,o1210,o1211,o1212,o1213,o1214,o1215,o1216,o1217,o1218,o1219,o122,o1220,o1221,o1222,o1223,o1224,o1225,o1226,o1227,o1228,o1229,o123,o1230,o1231,o1232,o1233,o1234,o1235,o1236,o1237,o1238,o1239,o124,o1240,o1241,o1242,o1243,o1244,o1245,o1246,o1247,o1248,o1249,o125,o1250,o1251,o1252,o1253,o1254,o1255,o1256,o1257,o1258,o1259,o126,o1260,o1261,o1262,o1263,o1264,o1265,o1266,o1267,o1268,o1269,o127,o1270,o1271,o1272,o1273,o1274,o1275,o1276,o1277,o1278,o1279,o128,o1280,o1281,o1282,o1283,o1284,o1285,o1286,o1287,o1288,o1289,o129,o1290,o1291,o1292,o1293,o1294,o1295,o1296,o1297,o1298,o1299,o13,o130,o1300,o1301,o1302,o1303,o1304,o1305,o1306,o1307,o1308,o1309,o131,o1310,o1311,o1312,o1313,o1314,o1315,o1316,o1317,o1318,o1319,o132,o1320,o1321,o1322,o1323,o1324,o1325,o1326,o1327,o1328,o1329,o133,o1330,o1331,o1332,o1333,o1334,o1335,o1336,o1337,o1338,o1339,o134,o1340,o1341,o1342,o1343,o1344,o1345,o1346,o1347,o1348,o1349,o135,o1350,o1351,o1352,o1353,o1354,o1355,o1356,o1357,o1358,o1359,o136,o1360,o1361,o1362,o1363,o1364,o1365,o1366,o1367,o1368,o1369,o137,o1370,o1371,o1372,o1373,o1374,o1375,o1376,o1377,o1378,o1379,o138,o1380,o1381,o1382,o1383,o1384,o1385,o1386,o1387,o1388,o1389,o139,o1390,o1391,o1392,o1393,o1394,o1395,o1396,o1397,o1398,o1399,o14,o140,o1400,o1401,o1402,o1403,o1404,o1405,o1406,o1407,o1408,o1409,o141,o1410,o1411,o1412,o1413,o1414,o1415,o1416,o1417,o1418,o1419,o142,o1420,o1421,o1422,o1423,o1424,o1425,o1426,o1427,o1428,o1429,o143,o1430,o1431,o1432,o1433,o1434,o1435,o1436,o1437,o1438,o1439,o144,o1440,o1441,o1442,o1443}'::text[]))
	              Buffers: shared hit=18637 read=5171
	JIT:
	  Functions: 24
	  Options: Inlining false, Optimization false, Expressions true, Deforming true
	  Timing: Generation 0.705 ms, Inlining 0.000 ms, Optimization 0.308 ms, Emission 5.632 ms, Total 6.646 ms
2026-10-10 05:26:50.228 UTC [30733] hel1435-S2-desktop-R250000-b0-explain-r2 LOG:  temporary file: path "base/pgsql_tmp/pgsql_tmp30733.0", size 10010624
2026-10-10 05:26:50.228 UTC [30733] hel1435-S2-desktop-R250000-b0-explain-r2 STATEMENT:  DELETE FROM output_snapshot_history WHERE output_id = ANY($1) AND id IN (
	             SELECT id FROM (
	               SELECT id, age_class, bucket,
	                      row_number() OVER w AS recency,
	                      lag(age_class) OVER w AS prev_class,
	                      lag(bucket) OVER w AS prev_bucket
	               FROM (
	                 SELECT id, output_id, captured_at,
	                        CASE WHEN extract(epoch FROM ($2::timestamptz - captured_at)) < $3 THEN 0
	                             WHEN extract(epoch FROM ($4::timestamptz - captured_at)) < $5 THEN 1
	                             ELSE 2 END AS age_class,
	                        floor(extract(epoch FROM captured_at) /
	                          CASE WHEN extract(epoch FROM ($6::timestamptz - captured_at)) < $7 THEN $8
	                               WHEN extract(epoch FROM ($9::timestamptz - captured_at)) < $10 THEN $11
	                               ELSE $12 END) AS bucket
	                 FROM output_snapshot_history
	                 WHERE output_id = ANY($13)
	               ) classed
	               WINDOW w AS (PARTITION BY output_id ORDER BY captured_at DESC, id DESC)
	             ) ranked
	             WHERE recency > $14 AND prev_class = age_class AND prev_bucket = bucket)
2026-10-10 05:26:50.445 UTC [30735] hel1435-S2-desktop-R250000-b0-explain-r3 LOG:  duration: 93.423 ms  plan:
	Query Text: DELETE FROM output_snapshot_history h
	             USING pipelines p, users u
	             WHERE h.output_id = ANY($1) AND h.captured_at < $2
	               AND h.pipeline_id = p.id AND p.owner_id = u.id
	               AND h.captured_at < COALESCE(($3::timestamptz[])[array_position($4::text[], u.tier)], $5)
	Query Parameters: $1 = '{o0,o1,o10,o100,o1000,o1001,o1002,o1003,o1004,o1005,o1006,o1007,o1008,o1009,o101,o1010,o1011,o1012,o1013,o1014,o1015,o1016,o1017,o1018,o1019,o102,o1020,o1021,o1022,o1023,o1024,o1025,o1026,o1027,o1028,o1029,o103,o1030,o1031,o1032,o1033,o1034,o1035,o1036,o1037,o1038,o1039,o104,o1040,o1041,o1042,o1043,o1044,o1045,o1046,o1047,o1048,o1049,o105,o1050,o1051,o1052,o1053,o1054,o1055,o1056,o1057,o1058,o1059,o106,o1060,o1061,o1062,o1063,o1064,o1065,o1066,o1067,o1068,o1069,o107,o1070,o1071,o1072,o1073,o1074,o1075,o1076,o1077,o1078,o1079,o108,o1080,o1081,o1082,o1083,o1084,o1085,o1086,o1087,o1088,o1089,o109,o1090,o1091,o1092,o1093,o1094,o1095,o1096,o1097,o1098,o1099,o11,o110,o1100,o1101,o1102,o1103,o1104,o1105,o1106,o1107,o1108,o1109,o111,o1110,o1111,o1112,o1113,o1114,o1115,o1116,o1117,o1118,o1119,o112,o1120,o1121,o1122,o1123,o1124,o1125,o1126,o1127,o1128,o1129,o113,o1130,o1131,o1132,o1133,o1134,o1135,o1136,o1137,o1138,o1139,o114,o1140,o1141,o1142,o1143,o1144,o1145,o1146,o1147,o1148,o1149,o115,o1150,o1151,o1152,o1153,o1154,o1155,o1156,o1157,o1158,o1159,o116,o1160,o1161,o1162,o1163,o1164,o1165,o1166,o1167,o1168,o1169,o117,o1170,o1171,o1172,o1173,o1174,o1175,o1176,o1177,o1178,o1179,o118,o1180,o1181,o1182,o1183,o1184,o1185,o1186,o1187,o1188,o1189,o119,o1190,o1191,o1192,o1193,o1194,o1195,o1196,o1197,o1198,o1199,o12,o120,o1200,o1201,o1202,o1203,o1204,o1205,o1206,o1207,o1208,o1209,o121,o1210,o1211,o1212,o1213,o1214,o1215,o1216,o1217,o1218,o1219,o122,o1220,o1221,o1222,o1223,o1224,o1225,o1226,o1227,o1228,o1229,o123,o1230,o1231,o1232,o1233,o1234,o1235,o1236,o1237,o1238,o1239,o124,o1240,o1241,o1242,o1243,o1244,o1245,o1246,o1247,o1248,o1249,o125,o1250,o1251,o1252,o1253,o1254,o1255,o1256,o1257,o1258,o1259,o126,o1260,o1261,o1262,o1263,o1264,o1265,o1266,o1267,o1268,o1269,o127,o1270,o1271,o1272,o1273,o1274,o1275,o1276,o1277,o1278,o1279,o128,o1280,o1281,o1282,o1283,o1284,o1285,o1286,o1287,o1288,o1289,o129,o1290,o1291,o1292,o1293,o1294,o1295,o1296,o1297,o1298,o1299,o13,o130,o1300,o1301,o1302,o1303,o1304,o1305,o1306,o1307,o1308,o1309,o131,o1310,o1311,o1312,o1313,o1314,o1315,o1316,o1317,o1318,o1319,o132,o1320,o1321,o1322,o1323,o1324,o1325,o1326,o1327,o1328,o1329,o133,o1330,o1331,o1332,o1333,o1334,o1335,o1336,o1337,o1338,o1339,o134,o1340,o1341,o1342,o1343,o1344,o1345,o1346,o1347,o1348,o1349,o135,o1350,o1351,o1352,o1353,o1354,o1355,o1356,o1357,o1358,o1359,o136,o1360,o1361,o1362,o1363,o1364,o1365,o1366,o1367,o1368,o1369,o137,o1370,o1371,o1372,o1373,o1374,o1375,o1376,o1377,o1378,o1379,o138,o1380,o1381,o1382,o1383,o1384,o1385,o1386,o1387,o1388,o1389,o139,o1390,o1391,o1392,o1393,o1394,o1395,o1396,o1397,o1398,o1399,o14,o140,o1400,o1401,o1402,o1403,o1404,o1405,o1406,o1407,o1408,o1409,o141,o1410,o1411,o1412,o1413,o1414,o1415,o1416,o1417,o1418,o1419,o142,o1420,o1421,o1422,o1423,o1424,o1425,o1426,o1427,o1428,o1429,o143,o1430,o1431,o1432,o1433,o1434,o1435,o1436,o1437,o1438,o1439,o144,o1440,o1441,o1442,o1443}', $2 = '2026-09-09 22:00:00-07', $3 = '{"2026-09-09 22:00:00-07","2026-07-11 22:00:00-07","2025-10-09 22:00:00-07"}', $4 = '{free,beta,owner}', $5 = '2026-09-09 22:00:00-07'
	Delete on output_snapshot_history h  (cost=170.20..25415.09 rows=0 width=0) (actual time=93.419..93.422 rows=0 loops=1)
	  Buffers: shared hit=24 read=17961
	  WAL: records=17 bytes=918
	  ->  Hash Join  (cost=170.20..25415.09 rows=5141 width=18) (actual time=1.447..93.388 rows=17 loops=1)
	        Hash Cond: (p.owner_id = u.id)
	        Join Filter: (h.captured_at < COALESCE(('{"2026-09-09 22:00:00-07","2026-07-11 22:00:00-07","2025-10-09 22:00:00-07"}'::timestamp with time zone[])[array_position('{free,beta,owner}'::text[], u.tier)], '2026-09-09 22:00:00-07'::timestamp with time zone))
	        Rows Removed by Join Filter: 18090
	        Buffers: shared hit=7 read=17961
	        ->  Hash Join  (cost=111.69..25316.04 rows=15423 width=36) (actual time=0.979..89.156 rows=18107 loops=1)
	              Hash Cond: (h.pipeline_id = p.id)
	              Buffers: shared hit=7 read=17940
	              ->  Index Scan using idx_output_snapshot_history_captured_at on output_snapshot_history h  (cost=1.67..25165.48 rows=15428 width=19) (actual time=0.038..85.615 rows=18107 loops=1)
	                    Index Cond: (captured_at < '2026-09-09 22:00:00-07'::timestamp with time zone)
	                    Filter: (output_id = ANY ('{o0,o1,o10,o100,o1000,o1001,o1002,o1003,o1004,o1005,o1006,o1007,o1008,o1009,o101,o1010,o1011,o1012,o1013,o1014,o1015,o1016,o1017,o1018,o1019,o102,o1020,o1021,o1022,o1023,o1024,o1025,o1026,o1027,o1028,o1029,o103,o1030,o1031,o1032,o1033,o1034,o1035,o1036,o1037,o1038,o1039,o104,o1040,o1041,o1042,o1043,o1044,o1045,o1046,o1047,o1048,o1049,o105,o1050,o1051,o1052,o1053,o1054,o1055,o1056,o1057,o1058,o1059,o106,o1060,o1061,o1062,o1063,o1064,o1065,o1066,o1067,o1068,o1069,o107,o1070,o1071,o1072,o1073,o1074,o1075,o1076,o1077,o1078,o1079,o108,o1080,o1081,o1082,o1083,o1084,o1085,o1086,o1087,o1088,o1089,o109,o1090,o1091,o1092,o1093,o1094,o1095,o1096,o1097,o1098,o1099,o11,o110,o1100,o1101,o1102,o1103,o1104,o1105,o1106,o1107,o1108,o1109,o111,o1110,o1111,o1112,o1113,o1114,o1115,o1116,o1117,o1118,o1119,o112,o1120,o1121,o1122,o1123,o1124,o1125,o1126,o1127,o1128,o1129,o113,o1130,o1131,o1132,o1133,o1134,o1135,o1136,o1137,o1138,o1139,o114,o1140,o1141,o1142,o1143,o1144,o1145,o1146,o1147,o1148,o1149,o115,o1150,o1151,o1152,o1153,o1154,o1155,o1156,o1157,o1158,o1159,o116,o1160,o1161,o1162,o1163,o1164,o1165,o1166,o1167,o1168,o1169,o117,o1170,o1171,o1172,o1173,o1174,o1175,o1176,o1177,o1178,o1179,o118,o1180,o1181,o1182,o1183,o1184,o1185,o1186,o1187,o1188,o1189,o119,o1190,o1191,o1192,o1193,o1194,o1195,o1196,o1197,o1198,o1199,o12,o120,o1200,o1201,o1202,o1203,o1204,o1205,o1206,o1207,o1208,o1209,o121,o1210,o1211,o1212,o1213,o1214,o1215,o1216,o1217,o1218,o1219,o122,o1220,o1221,o1222,o1223,o1224,o1225,o1226,o1227,o1228,o1229,o123,o1230,o1231,o1232,o1233,o1234,o1235,o1236,o1237,o1238,o1239,o124,o1240,o1241,o1242,o1243,o1244,o1245,o1246,o1247,o1248,o1249,o125,o1250,o1251,o1252,o1253,o1254,o1255,o1256,o1257,o1258,o1259,o126,o1260,o1261,o1262,o1263,o1264,o1265,o1266,o1267,o1268,o1269,o127,o1270,o1271,o1272,o1273,o1274,o1275,o1276,o1277,o1278,o1279,o128,o1280,o1281,o1282,o1283,o1284,o1285,o1286,o1287,o1288,o1289,o129,o1290,o1291,o1292,o1293,o1294,o1295,o1296,o1297,o1298,o1299,o13,o130,o1300,o1301,o1302,o1303,o1304,o1305,o1306,o1307,o1308,o1309,o131,o1310,o1311,o1312,o1313,o1314,o1315,o1316,o1317,o1318,o1319,o132,o1320,o1321,o1322,o1323,o1324,o1325,o1326,o1327,o1328,o1329,o133,o1330,o1331,o1332,o1333,o1334,o1335,o1336,o1337,o1338,o1339,o134,o1340,o1341,o1342,o1343,o1344,o1345,o1346,o1347,o1348,o1349,o135,o1350,o1351,o1352,o1353,o1354,o1355,o1356,o1357,o1358,o1359,o136,o1360,o1361,o1362,o1363,o1364,o1365,o1366,o1367,o1368,o1369,o137,o1370,o1371,o1372,o1373,o1374,o1375,o1376,o1377,o1378,o1379,o138,o1380,o1381,o1382,o1383,o1384,o1385,o1386,o1387,o1388,o1389,o139,o1390,o1391,o1392,o1393,o1394,o1395,o1396,o1397,o1398,o1399,o14,o140,o1400,o1401,o1402,o1403,o1404,o1405,o1406,o1407,o1408,o1409,o141,o1410,o1411,o1412,o1413,o1414,o1415,o1416,o1417,o1418,o1419,o142,o1420,o1421,o1422,o1423,o1424,o1425,o1426,o1427,o1428,o1429,o143,o1430,o1431,o1432,o1433,o1434,o1435,o1436,o1437,o1438,o1439,o144,o1440,o1441,o1442,o1443}'::text[]))
	                    Rows Removed by Filter: 298541
	                    Buffers: shared hit=7 read=17905
	              ->  Hash  (cost=68.34..68.34 rows=3334 width=27) (actual time=0.920..0.921 rows=3334 loops=1)
	                    Buckets: 4096  Batches: 1  Memory Usage: 227kB
	                    Buffers: shared read=35
	                    ->  Seq Scan on pipelines p  (cost=0.00..68.34 rows=3334 width=27) (actual time=0.007..0.457 rows=3334 loops=1)
	                          Buffers: shared read=35
	        ->  Hash  (cost=37.67..37.67 rows=1667 width=27) (actual time=0.461..0.461 rows=1667 loops=1)
	              Buckets: 2048  Batches: 1  Memory Usage: 113kB
	              Buffers: shared read=21
	              ->  Seq Scan on users u  (cost=0.00..37.67 rows=1667 width=27) (actual time=0.007..0.250 rows=1667 loops=1)
	                    Buffers: shared read=21
2026-10-10 05:26:51.597 UTC [30735] hel1435-S2-desktop-R250000-b0-explain-r3 LOG:  duration: 1135.834 ms  plan:
	Query Text: DELETE FROM output_snapshot_history WHERE output_id = ANY($1) AND id IN (
	             SELECT id FROM (
	               SELECT id, age_class, bucket,
	                      row_number() OVER w AS recency,
	                      lag(age_class) OVER w AS prev_class,
	                      lag(bucket) OVER w AS prev_bucket
	               FROM (
	                 SELECT id, output_id, captured_at,
	                        CASE WHEN extract(epoch FROM ($2::timestamptz - captured_at)) < $3 THEN 0
	                             WHEN extract(epoch FROM ($4::timestamptz - captured_at)) < $5 THEN 1
	                             ELSE 2 END AS age_class,
	                        floor(extract(epoch FROM captured_at) /
	                          CASE WHEN extract(epoch FROM ($6::timestamptz - captured_at)) < $7 THEN $8
	                               WHEN extract(epoch FROM ($9::timestamptz - captured_at)) < $10 THEN $11
	                               ELSE $12 END) AS bucket
	                 FROM output_snapshot_history
	                 WHERE output_id = ANY($13)
	               ) classed
	               WINDOW w AS (PARTITION BY output_id ORDER BY captured_at DESC, id DESC)
	             ) ranked
	             WHERE recency > $14 AND prev_class = age_class AND prev_bucket = bucket)
	Query Parameters: $1 = '{o0,o1,o10,o100,o1000,o1001,o1002,o1003,o1004,o1005,o1006,o1007,o1008,o1009,o101,o1010,o1011,o1012,o1013,o1014,o1015,o1016,o1017,o1018,o1019,o102,o1020,o1021,o1022,o1023,o1024,o1025,o1026,o1027,o1028,o1029,o103,o1030,o1031,o1032,o1033,o1034,o1035,o1036,o1037,o1038,o1039,o104,o1040,o1041,o1042,o1043,o1044,o1045,o1046,o1047,o1048,o1049,o105,o1050,o1051,o1052,o1053,o1054,o1055,o1056,o1057,o1058,o1059,o106,o1060,o1061,o1062,o1063,o1064,o1065,o1066,o1067,o1068,o1069,o107,o1070,o1071,o1072,o1073,o1074,o1075,o1076,o1077,o1078,o1079,o108,o1080,o1081,o1082,o1083,o1084,o1085,o1086,o1087,o1088,o1089,o109,o1090,o1091,o1092,o1093,o1094,o1095,o1096,o1097,o1098,o1099,o11,o110,o1100,o1101,o1102,o1103,o1104,o1105,o1106,o1107,o1108,o1109,o111,o1110,o1111,o1112,o1113,o1114,o1115,o1116,o1117,o1118,o1119,o112,o1120,o1121,o1122,o1123,o1124,o1125,o1126,o1127,o1128,o1129,o113,o1130,o1131,o1132,o1133,o1134,o1135,o1136,o1137,o1138,o1139,o114,o1140,o1141,o1142,o1143,o1144,o1145,o1146,o1147,o1148,o1149,o115,o1150,o1151,o1152,o1153,o1154,o1155,o1156,o1157,o1158,o1159,o116,o1160,o1161,o1162,o1163,o1164,o1165,o1166,o1167,o1168,o1169,o117,o1170,o1171,o1172,o1173,o1174,o1175,o1176,o1177,o1178,o1179,o118,o1180,o1181,o1182,o1183,o1184,o1185,o1186,o1187,o1188,o1189,o119,o1190,o1191,o1192,o1193,o1194,o1195,o1196,o1197,o1198,o1199,o12,o120,o1200,o1201,o1202,o1203,o1204,o1205,o1206,o1207,o1208,o1209,o121,o1210,o1211,o1212,o1213,o1214,o1215,o1216,o1217,o1218,o1219,o122,o1220,o1221,o1222,o1223,o1224,o1225,o1226,o1227,o1228,o1229,o123,o1230,o1231,o1232,o1233,o1234,o1235,o1236,o1237,o1238,o1239,o124,o1240,o1241,o1242,o1243,o1244,o1245,o1246,o1247,o1248,o1249,o125,o1250,o1251,o1252,o1253,o1254,o1255,o1256,o1257,o1258,o1259,o126,o1260,o1261,o1262,o1263,o1264,o1265,o1266,o1267,o1268,o1269,o127,o1270,o1271,o1272,o1273,o1274,o1275,o1276,o1277,o1278,o1279,o128,o1280,o1281,o1282,o1283,o1284,o1285,o1286,o1287,o1288,o1289,o129,o1290,o1291,o1292,o1293,o1294,o1295,o1296,o1297,o1298,o1299,o13,o130,o1300,o1301,o1302,o1303,o1304,o1305,o1306,o1307,o1308,o1309,o131,o1310,o1311,o1312,o1313,o1314,o1315,o1316,o1317,o1318,o1319,o132,o1320,o1321,o1322,o1323,o1324,o1325,o1326,o1327,o1328,o1329,o133,o1330,o1331,o1332,o1333,o1334,o1335,o1336,o1337,o1338,o1339,o134,o1340,o1341,o1342,o1343,o1344,o1345,o1346,o1347,o1348,o1349,o135,o1350,o1351,o1352,o1353,o1354,o1355,o1356,o1357,o1358,o1359,o136,o1360,o1361,o1362,o1363,o1364,o1365,o1366,o1367,o1368,o1369,o137,o1370,o1371,o1372,o1373,o1374,o1375,o1376,o1377,o1378,o1379,o138,o1380,o1381,o1382,o1383,o1384,o1385,o1386,o1387,o1388,o1389,o139,o1390,o1391,o1392,o1393,o1394,o1395,o1396,o1397,o1398,o1399,o14,o140,o1400,o1401,o1402,o1403,o1404,o1405,o1406,o1407,o1408,o1409,o141,o1410,o1411,o1412,o1413,o1414,o1415,o1416,o1417,o1418,o1419,o142,o1420,o1421,o1422,o1423,o1424,o1425,o1426,o1427,o1428,o1429,o143,o1430,o1431,o1432,o1433,o1434,o1435,o1436,o1437,o1438,o1439,o144,o1440,o1441,o1442,o1443}', $2 = '2026-10-09 22:00:00-07', $3 = '86400', $4 = '2026-10-09 22:00:00-07', $5 = '604800', $6 = '2026-10-09 22:00:00-07', $7 = '86400', $8 = '300', $9 = '2026-10-09 22:00:00-07', $10 = '604800', $11 = '3600', $12 = '86400', $13 = '{o0,o1,o10,o100,o1000,o1001,o1002,o1003,o1004,o1005,o1006,o1007,o1008,o1009,o101,o1010,o1011,o1012,o1013,o1014,o1015,o1016,o1017,o1018,o1019,o102,o1020,o1021,o1022,o1023,o1024,o1025,o1026,o1027,o1028,o1029,o103,o1030,o1031,o1032,o1033,o1034,o1035,o1036,o1037,o1038,o1039,o104,o1040,o1041,o1042,o1043,o1044,o1045,o1046,o1047,o1048,o1049,o105,o1050,o1051,o1052,o1053,o1054,o1055,o1056,o1057,o1058,o1059,o106,o1060,o1061,o1062,o1063,o1064,o1065,o1066,o1067,o1068,o1069,o107,o1070,o1071,o1072,o1073,o1074,o1075,o1076,o1077,o1078,o1079,o108,o1080,o1081,o1082,o1083,o1084,o1085,o1086,o1087,o1088,o1089,o109,o1090,o1091,o1092,o1093,o1094,o1095,o1096,o1097,o1098,o1099,o11,o110,o1100,o1101,o1102,o1103,o1104,o1105,o1106,o1107,o1108,o1109,o111,o1110,o1111,o1112,o1113,o1114,o1115,o1116,o1117,o1118,o1119,o112,o1120,o1121,o1122,o1123,o1124,o1125,o1126,o1127,o1128,o1129,o113,o1130,o1131,o1132,o1133,o1134,o1135,o1136,o1137,o1138,o1139,o114,o1140,o1141,o1142,o1143,o1144,o1145,o1146,o1147,o1148,o1149,o115,o1150,o1151,o1152,o1153,o1154,o1155,o1156,o1157,o1158,o1159,o116,o1160,o1161,o1162,o1163,o1164,o1165,o1166,o1167,o1168,o1169,o117,o1170,o1171,o1172,o1173,o1174,o1175,o1176,o1177,o1178,o1179,o118,o1180,o1181,o1182,o1183,o1184,o1185,o1186,o1187,o1188,o1189,o119,o1190,o1191,o1192,o1193,o1194,o1195,o1196,o1197,o1198,o1199,o12,o120,o1200,o1201,o1202,o1203,o1204,o1205,o1206,o1207,o1208,o1209,o121,o1210,o1211,o1212,o1213,o1214,o1215,o1216,o1217,o1218,o1219,o122,o1220,o1221,o1222,o1223,o1224,o1225,o1226,o1227,o1228,o1229,o123,o1230,o1231,o1232,o1233,o1234,o1235,o1236,o1237,o1238,o1239,o124,o1240,o1241,o1242,o1243,o1244,o1245,o1246,o1247,o1248,o1249,o125,o1250,o1251,o1252,o1253,o1254,o1255,o1256,o1257,o1258,o1259,o126,o1260,o1261,o1262,o1263,o1264,o1265,o1266,o1267,o1268,o1269,o127,o1270,o1271,o1272,o1273,o1274,o1275,o1276,o1277,o1278,o1279,o128,o1280,o1281,o1282,o1283,o1284,o1285,o1286,o1287,o1288,o1289,o129,o1290,o1291,o1292,o1293,o1294,o1295,o1296,o1297,o1298,o1299,o13,o130,o1300,o1301,o1302,o1303,o1304,o1305,o1306,o1307,o1308,o1309,o131,o1310,o1311,o1312,o1313,o1314,o1315,o1316,o1317,o1318,o1319,o132,o1320,o1321,o1322,o1323,o1324,o1325,o1326,o1327,o1328,o1329,o133,o1330,o1331,o1332,o1333,o1334,o1335,o1336,o1337,o1338,o1339,o134,o1340,o1341,o1342,o1343,o1344,o1345,o1346,o1347,o1348,o1349,o135,o1350,o1351,o1352,o1353,o1354,o1355,o1356,o1357,o1358,o1359,o136,o1360,o1361,o1362,o1363,o1364,o1365,o1366,o1367,o1368,o1369,o137,o1370,o1371,o1372,o1373,o1374,o1375,o1376,o1377,o1378,o1379,o138,o1380,o1381,o1382,o1383,o1384,o1385,o1386,o1387,o1388,o1389,o139,o1390,o1391,o1392,o1393,o1394,o1395,o1396,o1397,o1398,o1399,o14,o140,o1400,o1401,o1402,o1403,o1404,o1405,o1406,o1407,o1408,o1409,o141,o1410,o1411,o1412,o1413,o1414,o1415,o1416,o1417,o1418,o1419,o142,o1420,o1421,o1422,o1423,o1424,o1425,o1426,o1427,o1428,o1429,o143,o1430,o1431,o1432,o1433,o1434,o1435,o1436,o1437,o1438,o1439,o144,o1440,o1441,o1442,o1443}', $14 = '102'
	Delete on output_snapshot_history  (cost=411270.50..411288.23 rows=0 width=0) (actual time=1135.828..1135.832 rows=0 loops=1)
	  Buffers: shared hit=38343 read=268534 dirtied=2, temp read=1222 written=1226
	  WAL: records=5952 bytes=321408
	  ->  Nested Loop  (cost=411270.50..411288.23 rows=1 width=46) (actual time=1108.481..1133.802 rows=5952 loops=1)
	        Buffers: shared hit=32391 read=268534, temp read=1222 written=1226
	        ->  Unique  (cost=411268.83..411268.84 rows=2 width=56) (actual time=1108.397..1110.041 rows=5952 loops=1)
	              Buffers: shared hit=13808 read=263309, temp read=1222 written=1226
	              ->  Sort  (cost=411268.83..411268.84 rows=2 width=56) (actual time=1108.396..1109.344 rows=5952 loops=1)
	                    Sort Key: ranked.id
	                    Sort Method: quicksort  Memory: 844kB
	                    Buffers: shared hit=13808 read=263309, temp read=1222 written=1226
	                    ->  Subquery Scan on ranked  (cost=380175.20..411268.82 rows=2 width=56) (actual time=838.058..1107.038 rows=5952 loops=1)
	                          Filter: ((ranked.recency > 102) AND (ranked.prev_class = ranked.age_class) AND (ranked.prev_bucket = ranked.bucket))
	                          Rows Removed by Filter: 243770
	                          Buffers: shared hit=13805 read=263309, temp read=1222 written=1226
	                          ->  WindowAgg  (cost=380175.20..406915.71 rows=248749 width=109) (actual time=837.781..1094.845 rows=249722 loops=1)
	                                Buffers: shared hit=13805 read=263309, temp read=1222 written=1226
	                                ->  Sort  (cost=380175.20..380797.07 rows=248749 width=29) (actual time=837.711..858.563 rows=249722 loops=1)
	                                      Sort Key: output_snapshot_history_1.output_id, output_snapshot_history_1.captured_at DESC, output_snapshot_history_1.id DESC
	                                      Sort Method: external merge  Disk: 9776kB
	                                      Buffers: shared hit=13805 read=263309, temp read=1222 written=1226
	                                      ->  Seq Scan on output_snapshot_history output_snapshot_history_1  (cost=1.24..351928.40 rows=248749 width=29) (actual time=7.193..661.554 rows=249722 loops=1)
	                                            Filter: (output_id = ANY ('{o0,o1,o10,o100,o1000,o1001,o1002,o1003,o1004,o1005,o1006,o1007,o1008,o1009,o101,o1010,o1011,o1012,o1013,o1014,o1015,o1016,o1017,o1018,o1019,o102,o1020,o1021,o1022,o1023,o1024,o1025,o1026,o1027,o1028,o1029,o103,o1030,o1031,o1032,o1033,o1034,o1035,o1036,o1037,o1038,o1039,o104,o1040,o1041,o1042,o1043,o1044,o1045,o1046,o1047,o1048,o1049,o105,o1050,o1051,o1052,o1053,o1054,o1055,o1056,o1057,o1058,o1059,o106,o1060,o1061,o1062,o1063,o1064,o1065,o1066,o1067,o1068,o1069,o107,o1070,o1071,o1072,o1073,o1074,o1075,o1076,o1077,o1078,o1079,o108,o1080,o1081,o1082,o1083,o1084,o1085,o1086,o1087,o1088,o1089,o109,o1090,o1091,o1092,o1093,o1094,o1095,o1096,o1097,o1098,o1099,o11,o110,o1100,o1101,o1102,o1103,o1104,o1105,o1106,o1107,o1108,o1109,o111,o1110,o1111,o1112,o1113,o1114,o1115,o1116,o1117,o1118,o1119,o112,o1120,o1121,o1122,o1123,o1124,o1125,o1126,o1127,o1128,o1129,o113,o1130,o1131,o1132,o1133,o1134,o1135,o1136,o1137,o1138,o1139,o114,o1140,o1141,o1142,o1143,o1144,o1145,o1146,o1147,o1148,o1149,o115,o1150,o1151,o1152,o1153,o1154,o1155,o1156,o1157,o1158,o1159,o116,o1160,o1161,o1162,o1163,o1164,o1165,o1166,o1167,o1168,o1169,o117,o1170,o1171,o1172,o1173,o1174,o1175,o1176,o1177,o1178,o1179,o118,o1180,o1181,o1182,o1183,o1184,o1185,o1186,o1187,o1188,o1189,o119,o1190,o1191,o1192,o1193,o1194,o1195,o1196,o1197,o1198,o1199,o12,o120,o1200,o1201,o1202,o1203,o1204,o1205,o1206,o1207,o1208,o1209,o121,o1210,o1211,o1212,o1213,o1214,o1215,o1216,o1217,o1218,o1219,o122,o1220,o1221,o1222,o1223,o1224,o1225,o1226,o1227,o1228,o1229,o123,o1230,o1231,o1232,o1233,o1234,o1235,o1236,o1237,o1238,o1239,o124,o1240,o1241,o1242,o1243,o1244,o1245,o1246,o1247,o1248,o1249,o125,o1250,o1251,o1252,o1253,o1254,o1255,o1256,o1257,o1258,o1259,o126,o1260,o1261,o1262,o1263,o1264,o1265,o1266,o1267,o1268,o1269,o127,o1270,o1271,o1272,o1273,o1274,o1275,o1276,o1277,o1278,o1279,o128,o1280,o1281,o1282,o1283,o1284,o1285,o1286,o1287,o1288,o1289,o129,o1290,o1291,o1292,o1293,o1294,o1295,o1296,o1297,o1298,o1299,o13,o130,o1300,o1301,o1302,o1303,o1304,o1305,o1306,o1307,o1308,o1309,o131,o1310,o1311,o1312,o1313,o1314,o1315,o1316,o1317,o1318,o1319,o132,o1320,o1321,o1322,o1323,o1324,o1325,o1326,o1327,o1328,o1329,o133,o1330,o1331,o1332,o1333,o1334,o1335,o1336,o1337,o1338,o1339,o134,o1340,o1341,o1342,o1343,o1344,o1345,o1346,o1347,o1348,o1349,o135,o1350,o1351,o1352,o1353,o1354,o1355,o1356,o1357,o1358,o1359,o136,o1360,o1361,o1362,o1363,o1364,o1365,o1366,o1367,o1368,o1369,o137,o1370,o1371,o1372,o1373,o1374,o1375,o1376,o1377,o1378,o1379,o138,o1380,o1381,o1382,o1383,o1384,o1385,o1386,o1387,o1388,o1389,o139,o1390,o1391,o1392,o1393,o1394,o1395,o1396,o1397,o1398,o1399,o14,o140,o1400,o1401,o1402,o1403,o1404,o1405,o1406,o1407,o1408,o1409,o141,o1410,o1411,o1412,o1413,o1414,o1415,o1416,o1417,o1418,o1419,o142,o1420,o1421,o1422,o1423,o1424,o1425,o1426,o1427,o1428,o1429,o143,o1430,o1431,o1432,o1433,o1434,o1435,o1436,o1437,o1438,o1439,o144,o1440,o1441,o1442,o1443}'::text[]))
	                                            Rows Removed by Filter: 4736909
	                                            Buffers: shared hit=13799 read=263309
	        ->  Index Scan using output_snapshot_history_pkey on output_snapshot_history  (cost=1.67..9.70 rows=1 width=22) (actual time=0.004..0.004 rows=1 loops=5952)
	              Index Cond: (id = ranked.id)
	              Filter: (output_id = ANY ('{o0,o1,o10,o100,o1000,o1001,o1002,o1003,o1004,o1005,o1006,o1007,o1008,o1009,o101,o1010,o1011,o1012,o1013,o1014,o1015,o1016,o1017,o1018,o1019,o102,o1020,o1021,o1022,o1023,o1024,o1025,o1026,o1027,o1028,o1029,o103,o1030,o1031,o1032,o1033,o1034,o1035,o1036,o1037,o1038,o1039,o104,o1040,o1041,o1042,o1043,o1044,o1045,o1046,o1047,o1048,o1049,o105,o1050,o1051,o1052,o1053,o1054,o1055,o1056,o1057,o1058,o1059,o106,o1060,o1061,o1062,o1063,o1064,o1065,o1066,o1067,o1068,o1069,o107,o1070,o1071,o1072,o1073,o1074,o1075,o1076,o1077,o1078,o1079,o108,o1080,o1081,o1082,o1083,o1084,o1085,o1086,o1087,o1088,o1089,o109,o1090,o1091,o1092,o1093,o1094,o1095,o1096,o1097,o1098,o1099,o11,o110,o1100,o1101,o1102,o1103,o1104,o1105,o1106,o1107,o1108,o1109,o111,o1110,o1111,o1112,o1113,o1114,o1115,o1116,o1117,o1118,o1119,o112,o1120,o1121,o1122,o1123,o1124,o1125,o1126,o1127,o1128,o1129,o113,o1130,o1131,o1132,o1133,o1134,o1135,o1136,o1137,o1138,o1139,o114,o1140,o1141,o1142,o1143,o1144,o1145,o1146,o1147,o1148,o1149,o115,o1150,o1151,o1152,o1153,o1154,o1155,o1156,o1157,o1158,o1159,o116,o1160,o1161,o1162,o1163,o1164,o1165,o1166,o1167,o1168,o1169,o117,o1170,o1171,o1172,o1173,o1174,o1175,o1176,o1177,o1178,o1179,o118,o1180,o1181,o1182,o1183,o1184,o1185,o1186,o1187,o1188,o1189,o119,o1190,o1191,o1192,o1193,o1194,o1195,o1196,o1197,o1198,o1199,o12,o120,o1200,o1201,o1202,o1203,o1204,o1205,o1206,o1207,o1208,o1209,o121,o1210,o1211,o1212,o1213,o1214,o1215,o1216,o1217,o1218,o1219,o122,o1220,o1221,o1222,o1223,o1224,o1225,o1226,o1227,o1228,o1229,o123,o1230,o1231,o1232,o1233,o1234,o1235,o1236,o1237,o1238,o1239,o124,o1240,o1241,o1242,o1243,o1244,o1245,o1246,o1247,o1248,o1249,o125,o1250,o1251,o1252,o1253,o1254,o1255,o1256,o1257,o1258,o1259,o126,o1260,o1261,o1262,o1263,o1264,o1265,o1266,o1267,o1268,o1269,o127,o1270,o1271,o1272,o1273,o1274,o1275,o1276,o1277,o1278,o1279,o128,o1280,o1281,o1282,o1283,o1284,o1285,o1286,o1287,o1288,o1289,o129,o1290,o1291,o1292,o1293,o1294,o1295,o1296,o1297,o1298,o1299,o13,o130,o1300,o1301,o1302,o1303,o1304,o1305,o1306,o1307,o1308,o1309,o131,o1310,o1311,o1312,o1313,o1314,o1315,o1316,o1317,o1318,o1319,o132,o1320,o1321,o1322,o1323,o1324,o1325,o1326,o1327,o1328,o1329,o133,o1330,o1331,o1332,o1333,o1334,o1335,o1336,o1337,o1338,o1339,o134,o1340,o1341,o1342,o1343,o1344,o1345,o1346,o1347,o1348,o1349,o135,o1350,o1351,o1352,o1353,o1354,o1355,o1356,o1357,o1358,o1359,o136,o1360,o1361,o1362,o1363,o1364,o1365,o1366,o1367,o1368,o1369,o137,o1370,o1371,o1372,o1373,o1374,o1375,o1376,o1377,o1378,o1379,o138,o1380,o1381,o1382,o1383,o1384,o1385,o1386,o1387,o1388,o1389,o139,o1390,o1391,o1392,o1393,o1394,o1395,o1396,o1397,o1398,o1399,o14,o140,o1400,o1401,o1402,o1403,o1404,o1405,o1406,o1407,o1408,o1409,o141,o1410,o1411,o1412,o1413,o1414,o1415,o1416,o1417,o1418,o1419,o142,o1420,o1421,o1422,o1423,o1424,o1425,o1426,o1427,o1428,o1429,o143,o1430,o1431,o1432,o1433,o1434,o1435,o1436,o1437,o1438,o1439,o144,o1440,o1441,o1442,o1443}'::text[]))
	              Buffers: shared hit=18583 read=5225
	JIT:
	  Functions: 24
	  Options: Inlining false, Optimization false, Expressions true, Deforming true
	  Timing: Generation 0.912 ms, Inlining 0.000 ms, Optimization 0.345 ms, Emission 6.868 ms, Total 8.126 ms
2026-10-10 05:26:51.598 UTC [30735] hel1435-S2-desktop-R250000-b0-explain-r3 LOG:  temporary file: path "base/pgsql_tmp/pgsql_tmp30735.0", size 10010624
2026-10-10 05:26:51.598 UTC [30735] hel1435-S2-desktop-R250000-b0-explain-r3 STATEMENT:  DELETE FROM output_snapshot_history WHERE output_id = ANY($1) AND id IN (
	             SELECT id FROM (
	               SELECT id, age_class, bucket,
	                      row_number() OVER w AS recency,
	                      lag(age_class) OVER w AS prev_class,
	                      lag(bucket) OVER w AS prev_bucket
	               FROM (
	                 SELECT id, output_id, captured_at,
	                        CASE WHEN extract(epoch FROM ($2::timestamptz - captured_at)) < $3 THEN 0
	                             WHEN extract(epoch FROM ($4::timestamptz - captured_at)) < $5 THEN 1
	                             ELSE 2 END AS age_class,
	                        floor(extract(epoch FROM captured_at) /
	                          CASE WHEN extract(epoch FROM ($6::timestamptz - captured_at)) < $7 THEN $8
	                               WHEN extract(epoch FROM ($9::timestamptz - captured_at)) < $10 THEN $11
	                               ELSE $12 END) AS bucket
	                 FROM output_snapshot_history
	                 WHERE output_id = ANY($13)
	               ) classed
	               WINDOW w AS (PARTITION BY output_id ORDER BY captured_at DESC, id DESC)
	             ) ranked
	             WHERE recency > $14 AND prev_class = age_class AND prev_bucket = bucket)
2026-10-10 05:26:52.870 UTC [30737] hel1435-S2-desktop-R250000-b0-timed-r1 LOG:  temporary file: path "base/pgsql_tmp/pgsql_tmp30737.0", size 10010624
2026-10-10 05:26:52.870 UTC [30737] hel1435-S2-desktop-R250000-b0-timed-r1 STATEMENT:  DELETE FROM output_snapshot_history WHERE output_id = ANY($1) AND id IN (
	             SELECT id FROM (
	               SELECT id, age_class, bucket,
	                      row_number() OVER w AS recency,
	                      lag(age_class) OVER w AS prev_class,
	                      lag(bucket) OVER w AS prev_bucket
	               FROM (
	                 SELECT id, output_id, captured_at,
	                        CASE WHEN extract(epoch FROM ($2::timestamptz - captured_at)) < $3 THEN 0
	                             WHEN extract(epoch FROM ($4::timestamptz - captured_at)) < $5 THEN 1
	                             ELSE 2 END AS age_class,
	                        floor(extract(epoch FROM captured_at) /
	                          CASE WHEN extract(epoch FROM ($6::timestamptz - captured_at)) < $7 THEN $8
	                               WHEN extract(epoch FROM ($9::timestamptz - captured_at)) < $10 THEN $11
	                               ELSE $12 END) AS bucket
	                 FROM output_snapshot_history
	                 WHERE output_id = ANY($13)
	               ) classed
	               WINDOW w AS (PARTITION BY output_id ORDER BY captured_at DESC, id DESC)
	             ) ranked
	             WHERE recency > $14 AND prev_class = age_class AND prev_bucket = bucket)
2026-10-10 05:26:54.124 UTC [30739] hel1435-S2-desktop-R250000-b0-timed-r2 LOG:  temporary file: path "base/pgsql_tmp/pgsql_tmp30739.0", size 10010624
2026-10-10 05:26:54.124 UTC [30739] hel1435-S2-desktop-R250000-b0-timed-r2 STATEMENT:  DELETE FROM output_snapshot_history WHERE output_id = ANY($1) AND id IN (
	             SELECT id FROM (
	               SELECT id, age_class, bucket,
	                      row_number() OVER w AS recency,
	                      lag(age_class) OVER w AS prev_class,
	                      lag(bucket) OVER w AS prev_bucket
	               FROM (
	                 SELECT id, output_id, captured_at,
	                        CASE WHEN extract(epoch FROM ($2::timestamptz - captured_at)) < $3 THEN 0
	                             WHEN extract(epoch FROM ($4::timestamptz - captured_at)) < $5 THEN 1
	                             ELSE 2 END AS age_class,
	                        floor(extract(epoch FROM captured_at) /
	                          CASE WHEN extract(epoch FROM ($6::timestamptz - captured_at)) < $7 THEN $8
	                               WHEN extract(epoch FROM ($9::timestamptz - captured_at)) < $10 THEN $11
	                               ELSE $12 END) AS bucket
	                 FROM output_snapshot_history
	                 WHERE output_id = ANY($13)
	               ) classed
	               WINDOW w AS (PARTITION BY output_id ORDER BY captured_at DESC, id DESC)
	             ) ranked
	             WHERE recency > $14 AND prev_class = age_class AND prev_bucket = bucket)
2026-10-10 05:26:55.273 UTC [30741] hel1435-S2-desktop-R250000-b0-timed-r3 LOG:  temporary file: path "base/pgsql_tmp/pgsql_tmp30741.0", size 10010624
2026-10-10 05:26:55.273 UTC [30741] hel1435-S2-desktop-R250000-b0-timed-r3 STATEMENT:  DELETE FROM output_snapshot_history WHERE output_id = ANY($1) AND id IN (
	             SELECT id FROM (
	               SELECT id, age_class, bucket,
	                      row_number() OVER w AS recency,
	                      lag(age_class) OVER w AS prev_class,
	                      lag(bucket) OVER w AS prev_bucket
	               FROM (
	                 SELECT id, output_id, captured_at,
	                        CASE WHEN extract(epoch FROM ($2::timestamptz - captured_at)) < $3 THEN 0
	                             WHEN extract(epoch FROM ($4::timestamptz - captured_at)) < $5 THEN 1
	                             ELSE 2 END AS age_class,
	                        floor(extract(epoch FROM captured_at) /
	                          CASE WHEN extract(epoch FROM ($6::timestamptz - captured_at)) < $7 THEN $8
	                               WHEN extract(epoch FROM ($9::timestamptz - captured_at)) < $10 THEN $11
	                               ELSE $12 END) AS bucket
	                 FROM output_snapshot_history
	                 WHERE output_id = ANY($13)
	               ) classed
	               WINDOW w AS (PARTITION BY output_id ORDER BY captured_at DESC, id DESC)
	             ) ranked
	             WHERE recency > $14 AND prev_class = age_class AND prev_bucket = bucket)
2026-10-10 05:26:55.491 UTC [30743] hel1435-S2-desktop-R250000-b6-explain-r1 LOG:  duration: 91.013 ms  plan:
	Query Text: DELETE FROM output_snapshot_history h
	             USING pipelines p, users u
	             WHERE h.output_id = ANY($1) AND h.captured_at < $2
	               AND h.pipeline_id = p.id AND p.owner_id = u.id
	               AND h.captured_at < COALESCE(($3::timestamptz[])[array_position($4::text[], u.tier)], $5)
	Query Parameters: $1 = '{o3693,o3694,o3695,o3696,o3697,o3698,o3699,o37,o370,o3700,o3701,o3702,o3703,o3704,o3705,o3706,o3707,o3708,o3709,o371,o3710,o3711,o3712,o3713,o3714,o3715,o3716,o3717,o3718,o3719,o372,o3720,o3721,o3722,o3723,o3724,o3725,o3726,o3727,o3728,o3729,o373,o3730,o3731,o3732,o3733,o3734,o3735,o3736,o3737,o3738,o3739,o374,o3740,o3741,o3742,o3743,o3744,o3745,o3746,o3747,o3748,o3749,o375,o3750,o3751,o3752,o3753,o3754,o3755,o3756,o3757,o3758,o3759,o376,o3760,o3761,o3762,o3763,o3764,o3765,o3766,o3767,o3768,o3769,o377,o3770,o3771,o3772,o3773,o3774,o3775,o3776,o3777,o3778,o3779,o378,o3780,o3781,o3782,o3783,o3784,o3785,o3786,o3787,o3788,o3789,o379,o3790,o3791,o3792,o3793,o3794,o3795,o3796,o3797,o3798,o3799,o38,o380,o3800,o3801,o3802,o3803,o3804,o3805,o3806,o3807,o3808,o3809,o381,o3810,o3811,o3812,o3813,o3814,o3815,o3816,o3817,o3818,o3819,o382,o3820,o3821,o3822,o3823,o3824,o3825,o3826,o3827,o3828,o3829,o383,o3830,o3831,o3832,o3833,o3834,o3835,o3836,o3837,o3838,o3839,o384,o3840,o3841,o3842,o3843,o3844,o3845,o3846,o3847,o3848,o3849,o385,o3850,o3851,o3852,o3853,o3854,o3855,o3856,o3857,o3858,o3859,o386,o3860,o3861,o3862,o3863,o3864,o3865,o3866,o3867,o3868,o3869,o387,o3870,o3871,o3872,o3873,o3874,o3875,o3876,o3877,o3878,o3879,o388,o3880,o3881,o3882,o3883,o3884,o3885,o3886,o3887,o3888,o3889,o389,o3890,o3891,o3892,o3893,o3894,o3895,o3896,o3897,o3898,o3899,o39,o390,o3900,o3901,o3902,o3903,o3904,o3905,o3906,o3907,o3908,o3909,o391,o3910,o3911,o3912,o3913,o3914,o3915,o3916,o3917,o3918,o3919,o392,o3920,o3921,o3922,o3923,o3924,o3925,o3926,o3927,o3928,o3929,o393,o3930,o3931,o3932,o3933,o3934,o3935,o3936,o3937,o3938,o3939,o394,o3940,o3941,o3942,o3943,o3944,o3945,o3946,o3947,o3948,o3949,o395,o3950,o3951,o3952,o3953,o3954,o3955,o3956,o3957,o3958,o3959,o396,o3960,o3961,o3962,o3963,o3964,o3965,o3966,o3967,o3968,o3969,o397,o3970,o3971,o3972,o3973,o3974,o3975,o3976,o3977,o3978,o3979,o398,o3980,o3981,o3982,o3983,o3984,o3985,o3986,o3987,o3988,o3989,o399,o3990,o3991,o3992,o3993,o3994,o3995,o3996,o3997,o3998,o3999,o4,o40,o400,o4000,o4001,o4002,o4003,o4004,o4005,o4006,o4007,o4008,o4009,o401,o4010,o4011,o4012,o4013,o4014,o4015,o4016,o4017,o4018,o4019,o402,o4020,o4021,o4022,o4023,o4024,o4025,o4026,o4027,o4028,o4029,o403,o4030,o4031,o4032,o4033,o4034,o4035,o4036,o4037,o4038,o4039,o404,o4040,o4041,o4042,o4043,o4044,o4045,o4046,o4047,o4048,o4049,o405,o4050,o4051,o4052,o4053,o4054,o4055,o4056,o4057,o4058,o4059,o406,o4060,o4061,o4062,o4063,o4064,o4065,o4066,o4067,o4068,o4069,o407,o4070,o4071,o4072,o4073,o4074,o4075,o4076,o4077,o4078,o4079,o408,o4080,o4081,o4082,o4083,o4084,o4085,o4086,o4087,o4088,o4089,o409,o4090,o4091,o4092,o4093,o4094,o4095,o4096,o4097,o4098,o4099,o41,o410,o4100,o4101,o4102,o4103,o4104,o4105,o4106,o4107,o4108,o4109,o411,o4110,o4111,o4112,o4113,o4114,o4115,o4116,o4117,o4118,o4119,o412,o4120,o4121,o4122,o4123,o4124,o4125,o4126,o4127,o4128,o4129,o413,o4130,o4131,o4132,o4133,o4134,o4135,o4136,o4137,o4138,o4139,o414,o4140,o4141}', $2 = '2026-09-09 22:00:00-07', $3 = '{"2026-09-09 22:00:00-07","2026-07-11 22:00:00-07","2025-10-09 22:00:00-07"}', $4 = '{free,beta,owner}', $5 = '2026-09-09 22:00:00-07'
	Delete on output_snapshot_history h  (cost=170.21..25416.02 rows=0 width=0) (actual time=91.009..91.012 rows=0 loops=1)
	  Buffers: shared hit=26 read=17961 dirtied=5 written=2
	  WAL: records=19 bytes=1026
	  ->  Hash Join  (cost=170.21..25416.02 rows=5200 width=18) (actual time=45.381..90.984 rows=19 loops=1)
	        Hash Cond: (p.owner_id = u.id)
	        Join Filter: (h.captured_at < COALESCE(('{"2026-09-09 22:00:00-07","2026-07-11 22:00:00-07","2025-10-09 22:00:00-07"}'::timestamp with time zone[])[array_position('{free,beta,owner}'::text[], u.tier)], '2026-09-09 22:00:00-07'::timestamp with time zone))
	        Rows Removed by Join Filter: 14700
	        Buffers: shared hit=7 read=17961 dirtied=2 written=2
	        ->  Hash Join  (cost=111.70..25316.52 rows=15599 width=36) (actual time=1.038..87.952 rows=14719 loops=1)
	              Hash Cond: (h.pipeline_id = p.id)
	              Buffers: shared hit=7 read=17940 dirtied=2 written=2
	              ->  Index Scan using idx_output_snapshot_history_captured_at on output_snapshot_history h  (cost=1.68..25165.49 rows=15604 width=19) (actual time=0.115..85.012 rows=14719 loops=1)
	                    Index Cond: (captured_at < '2026-09-09 22:00:00-07'::timestamp with time zone)
	                    Filter: (output_id = ANY ('{o3693,o3694,o3695,o3696,o3697,o3698,o3699,o37,o370,o3700,o3701,o3702,o3703,o3704,o3705,o3706,o3707,o3708,o3709,o371,o3710,o3711,o3712,o3713,o3714,o3715,o3716,o3717,o3718,o3719,o372,o3720,o3721,o3722,o3723,o3724,o3725,o3726,o3727,o3728,o3729,o373,o3730,o3731,o3732,o3733,o3734,o3735,o3736,o3737,o3738,o3739,o374,o3740,o3741,o3742,o3743,o3744,o3745,o3746,o3747,o3748,o3749,o375,o3750,o3751,o3752,o3753,o3754,o3755,o3756,o3757,o3758,o3759,o376,o3760,o3761,o3762,o3763,o3764,o3765,o3766,o3767,o3768,o3769,o377,o3770,o3771,o3772,o3773,o3774,o3775,o3776,o3777,o3778,o3779,o378,o3780,o3781,o3782,o3783,o3784,o3785,o3786,o3787,o3788,o3789,o379,o3790,o3791,o3792,o3793,o3794,o3795,o3796,o3797,o3798,o3799,o38,o380,o3800,o3801,o3802,o3803,o3804,o3805,o3806,o3807,o3808,o3809,o381,o3810,o3811,o3812,o3813,o3814,o3815,o3816,o3817,o3818,o3819,o382,o3820,o3821,o3822,o3823,o3824,o3825,o3826,o3827,o3828,o3829,o383,o3830,o3831,o3832,o3833,o3834,o3835,o3836,o3837,o3838,o3839,o384,o3840,o3841,o3842,o3843,o3844,o3845,o3846,o3847,o3848,o3849,o385,o3850,o3851,o3852,o3853,o3854,o3855,o3856,o3857,o3858,o3859,o386,o3860,o3861,o3862,o3863,o3864,o3865,o3866,o3867,o3868,o3869,o387,o3870,o3871,o3872,o3873,o3874,o3875,o3876,o3877,o3878,o3879,o388,o3880,o3881,o3882,o3883,o3884,o3885,o3886,o3887,o3888,o3889,o389,o3890,o3891,o3892,o3893,o3894,o3895,o3896,o3897,o3898,o3899,o39,o390,o3900,o3901,o3902,o3903,o3904,o3905,o3906,o3907,o3908,o3909,o391,o3910,o3911,o3912,o3913,o3914,o3915,o3916,o3917,o3918,o3919,o392,o3920,o3921,o3922,o3923,o3924,o3925,o3926,o3927,o3928,o3929,o393,o3930,o3931,o3932,o3933,o3934,o3935,o3936,o3937,o3938,o3939,o394,o3940,o3941,o3942,o3943,o3944,o3945,o3946,o3947,o3948,o3949,o395,o3950,o3951,o3952,o3953,o3954,o3955,o3956,o3957,o3958,o3959,o396,o3960,o3961,o3962,o3963,o3964,o3965,o3966,o3967,o3968,o3969,o397,o3970,o3971,o3972,o3973,o3974,o3975,o3976,o3977,o3978,o3979,o398,o3980,o3981,o3982,o3983,o3984,o3985,o3986,o3987,o3988,o3989,o399,o3990,o3991,o3992,o3993,o3994,o3995,o3996,o3997,o3998,o3999,o4,o40,o400,o4000,o4001,o4002,o4003,o4004,o4005,o4006,o4007,o4008,o4009,o401,o4010,o4011,o4012,o4013,o4014,o4015,o4016,o4017,o4018,o4019,o402,o4020,o4021,o4022,o4023,o4024,o4025,o4026,o4027,o4028,o4029,o403,o4030,o4031,o4032,o4033,o4034,o4035,o4036,o4037,o4038,o4039,o404,o4040,o4041,o4042,o4043,o4044,o4045,o4046,o4047,o4048,o4049,o405,o4050,o4051,o4052,o4053,o4054,o4055,o4056,o4057,o4058,o4059,o406,o4060,o4061,o4062,o4063,o4064,o4065,o4066,o4067,o4068,o4069,o407,o4070,o4071,o4072,o4073,o4074,o4075,o4076,o4077,o4078,o4079,o408,o4080,o4081,o4082,o4083,o4084,o4085,o4086,o4087,o4088,o4089,o409,o4090,o4091,o4092,o4093,o4094,o4095,o4096,o4097,o4098,o4099,o41,o410,o4100,o4101,o4102,o4103,o4104,o4105,o4106,o4107,o4108,o4109,o411,o4110,o4111,o4112,o4113,o4114,o4115,o4116,o4117,o4118,o4119,o412,o4120,o4121,o4122,o4123,o4124,o4125,o4126,o4127,o4128,o4129,o413,o4130,o4131,o4132,o4133,o4134,o4135,o4136,o4137,o4138,o4139,o414,o4140,o4141}'::text[]))
	                    Rows Removed by Filter: 301929
	                    Buffers: shared hit=7 read=17905 dirtied=2 written=2
	              ->  Hash  (cost=68.34..68.34 rows=3334 width=27) (actual time=0.901..0.901 rows=3334 loops=1)
	                    Buckets: 4096  Batches: 1  Memory Usage: 227kB
	                    Buffers: shared read=35
	                    ->  Seq Scan on pipelines p  (cost=0.00..68.34 rows=3334 width=27) (actual time=0.007..0.436 rows=3334 loops=1)
	                          Buffers: shared read=35
	        ->  Hash  (cost=37.67..37.67 rows=1667 width=27) (actual time=0.445..0.445 rows=1667 loops=1)
	              Buckets: 2048  Batches: 1  Memory Usage: 113kB
	              Buffers: shared read=21
	              ->  Seq Scan on users u  (cost=0.00..37.67 rows=1667 width=27) (actual time=0.009..0.239 rows=1667 loops=1)
	                    Buffers: shared read=21
2026-10-10 05:26:56.544 UTC [30743] hel1435-S2-desktop-R250000-b6-explain-r1 LOG:  duration: 1038.375 ms  plan:
	Query Text: DELETE FROM output_snapshot_history WHERE output_id = ANY($1) AND id IN (
	             SELECT id FROM (
	               SELECT id, age_class, bucket,
	                      row_number() OVER w AS recency,
	                      lag(age_class) OVER w AS prev_class,
	                      lag(bucket) OVER w AS prev_bucket
	               FROM (
	                 SELECT id, output_id, captured_at,
	                        CASE WHEN extract(epoch FROM ($2::timestamptz - captured_at)) < $3 THEN 0
	                             WHEN extract(epoch FROM ($4::timestamptz - captured_at)) < $5 THEN 1
	                             ELSE 2 END AS age_class,
	                        floor(extract(epoch FROM captured_at) /
	                          CASE WHEN extract(epoch FROM ($6::timestamptz - captured_at)) < $7 THEN $8
	                               WHEN extract(epoch FROM ($9::timestamptz - captured_at)) < $10 THEN $11
	                               ELSE $12 END) AS bucket
	                 FROM output_snapshot_history
	                 WHERE output_id = ANY($13)
	               ) classed
	               WINDOW w AS (PARTITION BY output_id ORDER BY captured_at DESC, id DESC)
	             ) ranked
	             WHERE recency > $14 AND prev_class = age_class AND prev_bucket = bucket)
	Query Parameters: $1 = '{o3693,o3694,o3695,o3696,o3697,o3698,o3699,o37,o370,o3700,o3701,o3702,o3703,o3704,o3705,o3706,o3707,o3708,o3709,o371,o3710,o3711,o3712,o3713,o3714,o3715,o3716,o3717,o3718,o3719,o372,o3720,o3721,o3722,o3723,o3724,o3725,o3726,o3727,o3728,o3729,o373,o3730,o3731,o3732,o3733,o3734,o3735,o3736,o3737,o3738,o3739,o374,o3740,o3741,o3742,o3743,o3744,o3745,o3746,o3747,o3748,o3749,o375,o3750,o3751,o3752,o3753,o3754,o3755,o3756,o3757,o3758,o3759,o376,o3760,o3761,o3762,o3763,o3764,o3765,o3766,o3767,o3768,o3769,o377,o3770,o3771,o3772,o3773,o3774,o3775,o3776,o3777,o3778,o3779,o378,o3780,o3781,o3782,o3783,o3784,o3785,o3786,o3787,o3788,o3789,o379,o3790,o3791,o3792,o3793,o3794,o3795,o3796,o3797,o3798,o3799,o38,o380,o3800,o3801,o3802,o3803,o3804,o3805,o3806,o3807,o3808,o3809,o381,o3810,o3811,o3812,o3813,o3814,o3815,o3816,o3817,o3818,o3819,o382,o3820,o3821,o3822,o3823,o3824,o3825,o3826,o3827,o3828,o3829,o383,o3830,o3831,o3832,o3833,o3834,o3835,o3836,o3837,o3838,o3839,o384,o3840,o3841,o3842,o3843,o3844,o3845,o3846,o3847,o3848,o3849,o385,o3850,o3851,o3852,o3853,o3854,o3855,o3856,o3857,o3858,o3859,o386,o3860,o3861,o3862,o3863,o3864,o3865,o3866,o3867,o3868,o3869,o387,o3870,o3871,o3872,o3873,o3874,o3875,o3876,o3877,o3878,o3879,o388,o3880,o3881,o3882,o3883,o3884,o3885,o3886,o3887,o3888,o3889,o389,o3890,o3891,o3892,o3893,o3894,o3895,o3896,o3897,o3898,o3899,o39,o390,o3900,o3901,o3902,o3903,o3904,o3905,o3906,o3907,o3908,o3909,o391,o3910,o3911,o3912,o3913,o3914,o3915,o3916,o3917,o3918,o3919,o392,o3920,o3921,o3922,o3923,o3924,o3925,o3926,o3927,o3928,o3929,o393,o3930,o3931,o3932,o3933,o3934,o3935,o3936,o3937,o3938,o3939,o394,o3940,o3941,o3942,o3943,o3944,o3945,o3946,o3947,o3948,o3949,o395,o3950,o3951,o3952,o3953,o3954,o3955,o3956,o3957,o3958,o3959,o396,o3960,o3961,o3962,o3963,o3964,o3965,o3966,o3967,o3968,o3969,o397,o3970,o3971,o3972,o3973,o3974,o3975,o3976,o3977,o3978,o3979,o398,o3980,o3981,o3982,o3983,o3984,o3985,o3986,o3987,o3988,o3989,o399,o3990,o3991,o3992,o3993,o3994,o3995,o3996,o3997,o3998,o3999,o4,o40,o400,o4000,o4001,o4002,o4003,o4004,o4005,o4006,o4007,o4008,o4009,o401,o4010,o4011,o4012,o4013,o4014,o4015,o4016,o4017,o4018,o4019,o402,o4020,o4021,o4022,o4023,o4024,o4025,o4026,o4027,o4028,o4029,o403,o4030,o4031,o4032,o4033,o4034,o4035,o4036,o4037,o4038,o4039,o404,o4040,o4041,o4042,o4043,o4044,o4045,o4046,o4047,o4048,o4049,o405,o4050,o4051,o4052,o4053,o4054,o4055,o4056,o4057,o4058,o4059,o406,o4060,o4061,o4062,o4063,o4064,o4065,o4066,o4067,o4068,o4069,o407,o4070,o4071,o4072,o4073,o4074,o4075,o4076,o4077,o4078,o4079,o408,o4080,o4081,o4082,o4083,o4084,o4085,o4086,o4087,o4088,o4089,o409,o4090,o4091,o4092,o4093,o4094,o4095,o4096,o4097,o4098,o4099,o41,o410,o4100,o4101,o4102,o4103,o4104,o4105,o4106,o4107,o4108,o4109,o411,o4110,o4111,o4112,o4113,o4114,o4115,o4116,o4117,o4118,o4119,o412,o4120,o4121,o4122,o4123,o4124,o4125,o4126,o4127,o4128,o4129,o413,o4130,o4131,o4132,o4133,o4134,o4135,o4136,o4137,o4138,o4139,o414,o4140,o4141}', $2 = '2026-10-09 22:00:00-07', $3 = '86400', $4 = '2026-10-09 22:00:00-07', $5 = '604800', $6 = '2026-10-09 22:00:00-07', $7 = '86400', $8 = '300', $9 = '2026-10-09 22:00:00-07', $10 = '604800', $11 = '3600', $12 = '86400', $13 = '{o3693,o3694,o3695,o3696,o3697,o3698,o3699,o37,o370,o3700,o3701,o3702,o3703,o3704,o3705,o3706,o3707,o3708,o3709,o371,o3710,o3711,o3712,o3713,o3714,o3715,o3716,o3717,o3718,o3719,o372,o3720,o3721,o3722,o3723,o3724,o3725,o3726,o3727,o3728,o3729,o373,o3730,o3731,o3732,o3733,o3734,o3735,o3736,o3737,o3738,o3739,o374,o3740,o3741,o3742,o3743,o3744,o3745,o3746,o3747,o3748,o3749,o375,o3750,o3751,o3752,o3753,o3754,o3755,o3756,o3757,o3758,o3759,o376,o3760,o3761,o3762,o3763,o3764,o3765,o3766,o3767,o3768,o3769,o377,o3770,o3771,o3772,o3773,o3774,o3775,o3776,o3777,o3778,o3779,o378,o3780,o3781,o3782,o3783,o3784,o3785,o3786,o3787,o3788,o3789,o379,o3790,o3791,o3792,o3793,o3794,o3795,o3796,o3797,o3798,o3799,o38,o380,o3800,o3801,o3802,o3803,o3804,o3805,o3806,o3807,o3808,o3809,o381,o3810,o3811,o3812,o3813,o3814,o3815,o3816,o3817,o3818,o3819,o382,o3820,o3821,o3822,o3823,o3824,o3825,o3826,o3827,o3828,o3829,o383,o3830,o3831,o3832,o3833,o3834,o3835,o3836,o3837,o3838,o3839,o384,o3840,o3841,o3842,o3843,o3844,o3845,o3846,o3847,o3848,o3849,o385,o3850,o3851,o3852,o3853,o3854,o3855,o3856,o3857,o3858,o3859,o386,o3860,o3861,o3862,o3863,o3864,o3865,o3866,o3867,o3868,o3869,o387,o3870,o3871,o3872,o3873,o3874,o3875,o3876,o3877,o3878,o3879,o388,o3880,o3881,o3882,o3883,o3884,o3885,o3886,o3887,o3888,o3889,o389,o3890,o3891,o3892,o3893,o3894,o3895,o3896,o3897,o3898,o3899,o39,o390,o3900,o3901,o3902,o3903,o3904,o3905,o3906,o3907,o3908,o3909,o391,o3910,o3911,o3912,o3913,o3914,o3915,o3916,o3917,o3918,o3919,o392,o3920,o3921,o3922,o3923,o3924,o3925,o3926,o3927,o3928,o3929,o393,o3930,o3931,o3932,o3933,o3934,o3935,o3936,o3937,o3938,o3939,o394,o3940,o3941,o3942,o3943,o3944,o3945,o3946,o3947,o3948,o3949,o395,o3950,o3951,o3952,o3953,o3954,o3955,o3956,o3957,o3958,o3959,o396,o3960,o3961,o3962,o3963,o3964,o3965,o3966,o3967,o3968,o3969,o397,o3970,o3971,o3972,o3973,o3974,o3975,o3976,o3977,o3978,o3979,o398,o3980,o3981,o3982,o3983,o3984,o3985,o3986,o3987,o3988,o3989,o399,o3990,o3991,o3992,o3993,o3994,o3995,o3996,o3997,o3998,o3999,o4,o40,o400,o4000,o4001,o4002,o4003,o4004,o4005,o4006,o4007,o4008,o4009,o401,o4010,o4011,o4012,o4013,o4014,o4015,o4016,o4017,o4018,o4019,o402,o4020,o4021,o4022,o4023,o4024,o4025,o4026,o4027,o4028,o4029,o403,o4030,o4031,o4032,o4033,o4034,o4035,o4036,o4037,o4038,o4039,o404,o4040,o4041,o4042,o4043,o4044,o4045,o4046,o4047,o4048,o4049,o405,o4050,o4051,o4052,o4053,o4054,o4055,o4056,o4057,o4058,o4059,o406,o4060,o4061,o4062,o4063,o4064,o4065,o4066,o4067,o4068,o4069,o407,o4070,o4071,o4072,o4073,o4074,o4075,o4076,o4077,o4078,o4079,o408,o4080,o4081,o4082,o4083,o4084,o4085,o4086,o4087,o4088,o4089,o409,o4090,o4091,o4092,o4093,o4094,o4095,o4096,o4097,o4098,o4099,o41,o410,o4100,o4101,o4102,o4103,o4104,o4105,o4106,o4107,o4108,o4109,o411,o4110,o4111,o4112,o4113,o4114,o4115,o4116,o4117,o4118,o4119,o412,o4120,o4121,o4122,o4123,o4124,o4125,o4126,o4127,o4128,o4129,o413,o4130,o4131,o4132,o4133,o4134,o4135,o4136,o4137,o4138,o4139,o414,o4140,o4141}', $14 = '102'
	Delete on output_snapshot_history  (cost=411964.05..411981.78 rows=0 width=0) (actual time=1038.371..1038.374 rows=0 loops=1)
	  Buffers: shared hit=38550 read=268567 dirtied=375 written=4, temp read=1214 written=1218
	  WAL: records=6000 bytes=324000
	  ->  Nested Loop  (cost=411964.05..411981.78 rows=1 width=46) (actual time=1016.343..1036.714 rows=6000 loops=1)
	        Buffers: shared hit=32550 read=268567 dirtied=5 written=4, temp read=1214 written=1218
	        ->  Unique  (cost=411962.36..411962.37 rows=2 width=56) (actual time=1016.271..1017.736 rows=6000 loops=1)
	              Buffers: shared hit=13836 read=263281 dirtied=5 written=3, temp read=1214 written=1218
	              ->  Sort  (cost=411962.36..411962.37 rows=2 width=56) (actual time=1016.270..1017.016 rows=6000 loops=1)
	                    Sort Key: ranked.id
	                    Sort Method: quicksort  Memory: 849kB
	                    Buffers: shared hit=13836 read=263281 dirtied=5 written=3, temp read=1214 written=1218
	                    ->  Subquery Scan on ranked  (cost=380515.48..411962.35 rows=2 width=56) (actual time=741.942..1014.842 rows=6000 loops=1)
	                          Filter: ((ranked.recency > 102) AND (ranked.prev_class = ranked.age_class) AND (ranked.prev_bucket = ranked.bucket))
	                          Rows Removed by Filter: 242200
	                          Buffers: shared hit=13833 read=263281 dirtied=5 written=3, temp read=1214 written=1218
	                          ->  WindowAgg  (cost=380515.48..407559.79 rows=251575 width=109) (actual time=741.663..1002.873 rows=248200 loops=1)
	                                Buffers: shared hit=13833 read=263281 dirtied=5 written=3, temp read=1214 written=1218
	                                ->  Sort  (cost=380515.48..381144.42 rows=251575 width=29) (actual time=741.585..762.509 rows=248200 loops=1)
	                                      Sort Key: output_snapshot_history_1.output_id, output_snapshot_history_1.captured_at DESC, output_snapshot_history_1.id DESC
	                                      Sort Method: external merge  Disk: 9712kB
	                                      Buffers: shared hit=13833 read=263281 dirtied=5 written=3, temp read=1214 written=1218
	                                      ->  Seq Scan on output_snapshot_history output_snapshot_history_1  (cost=1.25..351928.41 rows=251575 width=29) (actual time=7.048..593.779 rows=248200 loops=1)
	                                            Filter: (output_id = ANY ('{o3693,o3694,o3695,o3696,o3697,o3698,o3699,o37,o370,o3700,o3701,o3702,o3703,o3704,o3705,o3706,o3707,o3708,o3709,o371,o3710,o3711,o3712,o3713,o3714,o3715,o3716,o3717,o3718,o3719,o372,o3720,o3721,o3722,o3723,o3724,o3725,o3726,o3727,o3728,o3729,o373,o3730,o3731,o3732,o3733,o3734,o3735,o3736,o3737,o3738,o3739,o374,o3740,o3741,o3742,o3743,o3744,o3745,o3746,o3747,o3748,o3749,o375,o3750,o3751,o3752,o3753,o3754,o3755,o3756,o3757,o3758,o3759,o376,o3760,o3761,o3762,o3763,o3764,o3765,o3766,o3767,o3768,o3769,o377,o3770,o3771,o3772,o3773,o3774,o3775,o3776,o3777,o3778,o3779,o378,o3780,o3781,o3782,o3783,o3784,o3785,o3786,o3787,o3788,o3789,o379,o3790,o3791,o3792,o3793,o3794,o3795,o3796,o3797,o3798,o3799,o38,o380,o3800,o3801,o3802,o3803,o3804,o3805,o3806,o3807,o3808,o3809,o381,o3810,o3811,o3812,o3813,o3814,o3815,o3816,o3817,o3818,o3819,o382,o3820,o3821,o3822,o3823,o3824,o3825,o3826,o3827,o3828,o3829,o383,o3830,o3831,o3832,o3833,o3834,o3835,o3836,o3837,o3838,o3839,o384,o3840,o3841,o3842,o3843,o3844,o3845,o3846,o3847,o3848,o3849,o385,o3850,o3851,o3852,o3853,o3854,o3855,o3856,o3857,o3858,o3859,o386,o3860,o3861,o3862,o3863,o3864,o3865,o3866,o3867,o3868,o3869,o387,o3870,o3871,o3872,o3873,o3874,o3875,o3876,o3877,o3878,o3879,o388,o3880,o3881,o3882,o3883,o3884,o3885,o3886,o3887,o3888,o3889,o389,o3890,o3891,o3892,o3893,o3894,o3895,o3896,o3897,o3898,o3899,o39,o390,o3900,o3901,o3902,o3903,o3904,o3905,o3906,o3907,o3908,o3909,o391,o3910,o3911,o3912,o3913,o3914,o3915,o3916,o3917,o3918,o3919,o392,o3920,o3921,o3922,o3923,o3924,o3925,o3926,o3927,o3928,o3929,o393,o3930,o3931,o3932,o3933,o3934,o3935,o3936,o3937,o3938,o3939,o394,o3940,o3941,o3942,o3943,o3944,o3945,o3946,o3947,o3948,o3949,o395,o3950,o3951,o3952,o3953,o3954,o3955,o3956,o3957,o3958,o3959,o396,o3960,o3961,o3962,o3963,o3964,o3965,o3966,o3967,o3968,o3969,o397,o3970,o3971,o3972,o3973,o3974,o3975,o3976,o3977,o3978,o3979,o398,o3980,o3981,o3982,o3983,o3984,o3985,o3986,o3987,o3988,o3989,o399,o3990,o3991,o3992,o3993,o3994,o3995,o3996,o3997,o3998,o3999,o4,o40,o400,o4000,o4001,o4002,o4003,o4004,o4005,o4006,o4007,o4008,o4009,o401,o4010,o4011,o4012,o4013,o4014,o4015,o4016,o4017,o4018,o4019,o402,o4020,o4021,o4022,o4023,o4024,o4025,o4026,o4027,o4028,o4029,o403,o4030,o4031,o4032,o4033,o4034,o4035,o4036,o4037,o4038,o4039,o404,o4040,o4041,o4042,o4043,o4044,o4045,o4046,o4047,o4048,o4049,o405,o4050,o4051,o4052,o4053,o4054,o4055,o4056,o4057,o4058,o4059,o406,o4060,o4061,o4062,o4063,o4064,o4065,o4066,o4067,o4068,o4069,o407,o4070,o4071,o4072,o4073,o4074,o4075,o4076,o4077,o4078,o4079,o408,o4080,o4081,o4082,o4083,o4084,o4085,o4086,o4087,o4088,o4089,o409,o4090,o4091,o4092,o4093,o4094,o4095,o4096,o4097,o4098,o4099,o41,o410,o4100,o4101,o4102,o4103,o4104,o4105,o4106,o4107,o4108,o4109,o411,o4110,o4111,o4112,o4113,o4114,o4115,o4116,o4117,o4118,o4119,o412,o4120,o4121,o4122,o4123,o4124,o4125,o4126,o4127,o4128,o4129,o413,o4130,o4131,o4132,o4133,o4134,o4135,o4136,o4137,o4138,o4139,o414,o4140,o4141}'::text[]))
	                                            Rows Removed by Filter: 4738429
	                                            Buffers: shared hit=13827 read=263281 dirtied=5 written=3
	        ->  Index Scan using output_snapshot_history_pkey on output_snapshot_history  (cost=1.68..9.71 rows=1 width=22) (actual time=0.003..0.003 rows=1 loops=6000)
	              Index Cond: (id = ranked.id)
	              Filter: (output_id = ANY ('{o3693,o3694,o3695,o3696,o3697,o3698,o3699,o37,o370,o3700,o3701,o3702,o3703,o3704,o3705,o3706,o3707,o3708,o3709,o371,o3710,o3711,o3712,o3713,o3714,o3715,o3716,o3717,o3718,o3719,o372,o3720,o3721,o3722,o3723,o3724,o3725,o3726,o3727,o3728,o3729,o373,o3730,o3731,o3732,o3733,o3734,o3735,o3736,o3737,o3738,o3739,o374,o3740,o3741,o3742,o3743,o3744,o3745,o3746,o3747,o3748,o3749,o375,o3750,o3751,o3752,o3753,o3754,o3755,o3756,o3757,o3758,o3759,o376,o3760,o3761,o3762,o3763,o3764,o3765,o3766,o3767,o3768,o3769,o377,o3770,o3771,o3772,o3773,o3774,o3775,o3776,o3777,o3778,o3779,o378,o3780,o3781,o3782,o3783,o3784,o3785,o3786,o3787,o3788,o3789,o379,o3790,o3791,o3792,o3793,o3794,o3795,o3796,o3797,o3798,o3799,o38,o380,o3800,o3801,o3802,o3803,o3804,o3805,o3806,o3807,o3808,o3809,o381,o3810,o3811,o3812,o3813,o3814,o3815,o3816,o3817,o3818,o3819,o382,o3820,o3821,o3822,o3823,o3824,o3825,o3826,o3827,o3828,o3829,o383,o3830,o3831,o3832,o3833,o3834,o3835,o3836,o3837,o3838,o3839,o384,o3840,o3841,o3842,o3843,o3844,o3845,o3846,o3847,o3848,o3849,o385,o3850,o3851,o3852,o3853,o3854,o3855,o3856,o3857,o3858,o3859,o386,o3860,o3861,o3862,o3863,o3864,o3865,o3866,o3867,o3868,o3869,o387,o3870,o3871,o3872,o3873,o3874,o3875,o3876,o3877,o3878,o3879,o388,o3880,o3881,o3882,o3883,o3884,o3885,o3886,o3887,o3888,o3889,o389,o3890,o3891,o3892,o3893,o3894,o3895,o3896,o3897,o3898,o3899,o39,o390,o3900,o3901,o3902,o3903,o3904,o3905,o3906,o3907,o3908,o3909,o391,o3910,o3911,o3912,o3913,o3914,o3915,o3916,o3917,o3918,o3919,o392,o3920,o3921,o3922,o3923,o3924,o3925,o3926,o3927,o3928,o3929,o393,o3930,o3931,o3932,o3933,o3934,o3935,o3936,o3937,o3938,o3939,o394,o3940,o3941,o3942,o3943,o3944,o3945,o3946,o3947,o3948,o3949,o395,o3950,o3951,o3952,o3953,o3954,o3955,o3956,o3957,o3958,o3959,o396,o3960,o3961,o3962,o3963,o3964,o3965,o3966,o3967,o3968,o3969,o397,o3970,o3971,o3972,o3973,o3974,o3975,o3976,o3977,o3978,o3979,o398,o3980,o3981,o3982,o3983,o3984,o3985,o3986,o3987,o3988,o3989,o399,o3990,o3991,o3992,o3993,o3994,o3995,o3996,o3997,o3998,o3999,o4,o40,o400,o4000,o4001,o4002,o4003,o4004,o4005,o4006,o4007,o4008,o4009,o401,o4010,o4011,o4012,o4013,o4014,o4015,o4016,o4017,o4018,o4019,o402,o4020,o4021,o4022,o4023,o4024,o4025,o4026,o4027,o4028,o4029,o403,o4030,o4031,o4032,o4033,o4034,o4035,o4036,o4037,o4038,o4039,o404,o4040,o4041,o4042,o4043,o4044,o4045,o4046,o4047,o4048,o4049,o405,o4050,o4051,o4052,o4053,o4054,o4055,o4056,o4057,o4058,o4059,o406,o4060,o4061,o4062,o4063,o4064,o4065,o4066,o4067,o4068,o4069,o407,o4070,o4071,o4072,o4073,o4074,o4075,o4076,o4077,o4078,o4079,o408,o4080,o4081,o4082,o4083,o4084,o4085,o4086,o4087,o4088,o4089,o409,o4090,o4091,o4092,o4093,o4094,o4095,o4096,o4097,o4098,o4099,o41,o410,o4100,o4101,o4102,o4103,o4104,o4105,o4106,o4107,o4108,o4109,o411,o4110,o4111,o4112,o4113,o4114,o4115,o4116,o4117,o4118,o4119,o412,o4120,o4121,o4122,o4123,o4124,o4125,o4126,o4127,o4128,o4129,o413,o4130,o4131,o4132,o4133,o4134,o4135,o4136,o4137,o4138,o4139,o414,o4140,o4141}'::text[]))
	              Buffers: shared hit=18714 read=5286 written=1
	JIT:
	  Functions: 24
	  Options: Inlining false, Optimization false, Expressions true, Deforming true
	  Timing: Generation 0.776 ms, Inlining 0.000 ms, Optimization 0.363 ms, Emission 6.638 ms, Total 7.777 ms
2026-10-10 05:26:56.545 UTC [30743] hel1435-S2-desktop-R250000-b6-explain-r1 LOG:  temporary file: path "base/pgsql_tmp/pgsql_tmp30743.0", size 9945088
2026-10-10 05:26:56.545 UTC [30743] hel1435-S2-desktop-R250000-b6-explain-r1 STATEMENT:  DELETE FROM output_snapshot_history WHERE output_id = ANY($1) AND id IN (
	             SELECT id FROM (
	               SELECT id, age_class, bucket,
	                      row_number() OVER w AS recency,
	                      lag(age_class) OVER w AS prev_class,
	                      lag(bucket) OVER w AS prev_bucket
	               FROM (
	                 SELECT id, output_id, captured_at,
	                        CASE WHEN extract(epoch FROM ($2::timestamptz - captured_at)) < $3 THEN 0
	                             WHEN extract(epoch FROM ($4::timestamptz - captured_at)) < $5 THEN 1
	                             ELSE 2 END AS age_class,
	                        floor(extract(epoch FROM captured_at) /
	                          CASE WHEN extract(epoch FROM ($6::timestamptz - captured_at)) < $7 THEN $8
	                               WHEN extract(epoch FROM ($9::timestamptz - captured_at)) < $10 THEN $11
	                               ELSE $12 END) AS bucket
	                 FROM output_snapshot_history
	                 WHERE output_id = ANY($13)
	               ) classed
	               WINDOW w AS (PARTITION BY output_id ORDER BY captured_at DESC, id DESC)
	             ) ranked
	             WHERE recency > $14 AND prev_class = age_class AND prev_bucket = bucket)
2026-10-10 05:26:56.744 UTC [30746] hel1435-S2-desktop-R250000-b6-explain-r2 LOG:  duration: 93.040 ms  plan:
	Query Text: DELETE FROM output_snapshot_history h
	             USING pipelines p, users u
	             WHERE h.output_id = ANY($1) AND h.captured_at < $2
	               AND h.pipeline_id = p.id AND p.owner_id = u.id
	               AND h.captured_at < COALESCE(($3::timestamptz[])[array_position($4::text[], u.tier)], $5)
	Query Parameters: $1 = '{o3693,o3694,o3695,o3696,o3697,o3698,o3699,o37,o370,o3700,o3701,o3702,o3703,o3704,o3705,o3706,o3707,o3708,o3709,o371,o3710,o3711,o3712,o3713,o3714,o3715,o3716,o3717,o3718,o3719,o372,o3720,o3721,o3722,o3723,o3724,o3725,o3726,o3727,o3728,o3729,o373,o3730,o3731,o3732,o3733,o3734,o3735,o3736,o3737,o3738,o3739,o374,o3740,o3741,o3742,o3743,o3744,o3745,o3746,o3747,o3748,o3749,o375,o3750,o3751,o3752,o3753,o3754,o3755,o3756,o3757,o3758,o3759,o376,o3760,o3761,o3762,o3763,o3764,o3765,o3766,o3767,o3768,o3769,o377,o3770,o3771,o3772,o3773,o3774,o3775,o3776,o3777,o3778,o3779,o378,o3780,o3781,o3782,o3783,o3784,o3785,o3786,o3787,o3788,o3789,o379,o3790,o3791,o3792,o3793,o3794,o3795,o3796,o3797,o3798,o3799,o38,o380,o3800,o3801,o3802,o3803,o3804,o3805,o3806,o3807,o3808,o3809,o381,o3810,o3811,o3812,o3813,o3814,o3815,o3816,o3817,o3818,o3819,o382,o3820,o3821,o3822,o3823,o3824,o3825,o3826,o3827,o3828,o3829,o383,o3830,o3831,o3832,o3833,o3834,o3835,o3836,o3837,o3838,o3839,o384,o3840,o3841,o3842,o3843,o3844,o3845,o3846,o3847,o3848,o3849,o385,o3850,o3851,o3852,o3853,o3854,o3855,o3856,o3857,o3858,o3859,o386,o3860,o3861,o3862,o3863,o3864,o3865,o3866,o3867,o3868,o3869,o387,o3870,o3871,o3872,o3873,o3874,o3875,o3876,o3877,o3878,o3879,o388,o3880,o3881,o3882,o3883,o3884,o3885,o3886,o3887,o3888,o3889,o389,o3890,o3891,o3892,o3893,o3894,o3895,o3896,o3897,o3898,o3899,o39,o390,o3900,o3901,o3902,o3903,o3904,o3905,o3906,o3907,o3908,o3909,o391,o3910,o3911,o3912,o3913,o3914,o3915,o3916,o3917,o3918,o3919,o392,o3920,o3921,o3922,o3923,o3924,o3925,o3926,o3927,o3928,o3929,o393,o3930,o3931,o3932,o3933,o3934,o3935,o3936,o3937,o3938,o3939,o394,o3940,o3941,o3942,o3943,o3944,o3945,o3946,o3947,o3948,o3949,o395,o3950,o3951,o3952,o3953,o3954,o3955,o3956,o3957,o3958,o3959,o396,o3960,o3961,o3962,o3963,o3964,o3965,o3966,o3967,o3968,o3969,o397,o3970,o3971,o3972,o3973,o3974,o3975,o3976,o3977,o3978,o3979,o398,o3980,o3981,o3982,o3983,o3984,o3985,o3986,o3987,o3988,o3989,o399,o3990,o3991,o3992,o3993,o3994,o3995,o3996,o3997,o3998,o3999,o4,o40,o400,o4000,o4001,o4002,o4003,o4004,o4005,o4006,o4007,o4008,o4009,o401,o4010,o4011,o4012,o4013,o4014,o4015,o4016,o4017,o4018,o4019,o402,o4020,o4021,o4022,o4023,o4024,o4025,o4026,o4027,o4028,o4029,o403,o4030,o4031,o4032,o4033,o4034,o4035,o4036,o4037,o4038,o4039,o404,o4040,o4041,o4042,o4043,o4044,o4045,o4046,o4047,o4048,o4049,o405,o4050,o4051,o4052,o4053,o4054,o4055,o4056,o4057,o4058,o4059,o406,o4060,o4061,o4062,o4063,o4064,o4065,o4066,o4067,o4068,o4069,o407,o4070,o4071,o4072,o4073,o4074,o4075,o4076,o4077,o4078,o4079,o408,o4080,o4081,o4082,o4083,o4084,o4085,o4086,o4087,o4088,o4089,o409,o4090,o4091,o4092,o4093,o4094,o4095,o4096,o4097,o4098,o4099,o41,o410,o4100,o4101,o4102,o4103,o4104,o4105,o4106,o4107,o4108,o4109,o411,o4110,o4111,o4112,o4113,o4114,o4115,o4116,o4117,o4118,o4119,o412,o4120,o4121,o4122,o4123,o4124,o4125,o4126,o4127,o4128,o4129,o413,o4130,o4131,o4132,o4133,o4134,o4135,o4136,o4137,o4138,o4139,o414,o4140,o4141}', $2 = '2026-09-09 22:00:00-07', $3 = '{"2026-09-09 22:00:00-07","2026-07-11 22:00:00-07","2025-10-09 22:00:00-07"}', $4 = '{free,beta,owner}', $5 = '2026-09-09 22:00:00-07'
	Delete on output_snapshot_history h  (cost=170.21..25416.02 rows=0 width=0) (actual time=93.036..93.039 rows=0 loops=1)
	  Buffers: shared hit=24 read=17963 written=258
	  WAL: records=19 bytes=1026
	  ->  Hash Join  (cost=170.21..25416.02 rows=5200 width=18) (actual time=47.254..93.009 rows=19 loops=1)
	        Hash Cond: (p.owner_id = u.id)
	        Join Filter: (h.captured_at < COALESCE(('{"2026-09-09 22:00:00-07","2026-07-11 22:00:00-07","2025-10-09 22:00:00-07"}'::timestamp with time zone[])[array_position('{free,beta,owner}'::text[], u.tier)], '2026-09-09 22:00:00-07'::timestamp with time zone))
	        Rows Removed by Join Filter: 14700
	        Buffers: shared hit=5 read=17963 written=258
	        ->  Hash Join  (cost=111.70..25316.52 rows=15599 width=36) (actual time=0.703..89.749 rows=14719 loops=1)
	              Hash Cond: (h.pipeline_id = p.id)
	              Buffers: shared hit=5 read=17942 written=258
	              ->  Index Scan using idx_output_snapshot_history_captured_at on output_snapshot_history h  (cost=1.68..25165.49 rows=15604 width=19) (actual time=0.090..86.989 rows=14719 loops=1)
	                    Index Cond: (captured_at < '2026-09-09 22:00:00-07'::timestamp with time zone)
	                    Filter: (output_id = ANY ('{o3693,o3694,o3695,o3696,o3697,o3698,o3699,o37,o370,o3700,o3701,o3702,o3703,o3704,o3705,o3706,o3707,o3708,o3709,o371,o3710,o3711,o3712,o3713,o3714,o3715,o3716,o3717,o3718,o3719,o372,o3720,o3721,o3722,o3723,o3724,o3725,o3726,o3727,o3728,o3729,o373,o3730,o3731,o3732,o3733,o3734,o3735,o3736,o3737,o3738,o3739,o374,o3740,o3741,o3742,o3743,o3744,o3745,o3746,o3747,o3748,o3749,o375,o3750,o3751,o3752,o3753,o3754,o3755,o3756,o3757,o3758,o3759,o376,o3760,o3761,o3762,o3763,o3764,o3765,o3766,o3767,o3768,o3769,o377,o3770,o3771,o3772,o3773,o3774,o3775,o3776,o3777,o3778,o3779,o378,o3780,o3781,o3782,o3783,o3784,o3785,o3786,o3787,o3788,o3789,o379,o3790,o3791,o3792,o3793,o3794,o3795,o3796,o3797,o3798,o3799,o38,o380,o3800,o3801,o3802,o3803,o3804,o3805,o3806,o3807,o3808,o3809,o381,o3810,o3811,o3812,o3813,o3814,o3815,o3816,o3817,o3818,o3819,o382,o3820,o3821,o3822,o3823,o3824,o3825,o3826,o3827,o3828,o3829,o383,o3830,o3831,o3832,o3833,o3834,o3835,o3836,o3837,o3838,o3839,o384,o3840,o3841,o3842,o3843,o3844,o3845,o3846,o3847,o3848,o3849,o385,o3850,o3851,o3852,o3853,o3854,o3855,o3856,o3857,o3858,o3859,o386,o3860,o3861,o3862,o3863,o3864,o3865,o3866,o3867,o3868,o3869,o387,o3870,o3871,o3872,o3873,o3874,o3875,o3876,o3877,o3878,o3879,o388,o3880,o3881,o3882,o3883,o3884,o3885,o3886,o3887,o3888,o3889,o389,o3890,o3891,o3892,o3893,o3894,o3895,o3896,o3897,o3898,o3899,o39,o390,o3900,o3901,o3902,o3903,o3904,o3905,o3906,o3907,o3908,o3909,o391,o3910,o3911,o3912,o3913,o3914,o3915,o3916,o3917,o3918,o3919,o392,o3920,o3921,o3922,o3923,o3924,o3925,o3926,o3927,o3928,o3929,o393,o3930,o3931,o3932,o3933,o3934,o3935,o3936,o3937,o3938,o3939,o394,o3940,o3941,o3942,o3943,o3944,o3945,o3946,o3947,o3948,o3949,o395,o3950,o3951,o3952,o3953,o3954,o3955,o3956,o3957,o3958,o3959,o396,o3960,o3961,o3962,o3963,o3964,o3965,o3966,o3967,o3968,o3969,o397,o3970,o3971,o3972,o3973,o3974,o3975,o3976,o3977,o3978,o3979,o398,o3980,o3981,o3982,o3983,o3984,o3985,o3986,o3987,o3988,o3989,o399,o3990,o3991,o3992,o3993,o3994,o3995,o3996,o3997,o3998,o3999,o4,o40,o400,o4000,o4001,o4002,o4003,o4004,o4005,o4006,o4007,o4008,o4009,o401,o4010,o4011,o4012,o4013,o4014,o4015,o4016,o4017,o4018,o4019,o402,o4020,o4021,o4022,o4023,o4024,o4025,o4026,o4027,o4028,o4029,o403,o4030,o4031,o4032,o4033,o4034,o4035,o4036,o4037,o4038,o4039,o404,o4040,o4041,o4042,o4043,o4044,o4045,o4046,o4047,o4048,o4049,o405,o4050,o4051,o4052,o4053,o4054,o4055,o4056,o4057,o4058,o4059,o406,o4060,o4061,o4062,o4063,o4064,o4065,o4066,o4067,o4068,o4069,o407,o4070,o4071,o4072,o4073,o4074,o4075,o4076,o4077,o4078,o4079,o408,o4080,o4081,o4082,o4083,o4084,o4085,o4086,o4087,o4088,o4089,o409,o4090,o4091,o4092,o4093,o4094,o4095,o4096,o4097,o4098,o4099,o41,o410,o4100,o4101,o4102,o4103,o4104,o4105,o4106,o4107,o4108,o4109,o411,o4110,o4111,o4112,o4113,o4114,o4115,o4116,o4117,o4118,o4119,o412,o4120,o4121,o4122,o4123,o4124,o4125,o4126,o4127,o4128,o4129,o413,o4130,o4131,o4132,o4133,o4134,o4135,o4136,o4137,o4138,o4139,o414,o4140,o4141}'::text[]))
	                    Rows Removed by Filter: 301929
	                    Buffers: shared hit=5 read=17907 written=258
	              ->  Hash  (cost=68.34..68.34 rows=3334 width=27) (actual time=0.596..0.596 rows=3334 loops=1)
	                    Buckets: 4096  Batches: 1  Memory Usage: 227kB
	                    Buffers: shared read=35
	                    ->  Seq Scan on pipelines p  (cost=0.00..68.34 rows=3334 width=27) (actual time=0.005..0.295 rows=3334 loops=1)
	                          Buffers: shared read=35
	        ->  Hash  (cost=37.67..37.67 rows=1667 width=27) (actual time=0.319..0.319 rows=1667 loops=1)
	              Buckets: 2048  Batches: 1  Memory Usage: 113kB
	              Buffers: shared read=21
	              ->  Seq Scan on users u  (cost=0.00..37.67 rows=1667 width=27) (actual time=0.006..0.164 rows=1667 loops=1)
	                    Buffers: shared read=21
2026-10-10 05:26:57.817 UTC [30746] hel1435-S2-desktop-R250000-b6-explain-r2 LOG:  duration: 1054.564 ms  plan:
	Query Text: DELETE FROM output_snapshot_history WHERE output_id = ANY($1) AND id IN (
	             SELECT id FROM (
	               SELECT id, age_class, bucket,
	                      row_number() OVER w AS recency,
	                      lag(age_class) OVER w AS prev_class,
	                      lag(bucket) OVER w AS prev_bucket
	               FROM (
	                 SELECT id, output_id, captured_at,
	                        CASE WHEN extract(epoch FROM ($2::timestamptz - captured_at)) < $3 THEN 0
	                             WHEN extract(epoch FROM ($4::timestamptz - captured_at)) < $5 THEN 1
	                             ELSE 2 END AS age_class,
	                        floor(extract(epoch FROM captured_at) /
	                          CASE WHEN extract(epoch FROM ($6::timestamptz - captured_at)) < $7 THEN $8
	                               WHEN extract(epoch FROM ($9::timestamptz - captured_at)) < $10 THEN $11
	                               ELSE $12 END) AS bucket
	                 FROM output_snapshot_history
	                 WHERE output_id = ANY($13)
	               ) classed
	               WINDOW w AS (PARTITION BY output_id ORDER BY captured_at DESC, id DESC)
	             ) ranked
	             WHERE recency > $14 AND prev_class = age_class AND prev_bucket = bucket)
	Query Parameters: $1 = '{o3693,o3694,o3695,o3696,o3697,o3698,o3699,o37,o370,o3700,o3701,o3702,o3703,o3704,o3705,o3706,o3707,o3708,o3709,o371,o3710,o3711,o3712,o3713,o3714,o3715,o3716,o3717,o3718,o3719,o372,o3720,o3721,o3722,o3723,o3724,o3725,o3726,o3727,o3728,o3729,o373,o3730,o3731,o3732,o3733,o3734,o3735,o3736,o3737,o3738,o3739,o374,o3740,o3741,o3742,o3743,o3744,o3745,o3746,o3747,o3748,o3749,o375,o3750,o3751,o3752,o3753,o3754,o3755,o3756,o3757,o3758,o3759,o376,o3760,o3761,o3762,o3763,o3764,o3765,o3766,o3767,o3768,o3769,o377,o3770,o3771,o3772,o3773,o3774,o3775,o3776,o3777,o3778,o3779,o378,o3780,o3781,o3782,o3783,o3784,o3785,o3786,o3787,o3788,o3789,o379,o3790,o3791,o3792,o3793,o3794,o3795,o3796,o3797,o3798,o3799,o38,o380,o3800,o3801,o3802,o3803,o3804,o3805,o3806,o3807,o3808,o3809,o381,o3810,o3811,o3812,o3813,o3814,o3815,o3816,o3817,o3818,o3819,o382,o3820,o3821,o3822,o3823,o3824,o3825,o3826,o3827,o3828,o3829,o383,o3830,o3831,o3832,o3833,o3834,o3835,o3836,o3837,o3838,o3839,o384,o3840,o3841,o3842,o3843,o3844,o3845,o3846,o3847,o3848,o3849,o385,o3850,o3851,o3852,o3853,o3854,o3855,o3856,o3857,o3858,o3859,o386,o3860,o3861,o3862,o3863,o3864,o3865,o3866,o3867,o3868,o3869,o387,o3870,o3871,o3872,o3873,o3874,o3875,o3876,o3877,o3878,o3879,o388,o3880,o3881,o3882,o3883,o3884,o3885,o3886,o3887,o3888,o3889,o389,o3890,o3891,o3892,o3893,o3894,o3895,o3896,o3897,o3898,o3899,o39,o390,o3900,o3901,o3902,o3903,o3904,o3905,o3906,o3907,o3908,o3909,o391,o3910,o3911,o3912,o3913,o3914,o3915,o3916,o3917,o3918,o3919,o392,o3920,o3921,o3922,o3923,o3924,o3925,o3926,o3927,o3928,o3929,o393,o3930,o3931,o3932,o3933,o3934,o3935,o3936,o3937,o3938,o3939,o394,o3940,o3941,o3942,o3943,o3944,o3945,o3946,o3947,o3948,o3949,o395,o3950,o3951,o3952,o3953,o3954,o3955,o3956,o3957,o3958,o3959,o396,o3960,o3961,o3962,o3963,o3964,o3965,o3966,o3967,o3968,o3969,o397,o3970,o3971,o3972,o3973,o3974,o3975,o3976,o3977,o3978,o3979,o398,o3980,o3981,o3982,o3983,o3984,o3985,o3986,o3987,o3988,o3989,o399,o3990,o3991,o3992,o3993,o3994,o3995,o3996,o3997,o3998,o3999,o4,o40,o400,o4000,o4001,o4002,o4003,o4004,o4005,o4006,o4007,o4008,o4009,o401,o4010,o4011,o4012,o4013,o4014,o4015,o4016,o4017,o4018,o4019,o402,o4020,o4021,o4022,o4023,o4024,o4025,o4026,o4027,o4028,o4029,o403,o4030,o4031,o4032,o4033,o4034,o4035,o4036,o4037,o4038,o4039,o404,o4040,o4041,o4042,o4043,o4044,o4045,o4046,o4047,o4048,o4049,o405,o4050,o4051,o4052,o4053,o4054,o4055,o4056,o4057,o4058,o4059,o406,o4060,o4061,o4062,o4063,o4064,o4065,o4066,o4067,o4068,o4069,o407,o4070,o4071,o4072,o4073,o4074,o4075,o4076,o4077,o4078,o4079,o408,o4080,o4081,o4082,o4083,o4084,o4085,o4086,o4087,o4088,o4089,o409,o4090,o4091,o4092,o4093,o4094,o4095,o4096,o4097,o4098,o4099,o41,o410,o4100,o4101,o4102,o4103,o4104,o4105,o4106,o4107,o4108,o4109,o411,o4110,o4111,o4112,o4113,o4114,o4115,o4116,o4117,o4118,o4119,o412,o4120,o4121,o4122,o4123,o4124,o4125,o4126,o4127,o4128,o4129,o413,o4130,o4131,o4132,o4133,o4134,o4135,o4136,o4137,o4138,o4139,o414,o4140,o4141}', $2 = '2026-10-09 22:00:00-07', $3 = '86400', $4 = '2026-10-09 22:00:00-07', $5 = '604800', $6 = '2026-10-09 22:00:00-07', $7 = '86400', $8 = '300', $9 = '2026-10-09 22:00:00-07', $10 = '604800', $11 = '3600', $12 = '86400', $13 = '{o3693,o3694,o3695,o3696,o3697,o3698,o3699,o37,o370,o3700,o3701,o3702,o3703,o3704,o3705,o3706,o3707,o3708,o3709,o371,o3710,o3711,o3712,o3713,o3714,o3715,o3716,o3717,o3718,o3719,o372,o3720,o3721,o3722,o3723,o3724,o3725,o3726,o3727,o3728,o3729,o373,o3730,o3731,o3732,o3733,o3734,o3735,o3736,o3737,o3738,o3739,o374,o3740,o3741,o3742,o3743,o3744,o3745,o3746,o3747,o3748,o3749,o375,o3750,o3751,o3752,o3753,o3754,o3755,o3756,o3757,o3758,o3759,o376,o3760,o3761,o3762,o3763,o3764,o3765,o3766,o3767,o3768,o3769,o377,o3770,o3771,o3772,o3773,o3774,o3775,o3776,o3777,o3778,o3779,o378,o3780,o3781,o3782,o3783,o3784,o3785,o3786,o3787,o3788,o3789,o379,o3790,o3791,o3792,o3793,o3794,o3795,o3796,o3797,o3798,o3799,o38,o380,o3800,o3801,o3802,o3803,o3804,o3805,o3806,o3807,o3808,o3809,o381,o3810,o3811,o3812,o3813,o3814,o3815,o3816,o3817,o3818,o3819,o382,o3820,o3821,o3822,o3823,o3824,o3825,o3826,o3827,o3828,o3829,o383,o3830,o3831,o3832,o3833,o3834,o3835,o3836,o3837,o3838,o3839,o384,o3840,o3841,o3842,o3843,o3844,o3845,o3846,o3847,o3848,o3849,o385,o3850,o3851,o3852,o3853,o3854,o3855,o3856,o3857,o3858,o3859,o386,o3860,o3861,o3862,o3863,o3864,o3865,o3866,o3867,o3868,o3869,o387,o3870,o3871,o3872,o3873,o3874,o3875,o3876,o3877,o3878,o3879,o388,o3880,o3881,o3882,o3883,o3884,o3885,o3886,o3887,o3888,o3889,o389,o3890,o3891,o3892,o3893,o3894,o3895,o3896,o3897,o3898,o3899,o39,o390,o3900,o3901,o3902,o3903,o3904,o3905,o3906,o3907,o3908,o3909,o391,o3910,o3911,o3912,o3913,o3914,o3915,o3916,o3917,o3918,o3919,o392,o3920,o3921,o3922,o3923,o3924,o3925,o3926,o3927,o3928,o3929,o393,o3930,o3931,o3932,o3933,o3934,o3935,o3936,o3937,o3938,o3939,o394,o3940,o3941,o3942,o3943,o3944,o3945,o3946,o3947,o3948,o3949,o395,o3950,o3951,o3952,o3953,o3954,o3955,o3956,o3957,o3958,o3959,o396,o3960,o3961,o3962,o3963,o3964,o3965,o3966,o3967,o3968,o3969,o397,o3970,o3971,o3972,o3973,o3974,o3975,o3976,o3977,o3978,o3979,o398,o3980,o3981,o3982,o3983,o3984,o3985,o3986,o3987,o3988,o3989,o399,o3990,o3991,o3992,o3993,o3994,o3995,o3996,o3997,o3998,o3999,o4,o40,o400,o4000,o4001,o4002,o4003,o4004,o4005,o4006,o4007,o4008,o4009,o401,o4010,o4011,o4012,o4013,o4014,o4015,o4016,o4017,o4018,o4019,o402,o4020,o4021,o4022,o4023,o4024,o4025,o4026,o4027,o4028,o4029,o403,o4030,o4031,o4032,o4033,o4034,o4035,o4036,o4037,o4038,o4039,o404,o4040,o4041,o4042,o4043,o4044,o4045,o4046,o4047,o4048,o4049,o405,o4050,o4051,o4052,o4053,o4054,o4055,o4056,o4057,o4058,o4059,o406,o4060,o4061,o4062,o4063,o4064,o4065,o4066,o4067,o4068,o4069,o407,o4070,o4071,o4072,o4073,o4074,o4075,o4076,o4077,o4078,o4079,o408,o4080,o4081,o4082,o4083,o4084,o4085,o4086,o4087,o4088,o4089,o409,o4090,o4091,o4092,o4093,o4094,o4095,o4096,o4097,o4098,o4099,o41,o410,o4100,o4101,o4102,o4103,o4104,o4105,o4106,o4107,o4108,o4109,o411,o4110,o4111,o4112,o4113,o4114,o4115,o4116,o4117,o4118,o4119,o412,o4120,o4121,o4122,o4123,o4124,o4125,o4126,o4127,o4128,o4129,o413,o4130,o4131,o4132,o4133,o4134,o4135,o4136,o4137,o4138,o4139,o414,o4140,o4141}', $14 = '102'
	Delete on output_snapshot_history  (cost=411964.05..411981.78 rows=0 width=0) (actual time=1054.560..1054.563 rows=0 loops=1)
	  Buffers: shared hit=38554 read=268563 dirtied=6, temp read=1214 written=1218
	  WAL: records=6000 bytes=324000
	  ->  Nested Loop  (cost=411964.05..411981.78 rows=1 width=46) (actual time=1030.755..1052.843 rows=6000 loops=1)
	        Buffers: shared hit=32554 read=268563, temp read=1214 written=1218
	        ->  Unique  (cost=411962.36..411962.37 rows=2 width=56) (actual time=1030.674..1032.210 rows=6000 loops=1)
	              Buffers: shared hit=13793 read=263324, temp read=1214 written=1218
	              ->  Sort  (cost=411962.36..411962.37 rows=2 width=56) (actual time=1030.673..1031.486 rows=6000 loops=1)
	                    Sort Key: ranked.id
	                    Sort Method: quicksort  Memory: 849kB
	                    Buffers: shared hit=13793 read=263324, temp read=1214 written=1218
	                    ->  Subquery Scan on ranked  (cost=380515.48..411962.35 rows=2 width=56) (actual time=761.384..1029.348 rows=6000 loops=1)
	                          Filter: ((ranked.recency > 102) AND (ranked.prev_class = ranked.age_class) AND (ranked.prev_bucket = ranked.bucket))
	                          Rows Removed by Filter: 242200
	                          Buffers: shared hit=13790 read=263324, temp read=1214 written=1218
	                          ->  WindowAgg  (cost=380515.48..407559.79 rows=251575 width=109) (actual time=761.101..1017.525 rows=248200 loops=1)
	                                Buffers: shared hit=13790 read=263324, temp read=1214 written=1218
	                                ->  Sort  (cost=380515.48..381144.42 rows=251575 width=29) (actual time=761.023..781.386 rows=248200 loops=1)
	                                      Sort Key: output_snapshot_history_1.output_id, output_snapshot_history_1.captured_at DESC, output_snapshot_history_1.id DESC
	                                      Sort Method: external merge  Disk: 9712kB
	                                      Buffers: shared hit=13790 read=263324, temp read=1214 written=1218
	                                      ->  Seq Scan on output_snapshot_history output_snapshot_history_1  (cost=1.25..351928.41 rows=251575 width=29) (actual time=8.513..603.651 rows=248200 loops=1)
	                                            Filter: (output_id = ANY ('{o3693,o3694,o3695,o3696,o3697,o3698,o3699,o37,o370,o3700,o3701,o3702,o3703,o3704,o3705,o3706,o3707,o3708,o3709,o371,o3710,o3711,o3712,o3713,o3714,o3715,o3716,o3717,o3718,o3719,o372,o3720,o3721,o3722,o3723,o3724,o3725,o3726,o3727,o3728,o3729,o373,o3730,o3731,o3732,o3733,o3734,o3735,o3736,o3737,o3738,o3739,o374,o3740,o3741,o3742,o3743,o3744,o3745,o3746,o3747,o3748,o3749,o375,o3750,o3751,o3752,o3753,o3754,o3755,o3756,o3757,o3758,o3759,o376,o3760,o3761,o3762,o3763,o3764,o3765,o3766,o3767,o3768,o3769,o377,o3770,o3771,o3772,o3773,o3774,o3775,o3776,o3777,o3778,o3779,o378,o3780,o3781,o3782,o3783,o3784,o3785,o3786,o3787,o3788,o3789,o379,o3790,o3791,o3792,o3793,o3794,o3795,o3796,o3797,o3798,o3799,o38,o380,o3800,o3801,o3802,o3803,o3804,o3805,o3806,o3807,o3808,o3809,o381,o3810,o3811,o3812,o3813,o3814,o3815,o3816,o3817,o3818,o3819,o382,o3820,o3821,o3822,o3823,o3824,o3825,o3826,o3827,o3828,o3829,o383,o3830,o3831,o3832,o3833,o3834,o3835,o3836,o3837,o3838,o3839,o384,o3840,o3841,o3842,o3843,o3844,o3845,o3846,o3847,o3848,o3849,o385,o3850,o3851,o3852,o3853,o3854,o3855,o3856,o3857,o3858,o3859,o386,o3860,o3861,o3862,o3863,o3864,o3865,o3866,o3867,o3868,o3869,o387,o3870,o3871,o3872,o3873,o3874,o3875,o3876,o3877,o3878,o3879,o388,o3880,o3881,o3882,o3883,o3884,o3885,o3886,o3887,o3888,o3889,o389,o3890,o3891,o3892,o3893,o3894,o3895,o3896,o3897,o3898,o3899,o39,o390,o3900,o3901,o3902,o3903,o3904,o3905,o3906,o3907,o3908,o3909,o391,o3910,o3911,o3912,o3913,o3914,o3915,o3916,o3917,o3918,o3919,o392,o3920,o3921,o3922,o3923,o3924,o3925,o3926,o3927,o3928,o3929,o393,o3930,o3931,o3932,o3933,o3934,o3935,o3936,o3937,o3938,o3939,o394,o3940,o3941,o3942,o3943,o3944,o3945,o3946,o3947,o3948,o3949,o395,o3950,o3951,o3952,o3953,o3954,o3955,o3956,o3957,o3958,o3959,o396,o3960,o3961,o3962,o3963,o3964,o3965,o3966,o3967,o3968,o3969,o397,o3970,o3971,o3972,o3973,o3974,o3975,o3976,o3977,o3978,o3979,o398,o3980,o3981,o3982,o3983,o3984,o3985,o3986,o3987,o3988,o3989,o399,o3990,o3991,o3992,o3993,o3994,o3995,o3996,o3997,o3998,o3999,o4,o40,o400,o4000,o4001,o4002,o4003,o4004,o4005,o4006,o4007,o4008,o4009,o401,o4010,o4011,o4012,o4013,o4014,o4015,o4016,o4017,o4018,o4019,o402,o4020,o4021,o4022,o4023,o4024,o4025,o4026,o4027,o4028,o4029,o403,o4030,o4031,o4032,o4033,o4034,o4035,o4036,o4037,o4038,o4039,o404,o4040,o4041,o4042,o4043,o4044,o4045,o4046,o4047,o4048,o4049,o405,o4050,o4051,o4052,o4053,o4054,o4055,o4056,o4057,o4058,o4059,o406,o4060,o4061,o4062,o4063,o4064,o4065,o4066,o4067,o4068,o4069,o407,o4070,o4071,o4072,o4073,o4074,o4075,o4076,o4077,o4078,o4079,o408,o4080,o4081,o4082,o4083,o4084,o4085,o4086,o4087,o4088,o4089,o409,o4090,o4091,o4092,o4093,o4094,o4095,o4096,o4097,o4098,o4099,o41,o410,o4100,o4101,o4102,o4103,o4104,o4105,o4106,o4107,o4108,o4109,o411,o4110,o4111,o4112,o4113,o4114,o4115,o4116,o4117,o4118,o4119,o412,o4120,o4121,o4122,o4123,o4124,o4125,o4126,o4127,o4128,o4129,o413,o4130,o4131,o4132,o4133,o4134,o4135,o4136,o4137,o4138,o4139,o414,o4140,o4141}'::text[]))
	                                            Rows Removed by Filter: 4738429
	                                            Buffers: shared hit=13784 read=263324
	        ->  Index Scan using output_snapshot_history_pkey on output_snapshot_history  (cost=1.68..9.71 rows=1 width=22) (actual time=0.003..0.003 rows=1 loops=6000)
	              Index Cond: (id = ranked.id)
	              Filter: (output_id = ANY ('{o3693,o3694,o3695,o3696,o3697,o3698,o3699,o37,o370,o3700,o3701,o3702,o3703,o3704,o3705,o3706,o3707,o3708,o3709,o371,o3710,o3711,o3712,o3713,o3714,o3715,o3716,o3717,o3718,o3719,o372,o3720,o3721,o3722,o3723,o3724,o3725,o3726,o3727,o3728,o3729,o373,o3730,o3731,o3732,o3733,o3734,o3735,o3736,o3737,o3738,o3739,o374,o3740,o3741,o3742,o3743,o3744,o3745,o3746,o3747,o3748,o3749,o375,o3750,o3751,o3752,o3753,o3754,o3755,o3756,o3757,o3758,o3759,o376,o3760,o3761,o3762,o3763,o3764,o3765,o3766,o3767,o3768,o3769,o377,o3770,o3771,o3772,o3773,o3774,o3775,o3776,o3777,o3778,o3779,o378,o3780,o3781,o3782,o3783,o3784,o3785,o3786,o3787,o3788,o3789,o379,o3790,o3791,o3792,o3793,o3794,o3795,o3796,o3797,o3798,o3799,o38,o380,o3800,o3801,o3802,o3803,o3804,o3805,o3806,o3807,o3808,o3809,o381,o3810,o3811,o3812,o3813,o3814,o3815,o3816,o3817,o3818,o3819,o382,o3820,o3821,o3822,o3823,o3824,o3825,o3826,o3827,o3828,o3829,o383,o3830,o3831,o3832,o3833,o3834,o3835,o3836,o3837,o3838,o3839,o384,o3840,o3841,o3842,o3843,o3844,o3845,o3846,o3847,o3848,o3849,o385,o3850,o3851,o3852,o3853,o3854,o3855,o3856,o3857,o3858,o3859,o386,o3860,o3861,o3862,o3863,o3864,o3865,o3866,o3867,o3868,o3869,o387,o3870,o3871,o3872,o3873,o3874,o3875,o3876,o3877,o3878,o3879,o388,o3880,o3881,o3882,o3883,o3884,o3885,o3886,o3887,o3888,o3889,o389,o3890,o3891,o3892,o3893,o3894,o3895,o3896,o3897,o3898,o3899,o39,o390,o3900,o3901,o3902,o3903,o3904,o3905,o3906,o3907,o3908,o3909,o391,o3910,o3911,o3912,o3913,o3914,o3915,o3916,o3917,o3918,o3919,o392,o3920,o3921,o3922,o3923,o3924,o3925,o3926,o3927,o3928,o3929,o393,o3930,o3931,o3932,o3933,o3934,o3935,o3936,o3937,o3938,o3939,o394,o3940,o3941,o3942,o3943,o3944,o3945,o3946,o3947,o3948,o3949,o395,o3950,o3951,o3952,o3953,o3954,o3955,o3956,o3957,o3958,o3959,o396,o3960,o3961,o3962,o3963,o3964,o3965,o3966,o3967,o3968,o3969,o397,o3970,o3971,o3972,o3973,o3974,o3975,o3976,o3977,o3978,o3979,o398,o3980,o3981,o3982,o3983,o3984,o3985,o3986,o3987,o3988,o3989,o399,o3990,o3991,o3992,o3993,o3994,o3995,o3996,o3997,o3998,o3999,o4,o40,o400,o4000,o4001,o4002,o4003,o4004,o4005,o4006,o4007,o4008,o4009,o401,o4010,o4011,o4012,o4013,o4014,o4015,o4016,o4017,o4018,o4019,o402,o4020,o4021,o4022,o4023,o4024,o4025,o4026,o4027,o4028,o4029,o403,o4030,o4031,o4032,o4033,o4034,o4035,o4036,o4037,o4038,o4039,o404,o4040,o4041,o4042,o4043,o4044,o4045,o4046,o4047,o4048,o4049,o405,o4050,o4051,o4052,o4053,o4054,o4055,o4056,o4057,o4058,o4059,o406,o4060,o4061,o4062,o4063,o4064,o4065,o4066,o4067,o4068,o4069,o407,o4070,o4071,o4072,o4073,o4074,o4075,o4076,o4077,o4078,o4079,o408,o4080,o4081,o4082,o4083,o4084,o4085,o4086,o4087,o4088,o4089,o409,o4090,o4091,o4092,o4093,o4094,o4095,o4096,o4097,o4098,o4099,o41,o410,o4100,o4101,o4102,o4103,o4104,o4105,o4106,o4107,o4108,o4109,o411,o4110,o4111,o4112,o4113,o4114,o4115,o4116,o4117,o4118,o4119,o412,o4120,o4121,o4122,o4123,o4124,o4125,o4126,o4127,o4128,o4129,o413,o4130,o4131,o4132,o4133,o4134,o4135,o4136,o4137,o4138,o4139,o414,o4140,o4141}'::text[]))
	              Buffers: shared hit=18761 read=5239
	JIT:
	  Functions: 24
	  Options: Inlining false, Optimization false, Expressions true, Deforming true
	  Timing: Generation 0.948 ms, Inlining 0.000 ms, Optimization 0.524 ms, Emission 7.956 ms, Total 9.429 ms
2026-10-10 05:26:57.822 UTC [30746] hel1435-S2-desktop-R250000-b6-explain-r2 LOG:  temporary file: path "base/pgsql_tmp/pgsql_tmp30746.0", size 9945088
2026-10-10 05:26:57.822 UTC [30746] hel1435-S2-desktop-R250000-b6-explain-r2 STATEMENT:  DELETE FROM output_snapshot_history WHERE output_id = ANY($1) AND id IN (
	             SELECT id FROM (
	               SELECT id, age_class, bucket,
	                      row_number() OVER w AS recency,
	                      lag(age_class) OVER w AS prev_class,
	                      lag(bucket) OVER w AS prev_bucket
	               FROM (
	                 SELECT id, output_id, captured_at,
	                        CASE WHEN extract(epoch FROM ($2::timestamptz - captured_at)) < $3 THEN 0
	                             WHEN extract(epoch FROM ($4::timestamptz - captured_at)) < $5 THEN 1
	                             ELSE 2 END AS age_class,
	                        floor(extract(epoch FROM captured_at) /
	                          CASE WHEN extract(epoch FROM ($6::timestamptz - captured_at)) < $7 THEN $8
	                               WHEN extract(epoch FROM ($9::timestamptz - captured_at)) < $10 THEN $11
	                               ELSE $12 END) AS bucket
	                 FROM output_snapshot_history
	                 WHERE output_id = ANY($13)
	               ) classed
	               WINDOW w AS (PARTITION BY output_id ORDER BY captured_at DESC, id DESC)
	             ) ranked
	             WHERE recency > $14 AND prev_class = age_class AND prev_bucket = bucket)
2026-10-10 05:26:58.046 UTC [30748] hel1435-S2-desktop-R250000-b6-explain-r3 LOG:  duration: 88.319 ms  plan:
	Query Text: DELETE FROM output_snapshot_history h
	             USING pipelines p, users u
	             WHERE h.output_id = ANY($1) AND h.captured_at < $2
	               AND h.pipeline_id = p.id AND p.owner_id = u.id
	               AND h.captured_at < COALESCE(($3::timestamptz[])[array_position($4::text[], u.tier)], $5)
	Query Parameters: $1 = '{o3693,o3694,o3695,o3696,o3697,o3698,o3699,o37,o370,o3700,o3701,o3702,o3703,o3704,o3705,o3706,o3707,o3708,o3709,o371,o3710,o3711,o3712,o3713,o3714,o3715,o3716,o3717,o3718,o3719,o372,o3720,o3721,o3722,o3723,o3724,o3725,o3726,o3727,o3728,o3729,o373,o3730,o3731,o3732,o3733,o3734,o3735,o3736,o3737,o3738,o3739,o374,o3740,o3741,o3742,o3743,o3744,o3745,o3746,o3747,o3748,o3749,o375,o3750,o3751,o3752,o3753,o3754,o3755,o3756,o3757,o3758,o3759,o376,o3760,o3761,o3762,o3763,o3764,o3765,o3766,o3767,o3768,o3769,o377,o3770,o3771,o3772,o3773,o3774,o3775,o3776,o3777,o3778,o3779,o378,o3780,o3781,o3782,o3783,o3784,o3785,o3786,o3787,o3788,o3789,o379,o3790,o3791,o3792,o3793,o3794,o3795,o3796,o3797,o3798,o3799,o38,o380,o3800,o3801,o3802,o3803,o3804,o3805,o3806,o3807,o3808,o3809,o381,o3810,o3811,o3812,o3813,o3814,o3815,o3816,o3817,o3818,o3819,o382,o3820,o3821,o3822,o3823,o3824,o3825,o3826,o3827,o3828,o3829,o383,o3830,o3831,o3832,o3833,o3834,o3835,o3836,o3837,o3838,o3839,o384,o3840,o3841,o3842,o3843,o3844,o3845,o3846,o3847,o3848,o3849,o385,o3850,o3851,o3852,o3853,o3854,o3855,o3856,o3857,o3858,o3859,o386,o3860,o3861,o3862,o3863,o3864,o3865,o3866,o3867,o3868,o3869,o387,o3870,o3871,o3872,o3873,o3874,o3875,o3876,o3877,o3878,o3879,o388,o3880,o3881,o3882,o3883,o3884,o3885,o3886,o3887,o3888,o3889,o389,o3890,o3891,o3892,o3893,o3894,o3895,o3896,o3897,o3898,o3899,o39,o390,o3900,o3901,o3902,o3903,o3904,o3905,o3906,o3907,o3908,o3909,o391,o3910,o3911,o3912,o3913,o3914,o3915,o3916,o3917,o3918,o3919,o392,o3920,o3921,o3922,o3923,o3924,o3925,o3926,o3927,o3928,o3929,o393,o3930,o3931,o3932,o3933,o3934,o3935,o3936,o3937,o3938,o3939,o394,o3940,o3941,o3942,o3943,o3944,o3945,o3946,o3947,o3948,o3949,o395,o3950,o3951,o3952,o3953,o3954,o3955,o3956,o3957,o3958,o3959,o396,o3960,o3961,o3962,o3963,o3964,o3965,o3966,o3967,o3968,o3969,o397,o3970,o3971,o3972,o3973,o3974,o3975,o3976,o3977,o3978,o3979,o398,o3980,o3981,o3982,o3983,o3984,o3985,o3986,o3987,o3988,o3989,o399,o3990,o3991,o3992,o3993,o3994,o3995,o3996,o3997,o3998,o3999,o4,o40,o400,o4000,o4001,o4002,o4003,o4004,o4005,o4006,o4007,o4008,o4009,o401,o4010,o4011,o4012,o4013,o4014,o4015,o4016,o4017,o4018,o4019,o402,o4020,o4021,o4022,o4023,o4024,o4025,o4026,o4027,o4028,o4029,o403,o4030,o4031,o4032,o4033,o4034,o4035,o4036,o4037,o4038,o4039,o404,o4040,o4041,o4042,o4043,o4044,o4045,o4046,o4047,o4048,o4049,o405,o4050,o4051,o4052,o4053,o4054,o4055,o4056,o4057,o4058,o4059,o406,o4060,o4061,o4062,o4063,o4064,o4065,o4066,o4067,o4068,o4069,o407,o4070,o4071,o4072,o4073,o4074,o4075,o4076,o4077,o4078,o4079,o408,o4080,o4081,o4082,o4083,o4084,o4085,o4086,o4087,o4088,o4089,o409,o4090,o4091,o4092,o4093,o4094,o4095,o4096,o4097,o4098,o4099,o41,o410,o4100,o4101,o4102,o4103,o4104,o4105,o4106,o4107,o4108,o4109,o411,o4110,o4111,o4112,o4113,o4114,o4115,o4116,o4117,o4118,o4119,o412,o4120,o4121,o4122,o4123,o4124,o4125,o4126,o4127,o4128,o4129,o413,o4130,o4131,o4132,o4133,o4134,o4135,o4136,o4137,o4138,o4139,o414,o4140,o4141}', $2 = '2026-09-09 22:00:00-07', $3 = '{"2026-09-09 22:00:00-07","2026-07-11 22:00:00-07","2025-10-09 22:00:00-07"}', $4 = '{free,beta,owner}', $5 = '2026-09-09 22:00:00-07'
	Delete on output_snapshot_history h  (cost=170.21..25416.02 rows=0 width=0) (actual time=88.316..88.318 rows=0 loops=1)
	  Buffers: shared hit=23 read=17964
	  WAL: records=19 bytes=1026
	  ->  Hash Join  (cost=170.21..25416.02 rows=5200 width=18) (actual time=36.718..88.291 rows=19 loops=1)
	        Hash Cond: (p.owner_id = u.id)
	        Join Filter: (h.captured_at < COALESCE(('{"2026-09-09 22:00:00-07","2026-07-11 22:00:00-07","2025-10-09 22:00:00-07"}'::timestamp with time zone[])[array_position('{free,beta,owner}'::text[], u.tier)], '2026-09-09 22:00:00-07'::timestamp with time zone))
	        Rows Removed by Join Filter: 14700
	        Buffers: shared hit=4 read=17964
	        ->  Hash Join  (cost=111.70..25316.52 rows=15599 width=36) (actual time=0.684..85.271 rows=14719 loops=1)
	              Hash Cond: (h.pipeline_id = p.id)
	              Buffers: shared hit=4 read=17943
	              ->  Index Scan using idx_output_snapshot_history_captured_at on output_snapshot_history h  (cost=1.68..25165.49 rows=15604 width=19) (actual time=0.075..82.725 rows=14719 loops=1)
	                    Index Cond: (captured_at < '2026-09-09 22:00:00-07'::timestamp with time zone)
	                    Filter: (output_id = ANY ('{o3693,o3694,o3695,o3696,o3697,o3698,o3699,o37,o370,o3700,o3701,o3702,o3703,o3704,o3705,o3706,o3707,o3708,o3709,o371,o3710,o3711,o3712,o3713,o3714,o3715,o3716,o3717,o3718,o3719,o372,o3720,o3721,o3722,o3723,o3724,o3725,o3726,o3727,o3728,o3729,o373,o3730,o3731,o3732,o3733,o3734,o3735,o3736,o3737,o3738,o3739,o374,o3740,o3741,o3742,o3743,o3744,o3745,o3746,o3747,o3748,o3749,o375,o3750,o3751,o3752,o3753,o3754,o3755,o3756,o3757,o3758,o3759,o376,o3760,o3761,o3762,o3763,o3764,o3765,o3766,o3767,o3768,o3769,o377,o3770,o3771,o3772,o3773,o3774,o3775,o3776,o3777,o3778,o3779,o378,o3780,o3781,o3782,o3783,o3784,o3785,o3786,o3787,o3788,o3789,o379,o3790,o3791,o3792,o3793,o3794,o3795,o3796,o3797,o3798,o3799,o38,o380,o3800,o3801,o3802,o3803,o3804,o3805,o3806,o3807,o3808,o3809,o381,o3810,o3811,o3812,o3813,o3814,o3815,o3816,o3817,o3818,o3819,o382,o3820,o3821,o3822,o3823,o3824,o3825,o3826,o3827,o3828,o3829,o383,o3830,o3831,o3832,o3833,o3834,o3835,o3836,o3837,o3838,o3839,o384,o3840,o3841,o3842,o3843,o3844,o3845,o3846,o3847,o3848,o3849,o385,o3850,o3851,o3852,o3853,o3854,o3855,o3856,o3857,o3858,o3859,o386,o3860,o3861,o3862,o3863,o3864,o3865,o3866,o3867,o3868,o3869,o387,o3870,o3871,o3872,o3873,o3874,o3875,o3876,o3877,o3878,o3879,o388,o3880,o3881,o3882,o3883,o3884,o3885,o3886,o3887,o3888,o3889,o389,o3890,o3891,o3892,o3893,o3894,o3895,o3896,o3897,o3898,o3899,o39,o390,o3900,o3901,o3902,o3903,o3904,o3905,o3906,o3907,o3908,o3909,o391,o3910,o3911,o3912,o3913,o3914,o3915,o3916,o3917,o3918,o3919,o392,o3920,o3921,o3922,o3923,o3924,o3925,o3926,o3927,o3928,o3929,o393,o3930,o3931,o3932,o3933,o3934,o3935,o3936,o3937,o3938,o3939,o394,o3940,o3941,o3942,o3943,o3944,o3945,o3946,o3947,o3948,o3949,o395,o3950,o3951,o3952,o3953,o3954,o3955,o3956,o3957,o3958,o3959,o396,o3960,o3961,o3962,o3963,o3964,o3965,o3966,o3967,o3968,o3969,o397,o3970,o3971,o3972,o3973,o3974,o3975,o3976,o3977,o3978,o3979,o398,o3980,o3981,o3982,o3983,o3984,o3985,o3986,o3987,o3988,o3989,o399,o3990,o3991,o3992,o3993,o3994,o3995,o3996,o3997,o3998,o3999,o4,o40,o400,o4000,o4001,o4002,o4003,o4004,o4005,o4006,o4007,o4008,o4009,o401,o4010,o4011,o4012,o4013,o4014,o4015,o4016,o4017,o4018,o4019,o402,o4020,o4021,o4022,o4023,o4024,o4025,o4026,o4027,o4028,o4029,o403,o4030,o4031,o4032,o4033,o4034,o4035,o4036,o4037,o4038,o4039,o404,o4040,o4041,o4042,o4043,o4044,o4045,o4046,o4047,o4048,o4049,o405,o4050,o4051,o4052,o4053,o4054,o4055,o4056,o4057,o4058,o4059,o406,o4060,o4061,o4062,o4063,o4064,o4065,o4066,o4067,o4068,o4069,o407,o4070,o4071,o4072,o4073,o4074,o4075,o4076,o4077,o4078,o4079,o408,o4080,o4081,o4082,o4083,o4084,o4085,o4086,o4087,o4088,o4089,o409,o4090,o4091,o4092,o4093,o4094,o4095,o4096,o4097,o4098,o4099,o41,o410,o4100,o4101,o4102,o4103,o4104,o4105,o4106,o4107,o4108,o4109,o411,o4110,o4111,o4112,o4113,o4114,o4115,o4116,o4117,o4118,o4119,o412,o4120,o4121,o4122,o4123,o4124,o4125,o4126,o4127,o4128,o4129,o413,o4130,o4131,o4132,o4133,o4134,o4135,o4136,o4137,o4138,o4139,o414,o4140,o4141}'::text[]))
	                    Rows Removed by Filter: 301929
	                    Buffers: shared hit=4 read=17908
	              ->  Hash  (cost=68.34..68.34 rows=3334 width=27) (actual time=0.594..0.595 rows=3334 loops=1)
	                    Buckets: 4096  Batches: 1  Memory Usage: 227kB
	                    Buffers: shared read=35
	                    ->  Seq Scan on pipelines p  (cost=0.00..68.34 rows=3334 width=27) (actual time=0.005..0.291 rows=3334 loops=1)
	                          Buffers: shared read=35
	        ->  Hash  (cost=37.67..37.67 rows=1667 width=27) (actual time=0.293..0.293 rows=1667 loops=1)
	              Buckets: 2048  Batches: 1  Memory Usage: 113kB
	              Buffers: shared read=21
	              ->  Seq Scan on users u  (cost=0.00..37.67 rows=1667 width=27) (actual time=0.006..0.158 rows=1667 loops=1)
	                    Buffers: shared read=21
2026-10-10 05:26:59.222 UTC [30748] hel1435-S2-desktop-R250000-b6-explain-r3 LOG:  duration: 1160.616 ms  plan:
	Query Text: DELETE FROM output_snapshot_history WHERE output_id = ANY($1) AND id IN (
	             SELECT id FROM (
	               SELECT id, age_class, bucket,
	                      row_number() OVER w AS recency,
	                      lag(age_class) OVER w AS prev_class,
	                      lag(bucket) OVER w AS prev_bucket
	               FROM (
	                 SELECT id, output_id, captured_at,
	                        CASE WHEN extract(epoch FROM ($2::timestamptz - captured_at)) < $3 THEN 0
	                             WHEN extract(epoch FROM ($4::timestamptz - captured_at)) < $5 THEN 1
	                             ELSE 2 END AS age_class,
	                        floor(extract(epoch FROM captured_at) /
	                          CASE WHEN extract(epoch FROM ($6::timestamptz - captured_at)) < $7 THEN $8
	                               WHEN extract(epoch FROM ($9::timestamptz - captured_at)) < $10 THEN $11
	                               ELSE $12 END) AS bucket
	                 FROM output_snapshot_history
	                 WHERE output_id = ANY($13)
	               ) classed
	               WINDOW w AS (PARTITION BY output_id ORDER BY captured_at DESC, id DESC)
	             ) ranked
	             WHERE recency > $14 AND prev_class = age_class AND prev_bucket = bucket)
	Query Parameters: $1 = '{o3693,o3694,o3695,o3696,o3697,o3698,o3699,o37,o370,o3700,o3701,o3702,o3703,o3704,o3705,o3706,o3707,o3708,o3709,o371,o3710,o3711,o3712,o3713,o3714,o3715,o3716,o3717,o3718,o3719,o372,o3720,o3721,o3722,o3723,o3724,o3725,o3726,o3727,o3728,o3729,o373,o3730,o3731,o3732,o3733,o3734,o3735,o3736,o3737,o3738,o3739,o374,o3740,o3741,o3742,o3743,o3744,o3745,o3746,o3747,o3748,o3749,o375,o3750,o3751,o3752,o3753,o3754,o3755,o3756,o3757,o3758,o3759,o376,o3760,o3761,o3762,o3763,o3764,o3765,o3766,o3767,o3768,o3769,o377,o3770,o3771,o3772,o3773,o3774,o3775,o3776,o3777,o3778,o3779,o378,o3780,o3781,o3782,o3783,o3784,o3785,o3786,o3787,o3788,o3789,o379,o3790,o3791,o3792,o3793,o3794,o3795,o3796,o3797,o3798,o3799,o38,o380,o3800,o3801,o3802,o3803,o3804,o3805,o3806,o3807,o3808,o3809,o381,o3810,o3811,o3812,o3813,o3814,o3815,o3816,o3817,o3818,o3819,o382,o3820,o3821,o3822,o3823,o3824,o3825,o3826,o3827,o3828,o3829,o383,o3830,o3831,o3832,o3833,o3834,o3835,o3836,o3837,o3838,o3839,o384,o3840,o3841,o3842,o3843,o3844,o3845,o3846,o3847,o3848,o3849,o385,o3850,o3851,o3852,o3853,o3854,o3855,o3856,o3857,o3858,o3859,o386,o3860,o3861,o3862,o3863,o3864,o3865,o3866,o3867,o3868,o3869,o387,o3870,o3871,o3872,o3873,o3874,o3875,o3876,o3877,o3878,o3879,o388,o3880,o3881,o3882,o3883,o3884,o3885,o3886,o3887,o3888,o3889,o389,o3890,o3891,o3892,o3893,o3894,o3895,o3896,o3897,o3898,o3899,o39,o390,o3900,o3901,o3902,o3903,o3904,o3905,o3906,o3907,o3908,o3909,o391,o3910,o3911,o3912,o3913,o3914,o3915,o3916,o3917,o3918,o3919,o392,o3920,o3921,o3922,o3923,o3924,o3925,o3926,o3927,o3928,o3929,o393,o3930,o3931,o3932,o3933,o3934,o3935,o3936,o3937,o3938,o3939,o394,o3940,o3941,o3942,o3943,o3944,o3945,o3946,o3947,o3948,o3949,o395,o3950,o3951,o3952,o3953,o3954,o3955,o3956,o3957,o3958,o3959,o396,o3960,o3961,o3962,o3963,o3964,o3965,o3966,o3967,o3968,o3969,o397,o3970,o3971,o3972,o3973,o3974,o3975,o3976,o3977,o3978,o3979,o398,o3980,o3981,o3982,o3983,o3984,o3985,o3986,o3987,o3988,o3989,o399,o3990,o3991,o3992,o3993,o3994,o3995,o3996,o3997,o3998,o3999,o4,o40,o400,o4000,o4001,o4002,o4003,o4004,o4005,o4006,o4007,o4008,o4009,o401,o4010,o4011,o4012,o4013,o4014,o4015,o4016,o4017,o4018,o4019,o402,o4020,o4021,o4022,o4023,o4024,o4025,o4026,o4027,o4028,o4029,o403,o4030,o4031,o4032,o4033,o4034,o4035,o4036,o4037,o4038,o4039,o404,o4040,o4041,o4042,o4043,o4044,o4045,o4046,o4047,o4048,o4049,o405,o4050,o4051,o4052,o4053,o4054,o4055,o4056,o4057,o4058,o4059,o406,o4060,o4061,o4062,o4063,o4064,o4065,o4066,o4067,o4068,o4069,o407,o4070,o4071,o4072,o4073,o4074,o4075,o4076,o4077,o4078,o4079,o408,o4080,o4081,o4082,o4083,o4084,o4085,o4086,o4087,o4088,o4089,o409,o4090,o4091,o4092,o4093,o4094,o4095,o4096,o4097,o4098,o4099,o41,o410,o4100,o4101,o4102,o4103,o4104,o4105,o4106,o4107,o4108,o4109,o411,o4110,o4111,o4112,o4113,o4114,o4115,o4116,o4117,o4118,o4119,o412,o4120,o4121,o4122,o4123,o4124,o4125,o4126,o4127,o4128,o4129,o413,o4130,o4131,o4132,o4133,o4134,o4135,o4136,o4137,o4138,o4139,o414,o4140,o4141}', $2 = '2026-10-09 22:00:00-07', $3 = '86400', $4 = '2026-10-09 22:00:00-07', $5 = '604800', $6 = '2026-10-09 22:00:00-07', $7 = '86400', $8 = '300', $9 = '2026-10-09 22:00:00-07', $10 = '604800', $11 = '3600', $12 = '86400', $13 = '{o3693,o3694,o3695,o3696,o3697,o3698,o3699,o37,o370,o3700,o3701,o3702,o3703,o3704,o3705,o3706,o3707,o3708,o3709,o371,o3710,o3711,o3712,o3713,o3714,o3715,o3716,o3717,o3718,o3719,o372,o3720,o3721,o3722,o3723,o3724,o3725,o3726,o3727,o3728,o3729,o373,o3730,o3731,o3732,o3733,o3734,o3735,o3736,o3737,o3738,o3739,o374,o3740,o3741,o3742,o3743,o3744,o3745,o3746,o3747,o3748,o3749,o375,o3750,o3751,o3752,o3753,o3754,o3755,o3756,o3757,o3758,o3759,o376,o3760,o3761,o3762,o3763,o3764,o3765,o3766,o3767,o3768,o3769,o377,o3770,o3771,o3772,o3773,o3774,o3775,o3776,o3777,o3778,o3779,o378,o3780,o3781,o3782,o3783,o3784,o3785,o3786,o3787,o3788,o3789,o379,o3790,o3791,o3792,o3793,o3794,o3795,o3796,o3797,o3798,o3799,o38,o380,o3800,o3801,o3802,o3803,o3804,o3805,o3806,o3807,o3808,o3809,o381,o3810,o3811,o3812,o3813,o3814,o3815,o3816,o3817,o3818,o3819,o382,o3820,o3821,o3822,o3823,o3824,o3825,o3826,o3827,o3828,o3829,o383,o3830,o3831,o3832,o3833,o3834,o3835,o3836,o3837,o3838,o3839,o384,o3840,o3841,o3842,o3843,o3844,o3845,o3846,o3847,o3848,o3849,o385,o3850,o3851,o3852,o3853,o3854,o3855,o3856,o3857,o3858,o3859,o386,o3860,o3861,o3862,o3863,o3864,o3865,o3866,o3867,o3868,o3869,o387,o3870,o3871,o3872,o3873,o3874,o3875,o3876,o3877,o3878,o3879,o388,o3880,o3881,o3882,o3883,o3884,o3885,o3886,o3887,o3888,o3889,o389,o3890,o3891,o3892,o3893,o3894,o3895,o3896,o3897,o3898,o3899,o39,o390,o3900,o3901,o3902,o3903,o3904,o3905,o3906,o3907,o3908,o3909,o391,o3910,o3911,o3912,o3913,o3914,o3915,o3916,o3917,o3918,o3919,o392,o3920,o3921,o3922,o3923,o3924,o3925,o3926,o3927,o3928,o3929,o393,o3930,o3931,o3932,o3933,o3934,o3935,o3936,o3937,o3938,o3939,o394,o3940,o3941,o3942,o3943,o3944,o3945,o3946,o3947,o3948,o3949,o395,o3950,o3951,o3952,o3953,o3954,o3955,o3956,o3957,o3958,o3959,o396,o3960,o3961,o3962,o3963,o3964,o3965,o3966,o3967,o3968,o3969,o397,o3970,o3971,o3972,o3973,o3974,o3975,o3976,o3977,o3978,o3979,o398,o3980,o3981,o3982,o3983,o3984,o3985,o3986,o3987,o3988,o3989,o399,o3990,o3991,o3992,o3993,o3994,o3995,o3996,o3997,o3998,o3999,o4,o40,o400,o4000,o4001,o4002,o4003,o4004,o4005,o4006,o4007,o4008,o4009,o401,o4010,o4011,o4012,o4013,o4014,o4015,o4016,o4017,o4018,o4019,o402,o4020,o4021,o4022,o4023,o4024,o4025,o4026,o4027,o4028,o4029,o403,o4030,o4031,o4032,o4033,o4034,o4035,o4036,o4037,o4038,o4039,o404,o4040,o4041,o4042,o4043,o4044,o4045,o4046,o4047,o4048,o4049,o405,o4050,o4051,o4052,o4053,o4054,o4055,o4056,o4057,o4058,o4059,o406,o4060,o4061,o4062,o4063,o4064,o4065,o4066,o4067,o4068,o4069,o407,o4070,o4071,o4072,o4073,o4074,o4075,o4076,o4077,o4078,o4079,o408,o4080,o4081,o4082,o4083,o4084,o4085,o4086,o4087,o4088,o4089,o409,o4090,o4091,o4092,o4093,o4094,o4095,o4096,o4097,o4098,o4099,o41,o410,o4100,o4101,o4102,o4103,o4104,o4105,o4106,o4107,o4108,o4109,o411,o4110,o4111,o4112,o4113,o4114,o4115,o4116,o4117,o4118,o4119,o412,o4120,o4121,o4122,o4123,o4124,o4125,o4126,o4127,o4128,o4129,o413,o4130,o4131,o4132,o4133,o4134,o4135,o4136,o4137,o4138,o4139,o414,o4140,o4141}', $14 = '102'
	Delete on output_snapshot_history  (cost=411964.05..411981.78 rows=0 width=0) (actual time=1160.611..1160.614 rows=0 loops=1)
	  Buffers: shared hit=38531 read=268586 dirtied=2 written=2, temp read=1214 written=1218
	  WAL: records=6000 bytes=324000
	  ->  Nested Loop  (cost=411964.05..411981.78 rows=1 width=46) (actual time=1137.798..1158.888 rows=6000 loops=1)
	        Buffers: shared hit=32531 read=268586 written=2, temp read=1214 written=1218
	        ->  Unique  (cost=411962.36..411962.37 rows=2 width=56) (actual time=1137.724..1139.192 rows=6000 loops=1)
	              Buffers: shared hit=13816 read=263301, temp read=1214 written=1218
	              ->  Sort  (cost=411962.36..411962.37 rows=2 width=56) (actual time=1137.723..1138.563 rows=6000 loops=1)
	                    Sort Key: ranked.id
	                    Sort Method: quicksort  Memory: 849kB
	                    Buffers: shared hit=13816 read=263301, temp read=1214 written=1218
	                    ->  Subquery Scan on ranked  (cost=380515.48..411962.35 rows=2 width=56) (actual time=853.909..1136.310 rows=6000 loops=1)
	                          Filter: ((ranked.recency > 102) AND (ranked.prev_class = ranked.age_class) AND (ranked.prev_bucket = ranked.bucket))
	                          Rows Removed by Filter: 242200
	                          Buffers: shared hit=13813 read=263301, temp read=1214 written=1218
	                          ->  WindowAgg  (cost=380515.48..407559.79 rows=251575 width=109) (actual time=853.624..1124.009 rows=248200 loops=1)
	                                Buffers: shared hit=13813 read=263301, temp read=1214 written=1218
	                                ->  Sort  (cost=380515.48..381144.42 rows=251575 width=29) (actual time=853.547..875.530 rows=248200 loops=1)
	                                      Sort Key: output_snapshot_history_1.output_id, output_snapshot_history_1.captured_at DESC, output_snapshot_history_1.id DESC
	                                      Sort Method: external merge  Disk: 9712kB
	                                      Buffers: shared hit=13813 read=263301, temp read=1214 written=1218
	                                      ->  Seq Scan on output_snapshot_history output_snapshot_history_1  (cost=1.25..351928.41 rows=251575 width=29) (actual time=6.441..679.342 rows=248200 loops=1)
	                                            Filter: (output_id = ANY ('{o3693,o3694,o3695,o3696,o3697,o3698,o3699,o37,o370,o3700,o3701,o3702,o3703,o3704,o3705,o3706,o3707,o3708,o3709,o371,o3710,o3711,o3712,o3713,o3714,o3715,o3716,o3717,o3718,o3719,o372,o3720,o3721,o3722,o3723,o3724,o3725,o3726,o3727,o3728,o3729,o373,o3730,o3731,o3732,o3733,o3734,o3735,o3736,o3737,o3738,o3739,o374,o3740,o3741,o3742,o3743,o3744,o3745,o3746,o3747,o3748,o3749,o375,o3750,o3751,o3752,o3753,o3754,o3755,o3756,o3757,o3758,o3759,o376,o3760,o3761,o3762,o3763,o3764,o3765,o3766,o3767,o3768,o3769,o377,o3770,o3771,o3772,o3773,o3774,o3775,o3776,o3777,o3778,o3779,o378,o3780,o3781,o3782,o3783,o3784,o3785,o3786,o3787,o3788,o3789,o379,o3790,o3791,o3792,o3793,o3794,o3795,o3796,o3797,o3798,o3799,o38,o380,o3800,o3801,o3802,o3803,o3804,o3805,o3806,o3807,o3808,o3809,o381,o3810,o3811,o3812,o3813,o3814,o3815,o3816,o3817,o3818,o3819,o382,o3820,o3821,o3822,o3823,o3824,o3825,o3826,o3827,o3828,o3829,o383,o3830,o3831,o3832,o3833,o3834,o3835,o3836,o3837,o3838,o3839,o384,o3840,o3841,o3842,o3843,o3844,o3845,o3846,o3847,o3848,o3849,o385,o3850,o3851,o3852,o3853,o3854,o3855,o3856,o3857,o3858,o3859,o386,o3860,o3861,o3862,o3863,o3864,o3865,o3866,o3867,o3868,o3869,o387,o3870,o3871,o3872,o3873,o3874,o3875,o3876,o3877,o3878,o3879,o388,o3880,o3881,o3882,o3883,o3884,o3885,o3886,o3887,o3888,o3889,o389,o3890,o3891,o3892,o3893,o3894,o3895,o3896,o3897,o3898,o3899,o39,o390,o3900,o3901,o3902,o3903,o3904,o3905,o3906,o3907,o3908,o3909,o391,o3910,o3911,o3912,o3913,o3914,o3915,o3916,o3917,o3918,o3919,o392,o3920,o3921,o3922,o3923,o3924,o3925,o3926,o3927,o3928,o3929,o393,o3930,o3931,o3932,o3933,o3934,o3935,o3936,o3937,o3938,o3939,o394,o3940,o3941,o3942,o3943,o3944,o3945,o3946,o3947,o3948,o3949,o395,o3950,o3951,o3952,o3953,o3954,o3955,o3956,o3957,o3958,o3959,o396,o3960,o3961,o3962,o3963,o3964,o3965,o3966,o3967,o3968,o3969,o397,o3970,o3971,o3972,o3973,o3974,o3975,o3976,o3977,o3978,o3979,o398,o3980,o3981,o3982,o3983,o3984,o3985,o3986,o3987,o3988,o3989,o399,o3990,o3991,o3992,o3993,o3994,o3995,o3996,o3997,o3998,o3999,o4,o40,o400,o4000,o4001,o4002,o4003,o4004,o4005,o4006,o4007,o4008,o4009,o401,o4010,o4011,o4012,o4013,o4014,o4015,o4016,o4017,o4018,o4019,o402,o4020,o4021,o4022,o4023,o4024,o4025,o4026,o4027,o4028,o4029,o403,o4030,o4031,o4032,o4033,o4034,o4035,o4036,o4037,o4038,o4039,o404,o4040,o4041,o4042,o4043,o4044,o4045,o4046,o4047,o4048,o4049,o405,o4050,o4051,o4052,o4053,o4054,o4055,o4056,o4057,o4058,o4059,o406,o4060,o4061,o4062,o4063,o4064,o4065,o4066,o4067,o4068,o4069,o407,o4070,o4071,o4072,o4073,o4074,o4075,o4076,o4077,o4078,o4079,o408,o4080,o4081,o4082,o4083,o4084,o4085,o4086,o4087,o4088,o4089,o409,o4090,o4091,o4092,o4093,o4094,o4095,o4096,o4097,o4098,o4099,o41,o410,o4100,o4101,o4102,o4103,o4104,o4105,o4106,o4107,o4108,o4109,o411,o4110,o4111,o4112,o4113,o4114,o4115,o4116,o4117,o4118,o4119,o412,o4120,o4121,o4122,o4123,o4124,o4125,o4126,o4127,o4128,o4129,o413,o4130,o4131,o4132,o4133,o4134,o4135,o4136,o4137,o4138,o4139,o414,o4140,o4141}'::text[]))
	                                            Rows Removed by Filter: 4738429
	                                            Buffers: shared hit=13807 read=263301
	        ->  Index Scan using output_snapshot_history_pkey on output_snapshot_history  (cost=1.68..9.71 rows=1 width=22) (actual time=0.003..0.003 rows=1 loops=6000)
	              Index Cond: (id = ranked.id)
	              Filter: (output_id = ANY ('{o3693,o3694,o3695,o3696,o3697,o3698,o3699,o37,o370,o3700,o3701,o3702,o3703,o3704,o3705,o3706,o3707,o3708,o3709,o371,o3710,o3711,o3712,o3713,o3714,o3715,o3716,o3717,o3718,o3719,o372,o3720,o3721,o3722,o3723,o3724,o3725,o3726,o3727,o3728,o3729,o373,o3730,o3731,o3732,o3733,o3734,o3735,o3736,o3737,o3738,o3739,o374,o3740,o3741,o3742,o3743,o3744,o3745,o3746,o3747,o3748,o3749,o375,o3750,o3751,o3752,o3753,o3754,o3755,o3756,o3757,o3758,o3759,o376,o3760,o3761,o3762,o3763,o3764,o3765,o3766,o3767,o3768,o3769,o377,o3770,o3771,o3772,o3773,o3774,o3775,o3776,o3777,o3778,o3779,o378,o3780,o3781,o3782,o3783,o3784,o3785,o3786,o3787,o3788,o3789,o379,o3790,o3791,o3792,o3793,o3794,o3795,o3796,o3797,o3798,o3799,o38,o380,o3800,o3801,o3802,o3803,o3804,o3805,o3806,o3807,o3808,o3809,o381,o3810,o3811,o3812,o3813,o3814,o3815,o3816,o3817,o3818,o3819,o382,o3820,o3821,o3822,o3823,o3824,o3825,o3826,o3827,o3828,o3829,o383,o3830,o3831,o3832,o3833,o3834,o3835,o3836,o3837,o3838,o3839,o384,o3840,o3841,o3842,o3843,o3844,o3845,o3846,o3847,o3848,o3849,o385,o3850,o3851,o3852,o3853,o3854,o3855,o3856,o3857,o3858,o3859,o386,o3860,o3861,o3862,o3863,o3864,o3865,o3866,o3867,o3868,o3869,o387,o3870,o3871,o3872,o3873,o3874,o3875,o3876,o3877,o3878,o3879,o388,o3880,o3881,o3882,o3883,o3884,o3885,o3886,o3887,o3888,o3889,o389,o3890,o3891,o3892,o3893,o3894,o3895,o3896,o3897,o3898,o3899,o39,o390,o3900,o3901,o3902,o3903,o3904,o3905,o3906,o3907,o3908,o3909,o391,o3910,o3911,o3912,o3913,o3914,o3915,o3916,o3917,o3918,o3919,o392,o3920,o3921,o3922,o3923,o3924,o3925,o3926,o3927,o3928,o3929,o393,o3930,o3931,o3932,o3933,o3934,o3935,o3936,o3937,o3938,o3939,o394,o3940,o3941,o3942,o3943,o3944,o3945,o3946,o3947,o3948,o3949,o395,o3950,o3951,o3952,o3953,o3954,o3955,o3956,o3957,o3958,o3959,o396,o3960,o3961,o3962,o3963,o3964,o3965,o3966,o3967,o3968,o3969,o397,o3970,o3971,o3972,o3973,o3974,o3975,o3976,o3977,o3978,o3979,o398,o3980,o3981,o3982,o3983,o3984,o3985,o3986,o3987,o3988,o3989,o399,o3990,o3991,o3992,o3993,o3994,o3995,o3996,o3997,o3998,o3999,o4,o40,o400,o4000,o4001,o4002,o4003,o4004,o4005,o4006,o4007,o4008,o4009,o401,o4010,o4011,o4012,o4013,o4014,o4015,o4016,o4017,o4018,o4019,o402,o4020,o4021,o4022,o4023,o4024,o4025,o4026,o4027,o4028,o4029,o403,o4030,o4031,o4032,o4033,o4034,o4035,o4036,o4037,o4038,o4039,o404,o4040,o4041,o4042,o4043,o4044,o4045,o4046,o4047,o4048,o4049,o405,o4050,o4051,o4052,o4053,o4054,o4055,o4056,o4057,o4058,o4059,o406,o4060,o4061,o4062,o4063,o4064,o4065,o4066,o4067,o4068,o4069,o407,o4070,o4071,o4072,o4073,o4074,o4075,o4076,o4077,o4078,o4079,o408,o4080,o4081,o4082,o4083,o4084,o4085,o4086,o4087,o4088,o4089,o409,o4090,o4091,o4092,o4093,o4094,o4095,o4096,o4097,o4098,o4099,o41,o410,o4100,o4101,o4102,o4103,o4104,o4105,o4106,o4107,o4108,o4109,o411,o4110,o4111,o4112,o4113,o4114,o4115,o4116,o4117,o4118,o4119,o412,o4120,o4121,o4122,o4123,o4124,o4125,o4126,o4127,o4128,o4129,o413,o4130,o4131,o4132,o4133,o4134,o4135,o4136,o4137,o4138,o4139,o414,o4140,o4141}'::text[]))
	              Buffers: shared hit=18715 read=5285 written=2
	JIT:
	  Functions: 24
	  Options: Inlining false, Optimization false, Expressions true, Deforming true
	  Timing: Generation 0.677 ms, Inlining 0.000 ms, Optimization 0.294 ms, Emission 6.131 ms, Total 7.101 ms
2026-10-10 05:26:59.224 UTC [30748] hel1435-S2-desktop-R250000-b6-explain-r3 LOG:  temporary file: path "base/pgsql_tmp/pgsql_tmp30748.0", size 9945088
2026-10-10 05:26:59.224 UTC [30748] hel1435-S2-desktop-R250000-b6-explain-r3 STATEMENT:  DELETE FROM output_snapshot_history WHERE output_id = ANY($1) AND id IN (
	             SELECT id FROM (
	               SELECT id, age_class, bucket,
	                      row_number() OVER w AS recency,
	                      lag(age_class) OVER w AS prev_class,
	                      lag(bucket) OVER w AS prev_bucket
	               FROM (
	                 SELECT id, output_id, captured_at,
	                        CASE WHEN extract(epoch FROM ($2::timestamptz - captured_at)) < $3 THEN 0
	                             WHEN extract(epoch FROM ($4::timestamptz - captured_at)) < $5 THEN 1
	                             ELSE 2 END AS age_class,
	                        floor(extract(epoch FROM captured_at) /
	                          CASE WHEN extract(epoch FROM ($6::timestamptz - captured_at)) < $7 THEN $8
	                               WHEN extract(epoch FROM ($9::timestamptz - captured_at)) < $10 THEN $11
	                               ELSE $12 END) AS bucket
	                 FROM output_snapshot_history
	                 WHERE output_id = ANY($13)
	               ) classed
	               WINDOW w AS (PARTITION BY output_id ORDER BY captured_at DESC, id DESC)
	             ) ranked
	             WHERE recency > $14 AND prev_class = age_class AND prev_bucket = bucket)
2026-10-10 05:27:00.534 UTC [30750] hel1435-S2-desktop-R250000-b6-timed-r1 LOG:  temporary file: path "base/pgsql_tmp/pgsql_tmp30750.0", size 9945088
2026-10-10 05:27:00.534 UTC [30750] hel1435-S2-desktop-R250000-b6-timed-r1 STATEMENT:  DELETE FROM output_snapshot_history WHERE output_id = ANY($1) AND id IN (
	             SELECT id FROM (
	               SELECT id, age_class, bucket,
	                      row_number() OVER w AS recency,
	                      lag(age_class) OVER w AS prev_class,
	                      lag(bucket) OVER w AS prev_bucket
	               FROM (
	                 SELECT id, output_id, captured_at,
	                        CASE WHEN extract(epoch FROM ($2::timestamptz - captured_at)) < $3 THEN 0
	                             WHEN extract(epoch FROM ($4::timestamptz - captured_at)) < $5 THEN 1
	                             ELSE 2 END AS age_class,
	                        floor(extract(epoch FROM captured_at) /
	                          CASE WHEN extract(epoch FROM ($6::timestamptz - captured_at)) < $7 THEN $8
	                               WHEN extract(epoch FROM ($9::timestamptz - captured_at)) < $10 THEN $11
	                               ELSE $12 END) AS bucket
	                 FROM output_snapshot_history
	                 WHERE output_id = ANY($13)
	               ) classed
	               WINDOW w AS (PARTITION BY output_id ORDER BY captured_at DESC, id DESC)
	             ) ranked
	             WHERE recency > $14 AND prev_class = age_class AND prev_bucket = bucket)
2026-10-10 05:27:01.775 UTC [30752] hel1435-S2-desktop-R250000-b6-timed-r2 LOG:  temporary file: path "base/pgsql_tmp/pgsql_tmp30752.0", size 9945088
2026-10-10 05:27:01.775 UTC [30752] hel1435-S2-desktop-R250000-b6-timed-r2 STATEMENT:  DELETE FROM output_snapshot_history WHERE output_id = ANY($1) AND id IN (
	             SELECT id FROM (
	               SELECT id, age_class, bucket,
	                      row_number() OVER w AS recency,
	                      lag(age_class) OVER w AS prev_class,
	                      lag(bucket) OVER w AS prev_bucket
	               FROM (
	                 SELECT id, output_id, captured_at,
	                        CASE WHEN extract(epoch FROM ($2::timestamptz - captured_at)) < $3 THEN 0
	                             WHEN extract(epoch FROM ($4::timestamptz - captured_at)) < $5 THEN 1
	                             ELSE 2 END AS age_class,
	                        floor(extract(epoch FROM captured_at) /
	                          CASE WHEN extract(epoch FROM ($6::timestamptz - captured_at)) < $7 THEN $8
	                               WHEN extract(epoch FROM ($9::timestamptz - captured_at)) < $10 THEN $11
	                               ELSE $12 END) AS bucket
	                 FROM output_snapshot_history
	                 WHERE output_id = ANY($13)
	               ) classed
	               WINDOW w AS (PARTITION BY output_id ORDER BY captured_at DESC, id DESC)
	             ) ranked
	             WHERE recency > $14 AND prev_class = age_class AND prev_bucket = bucket)
2026-10-10 05:27:02.904 UTC [30754] hel1435-S2-desktop-R250000-b6-timed-r3 LOG:  temporary file: path "base/pgsql_tmp/pgsql_tmp30754.0", size 9945088
2026-10-10 05:27:02.904 UTC [30754] hel1435-S2-desktop-R250000-b6-timed-r3 STATEMENT:  DELETE FROM output_snapshot_history WHERE output_id = ANY($1) AND id IN (
	             SELECT id FROM (
	               SELECT id, age_class, bucket,
	                      row_number() OVER w AS recency,
	                      lag(age_class) OVER w AS prev_class,
	                      lag(bucket) OVER w AS prev_bucket
	               FROM (
	                 SELECT id, output_id, captured_at,
	                        CASE WHEN extract(epoch FROM ($2::timestamptz - captured_at)) < $3 THEN 0
	                             WHEN extract(epoch FROM ($4::timestamptz - captured_at)) < $5 THEN 1
	                             ELSE 2 END AS age_class,
	                        floor(extract(epoch FROM captured_at) /
	                          CASE WHEN extract(epoch FROM ($6::timestamptz - captured_at)) < $7 THEN $8
	                               WHEN extract(epoch FROM ($9::timestamptz - captured_at)) < $10 THEN $11
	                               ELSE $12 END) AS bucket
	                 FROM output_snapshot_history
	                 WHERE output_id = ANY($13)
	               ) classed
	               WINDOW w AS (PARTITION BY output_id ORDER BY captured_at DESC, id DESC)
	             ) ranked
	             WHERE recency > $14 AND prev_class = age_class AND prev_bucket = bucket)
2026-10-10 05:27:03.087 UTC [30756] hel1435-S2-desktop-R250000-b13-explain-r1 LOG:  duration: 87.695 ms  plan:
	Query Text: DELETE FROM output_snapshot_history h
	             USING pipelines p, users u
	             WHERE h.output_id = ANY($1) AND h.captured_at < $2
	               AND h.pipeline_id = p.id AND p.owner_id = u.id
	               AND h.captured_at < COALESCE(($3::timestamptz[])[array_position($4::text[], u.tier)], $5)
	Query Parameters: $1 = '{o6837,o6838,o6839,o684,o6840,o6841,o6842,o6843,o6844,o6845,o6846,o6847,o6848,o6849,o685,o6850,o6851,o6852,o6853,o6854,o6855,o6856,o6857,o6858,o6859,o686,o6860,o6861,o6862,o6863,o6864,o6865,o6866,o6867,o6868,o6869,o687,o6870,o6871,o6872,o6873,o6874,o6875,o6876,o6877,o6878,o6879,o688,o6880,o6881,o6882,o6883,o6884,o6885,o6886,o6887,o6888,o6889,o689,o6890,o6891,o6892,o6893,o6894,o6895,o6896,o6897,o6898,o6899,o69,o690,o6900,o6901,o6902,o6903,o6904,o6905,o6906,o6907,o6908,o6909,o691,o6910,o6911,o6912,o6913,o6914,o6915,o6916,o6917,o6918,o6919,o692,o6920,o6921,o6922,o6923,o6924,o6925,o6926,o6927,o6928,o6929,o693,o6930,o6931,o6932,o6933,o6934,o6935,o6936,o6937,o6938,o6939,o694,o6940,o6941,o6942,o6943,o6944,o6945,o6946,o6947,o6948,o6949,o695,o6950,o6951,o6952,o6953,o6954,o6955,o6956,o6957,o6958,o6959,o696,o6960,o6961,o6962,o6963,o6964,o6965,o6966,o6967,o6968,o6969,o697,o6970,o6971,o6972,o6973,o6974,o6975,o6976,o6977,o6978,o6979,o698,o6980,o6981,o6982,o6983,o6984,o6985,o6986,o6987,o6988,o6989,o699,o6990,o6991,o6992,o6993,o6994,o6995,o6996,o6997,o6998,o6999,o7,o70,o700,o7000,o7001,o7002,o7003,o7004,o7005,o7006,o7007,o7008,o7009,o701,o7010,o7011,o7012,o7013,o7014,o7015,o7016,o7017,o7018,o7019,o702,o7020,o7021,o7022,o7023,o7024,o7025,o7026,o7027,o7028,o7029,o703,o7030,o7031,o7032,o7033,o7034,o7035,o7036,o7037,o7038,o7039,o704,o7040,o7041,o7042,o7043,o7044,o7045,o7046,o7047,o7048,o7049,o705,o7050,o7051,o7052,o7053,o7054,o7055,o7056,o7057,o7058,o7059,o706,o7060,o7061,o7062,o7063,o7064,o7065,o7066,o7067,o7068,o7069,o707,o7070,o7071,o7072,o7073,o7074,o7075,o7076,o7077,o7078,o7079,o708,o7080,o7081,o7082,o7083,o7084,o7085,o7086,o7087,o7088,o7089,o709,o7090,o7091,o7092,o7093,o7094,o7095,o7096,o7097,o7098,o7099,o71,o710,o7100,o7101,o7102,o7103,o7104,o7105,o7106,o7107,o7108,o7109,o711,o7110,o7111,o7112,o7113,o7114,o7115,o7116,o7117,o7118,o7119,o712,o7120,o7121,o7122,o7123,o7124,o7125,o7126,o7127,o7128,o7129,o713,o7130,o7131,o7132,o7133,o7134,o7135,o7136,o7137,o7138,o7139,o714,o7140,o7141,o7142,o7143,o7144,o7145,o7146,o7147,o7148,o7149,o715,o7150,o7151,o7152,o7153,o7154,o7155,o7156,o7157,o7158,o7159,o716,o7160,o7161,o7162,o7163,o7164,o7165,o7166,o7167,o7168,o7169,o717,o7170,o7171,o7172,o7173,o7174,o7175,o7176,o7177,o7178,o7179,o718,o7180,o7181,o7182,o7183,o7184,o7185,o7186,o7187,o7188,o7189,o719,o7190,o7191,o7192,o7193,o7194,o7195,o7196,o7197,o7198,o7199,o72,o720,o7200,o7201,o7202,o7203,o7204,o7205,o7206,o7207,o7208,o7209,o721,o7210,o7211,o7212,o7213,o7214,o7215,o7216,o7217,o7218,o7219,o722,o7220,o7221,o7222,o7223,o7224,o7225,o7226,o7227,o7228,o7229,o723,o7230,o7231,o7232,o7233,o7234,o7235,o7236,o7237,o7238,o7239,o724,o7240,o7241,o7242,o7243,o7244,o7245,o7246,o7247,o7248,o7249,o725,o7250,o7251,o7252,o7253,o7254,o7255,o7256,o7257,o7258,o7259,o726,o7260,o7261,o7262,o7263,o7264,o7265,o7266,o7267,o7268,o7269,o727,o7270,o7271,o7272,o7273,o7274,o7275,o7276,o7277,o7278,o7279,o728,o7280,o7281,o7282,o7283,o7284,o7285,o7286}', $2 = '2026-09-09 22:00:00-07', $3 = '{"2026-09-09 22:00:00-07","2026-07-11 22:00:00-07","2025-10-09 22:00:00-07"}', $4 = '{free,beta,owner}', $5 = '2026-09-09 22:00:00-07'
	Delete on output_snapshot_history h  (cost=170.21..25415.26 rows=0 width=0) (actual time=87.690..87.693 rows=0 loops=1)
	  Buffers: shared hit=29 read=17962 dirtied=7 written=13
	  WAL: records=23 bytes=1242
	  ->  Hash Join  (cost=170.21..25415.26 rows=5151 width=18) (actual time=42.816..87.662 rows=23 loops=1)
	        Hash Cond: (p.owner_id = u.id)
	        Join Filter: (h.captured_at < COALESCE(('{"2026-09-09 22:00:00-07","2026-07-11 22:00:00-07","2025-10-09 22:00:00-07"}'::timestamp with time zone[])[array_position('{free,beta,owner}'::text[], u.tier)], '2026-09-09 22:00:00-07'::timestamp with time zone))
	        Rows Removed by Join Filter: 16425
	        Buffers: shared hit=6 read=17962 dirtied=2 written=13
	        ->  Hash Join  (cost=111.70..25316.14 rows=15454 width=36) (actual time=0.934..84.506 rows=16448 loops=1)
	              Hash Cond: (h.pipeline_id = p.id)
	              Buffers: shared hit=6 read=17941 dirtied=2 written=13
	              ->  Index Scan using idx_output_snapshot_history_captured_at on output_snapshot_history h  (cost=1.68..25165.49 rows=15459 width=19) (actual time=0.063..81.581 rows=16448 loops=1)
	                    Index Cond: (captured_at < '2026-09-09 22:00:00-07'::timestamp with time zone)
	                    Filter: (output_id = ANY ('{o6837,o6838,o6839,o684,o6840,o6841,o6842,o6843,o6844,o6845,o6846,o6847,o6848,o6849,o685,o6850,o6851,o6852,o6853,o6854,o6855,o6856,o6857,o6858,o6859,o686,o6860,o6861,o6862,o6863,o6864,o6865,o6866,o6867,o6868,o6869,o687,o6870,o6871,o6872,o6873,o6874,o6875,o6876,o6877,o6878,o6879,o688,o6880,o6881,o6882,o6883,o6884,o6885,o6886,o6887,o6888,o6889,o689,o6890,o6891,o6892,o6893,o6894,o6895,o6896,o6897,o6898,o6899,o69,o690,o6900,o6901,o6902,o6903,o6904,o6905,o6906,o6907,o6908,o6909,o691,o6910,o6911,o6912,o6913,o6914,o6915,o6916,o6917,o6918,o6919,o692,o6920,o6921,o6922,o6923,o6924,o6925,o6926,o6927,o6928,o6929,o693,o6930,o6931,o6932,o6933,o6934,o6935,o6936,o6937,o6938,o6939,o694,o6940,o6941,o6942,o6943,o6944,o6945,o6946,o6947,o6948,o6949,o695,o6950,o6951,o6952,o6953,o6954,o6955,o6956,o6957,o6958,o6959,o696,o6960,o6961,o6962,o6963,o6964,o6965,o6966,o6967,o6968,o6969,o697,o6970,o6971,o6972,o6973,o6974,o6975,o6976,o6977,o6978,o6979,o698,o6980,o6981,o6982,o6983,o6984,o6985,o6986,o6987,o6988,o6989,o699,o6990,o6991,o6992,o6993,o6994,o6995,o6996,o6997,o6998,o6999,o7,o70,o700,o7000,o7001,o7002,o7003,o7004,o7005,o7006,o7007,o7008,o7009,o701,o7010,o7011,o7012,o7013,o7014,o7015,o7016,o7017,o7018,o7019,o702,o7020,o7021,o7022,o7023,o7024,o7025,o7026,o7027,o7028,o7029,o703,o7030,o7031,o7032,o7033,o7034,o7035,o7036,o7037,o7038,o7039,o704,o7040,o7041,o7042,o7043,o7044,o7045,o7046,o7047,o7048,o7049,o705,o7050,o7051,o7052,o7053,o7054,o7055,o7056,o7057,o7058,o7059,o706,o7060,o7061,o7062,o7063,o7064,o7065,o7066,o7067,o7068,o7069,o707,o7070,o7071,o7072,o7073,o7074,o7075,o7076,o7077,o7078,o7079,o708,o7080,o7081,o7082,o7083,o7084,o7085,o7086,o7087,o7088,o7089,o709,o7090,o7091,o7092,o7093,o7094,o7095,o7096,o7097,o7098,o7099,o71,o710,o7100,o7101,o7102,o7103,o7104,o7105,o7106,o7107,o7108,o7109,o711,o7110,o7111,o7112,o7113,o7114,o7115,o7116,o7117,o7118,o7119,o712,o7120,o7121,o7122,o7123,o7124,o7125,o7126,o7127,o7128,o7129,o713,o7130,o7131,o7132,o7133,o7134,o7135,o7136,o7137,o7138,o7139,o714,o7140,o7141,o7142,o7143,o7144,o7145,o7146,o7147,o7148,o7149,o715,o7150,o7151,o7152,o7153,o7154,o7155,o7156,o7157,o7158,o7159,o716,o7160,o7161,o7162,o7163,o7164,o7165,o7166,o7167,o7168,o7169,o717,o7170,o7171,o7172,o7173,o7174,o7175,o7176,o7177,o7178,o7179,o718,o7180,o7181,o7182,o7183,o7184,o7185,o7186,o7187,o7188,o7189,o719,o7190,o7191,o7192,o7193,o7194,o7195,o7196,o7197,o7198,o7199,o72,o720,o7200,o7201,o7202,o7203,o7204,o7205,o7206,o7207,o7208,o7209,o721,o7210,o7211,o7212,o7213,o7214,o7215,o7216,o7217,o7218,o7219,o722,o7220,o7221,o7222,o7223,o7224,o7225,o7226,o7227,o7228,o7229,o723,o7230,o7231,o7232,o7233,o7234,o7235,o7236,o7237,o7238,o7239,o724,o7240,o7241,o7242,o7243,o7244,o7245,o7246,o7247,o7248,o7249,o725,o7250,o7251,o7252,o7253,o7254,o7255,o7256,o7257,o7258,o7259,o726,o7260,o7261,o7262,o7263,o7264,o7265,o7266,o7267,o7268,o7269,o727,o7270,o7271,o7272,o7273,o7274,o7275,o7276,o7277,o7278,o7279,o728,o7280,o7281,o7282,o7283,o7284,o7285,o7286}'::text[]))
	                    Rows Removed by Filter: 300200
	                    Buffers: shared hit=6 read=17906 dirtied=2 written=13
	              ->  Hash  (cost=68.34..68.34 rows=3334 width=27) (actual time=0.852..0.853 rows=3334 loops=1)
	                    Buckets: 4096  Batches: 1  Memory Usage: 227kB
	                    Buffers: shared read=35
	                    ->  Seq Scan on pipelines p  (cost=0.00..68.34 rows=3334 width=27) (actual time=0.006..0.419 rows=3334 loops=1)
	                          Buffers: shared read=35
	        ->  Hash  (cost=37.67..37.67 rows=1667 width=27) (actual time=0.371..0.371 rows=1667 loops=1)
	              Buckets: 2048  Batches: 1  Memory Usage: 113kB
	              Buffers: shared read=21
	              ->  Seq Scan on users u  (cost=0.00..37.67 rows=1667 width=27) (actual time=0.007..0.194 rows=1667 loops=1)
	                    Buffers: shared read=21
2026-10-10 05:27:03.108 UTC [32]  LOG:  checkpoint complete: wrote 1889 buffers (11.5%); 0 WAL file(s) added, 0 removed, 33 recycled; write=269.125 s, sync=0.008 s, total=269.151 s; sync files=63, longest=0.003 s, average=0.001 s; distance=541675 kB, estimate=647481 kB; lsn=2/8A4B6BA8, redo lsn=2/6F268610
2026-10-10 05:27:04.139 UTC [30756] hel1435-S2-desktop-R250000-b13-explain-r1 LOG:  duration: 1037.226 ms  plan:
	Query Text: DELETE FROM output_snapshot_history WHERE output_id = ANY($1) AND id IN (
	             SELECT id FROM (
	               SELECT id, age_class, bucket,
	                      row_number() OVER w AS recency,
	                      lag(age_class) OVER w AS prev_class,
	                      lag(bucket) OVER w AS prev_bucket
	               FROM (
	                 SELECT id, output_id, captured_at,
	                        CASE WHEN extract(epoch FROM ($2::timestamptz - captured_at)) < $3 THEN 0
	                             WHEN extract(epoch FROM ($4::timestamptz - captured_at)) < $5 THEN 1
	                             ELSE 2 END AS age_class,
	                        floor(extract(epoch FROM captured_at) /
	                          CASE WHEN extract(epoch FROM ($6::timestamptz - captured_at)) < $7 THEN $8
	                               WHEN extract(epoch FROM ($9::timestamptz - captured_at)) < $10 THEN $11
	                               ELSE $12 END) AS bucket
	                 FROM output_snapshot_history
	                 WHERE output_id = ANY($13)
	               ) classed
	               WINDOW w AS (PARTITION BY output_id ORDER BY captured_at DESC, id DESC)
	             ) ranked
	             WHERE recency > $14 AND prev_class = age_class AND prev_bucket = bucket)
	Query Parameters: $1 = '{o6837,o6838,o6839,o684,o6840,o6841,o6842,o6843,o6844,o6845,o6846,o6847,o6848,o6849,o685,o6850,o6851,o6852,o6853,o6854,o6855,o6856,o6857,o6858,o6859,o686,o6860,o6861,o6862,o6863,o6864,o6865,o6866,o6867,o6868,o6869,o687,o6870,o6871,o6872,o6873,o6874,o6875,o6876,o6877,o6878,o6879,o688,o6880,o6881,o6882,o6883,o6884,o6885,o6886,o6887,o6888,o6889,o689,o6890,o6891,o6892,o6893,o6894,o6895,o6896,o6897,o6898,o6899,o69,o690,o6900,o6901,o6902,o6903,o6904,o6905,o6906,o6907,o6908,o6909,o691,o6910,o6911,o6912,o6913,o6914,o6915,o6916,o6917,o6918,o6919,o692,o6920,o6921,o6922,o6923,o6924,o6925,o6926,o6927,o6928,o6929,o693,o6930,o6931,o6932,o6933,o6934,o6935,o6936,o6937,o6938,o6939,o694,o6940,o6941,o6942,o6943,o6944,o6945,o6946,o6947,o6948,o6949,o695,o6950,o6951,o6952,o6953,o6954,o6955,o6956,o6957,o6958,o6959,o696,o6960,o6961,o6962,o6963,o6964,o6965,o6966,o6967,o6968,o6969,o697,o6970,o6971,o6972,o6973,o6974,o6975,o6976,o6977,o6978,o6979,o698,o6980,o6981,o6982,o6983,o6984,o6985,o6986,o6987,o6988,o6989,o699,o6990,o6991,o6992,o6993,o6994,o6995,o6996,o6997,o6998,o6999,o7,o70,o700,o7000,o7001,o7002,o7003,o7004,o7005,o7006,o7007,o7008,o7009,o701,o7010,o7011,o7012,o7013,o7014,o7015,o7016,o7017,o7018,o7019,o702,o7020,o7021,o7022,o7023,o7024,o7025,o7026,o7027,o7028,o7029,o703,o7030,o7031,o7032,o7033,o7034,o7035,o7036,o7037,o7038,o7039,o704,o7040,o7041,o7042,o7043,o7044,o7045,o7046,o7047,o7048,o7049,o705,o7050,o7051,o7052,o7053,o7054,o7055,o7056,o7057,o7058,o7059,o706,o7060,o7061,o7062,o7063,o7064,o7065,o7066,o7067,o7068,o7069,o707,o7070,o7071,o7072,o7073,o7074,o7075,o7076,o7077,o7078,o7079,o708,o7080,o7081,o7082,o7083,o7084,o7085,o7086,o7087,o7088,o7089,o709,o7090,o7091,o7092,o7093,o7094,o7095,o7096,o7097,o7098,o7099,o71,o710,o7100,o7101,o7102,o7103,o7104,o7105,o7106,o7107,o7108,o7109,o711,o7110,o7111,o7112,o7113,o7114,o7115,o7116,o7117,o7118,o7119,o712,o7120,o7121,o7122,o7123,o7124,o7125,o7126,o7127,o7128,o7129,o713,o7130,o7131,o7132,o7133,o7134,o7135,o7136,o7137,o7138,o7139,o714,o7140,o7141,o7142,o7143,o7144,o7145,o7146,o7147,o7148,o7149,o715,o7150,o7151,o7152,o7153,o7154,o7155,o7156,o7157,o7158,o7159,o716,o7160,o7161,o7162,o7163,o7164,o7165,o7166,o7167,o7168,o7169,o717,o7170,o7171,o7172,o7173,o7174,o7175,o7176,o7177,o7178,o7179,o718,o7180,o7181,o7182,o7183,o7184,o7185,o7186,o7187,o7188,o7189,o719,o7190,o7191,o7192,o7193,o7194,o7195,o7196,o7197,o7198,o7199,o72,o720,o7200,o7201,o7202,o7203,o7204,o7205,o7206,o7207,o7208,o7209,o721,o7210,o7211,o7212,o7213,o7214,o7215,o7216,o7217,o7218,o7219,o722,o7220,o7221,o7222,o7223,o7224,o7225,o7226,o7227,o7228,o7229,o723,o7230,o7231,o7232,o7233,o7234,o7235,o7236,o7237,o7238,o7239,o724,o7240,o7241,o7242,o7243,o7244,o7245,o7246,o7247,o7248,o7249,o725,o7250,o7251,o7252,o7253,o7254,o7255,o7256,o7257,o7258,o7259,o726,o7260,o7261,o7262,o7263,o7264,o7265,o7266,o7267,o7268,o7269,o727,o7270,o7271,o7272,o7273,o7274,o7275,o7276,o7277,o7278,o7279,o728,o7280,o7281,o7282,o7283,o7284,o7285,o7286}', $2 = '2026-10-09 22:00:00-07', $3 = '86400', $4 = '2026-10-09 22:00:00-07', $5 = '604800', $6 = '2026-10-09 22:00:00-07', $7 = '86400', $8 = '300', $9 = '2026-10-09 22:00:00-07', $10 = '604800', $11 = '3600', $12 = '86400', $13 = '{o6837,o6838,o6839,o684,o6840,o6841,o6842,o6843,o6844,o6845,o6846,o6847,o6848,o6849,o685,o6850,o6851,o6852,o6853,o6854,o6855,o6856,o6857,o6858,o6859,o686,o6860,o6861,o6862,o6863,o6864,o6865,o6866,o6867,o6868,o6869,o687,o6870,o6871,o6872,o6873,o6874,o6875,o6876,o6877,o6878,o6879,o688,o6880,o6881,o6882,o6883,o6884,o6885,o6886,o6887,o6888,o6889,o689,o6890,o6891,o6892,o6893,o6894,o6895,o6896,o6897,o6898,o6899,o69,o690,o6900,o6901,o6902,o6903,o6904,o6905,o6906,o6907,o6908,o6909,o691,o6910,o6911,o6912,o6913,o6914,o6915,o6916,o6917,o6918,o6919,o692,o6920,o6921,o6922,o6923,o6924,o6925,o6926,o6927,o6928,o6929,o693,o6930,o6931,o6932,o6933,o6934,o6935,o6936,o6937,o6938,o6939,o694,o6940,o6941,o6942,o6943,o6944,o6945,o6946,o6947,o6948,o6949,o695,o6950,o6951,o6952,o6953,o6954,o6955,o6956,o6957,o6958,o6959,o696,o6960,o6961,o6962,o6963,o6964,o6965,o6966,o6967,o6968,o6969,o697,o6970,o6971,o6972,o6973,o6974,o6975,o6976,o6977,o6978,o6979,o698,o6980,o6981,o6982,o6983,o6984,o6985,o6986,o6987,o6988,o6989,o699,o6990,o6991,o6992,o6993,o6994,o6995,o6996,o6997,o6998,o6999,o7,o70,o700,o7000,o7001,o7002,o7003,o7004,o7005,o7006,o7007,o7008,o7009,o701,o7010,o7011,o7012,o7013,o7014,o7015,o7016,o7017,o7018,o7019,o702,o7020,o7021,o7022,o7023,o7024,o7025,o7026,o7027,o7028,o7029,o703,o7030,o7031,o7032,o7033,o7034,o7035,o7036,o7037,o7038,o7039,o704,o7040,o7041,o7042,o7043,o7044,o7045,o7046,o7047,o7048,o7049,o705,o7050,o7051,o7052,o7053,o7054,o7055,o7056,o7057,o7058,o7059,o706,o7060,o7061,o7062,o7063,o7064,o7065,o7066,o7067,o7068,o7069,o707,o7070,o7071,o7072,o7073,o7074,o7075,o7076,o7077,o7078,o7079,o708,o7080,o7081,o7082,o7083,o7084,o7085,o7086,o7087,o7088,o7089,o709,o7090,o7091,o7092,o7093,o7094,o7095,o7096,o7097,o7098,o7099,o71,o710,o7100,o7101,o7102,o7103,o7104,o7105,o7106,o7107,o7108,o7109,o711,o7110,o7111,o7112,o7113,o7114,o7115,o7116,o7117,o7118,o7119,o712,o7120,o7121,o7122,o7123,o7124,o7125,o7126,o7127,o7128,o7129,o713,o7130,o7131,o7132,o7133,o7134,o7135,o7136,o7137,o7138,o7139,o714,o7140,o7141,o7142,o7143,o7144,o7145,o7146,o7147,o7148,o7149,o715,o7150,o7151,o7152,o7153,o7154,o7155,o7156,o7157,o7158,o7159,o716,o7160,o7161,o7162,o7163,o7164,o7165,o7166,o7167,o7168,o7169,o717,o7170,o7171,o7172,o7173,o7174,o7175,o7176,o7177,o7178,o7179,o718,o7180,o7181,o7182,o7183,o7184,o7185,o7186,o7187,o7188,o7189,o719,o7190,o7191,o7192,o7193,o7194,o7195,o7196,o7197,o7198,o7199,o72,o720,o7200,o7201,o7202,o7203,o7204,o7205,o7206,o7207,o7208,o7209,o721,o7210,o7211,o7212,o7213,o7214,o7215,o7216,o7217,o7218,o7219,o722,o7220,o7221,o7222,o7223,o7224,o7225,o7226,o7227,o7228,o7229,o723,o7230,o7231,o7232,o7233,o7234,o7235,o7236,o7237,o7238,o7239,o724,o7240,o7241,o7242,o7243,o7244,o7245,o7246,o7247,o7248,o7249,o725,o7250,o7251,o7252,o7253,o7254,o7255,o7256,o7257,o7258,o7259,o726,o7260,o7261,o7262,o7263,o7264,o7265,o7266,o7267,o7268,o7269,o727,o7270,o7271,o7272,o7273,o7274,o7275,o7276,o7277,o7278,o7279,o728,o7280,o7281,o7282,o7283,o7284,o7285,o7286}', $14 = '102'
	Delete on output_snapshot_history  (cost=411391.28..411409.02 rows=0 width=0) (actual time=1037.222..1037.225 rows=0 loops=1)
	  Buffers: shared hit=38494 read=268623 dirtied=390 written=18, temp read=1223 written=1227
	  WAL: records=6000 bytes=324000
	  ->  Nested Loop  (cost=411391.28..411409.02 rows=1 width=46) (actual time=1016.191..1035.638 rows=6000 loops=1)
	        Buffers: shared hit=32494 read=268623 dirtied=11 written=18, temp read=1223 written=1227
	        ->  Unique  (cost=411389.60..411389.61 rows=2 width=56) (actual time=1016.120..1017.380 rows=6000 loops=1)
	              Buffers: shared hit=13812 read=263305 dirtied=11 written=11, temp read=1223 written=1227
	              ->  Sort  (cost=411389.60..411389.60 rows=2 width=56) (actual time=1016.120..1016.758 rows=6000 loops=1)
	                    Sort Key: ranked.id
	                    Sort Method: quicksort  Memory: 849kB
	                    Buffers: shared hit=13812 read=263305 dirtied=11 written=11, temp read=1223 written=1227
	                    ->  Subquery Scan on ranked  (cost=380233.84..411389.59 rows=2 width=56) (actual time=742.617..1014.879 rows=6000 loops=1)
	                          Filter: ((ranked.recency > 102) AND (ranked.prev_class = ranked.age_class) AND (ranked.prev_bucket = ranked.bucket))
	                          Rows Removed by Filter: 243925
	                          Buffers: shared hit=13809 read=263305 dirtied=11 written=11, temp read=1223 written=1227
	                          ->  WindowAgg  (cost=380233.84..407027.78 rows=249246 width=109) (actual time=742.327..1002.956 rows=249925 loops=1)
	                                Buffers: shared hit=13809 read=263305 dirtied=11 written=11, temp read=1223 written=1227
	                                ->  Sort  (cost=380233.84..380856.95 rows=249246 width=29) (actual time=742.249..763.124 rows=249925 loops=1)
	                                      Sort Key: output_snapshot_history_1.output_id, output_snapshot_history_1.captured_at DESC, output_snapshot_history_1.id DESC
	                                      Sort Method: external merge  Disk: 9784kB
	                                      Buffers: shared hit=13809 read=263305 dirtied=11 written=11, temp read=1223 written=1227
	                                      ->  Seq Scan on output_snapshot_history output_snapshot_history_1  (cost=1.25..351928.41 rows=249246 width=29) (actual time=6.206..586.842 rows=249925 loops=1)
	                                            Filter: (output_id = ANY ('{o6837,o6838,o6839,o684,o6840,o6841,o6842,o6843,o6844,o6845,o6846,o6847,o6848,o6849,o685,o6850,o6851,o6852,o6853,o6854,o6855,o6856,o6857,o6858,o6859,o686,o6860,o6861,o6862,o6863,o6864,o6865,o6866,o6867,o6868,o6869,o687,o6870,o6871,o6872,o6873,o6874,o6875,o6876,o6877,o6878,o6879,o688,o6880,o6881,o6882,o6883,o6884,o6885,o6886,o6887,o6888,o6889,o689,o6890,o6891,o6892,o6893,o6894,o6895,o6896,o6897,o6898,o6899,o69,o690,o6900,o6901,o6902,o6903,o6904,o6905,o6906,o6907,o6908,o6909,o691,o6910,o6911,o6912,o6913,o6914,o6915,o6916,o6917,o6918,o6919,o692,o6920,o6921,o6922,o6923,o6924,o6925,o6926,o6927,o6928,o6929,o693,o6930,o6931,o6932,o6933,o6934,o6935,o6936,o6937,o6938,o6939,o694,o6940,o6941,o6942,o6943,o6944,o6945,o6946,o6947,o6948,o6949,o695,o6950,o6951,o6952,o6953,o6954,o6955,o6956,o6957,o6958,o6959,o696,o6960,o6961,o6962,o6963,o6964,o6965,o6966,o6967,o6968,o6969,o697,o6970,o6971,o6972,o6973,o6974,o6975,o6976,o6977,o6978,o6979,o698,o6980,o6981,o6982,o6983,o6984,o6985,o6986,o6987,o6988,o6989,o699,o6990,o6991,o6992,o6993,o6994,o6995,o6996,o6997,o6998,o6999,o7,o70,o700,o7000,o7001,o7002,o7003,o7004,o7005,o7006,o7007,o7008,o7009,o701,o7010,o7011,o7012,o7013,o7014,o7015,o7016,o7017,o7018,o7019,o702,o7020,o7021,o7022,o7023,o7024,o7025,o7026,o7027,o7028,o7029,o703,o7030,o7031,o7032,o7033,o7034,o7035,o7036,o7037,o7038,o7039,o704,o7040,o7041,o7042,o7043,o7044,o7045,o7046,o7047,o7048,o7049,o705,o7050,o7051,o7052,o7053,o7054,o7055,o7056,o7057,o7058,o7059,o706,o7060,o7061,o7062,o7063,o7064,o7065,o7066,o7067,o7068,o7069,o707,o7070,o7071,o7072,o7073,o7074,o7075,o7076,o7077,o7078,o7079,o708,o7080,o7081,o7082,o7083,o7084,o7085,o7086,o7087,o7088,o7089,o709,o7090,o7091,o7092,o7093,o7094,o7095,o7096,o7097,o7098,o7099,o71,o710,o7100,o7101,o7102,o7103,o7104,o7105,o7106,o7107,o7108,o7109,o711,o7110,o7111,o7112,o7113,o7114,o7115,o7116,o7117,o7118,o7119,o712,o7120,o7121,o7122,o7123,o7124,o7125,o7126,o7127,o7128,o7129,o713,o7130,o7131,o7132,o7133,o7134,o7135,o7136,o7137,o7138,o7139,o714,o7140,o7141,o7142,o7143,o7144,o7145,o7146,o7147,o7148,o7149,o715,o7150,o7151,o7152,o7153,o7154,o7155,o7156,o7157,o7158,o7159,o716,o7160,o7161,o7162,o7163,o7164,o7165,o7166,o7167,o7168,o7169,o717,o7170,o7171,o7172,o7173,o7174,o7175,o7176,o7177,o7178,o7179,o718,o7180,o7181,o7182,o7183,o7184,o7185,o7186,o7187,o7188,o7189,o719,o7190,o7191,o7192,o7193,o7194,o7195,o7196,o7197,o7198,o7199,o72,o720,o7200,o7201,o7202,o7203,o7204,o7205,o7206,o7207,o7208,o7209,o721,o7210,o7211,o7212,o7213,o7214,o7215,o7216,o7217,o7218,o7219,o722,o7220,o7221,o7222,o7223,o7224,o7225,o7226,o7227,o7228,o7229,o723,o7230,o7231,o7232,o7233,o7234,o7235,o7236,o7237,o7238,o7239,o724,o7240,o7241,o7242,o7243,o7244,o7245,o7246,o7247,o7248,o7249,o725,o7250,o7251,o7252,o7253,o7254,o7255,o7256,o7257,o7258,o7259,o726,o7260,o7261,o7262,o7263,o7264,o7265,o7266,o7267,o7268,o7269,o727,o7270,o7271,o7272,o7273,o7274,o7275,o7276,o7277,o7278,o7279,o728,o7280,o7281,o7282,o7283,o7284,o7285,o7286}'::text[]))
	                                            Rows Removed by Filter: 4736700
	                                            Buffers: shared hit=13803 read=263305 dirtied=11 written=11
	        ->  Index Scan using output_snapshot_history_pkey on output_snapshot_history  (cost=1.68..9.71 rows=1 width=22) (actual time=0.003..0.003 rows=1 loops=6000)
	              Index Cond: (id = ranked.id)
	              Filter: (output_id = ANY ('{o6837,o6838,o6839,o684,o6840,o6841,o6842,o6843,o6844,o6845,o6846,o6847,o6848,o6849,o685,o6850,o6851,o6852,o6853,o6854,o6855,o6856,o6857,o6858,o6859,o686,o6860,o6861,o6862,o6863,o6864,o6865,o6866,o6867,o6868,o6869,o687,o6870,o6871,o6872,o6873,o6874,o6875,o6876,o6877,o6878,o6879,o688,o6880,o6881,o6882,o6883,o6884,o6885,o6886,o6887,o6888,o6889,o689,o6890,o6891,o6892,o6893,o6894,o6895,o6896,o6897,o6898,o6899,o69,o690,o6900,o6901,o6902,o6903,o6904,o6905,o6906,o6907,o6908,o6909,o691,o6910,o6911,o6912,o6913,o6914,o6915,o6916,o6917,o6918,o6919,o692,o6920,o6921,o6922,o6923,o6924,o6925,o6926,o6927,o6928,o6929,o693,o6930,o6931,o6932,o6933,o6934,o6935,o6936,o6937,o6938,o6939,o694,o6940,o6941,o6942,o6943,o6944,o6945,o6946,o6947,o6948,o6949,o695,o6950,o6951,o6952,o6953,o6954,o6955,o6956,o6957,o6958,o6959,o696,o6960,o6961,o6962,o6963,o6964,o6965,o6966,o6967,o6968,o6969,o697,o6970,o6971,o6972,o6973,o6974,o6975,o6976,o6977,o6978,o6979,o698,o6980,o6981,o6982,o6983,o6984,o6985,o6986,o6987,o6988,o6989,o699,o6990,o6991,o6992,o6993,o6994,o6995,o6996,o6997,o6998,o6999,o7,o70,o700,o7000,o7001,o7002,o7003,o7004,o7005,o7006,o7007,o7008,o7009,o701,o7010,o7011,o7012,o7013,o7014,o7015,o7016,o7017,o7018,o7019,o702,o7020,o7021,o7022,o7023,o7024,o7025,o7026,o7027,o7028,o7029,o703,o7030,o7031,o7032,o7033,o7034,o7035,o7036,o7037,o7038,o7039,o704,o7040,o7041,o7042,o7043,o7044,o7045,o7046,o7047,o7048,o7049,o705,o7050,o7051,o7052,o7053,o7054,o7055,o7056,o7057,o7058,o7059,o706,o7060,o7061,o7062,o7063,o7064,o7065,o7066,o7067,o7068,o7069,o707,o7070,o7071,o7072,o7073,o7074,o7075,o7076,o7077,o7078,o7079,o708,o7080,o7081,o7082,o7083,o7084,o7085,o7086,o7087,o7088,o7089,o709,o7090,o7091,o7092,o7093,o7094,o7095,o7096,o7097,o7098,o7099,o71,o710,o7100,o7101,o7102,o7103,o7104,o7105,o7106,o7107,o7108,o7109,o711,o7110,o7111,o7112,o7113,o7114,o7115,o7116,o7117,o7118,o7119,o712,o7120,o7121,o7122,o7123,o7124,o7125,o7126,o7127,o7128,o7129,o713,o7130,o7131,o7132,o7133,o7134,o7135,o7136,o7137,o7138,o7139,o714,o7140,o7141,o7142,o7143,o7144,o7145,o7146,o7147,o7148,o7149,o715,o7150,o7151,o7152,o7153,o7154,o7155,o7156,o7157,o7158,o7159,o716,o7160,o7161,o7162,o7163,o7164,o7165,o7166,o7167,o7168,o7169,o717,o7170,o7171,o7172,o7173,o7174,o7175,o7176,o7177,o7178,o7179,o718,o7180,o7181,o7182,o7183,o7184,o7185,o7186,o7187,o7188,o7189,o719,o7190,o7191,o7192,o7193,o7194,o7195,o7196,o7197,o7198,o7199,o72,o720,o7200,o7201,o7202,o7203,o7204,o7205,o7206,o7207,o7208,o7209,o721,o7210,o7211,o7212,o7213,o7214,o7215,o7216,o7217,o7218,o7219,o722,o7220,o7221,o7222,o7223,o7224,o7225,o7226,o7227,o7228,o7229,o723,o7230,o7231,o7232,o7233,o7234,o7235,o7236,o7237,o7238,o7239,o724,o7240,o7241,o7242,o7243,o7244,o7245,o7246,o7247,o7248,o7249,o725,o7250,o7251,o7252,o7253,o7254,o7255,o7256,o7257,o7258,o7259,o726,o7260,o7261,o7262,o7263,o7264,o7265,o7266,o7267,o7268,o7269,o727,o7270,o7271,o7272,o7273,o7274,o7275,o7276,o7277,o7278,o7279,o728,o7280,o7281,o7282,o7283,o7284,o7285,o7286}'::text[]))
	              Buffers: shared hit=18682 read=5318 written=7
	JIT:
	  Functions: 24
	  Options: Inlining false, Optimization false, Expressions true, Deforming true
	  Timing: Generation 0.681 ms, Inlining 0.000 ms, Optimization 0.290 ms, Emission 5.930 ms, Total 6.901 ms
2026-10-10 05:27:04.140 UTC [30756] hel1435-S2-desktop-R250000-b13-explain-r1 LOG:  temporary file: path "base/pgsql_tmp/pgsql_tmp30756.0", size 10018816
2026-10-10 05:27:04.140 UTC [30756] hel1435-S2-desktop-R250000-b13-explain-r1 STATEMENT:  DELETE FROM output_snapshot_history WHERE output_id = ANY($1) AND id IN (
	             SELECT id FROM (
	               SELECT id, age_class, bucket,
	                      row_number() OVER w AS recency,
	                      lag(age_class) OVER w AS prev_class,
	                      lag(bucket) OVER w AS prev_bucket
	               FROM (
	                 SELECT id, output_id, captured_at,
	                        CASE WHEN extract(epoch FROM ($2::timestamptz - captured_at)) < $3 THEN 0
	                             WHEN extract(epoch FROM ($4::timestamptz - captured_at)) < $5 THEN 1
	                             ELSE 2 END AS age_class,
	                        floor(extract(epoch FROM captured_at) /
	                          CASE WHEN extract(epoch FROM ($6::timestamptz - captured_at)) < $7 THEN $8
	                               WHEN extract(epoch FROM ($9::timestamptz - captured_at)) < $10 THEN $11
	                               ELSE $12 END) AS bucket
	                 FROM output_snapshot_history
	                 WHERE output_id = ANY($13)
	               ) classed
	               WINDOW w AS (PARTITION BY output_id ORDER BY captured_at DESC, id DESC)
	             ) ranked
	             WHERE recency > $14 AND prev_class = age_class AND prev_bucket = bucket)
2026-10-10 05:27:04.308 UTC [30758] hel1435-S2-desktop-R250000-b13-explain-r2 LOG:  duration: 76.012 ms  plan:
	Query Text: DELETE FROM output_snapshot_history h
	             USING pipelines p, users u
	             WHERE h.output_id = ANY($1) AND h.captured_at < $2
	               AND h.pipeline_id = p.id AND p.owner_id = u.id
	               AND h.captured_at < COALESCE(($3::timestamptz[])[array_position($4::text[], u.tier)], $5)
	Query Parameters: $1 = '{o6837,o6838,o6839,o684,o6840,o6841,o6842,o6843,o6844,o6845,o6846,o6847,o6848,o6849,o685,o6850,o6851,o6852,o6853,o6854,o6855,o6856,o6857,o6858,o6859,o686,o6860,o6861,o6862,o6863,o6864,o6865,o6866,o6867,o6868,o6869,o687,o6870,o6871,o6872,o6873,o6874,o6875,o6876,o6877,o6878,o6879,o688,o6880,o6881,o6882,o6883,o6884,o6885,o6886,o6887,o6888,o6889,o689,o6890,o6891,o6892,o6893,o6894,o6895,o6896,o6897,o6898,o6899,o69,o690,o6900,o6901,o6902,o6903,o6904,o6905,o6906,o6907,o6908,o6909,o691,o6910,o6911,o6912,o6913,o6914,o6915,o6916,o6917,o6918,o6919,o692,o6920,o6921,o6922,o6923,o6924,o6925,o6926,o6927,o6928,o6929,o693,o6930,o6931,o6932,o6933,o6934,o6935,o6936,o6937,o6938,o6939,o694,o6940,o6941,o6942,o6943,o6944,o6945,o6946,o6947,o6948,o6949,o695,o6950,o6951,o6952,o6953,o6954,o6955,o6956,o6957,o6958,o6959,o696,o6960,o6961,o6962,o6963,o6964,o6965,o6966,o6967,o6968,o6969,o697,o6970,o6971,o6972,o6973,o6974,o6975,o6976,o6977,o6978,o6979,o698,o6980,o6981,o6982,o6983,o6984,o6985,o6986,o6987,o6988,o6989,o699,o6990,o6991,o6992,o6993,o6994,o6995,o6996,o6997,o6998,o6999,o7,o70,o700,o7000,o7001,o7002,o7003,o7004,o7005,o7006,o7007,o7008,o7009,o701,o7010,o7011,o7012,o7013,o7014,o7015,o7016,o7017,o7018,o7019,o702,o7020,o7021,o7022,o7023,o7024,o7025,o7026,o7027,o7028,o7029,o703,o7030,o7031,o7032,o7033,o7034,o7035,o7036,o7037,o7038,o7039,o704,o7040,o7041,o7042,o7043,o7044,o7045,o7046,o7047,o7048,o7049,o705,o7050,o7051,o7052,o7053,o7054,o7055,o7056,o7057,o7058,o7059,o706,o7060,o7061,o7062,o7063,o7064,o7065,o7066,o7067,o7068,o7069,o707,o7070,o7071,o7072,o7073,o7074,o7075,o7076,o7077,o7078,o7079,o708,o7080,o7081,o7082,o7083,o7084,o7085,o7086,o7087,o7088,o7089,o709,o7090,o7091,o7092,o7093,o7094,o7095,o7096,o7097,o7098,o7099,o71,o710,o7100,o7101,o7102,o7103,o7104,o7105,o7106,o7107,o7108,o7109,o711,o7110,o7111,o7112,o7113,o7114,o7115,o7116,o7117,o7118,o7119,o712,o7120,o7121,o7122,o7123,o7124,o7125,o7126,o7127,o7128,o7129,o713,o7130,o7131,o7132,o7133,o7134,o7135,o7136,o7137,o7138,o7139,o714,o7140,o7141,o7142,o7143,o7144,o7145,o7146,o7147,o7148,o7149,o715,o7150,o7151,o7152,o7153,o7154,o7155,o7156,o7157,o7158,o7159,o716,o7160,o7161,o7162,o7163,o7164,o7165,o7166,o7167,o7168,o7169,o717,o7170,o7171,o7172,o7173,o7174,o7175,o7176,o7177,o7178,o7179,o718,o7180,o7181,o7182,o7183,o7184,o7185,o7186,o7187,o7188,o7189,o719,o7190,o7191,o7192,o7193,o7194,o7195,o7196,o7197,o7198,o7199,o72,o720,o7200,o7201,o7202,o7203,o7204,o7205,o7206,o7207,o7208,o7209,o721,o7210,o7211,o7212,o7213,o7214,o7215,o7216,o7217,o7218,o7219,o722,o7220,o7221,o7222,o7223,o7224,o7225,o7226,o7227,o7228,o7229,o723,o7230,o7231,o7232,o7233,o7234,o7235,o7236,o7237,o7238,o7239,o724,o7240,o7241,o7242,o7243,o7244,o7245,o7246,o7247,o7248,o7249,o725,o7250,o7251,o7252,o7253,o7254,o7255,o7256,o7257,o7258,o7259,o726,o7260,o7261,o7262,o7263,o7264,o7265,o7266,o7267,o7268,o7269,o727,o7270,o7271,o7272,o7273,o7274,o7275,o7276,o7277,o7278,o7279,o728,o7280,o7281,o7282,o7283,o7284,o7285,o7286}', $2 = '2026-09-09 22:00:00-07', $3 = '{"2026-09-09 22:00:00-07","2026-07-11 22:00:00-07","2025-10-09 22:00:00-07"}', $4 = '{free,beta,owner}', $5 = '2026-09-09 22:00:00-07'
	Delete on output_snapshot_history h  (cost=170.21..25415.26 rows=0 width=0) (actual time=76.009..76.011 rows=0 loops=1)
	  Buffers: shared hit=29 read=17962 written=359
	  WAL: records=23 bytes=1242
	  ->  Hash Join  (cost=170.21..25415.26 rows=5151 width=18) (actual time=37.151..75.987 rows=23 loops=1)
	        Hash Cond: (p.owner_id = u.id)
	        Join Filter: (h.captured_at < COALESCE(('{"2026-09-09 22:00:00-07","2026-07-11 22:00:00-07","2025-10-09 22:00:00-07"}'::timestamp with time zone[])[array_position('{free,beta,owner}'::text[], u.tier)], '2026-09-09 22:00:00-07'::timestamp with time zone))
	        Rows Removed by Join Filter: 16425
	        Buffers: shared hit=6 read=17962 written=359
	        ->  Hash Join  (cost=111.70..25316.14 rows=15454 width=36) (actual time=0.649..73.154 rows=16448 loops=1)
	              Hash Cond: (h.pipeline_id = p.id)
	              Buffers: shared hit=6 read=17941 written=359
	              ->  Index Scan using idx_output_snapshot_history_captured_at on output_snapshot_history h  (cost=1.68..25165.49 rows=15459 width=19) (actual time=0.040..70.665 rows=16448 loops=1)
	                    Index Cond: (captured_at < '2026-09-09 22:00:00-07'::timestamp with time zone)
	                    Filter: (output_id = ANY ('{o6837,o6838,o6839,o684,o6840,o6841,o6842,o6843,o6844,o6845,o6846,o6847,o6848,o6849,o685,o6850,o6851,o6852,o6853,o6854,o6855,o6856,o6857,o6858,o6859,o686,o6860,o6861,o6862,o6863,o6864,o6865,o6866,o6867,o6868,o6869,o687,o6870,o6871,o6872,o6873,o6874,o6875,o6876,o6877,o6878,o6879,o688,o6880,o6881,o6882,o6883,o6884,o6885,o6886,o6887,o6888,o6889,o689,o6890,o6891,o6892,o6893,o6894,o6895,o6896,o6897,o6898,o6899,o69,o690,o6900,o6901,o6902,o6903,o6904,o6905,o6906,o6907,o6908,o6909,o691,o6910,o6911,o6912,o6913,o6914,o6915,o6916,o6917,o6918,o6919,o692,o6920,o6921,o6922,o6923,o6924,o6925,o6926,o6927,o6928,o6929,o693,o6930,o6931,o6932,o6933,o6934,o6935,o6936,o6937,o6938,o6939,o694,o6940,o6941,o6942,o6943,o6944,o6945,o6946,o6947,o6948,o6949,o695,o6950,o6951,o6952,o6953,o6954,o6955,o6956,o6957,o6958,o6959,o696,o6960,o6961,o6962,o6963,o6964,o6965,o6966,o6967,o6968,o6969,o697,o6970,o6971,o6972,o6973,o6974,o6975,o6976,o6977,o6978,o6979,o698,o6980,o6981,o6982,o6983,o6984,o6985,o6986,o6987,o6988,o6989,o699,o6990,o6991,o6992,o6993,o6994,o6995,o6996,o6997,o6998,o6999,o7,o70,o700,o7000,o7001,o7002,o7003,o7004,o7005,o7006,o7007,o7008,o7009,o701,o7010,o7011,o7012,o7013,o7014,o7015,o7016,o7017,o7018,o7019,o702,o7020,o7021,o7022,o7023,o7024,o7025,o7026,o7027,o7028,o7029,o703,o7030,o7031,o7032,o7033,o7034,o7035,o7036,o7037,o7038,o7039,o704,o7040,o7041,o7042,o7043,o7044,o7045,o7046,o7047,o7048,o7049,o705,o7050,o7051,o7052,o7053,o7054,o7055,o7056,o7057,o7058,o7059,o706,o7060,o7061,o7062,o7063,o7064,o7065,o7066,o7067,o7068,o7069,o707,o7070,o7071,o7072,o7073,o7074,o7075,o7076,o7077,o7078,o7079,o708,o7080,o7081,o7082,o7083,o7084,o7085,o7086,o7087,o7088,o7089,o709,o7090,o7091,o7092,o7093,o7094,o7095,o7096,o7097,o7098,o7099,o71,o710,o7100,o7101,o7102,o7103,o7104,o7105,o7106,o7107,o7108,o7109,o711,o7110,o7111,o7112,o7113,o7114,o7115,o7116,o7117,o7118,o7119,o712,o7120,o7121,o7122,o7123,o7124,o7125,o7126,o7127,o7128,o7129,o713,o7130,o7131,o7132,o7133,o7134,o7135,o7136,o7137,o7138,o7139,o714,o7140,o7141,o7142,o7143,o7144,o7145,o7146,o7147,o7148,o7149,o715,o7150,o7151,o7152,o7153,o7154,o7155,o7156,o7157,o7158,o7159,o716,o7160,o7161,o7162,o7163,o7164,o7165,o7166,o7167,o7168,o7169,o717,o7170,o7171,o7172,o7173,o7174,o7175,o7176,o7177,o7178,o7179,o718,o7180,o7181,o7182,o7183,o7184,o7185,o7186,o7187,o7188,o7189,o719,o7190,o7191,o7192,o7193,o7194,o7195,o7196,o7197,o7198,o7199,o72,o720,o7200,o7201,o7202,o7203,o7204,o7205,o7206,o7207,o7208,o7209,o721,o7210,o7211,o7212,o7213,o7214,o7215,o7216,o7217,o7218,o7219,o722,o7220,o7221,o7222,o7223,o7224,o7225,o7226,o7227,o7228,o7229,o723,o7230,o7231,o7232,o7233,o7234,o7235,o7236,o7237,o7238,o7239,o724,o7240,o7241,o7242,o7243,o7244,o7245,o7246,o7247,o7248,o7249,o725,o7250,o7251,o7252,o7253,o7254,o7255,o7256,o7257,o7258,o7259,o726,o7260,o7261,o7262,o7263,o7264,o7265,o7266,o7267,o7268,o7269,o727,o7270,o7271,o7272,o7273,o7274,o7275,o7276,o7277,o7278,o7279,o728,o7280,o7281,o7282,o7283,o7284,o7285,o7286}'::text[]))
	                    Rows Removed by Filter: 300200
	                    Buffers: shared hit=6 read=17906 written=359
	              ->  Hash  (cost=68.34..68.34 rows=3334 width=27) (actual time=0.593..0.594 rows=3334 loops=1)
	                    Buckets: 4096  Batches: 1  Memory Usage: 227kB
	                    Buffers: shared read=35
	                    ->  Seq Scan on pipelines p  (cost=0.00..68.34 rows=3334 width=27) (actual time=0.004..0.288 rows=3334 loops=1)
	                          Buffers: shared read=35
	        ->  Hash  (cost=37.67..37.67 rows=1667 width=27) (actual time=0.297..0.297 rows=1667 loops=1)
	              Buckets: 2048  Batches: 1  Memory Usage: 113kB
	              Buffers: shared read=21
	              ->  Seq Scan on users u  (cost=0.00..37.67 rows=1667 width=27) (actual time=0.007..0.159 rows=1667 loops=1)
	                    Buffers: shared read=21
2026-10-10 05:27:05.410 UTC [30758] hel1435-S2-desktop-R250000-b13-explain-r2 LOG:  duration: 1086.969 ms  plan:
	Query Text: DELETE FROM output_snapshot_history WHERE output_id = ANY($1) AND id IN (
	             SELECT id FROM (
	               SELECT id, age_class, bucket,
	                      row_number() OVER w AS recency,
	                      lag(age_class) OVER w AS prev_class,
	                      lag(bucket) OVER w AS prev_bucket
	               FROM (
	                 SELECT id, output_id, captured_at,
	                        CASE WHEN extract(epoch FROM ($2::timestamptz - captured_at)) < $3 THEN 0
	                             WHEN extract(epoch FROM ($4::timestamptz - captured_at)) < $5 THEN 1
	                             ELSE 2 END AS age_class,
	                        floor(extract(epoch FROM captured_at) /
	                          CASE WHEN extract(epoch FROM ($6::timestamptz - captured_at)) < $7 THEN $8
	                               WHEN extract(epoch FROM ($9::timestamptz - captured_at)) < $10 THEN $11
	                               ELSE $12 END) AS bucket
	                 FROM output_snapshot_history
	                 WHERE output_id = ANY($13)
	               ) classed
	               WINDOW w AS (PARTITION BY output_id ORDER BY captured_at DESC, id DESC)
	             ) ranked
	             WHERE recency > $14 AND prev_class = age_class AND prev_bucket = bucket)
	Query Parameters: $1 = '{o6837,o6838,o6839,o684,o6840,o6841,o6842,o6843,o6844,o6845,o6846,o6847,o6848,o6849,o685,o6850,o6851,o6852,o6853,o6854,o6855,o6856,o6857,o6858,o6859,o686,o6860,o6861,o6862,o6863,o6864,o6865,o6866,o6867,o6868,o6869,o687,o6870,o6871,o6872,o6873,o6874,o6875,o6876,o6877,o6878,o6879,o688,o6880,o6881,o6882,o6883,o6884,o6885,o6886,o6887,o6888,o6889,o689,o6890,o6891,o6892,o6893,o6894,o6895,o6896,o6897,o6898,o6899,o69,o690,o6900,o6901,o6902,o6903,o6904,o6905,o6906,o6907,o6908,o6909,o691,o6910,o6911,o6912,o6913,o6914,o6915,o6916,o6917,o6918,o6919,o692,o6920,o6921,o6922,o6923,o6924,o6925,o6926,o6927,o6928,o6929,o693,o6930,o6931,o6932,o6933,o6934,o6935,o6936,o6937,o6938,o6939,o694,o6940,o6941,o6942,o6943,o6944,o6945,o6946,o6947,o6948,o6949,o695,o6950,o6951,o6952,o6953,o6954,o6955,o6956,o6957,o6958,o6959,o696,o6960,o6961,o6962,o6963,o6964,o6965,o6966,o6967,o6968,o6969,o697,o6970,o6971,o6972,o6973,o6974,o6975,o6976,o6977,o6978,o6979,o698,o6980,o6981,o6982,o6983,o6984,o6985,o6986,o6987,o6988,o6989,o699,o6990,o6991,o6992,o6993,o6994,o6995,o6996,o6997,o6998,o6999,o7,o70,o700,o7000,o7001,o7002,o7003,o7004,o7005,o7006,o7007,o7008,o7009,o701,o7010,o7011,o7012,o7013,o7014,o7015,o7016,o7017,o7018,o7019,o702,o7020,o7021,o7022,o7023,o7024,o7025,o7026,o7027,o7028,o7029,o703,o7030,o7031,o7032,o7033,o7034,o7035,o7036,o7037,o7038,o7039,o704,o7040,o7041,o7042,o7043,o7044,o7045,o7046,o7047,o7048,o7049,o705,o7050,o7051,o7052,o7053,o7054,o7055,o7056,o7057,o7058,o7059,o706,o7060,o7061,o7062,o7063,o7064,o7065,o7066,o7067,o7068,o7069,o707,o7070,o7071,o7072,o7073,o7074,o7075,o7076,o7077,o7078,o7079,o708,o7080,o7081,o7082,o7083,o7084,o7085,o7086,o7087,o7088,o7089,o709,o7090,o7091,o7092,o7093,o7094,o7095,o7096,o7097,o7098,o7099,o71,o710,o7100,o7101,o7102,o7103,o7104,o7105,o7106,o7107,o7108,o7109,o711,o7110,o7111,o7112,o7113,o7114,o7115,o7116,o7117,o7118,o7119,o712,o7120,o7121,o7122,o7123,o7124,o7125,o7126,o7127,o7128,o7129,o713,o7130,o7131,o7132,o7133,o7134,o7135,o7136,o7137,o7138,o7139,o714,o7140,o7141,o7142,o7143,o7144,o7145,o7146,o7147,o7148,o7149,o715,o7150,o7151,o7152,o7153,o7154,o7155,o7156,o7157,o7158,o7159,o716,o7160,o7161,o7162,o7163,o7164,o7165,o7166,o7167,o7168,o7169,o717,o7170,o7171,o7172,o7173,o7174,o7175,o7176,o7177,o7178,o7179,o718,o7180,o7181,o7182,o7183,o7184,o7185,o7186,o7187,o7188,o7189,o719,o7190,o7191,o7192,o7193,o7194,o7195,o7196,o7197,o7198,o7199,o72,o720,o7200,o7201,o7202,o7203,o7204,o7205,o7206,o7207,o7208,o7209,o721,o7210,o7211,o7212,o7213,o7214,o7215,o7216,o7217,o7218,o7219,o722,o7220,o7221,o7222,o7223,o7224,o7225,o7226,o7227,o7228,o7229,o723,o7230,o7231,o7232,o7233,o7234,o7235,o7236,o7237,o7238,o7239,o724,o7240,o7241,o7242,o7243,o7244,o7245,o7246,o7247,o7248,o7249,o725,o7250,o7251,o7252,o7253,o7254,o7255,o7256,o7257,o7258,o7259,o726,o7260,o7261,o7262,o7263,o7264,o7265,o7266,o7267,o7268,o7269,o727,o7270,o7271,o7272,o7273,o7274,o7275,o7276,o7277,o7278,o7279,o728,o7280,o7281,o7282,o7283,o7284,o7285,o7286}', $2 = '2026-10-09 22:00:00-07', $3 = '86400', $4 = '2026-10-09 22:00:00-07', $5 = '604800', $6 = '2026-10-09 22:00:00-07', $7 = '86400', $8 = '300', $9 = '2026-10-09 22:00:00-07', $10 = '604800', $11 = '3600', $12 = '86400', $13 = '{o6837,o6838,o6839,o684,o6840,o6841,o6842,o6843,o6844,o6845,o6846,o6847,o6848,o6849,o685,o6850,o6851,o6852,o6853,o6854,o6855,o6856,o6857,o6858,o6859,o686,o6860,o6861,o6862,o6863,o6864,o6865,o6866,o6867,o6868,o6869,o687,o6870,o6871,o6872,o6873,o6874,o6875,o6876,o6877,o6878,o6879,o688,o6880,o6881,o6882,o6883,o6884,o6885,o6886,o6887,o6888,o6889,o689,o6890,o6891,o6892,o6893,o6894,o6895,o6896,o6897,o6898,o6899,o69,o690,o6900,o6901,o6902,o6903,o6904,o6905,o6906,o6907,o6908,o6909,o691,o6910,o6911,o6912,o6913,o6914,o6915,o6916,o6917,o6918,o6919,o692,o6920,o6921,o6922,o6923,o6924,o6925,o6926,o6927,o6928,o6929,o693,o6930,o6931,o6932,o6933,o6934,o6935,o6936,o6937,o6938,o6939,o694,o6940,o6941,o6942,o6943,o6944,o6945,o6946,o6947,o6948,o6949,o695,o6950,o6951,o6952,o6953,o6954,o6955,o6956,o6957,o6958,o6959,o696,o6960,o6961,o6962,o6963,o6964,o6965,o6966,o6967,o6968,o6969,o697,o6970,o6971,o6972,o6973,o6974,o6975,o6976,o6977,o6978,o6979,o698,o6980,o6981,o6982,o6983,o6984,o6985,o6986,o6987,o6988,o6989,o699,o6990,o6991,o6992,o6993,o6994,o6995,o6996,o6997,o6998,o6999,o7,o70,o700,o7000,o7001,o7002,o7003,o7004,o7005,o7006,o7007,o7008,o7009,o701,o7010,o7011,o7012,o7013,o7014,o7015,o7016,o7017,o7018,o7019,o702,o7020,o7021,o7022,o7023,o7024,o7025,o7026,o7027,o7028,o7029,o703,o7030,o7031,o7032,o7033,o7034,o7035,o7036,o7037,o7038,o7039,o704,o7040,o7041,o7042,o7043,o7044,o7045,o7046,o7047,o7048,o7049,o705,o7050,o7051,o7052,o7053,o7054,o7055,o7056,o7057,o7058,o7059,o706,o7060,o7061,o7062,o7063,o7064,o7065,o7066,o7067,o7068,o7069,o707,o7070,o7071,o7072,o7073,o7074,o7075,o7076,o7077,o7078,o7079,o708,o7080,o7081,o7082,o7083,o7084,o7085,o7086,o7087,o7088,o7089,o709,o7090,o7091,o7092,o7093,o7094,o7095,o7096,o7097,o7098,o7099,o71,o710,o7100,o7101,o7102,o7103,o7104,o7105,o7106,o7107,o7108,o7109,o711,o7110,o7111,o7112,o7113,o7114,o7115,o7116,o7117,o7118,o7119,o712,o7120,o7121,o7122,o7123,o7124,o7125,o7126,o7127,o7128,o7129,o713,o7130,o7131,o7132,o7133,o7134,o7135,o7136,o7137,o7138,o7139,o714,o7140,o7141,o7142,o7143,o7144,o7145,o7146,o7147,o7148,o7149,o715,o7150,o7151,o7152,o7153,o7154,o7155,o7156,o7157,o7158,o7159,o716,o7160,o7161,o7162,o7163,o7164,o7165,o7166,o7167,o7168,o7169,o717,o7170,o7171,o7172,o7173,o7174,o7175,o7176,o7177,o7178,o7179,o718,o7180,o7181,o7182,o7183,o7184,o7185,o7186,o7187,o7188,o7189,o719,o7190,o7191,o7192,o7193,o7194,o7195,o7196,o7197,o7198,o7199,o72,o720,o7200,o7201,o7202,o7203,o7204,o7205,o7206,o7207,o7208,o7209,o721,o7210,o7211,o7212,o7213,o7214,o7215,o7216,o7217,o7218,o7219,o722,o7220,o7221,o7222,o7223,o7224,o7225,o7226,o7227,o7228,o7229,o723,o7230,o7231,o7232,o7233,o7234,o7235,o7236,o7237,o7238,o7239,o724,o7240,o7241,o7242,o7243,o7244,o7245,o7246,o7247,o7248,o7249,o725,o7250,o7251,o7252,o7253,o7254,o7255,o7256,o7257,o7258,o7259,o726,o7260,o7261,o7262,o7263,o7264,o7265,o7266,o7267,o7268,o7269,o727,o7270,o7271,o7272,o7273,o7274,o7275,o7276,o7277,o7278,o7279,o728,o7280,o7281,o7282,o7283,o7284,o7285,o7286}', $14 = '102'
	Delete on output_snapshot_history  (cost=411391.28..411409.02 rows=0 width=0) (actual time=1086.963..1086.966 rows=0 loops=1)
	  Buffers: shared hit=38549 read=268568 dirtied=15 written=2, temp read=1223 written=1227
	  WAL: records=6000 bytes=324000
	  ->  Nested Loop  (cost=411391.28..411409.02 rows=1 width=46) (actual time=1063.191..1085.281 rows=6000 loops=1)
	        Buffers: shared hit=32549 read=268568 written=2, temp read=1223 written=1227
	        ->  Unique  (cost=411389.60..411389.61 rows=2 width=56) (actual time=1063.116..1064.619 rows=6000 loops=1)
	              Buffers: shared hit=13823 read=263294, temp read=1223 written=1227
	              ->  Sort  (cost=411389.60..411389.60 rows=2 width=56) (actual time=1063.115..1063.932 rows=6000 loops=1)
	                    Sort Key: ranked.id
	                    Sort Method: quicksort  Memory: 849kB
	                    Buffers: shared hit=13823 read=263294, temp read=1223 written=1227
	                    ->  Subquery Scan on ranked  (cost=380233.84..411389.59 rows=2 width=56) (actual time=770.749..1061.614 rows=6000 loops=1)
	                          Filter: ((ranked.recency > 102) AND (ranked.prev_class = ranked.age_class) AND (ranked.prev_bucket = ranked.bucket))
	                          Rows Removed by Filter: 243925
	                          Buffers: shared hit=13820 read=263294, temp read=1223 written=1227
	                          ->  WindowAgg  (cost=380233.84..407027.78 rows=249246 width=109) (actual time=770.466..1048.920 rows=249925 loops=1)
	                                Buffers: shared hit=13820 read=263294, temp read=1223 written=1227
	                                ->  Sort  (cost=380233.84..380856.95 rows=249246 width=29) (actual time=770.392..793.195 rows=249925 loops=1)
	                                      Sort Key: output_snapshot_history_1.output_id, output_snapshot_history_1.captured_at DESC, output_snapshot_history_1.id DESC
	                                      Sort Method: external merge  Disk: 9784kB
	                                      Buffers: shared hit=13820 read=263294, temp read=1223 written=1227
	                                      ->  Seq Scan on output_snapshot_history output_snapshot_history_1  (cost=1.25..351928.41 rows=249246 width=29) (actual time=5.973..613.215 rows=249925 loops=1)
	                                            Filter: (output_id = ANY ('{o6837,o6838,o6839,o684,o6840,o6841,o6842,o6843,o6844,o6845,o6846,o6847,o6848,o6849,o685,o6850,o6851,o6852,o6853,o6854,o6855,o6856,o6857,o6858,o6859,o686,o6860,o6861,o6862,o6863,o6864,o6865,o6866,o6867,o6868,o6869,o687,o6870,o6871,o6872,o6873,o6874,o6875,o6876,o6877,o6878,o6879,o688,o6880,o6881,o6882,o6883,o6884,o6885,o6886,o6887,o6888,o6889,o689,o6890,o6891,o6892,o6893,o6894,o6895,o6896,o6897,o6898,o6899,o69,o690,o6900,o6901,o6902,o6903,o6904,o6905,o6906,o6907,o6908,o6909,o691,o6910,o6911,o6912,o6913,o6914,o6915,o6916,o6917,o6918,o6919,o692,o6920,o6921,o6922,o6923,o6924,o6925,o6926,o6927,o6928,o6929,o693,o6930,o6931,o6932,o6933,o6934,o6935,o6936,o6937,o6938,o6939,o694,o6940,o6941,o6942,o6943,o6944,o6945,o6946,o6947,o6948,o6949,o695,o6950,o6951,o6952,o6953,o6954,o6955,o6956,o6957,o6958,o6959,o696,o6960,o6961,o6962,o6963,o6964,o6965,o6966,o6967,o6968,o6969,o697,o6970,o6971,o6972,o6973,o6974,o6975,o6976,o6977,o6978,o6979,o698,o6980,o6981,o6982,o6983,o6984,o6985,o6986,o6987,o6988,o6989,o699,o6990,o6991,o6992,o6993,o6994,o6995,o6996,o6997,o6998,o6999,o7,o70,o700,o7000,o7001,o7002,o7003,o7004,o7005,o7006,o7007,o7008,o7009,o701,o7010,o7011,o7012,o7013,o7014,o7015,o7016,o7017,o7018,o7019,o702,o7020,o7021,o7022,o7023,o7024,o7025,o7026,o7027,o7028,o7029,o703,o7030,o7031,o7032,o7033,o7034,o7035,o7036,o7037,o7038,o7039,o704,o7040,o7041,o7042,o7043,o7044,o7045,o7046,o7047,o7048,o7049,o705,o7050,o7051,o7052,o7053,o7054,o7055,o7056,o7057,o7058,o7059,o706,o7060,o7061,o7062,o7063,o7064,o7065,o7066,o7067,o7068,o7069,o707,o7070,o7071,o7072,o7073,o7074,o7075,o7076,o7077,o7078,o7079,o708,o7080,o7081,o7082,o7083,o7084,o7085,o7086,o7087,o7088,o7089,o709,o7090,o7091,o7092,o7093,o7094,o7095,o7096,o7097,o7098,o7099,o71,o710,o7100,o7101,o7102,o7103,o7104,o7105,o7106,o7107,o7108,o7109,o711,o7110,o7111,o7112,o7113,o7114,o7115,o7116,o7117,o7118,o7119,o712,o7120,o7121,o7122,o7123,o7124,o7125,o7126,o7127,o7128,o7129,o713,o7130,o7131,o7132,o7133,o7134,o7135,o7136,o7137,o7138,o7139,o714,o7140,o7141,o7142,o7143,o7144,o7145,o7146,o7147,o7148,o7149,o715,o7150,o7151,o7152,o7153,o7154,o7155,o7156,o7157,o7158,o7159,o716,o7160,o7161,o7162,o7163,o7164,o7165,o7166,o7167,o7168,o7169,o717,o7170,o7171,o7172,o7173,o7174,o7175,o7176,o7177,o7178,o7179,o718,o7180,o7181,o7182,o7183,o7184,o7185,o7186,o7187,o7188,o7189,o719,o7190,o7191,o7192,o7193,o7194,o7195,o7196,o7197,o7198,o7199,o72,o720,o7200,o7201,o7202,o7203,o7204,o7205,o7206,o7207,o7208,o7209,o721,o7210,o7211,o7212,o7213,o7214,o7215,o7216,o7217,o7218,o7219,o722,o7220,o7221,o7222,o7223,o7224,o7225,o7226,o7227,o7228,o7229,o723,o7230,o7231,o7232,o7233,o7234,o7235,o7236,o7237,o7238,o7239,o724,o7240,o7241,o7242,o7243,o7244,o7245,o7246,o7247,o7248,o7249,o725,o7250,o7251,o7252,o7253,o7254,o7255,o7256,o7257,o7258,o7259,o726,o7260,o7261,o7262,o7263,o7264,o7265,o7266,o7267,o7268,o7269,o727,o7270,o7271,o7272,o7273,o7274,o7275,o7276,o7277,o7278,o7279,o728,o7280,o7281,o7282,o7283,o7284,o7285,o7286}'::text[]))
	                                            Rows Removed by Filter: 4736700
	                                            Buffers: shared hit=13814 read=263294
	        ->  Index Scan using output_snapshot_history_pkey on output_snapshot_history  (cost=1.68..9.71 rows=1 width=22) (actual time=0.003..0.003 rows=1 loops=6000)
	              Index Cond: (id = ranked.id)
	              Filter: (output_id = ANY ('{o6837,o6838,o6839,o684,o6840,o6841,o6842,o6843,o6844,o6845,o6846,o6847,o6848,o6849,o685,o6850,o6851,o6852,o6853,o6854,o6855,o6856,o6857,o6858,o6859,o686,o6860,o6861,o6862,o6863,o6864,o6865,o6866,o6867,o6868,o6869,o687,o6870,o6871,o6872,o6873,o6874,o6875,o6876,o6877,o6878,o6879,o688,o6880,o6881,o6882,o6883,o6884,o6885,o6886,o6887,o6888,o6889,o689,o6890,o6891,o6892,o6893,o6894,o6895,o6896,o6897,o6898,o6899,o69,o690,o6900,o6901,o6902,o6903,o6904,o6905,o6906,o6907,o6908,o6909,o691,o6910,o6911,o6912,o6913,o6914,o6915,o6916,o6917,o6918,o6919,o692,o6920,o6921,o6922,o6923,o6924,o6925,o6926,o6927,o6928,o6929,o693,o6930,o6931,o6932,o6933,o6934,o6935,o6936,o6937,o6938,o6939,o694,o6940,o6941,o6942,o6943,o6944,o6945,o6946,o6947,o6948,o6949,o695,o6950,o6951,o6952,o6953,o6954,o6955,o6956,o6957,o6958,o6959,o696,o6960,o6961,o6962,o6963,o6964,o6965,o6966,o6967,o6968,o6969,o697,o6970,o6971,o6972,o6973,o6974,o6975,o6976,o6977,o6978,o6979,o698,o6980,o6981,o6982,o6983,o6984,o6985,o6986,o6987,o6988,o6989,o699,o6990,o6991,o6992,o6993,o6994,o6995,o6996,o6997,o6998,o6999,o7,o70,o700,o7000,o7001,o7002,o7003,o7004,o7005,o7006,o7007,o7008,o7009,o701,o7010,o7011,o7012,o7013,o7014,o7015,o7016,o7017,o7018,o7019,o702,o7020,o7021,o7022,o7023,o7024,o7025,o7026,o7027,o7028,o7029,o703,o7030,o7031,o7032,o7033,o7034,o7035,o7036,o7037,o7038,o7039,o704,o7040,o7041,o7042,o7043,o7044,o7045,o7046,o7047,o7048,o7049,o705,o7050,o7051,o7052,o7053,o7054,o7055,o7056,o7057,o7058,o7059,o706,o7060,o7061,o7062,o7063,o7064,o7065,o7066,o7067,o7068,o7069,o707,o7070,o7071,o7072,o7073,o7074,o7075,o7076,o7077,o7078,o7079,o708,o7080,o7081,o7082,o7083,o7084,o7085,o7086,o7087,o7088,o7089,o709,o7090,o7091,o7092,o7093,o7094,o7095,o7096,o7097,o7098,o7099,o71,o710,o7100,o7101,o7102,o7103,o7104,o7105,o7106,o7107,o7108,o7109,o711,o7110,o7111,o7112,o7113,o7114,o7115,o7116,o7117,o7118,o7119,o712,o7120,o7121,o7122,o7123,o7124,o7125,o7126,o7127,o7128,o7129,o713,o7130,o7131,o7132,o7133,o7134,o7135,o7136,o7137,o7138,o7139,o714,o7140,o7141,o7142,o7143,o7144,o7145,o7146,o7147,o7148,o7149,o715,o7150,o7151,o7152,o7153,o7154,o7155,o7156,o7157,o7158,o7159,o716,o7160,o7161,o7162,o7163,o7164,o7165,o7166,o7167,o7168,o7169,o717,o7170,o7171,o7172,o7173,o7174,o7175,o7176,o7177,o7178,o7179,o718,o7180,o7181,o7182,o7183,o7184,o7185,o7186,o7187,o7188,o7189,o719,o7190,o7191,o7192,o7193,o7194,o7195,o7196,o7197,o7198,o7199,o72,o720,o7200,o7201,o7202,o7203,o7204,o7205,o7206,o7207,o7208,o7209,o721,o7210,o7211,o7212,o7213,o7214,o7215,o7216,o7217,o7218,o7219,o722,o7220,o7221,o7222,o7223,o7224,o7225,o7226,o7227,o7228,o7229,o723,o7230,o7231,o7232,o7233,o7234,o7235,o7236,o7237,o7238,o7239,o724,o7240,o7241,o7242,o7243,o7244,o7245,o7246,o7247,o7248,o7249,o725,o7250,o7251,o7252,o7253,o7254,o7255,o7256,o7257,o7258,o7259,o726,o7260,o7261,o7262,o7263,o7264,o7265,o7266,o7267,o7268,o7269,o727,o7270,o7271,o7272,o7273,o7274,o7275,o7276,o7277,o7278,o7279,o728,o7280,o7281,o7282,o7283,o7284,o7285,o7286}'::text[]))
	              Buffers: shared hit=18726 read=5274 written=2
	JIT:
	  Functions: 24
	  Options: Inlining false, Optimization false, Expressions true, Deforming true
	  Timing: Generation 0.678 ms, Inlining 0.000 ms, Optimization 0.302 ms, Emission 5.677 ms, Total 6.656 ms
2026-10-10 05:27:05.412 UTC [30758] hel1435-S2-desktop-R250000-b13-explain-r2 LOG:  temporary file: path "base/pgsql_tmp/pgsql_tmp30758.0", size 10018816
2026-10-10 05:27:05.412 UTC [30758] hel1435-S2-desktop-R250000-b13-explain-r2 STATEMENT:  DELETE FROM output_snapshot_history WHERE output_id = ANY($1) AND id IN (
	             SELECT id FROM (
	               SELECT id, age_class, bucket,
	                      row_number() OVER w AS recency,
	                      lag(age_class) OVER w AS prev_class,
	                      lag(bucket) OVER w AS prev_bucket
	               FROM (
	                 SELECT id, output_id, captured_at,
	                        CASE WHEN extract(epoch FROM ($2::timestamptz - captured_at)) < $3 THEN 0
	                             WHEN extract(epoch FROM ($4::timestamptz - captured_at)) < $5 THEN 1
	                             ELSE 2 END AS age_class,
	                        floor(extract(epoch FROM captured_at) /
	                          CASE WHEN extract(epoch FROM ($6::timestamptz - captured_at)) < $7 THEN $8
	                               WHEN extract(epoch FROM ($9::timestamptz - captured_at)) < $10 THEN $11
	                               ELSE $12 END) AS bucket
	                 FROM output_snapshot_history
	                 WHERE output_id = ANY($13)
	               ) classed
	               WINDOW w AS (PARTITION BY output_id ORDER BY captured_at DESC, id DESC)
	             ) ranked
	             WHERE recency > $14 AND prev_class = age_class AND prev_bucket = bucket)
2026-10-10 05:27:05.595 UTC [30760] hel1435-S2-desktop-R250000-b13-explain-r3 LOG:  duration: 81.256 ms  plan:
	Query Text: DELETE FROM output_snapshot_history h
	             USING pipelines p, users u
	             WHERE h.output_id = ANY($1) AND h.captured_at < $2
	               AND h.pipeline_id = p.id AND p.owner_id = u.id
	               AND h.captured_at < COALESCE(($3::timestamptz[])[array_position($4::text[], u.tier)], $5)
	Query Parameters: $1 = '{o6837,o6838,o6839,o684,o6840,o6841,o6842,o6843,o6844,o6845,o6846,o6847,o6848,o6849,o685,o6850,o6851,o6852,o6853,o6854,o6855,o6856,o6857,o6858,o6859,o686,o6860,o6861,o6862,o6863,o6864,o6865,o6866,o6867,o6868,o6869,o687,o6870,o6871,o6872,o6873,o6874,o6875,o6876,o6877,o6878,o6879,o688,o6880,o6881,o6882,o6883,o6884,o6885,o6886,o6887,o6888,o6889,o689,o6890,o6891,o6892,o6893,o6894,o6895,o6896,o6897,o6898,o6899,o69,o690,o6900,o6901,o6902,o6903,o6904,o6905,o6906,o6907,o6908,o6909,o691,o6910,o6911,o6912,o6913,o6914,o6915,o6916,o6917,o6918,o6919,o692,o6920,o6921,o6922,o6923,o6924,o6925,o6926,o6927,o6928,o6929,o693,o6930,o6931,o6932,o6933,o6934,o6935,o6936,o6937,o6938,o6939,o694,o6940,o6941,o6942,o6943,o6944,o6945,o6946,o6947,o6948,o6949,o695,o6950,o6951,o6952,o6953,o6954,o6955,o6956,o6957,o6958,o6959,o696,o6960,o6961,o6962,o6963,o6964,o6965,o6966,o6967,o6968,o6969,o697,o6970,o6971,o6972,o6973,o6974,o6975,o6976,o6977,o6978,o6979,o698,o6980,o6981,o6982,o6983,o6984,o6985,o6986,o6987,o6988,o6989,o699,o6990,o6991,o6992,o6993,o6994,o6995,o6996,o6997,o6998,o6999,o7,o70,o700,o7000,o7001,o7002,o7003,o7004,o7005,o7006,o7007,o7008,o7009,o701,o7010,o7011,o7012,o7013,o7014,o7015,o7016,o7017,o7018,o7019,o702,o7020,o7021,o7022,o7023,o7024,o7025,o7026,o7027,o7028,o7029,o703,o7030,o7031,o7032,o7033,o7034,o7035,o7036,o7037,o7038,o7039,o704,o7040,o7041,o7042,o7043,o7044,o7045,o7046,o7047,o7048,o7049,o705,o7050,o7051,o7052,o7053,o7054,o7055,o7056,o7057,o7058,o7059,o706,o7060,o7061,o7062,o7063,o7064,o7065,o7066,o7067,o7068,o7069,o707,o7070,o7071,o7072,o7073,o7074,o7075,o7076,o7077,o7078,o7079,o708,o7080,o7081,o7082,o7083,o7084,o7085,o7086,o7087,o7088,o7089,o709,o7090,o7091,o7092,o7093,o7094,o7095,o7096,o7097,o7098,o7099,o71,o710,o7100,o7101,o7102,o7103,o7104,o7105,o7106,o7107,o7108,o7109,o711,o7110,o7111,o7112,o7113,o7114,o7115,o7116,o7117,o7118,o7119,o712,o7120,o7121,o7122,o7123,o7124,o7125,o7126,o7127,o7128,o7129,o713,o7130,o7131,o7132,o7133,o7134,o7135,o7136,o7137,o7138,o7139,o714,o7140,o7141,o7142,o7143,o7144,o7145,o7146,o7147,o7148,o7149,o715,o7150,o7151,o7152,o7153,o7154,o7155,o7156,o7157,o7158,o7159,o716,o7160,o7161,o7162,o7163,o7164,o7165,o7166,o7167,o7168,o7169,o717,o7170,o7171,o7172,o7173,o7174,o7175,o7176,o7177,o7178,o7179,o718,o7180,o7181,o7182,o7183,o7184,o7185,o7186,o7187,o7188,o7189,o719,o7190,o7191,o7192,o7193,o7194,o7195,o7196,o7197,o7198,o7199,o72,o720,o7200,o7201,o7202,o7203,o7204,o7205,o7206,o7207,o7208,o7209,o721,o7210,o7211,o7212,o7213,o7214,o7215,o7216,o7217,o7218,o7219,o722,o7220,o7221,o7222,o7223,o7224,o7225,o7226,o7227,o7228,o7229,o723,o7230,o7231,o7232,o7233,o7234,o7235,o7236,o7237,o7238,o7239,o724,o7240,o7241,o7242,o7243,o7244,o7245,o7246,o7247,o7248,o7249,o725,o7250,o7251,o7252,o7253,o7254,o7255,o7256,o7257,o7258,o7259,o726,o7260,o7261,o7262,o7263,o7264,o7265,o7266,o7267,o7268,o7269,o727,o7270,o7271,o7272,o7273,o7274,o7275,o7276,o7277,o7278,o7279,o728,o7280,o7281,o7282,o7283,o7284,o7285,o7286}', $2 = '2026-09-09 22:00:00-07', $3 = '{"2026-09-09 22:00:00-07","2026-07-11 22:00:00-07","2025-10-09 22:00:00-07"}', $4 = '{free,beta,owner}', $5 = '2026-09-09 22:00:00-07'
	Delete on output_snapshot_history h  (cost=170.21..25415.26 rows=0 width=0) (actual time=81.252..81.255 rows=0 loops=1)
	  Buffers: shared hit=27 read=17964 dirtied=1
	  WAL: records=23 bytes=1242
	  ->  Hash Join  (cost=170.21..25415.26 rows=5151 width=18) (actual time=37.301..81.227 rows=23 loops=1)
	        Hash Cond: (p.owner_id = u.id)
	        Join Filter: (h.captured_at < COALESCE(('{"2026-09-09 22:00:00-07","2026-07-11 22:00:00-07","2025-10-09 22:00:00-07"}'::timestamp with time zone[])[array_position('{free,beta,owner}'::text[], u.tier)], '2026-09-09 22:00:00-07'::timestamp with time zone))
	        Rows Removed by Join Filter: 16425
	        Buffers: shared hit=4 read=17964
	        ->  Hash Join  (cost=111.70..25316.14 rows=15454 width=36) (actual time=0.806..78.240 rows=16448 loops=1)
	              Hash Cond: (h.pipeline_id = p.id)
	              Buffers: shared hit=4 read=17943
	              ->  Index Scan using idx_output_snapshot_history_captured_at on output_snapshot_history h  (cost=1.68..25165.49 rows=15459 width=19) (actual time=0.043..75.496 rows=16448 loops=1)
	                    Index Cond: (captured_at < '2026-09-09 22:00:00-07'::timestamp with time zone)
	                    Filter: (output_id = ANY ('{o6837,o6838,o6839,o684,o6840,o6841,o6842,o6843,o6844,o6845,o6846,o6847,o6848,o6849,o685,o6850,o6851,o6852,o6853,o6854,o6855,o6856,o6857,o6858,o6859,o686,o6860,o6861,o6862,o6863,o6864,o6865,o6866,o6867,o6868,o6869,o687,o6870,o6871,o6872,o6873,o6874,o6875,o6876,o6877,o6878,o6879,o688,o6880,o6881,o6882,o6883,o6884,o6885,o6886,o6887,o6888,o6889,o689,o6890,o6891,o6892,o6893,o6894,o6895,o6896,o6897,o6898,o6899,o69,o690,o6900,o6901,o6902,o6903,o6904,o6905,o6906,o6907,o6908,o6909,o691,o6910,o6911,o6912,o6913,o6914,o6915,o6916,o6917,o6918,o6919,o692,o6920,o6921,o6922,o6923,o6924,o6925,o6926,o6927,o6928,o6929,o693,o6930,o6931,o6932,o6933,o6934,o6935,o6936,o6937,o6938,o6939,o694,o6940,o6941,o6942,o6943,o6944,o6945,o6946,o6947,o6948,o6949,o695,o6950,o6951,o6952,o6953,o6954,o6955,o6956,o6957,o6958,o6959,o696,o6960,o6961,o6962,o6963,o6964,o6965,o6966,o6967,o6968,o6969,o697,o6970,o6971,o6972,o6973,o6974,o6975,o6976,o6977,o6978,o6979,o698,o6980,o6981,o6982,o6983,o6984,o6985,o6986,o6987,o6988,o6989,o699,o6990,o6991,o6992,o6993,o6994,o6995,o6996,o6997,o6998,o6999,o7,o70,o700,o7000,o7001,o7002,o7003,o7004,o7005,o7006,o7007,o7008,o7009,o701,o7010,o7011,o7012,o7013,o7014,o7015,o7016,o7017,o7018,o7019,o702,o7020,o7021,o7022,o7023,o7024,o7025,o7026,o7027,o7028,o7029,o703,o7030,o7031,o7032,o7033,o7034,o7035,o7036,o7037,o7038,o7039,o704,o7040,o7041,o7042,o7043,o7044,o7045,o7046,o7047,o7048,o7049,o705,o7050,o7051,o7052,o7053,o7054,o7055,o7056,o7057,o7058,o7059,o706,o7060,o7061,o7062,o7063,o7064,o7065,o7066,o7067,o7068,o7069,o707,o7070,o7071,o7072,o7073,o7074,o7075,o7076,o7077,o7078,o7079,o708,o7080,o7081,o7082,o7083,o7084,o7085,o7086,o7087,o7088,o7089,o709,o7090,o7091,o7092,o7093,o7094,o7095,o7096,o7097,o7098,o7099,o71,o710,o7100,o7101,o7102,o7103,o7104,o7105,o7106,o7107,o7108,o7109,o711,o7110,o7111,o7112,o7113,o7114,o7115,o7116,o7117,o7118,o7119,o712,o7120,o7121,o7122,o7123,o7124,o7125,o7126,o7127,o7128,o7129,o713,o7130,o7131,o7132,o7133,o7134,o7135,o7136,o7137,o7138,o7139,o714,o7140,o7141,o7142,o7143,o7144,o7145,o7146,o7147,o7148,o7149,o715,o7150,o7151,o7152,o7153,o7154,o7155,o7156,o7157,o7158,o7159,o716,o7160,o7161,o7162,o7163,o7164,o7165,o7166,o7167,o7168,o7169,o717,o7170,o7171,o7172,o7173,o7174,o7175,o7176,o7177,o7178,o7179,o718,o7180,o7181,o7182,o7183,o7184,o7185,o7186,o7187,o7188,o7189,o719,o7190,o7191,o7192,o7193,o7194,o7195,o7196,o7197,o7198,o7199,o72,o720,o7200,o7201,o7202,o7203,o7204,o7205,o7206,o7207,o7208,o7209,o721,o7210,o7211,o7212,o7213,o7214,o7215,o7216,o7217,o7218,o7219,o722,o7220,o7221,o7222,o7223,o7224,o7225,o7226,o7227,o7228,o7229,o723,o7230,o7231,o7232,o7233,o7234,o7235,o7236,o7237,o7238,o7239,o724,o7240,o7241,o7242,o7243,o7244,o7245,o7246,o7247,o7248,o7249,o725,o7250,o7251,o7252,o7253,o7254,o7255,o7256,o7257,o7258,o7259,o726,o7260,o7261,o7262,o7263,o7264,o7265,o7266,o7267,o7268,o7269,o727,o7270,o7271,o7272,o7273,o7274,o7275,o7276,o7277,o7278,o7279,o728,o7280,o7281,o7282,o7283,o7284,o7285,o7286}'::text[]))
	                    Rows Removed by Filter: 300200
	                    Buffers: shared hit=4 read=17908
	              ->  Hash  (cost=68.34..68.34 rows=3334 width=27) (actual time=0.748..0.749 rows=3334 loops=1)
	                    Buckets: 4096  Batches: 1  Memory Usage: 227kB
	                    Buffers: shared read=35
	                    ->  Seq Scan on pipelines p  (cost=0.00..68.34 rows=3334 width=27) (actual time=0.004..0.356 rows=3334 loops=1)
	                          Buffers: shared read=35
	        ->  Hash  (cost=37.67..37.67 rows=1667 width=27) (actual time=0.296..0.297 rows=1667 loops=1)
	              Buckets: 2048  Batches: 1  Memory Usage: 113kB
	              Buffers: shared read=21
	              ->  Seq Scan on users u  (cost=0.00..37.67 rows=1667 width=27) (actual time=0.006..0.159 rows=1667 loops=1)
	                    Buffers: shared read=21
2026-10-10 05:27:06.790 UTC [30760] hel1435-S2-desktop-R250000-b13-explain-r3 LOG:  duration: 1180.327 ms  plan:
	Query Text: DELETE FROM output_snapshot_history WHERE output_id = ANY($1) AND id IN (
	             SELECT id FROM (
	               SELECT id, age_class, bucket,
	                      row_number() OVER w AS recency,
	                      lag(age_class) OVER w AS prev_class,
	                      lag(bucket) OVER w AS prev_bucket
	               FROM (
	                 SELECT id, output_id, captured_at,
	                        CASE WHEN extract(epoch FROM ($2::timestamptz - captured_at)) < $3 THEN 0
	                             WHEN extract(epoch FROM ($4::timestamptz - captured_at)) < $5 THEN 1
	                             ELSE 2 END AS age_class,
	                        floor(extract(epoch FROM captured_at) /
	                          CASE WHEN extract(epoch FROM ($6::timestamptz - captured_at)) < $7 THEN $8
	                               WHEN extract(epoch FROM ($9::timestamptz - captured_at)) < $10 THEN $11
	                               ELSE $12 END) AS bucket
	                 FROM output_snapshot_history
	                 WHERE output_id = ANY($13)
	               ) classed
	               WINDOW w AS (PARTITION BY output_id ORDER BY captured_at DESC, id DESC)
	             ) ranked
	             WHERE recency > $14 AND prev_class = age_class AND prev_bucket = bucket)
	Query Parameters: $1 = '{o6837,o6838,o6839,o684,o6840,o6841,o6842,o6843,o6844,o6845,o6846,o6847,o6848,o6849,o685,o6850,o6851,o6852,o6853,o6854,o6855,o6856,o6857,o6858,o6859,o686,o6860,o6861,o6862,o6863,o6864,o6865,o6866,o6867,o6868,o6869,o687,o6870,o6871,o6872,o6873,o6874,o6875,o6876,o6877,o6878,o6879,o688,o6880,o6881,o6882,o6883,o6884,o6885,o6886,o6887,o6888,o6889,o689,o6890,o6891,o6892,o6893,o6894,o6895,o6896,o6897,o6898,o6899,o69,o690,o6900,o6901,o6902,o6903,o6904,o6905,o6906,o6907,o6908,o6909,o691,o6910,o6911,o6912,o6913,o6914,o6915,o6916,o6917,o6918,o6919,o692,o6920,o6921,o6922,o6923,o6924,o6925,o6926,o6927,o6928,o6929,o693,o6930,o6931,o6932,o6933,o6934,o6935,o6936,o6937,o6938,o6939,o694,o6940,o6941,o6942,o6943,o6944,o6945,o6946,o6947,o6948,o6949,o695,o6950,o6951,o6952,o6953,o6954,o6955,o6956,o6957,o6958,o6959,o696,o6960,o6961,o6962,o6963,o6964,o6965,o6966,o6967,o6968,o6969,o697,o6970,o6971,o6972,o6973,o6974,o6975,o6976,o6977,o6978,o6979,o698,o6980,o6981,o6982,o6983,o6984,o6985,o6986,o6987,o6988,o6989,o699,o6990,o6991,o6992,o6993,o6994,o6995,o6996,o6997,o6998,o6999,o7,o70,o700,o7000,o7001,o7002,o7003,o7004,o7005,o7006,o7007,o7008,o7009,o701,o7010,o7011,o7012,o7013,o7014,o7015,o7016,o7017,o7018,o7019,o702,o7020,o7021,o7022,o7023,o7024,o7025,o7026,o7027,o7028,o7029,o703,o7030,o7031,o7032,o7033,o7034,o7035,o7036,o7037,o7038,o7039,o704,o7040,o7041,o7042,o7043,o7044,o7045,o7046,o7047,o7048,o7049,o705,o7050,o7051,o7052,o7053,o7054,o7055,o7056,o7057,o7058,o7059,o706,o7060,o7061,o7062,o7063,o7064,o7065,o7066,o7067,o7068,o7069,o707,o7070,o7071,o7072,o7073,o7074,o7075,o7076,o7077,o7078,o7079,o708,o7080,o7081,o7082,o7083,o7084,o7085,o7086,o7087,o7088,o7089,o709,o7090,o7091,o7092,o7093,o7094,o7095,o7096,o7097,o7098,o7099,o71,o710,o7100,o7101,o7102,o7103,o7104,o7105,o7106,o7107,o7108,o7109,o711,o7110,o7111,o7112,o7113,o7114,o7115,o7116,o7117,o7118,o7119,o712,o7120,o7121,o7122,o7123,o7124,o7125,o7126,o7127,o7128,o7129,o713,o7130,o7131,o7132,o7133,o7134,o7135,o7136,o7137,o7138,o7139,o714,o7140,o7141,o7142,o7143,o7144,o7145,o7146,o7147,o7148,o7149,o715,o7150,o7151,o7152,o7153,o7154,o7155,o7156,o7157,o7158,o7159,o716,o7160,o7161,o7162,o7163,o7164,o7165,o7166,o7167,o7168,o7169,o717,o7170,o7171,o7172,o7173,o7174,o7175,o7176,o7177,o7178,o7179,o718,o7180,o7181,o7182,o7183,o7184,o7185,o7186,o7187,o7188,o7189,o719,o7190,o7191,o7192,o7193,o7194,o7195,o7196,o7197,o7198,o7199,o72,o720,o7200,o7201,o7202,o7203,o7204,o7205,o7206,o7207,o7208,o7209,o721,o7210,o7211,o7212,o7213,o7214,o7215,o7216,o7217,o7218,o7219,o722,o7220,o7221,o7222,o7223,o7224,o7225,o7226,o7227,o7228,o7229,o723,o7230,o7231,o7232,o7233,o7234,o7235,o7236,o7237,o7238,o7239,o724,o7240,o7241,o7242,o7243,o7244,o7245,o7246,o7247,o7248,o7249,o725,o7250,o7251,o7252,o7253,o7254,o7255,o7256,o7257,o7258,o7259,o726,o7260,o7261,o7262,o7263,o7264,o7265,o7266,o7267,o7268,o7269,o727,o7270,o7271,o7272,o7273,o7274,o7275,o7276,o7277,o7278,o7279,o728,o7280,o7281,o7282,o7283,o7284,o7285,o7286}', $2 = '2026-10-09 22:00:00-07', $3 = '86400', $4 = '2026-10-09 22:00:00-07', $5 = '604800', $6 = '2026-10-09 22:00:00-07', $7 = '86400', $8 = '300', $9 = '2026-10-09 22:00:00-07', $10 = '604800', $11 = '3600', $12 = '86400', $13 = '{o6837,o6838,o6839,o684,o6840,o6841,o6842,o6843,o6844,o6845,o6846,o6847,o6848,o6849,o685,o6850,o6851,o6852,o6853,o6854,o6855,o6856,o6857,o6858,o6859,o686,o6860,o6861,o6862,o6863,o6864,o6865,o6866,o6867,o6868,o6869,o687,o6870,o6871,o6872,o6873,o6874,o6875,o6876,o6877,o6878,o6879,o688,o6880,o6881,o6882,o6883,o6884,o6885,o6886,o6887,o6888,o6889,o689,o6890,o6891,o6892,o6893,o6894,o6895,o6896,o6897,o6898,o6899,o69,o690,o6900,o6901,o6902,o6903,o6904,o6905,o6906,o6907,o6908,o6909,o691,o6910,o6911,o6912,o6913,o6914,o6915,o6916,o6917,o6918,o6919,o692,o6920,o6921,o6922,o6923,o6924,o6925,o6926,o6927,o6928,o6929,o693,o6930,o6931,o6932,o6933,o6934,o6935,o6936,o6937,o6938,o6939,o694,o6940,o6941,o6942,o6943,o6944,o6945,o6946,o6947,o6948,o6949,o695,o6950,o6951,o6952,o6953,o6954,o6955,o6956,o6957,o6958,o6959,o696,o6960,o6961,o6962,o6963,o6964,o6965,o6966,o6967,o6968,o6969,o697,o6970,o6971,o6972,o6973,o6974,o6975,o6976,o6977,o6978,o6979,o698,o6980,o6981,o6982,o6983,o6984,o6985,o6986,o6987,o6988,o6989,o699,o6990,o6991,o6992,o6993,o6994,o6995,o6996,o6997,o6998,o6999,o7,o70,o700,o7000,o7001,o7002,o7003,o7004,o7005,o7006,o7007,o7008,o7009,o701,o7010,o7011,o7012,o7013,o7014,o7015,o7016,o7017,o7018,o7019,o702,o7020,o7021,o7022,o7023,o7024,o7025,o7026,o7027,o7028,o7029,o703,o7030,o7031,o7032,o7033,o7034,o7035,o7036,o7037,o7038,o7039,o704,o7040,o7041,o7042,o7043,o7044,o7045,o7046,o7047,o7048,o7049,o705,o7050,o7051,o7052,o7053,o7054,o7055,o7056,o7057,o7058,o7059,o706,o7060,o7061,o7062,o7063,o7064,o7065,o7066,o7067,o7068,o7069,o707,o7070,o7071,o7072,o7073,o7074,o7075,o7076,o7077,o7078,o7079,o708,o7080,o7081,o7082,o7083,o7084,o7085,o7086,o7087,o7088,o7089,o709,o7090,o7091,o7092,o7093,o7094,o7095,o7096,o7097,o7098,o7099,o71,o710,o7100,o7101,o7102,o7103,o7104,o7105,o7106,o7107,o7108,o7109,o711,o7110,o7111,o7112,o7113,o7114,o7115,o7116,o7117,o7118,o7119,o712,o7120,o7121,o7122,o7123,o7124,o7125,o7126,o7127,o7128,o7129,o713,o7130,o7131,o7132,o7133,o7134,o7135,o7136,o7137,o7138,o7139,o714,o7140,o7141,o7142,o7143,o7144,o7145,o7146,o7147,o7148,o7149,o715,o7150,o7151,o7152,o7153,o7154,o7155,o7156,o7157,o7158,o7159,o716,o7160,o7161,o7162,o7163,o7164,o7165,o7166,o7167,o7168,o7169,o717,o7170,o7171,o7172,o7173,o7174,o7175,o7176,o7177,o7178,o7179,o718,o7180,o7181,o7182,o7183,o7184,o7185,o7186,o7187,o7188,o7189,o719,o7190,o7191,o7192,o7193,o7194,o7195,o7196,o7197,o7198,o7199,o72,o720,o7200,o7201,o7202,o7203,o7204,o7205,o7206,o7207,o7208,o7209,o721,o7210,o7211,o7212,o7213,o7214,o7215,o7216,o7217,o7218,o7219,o722,o7220,o7221,o7222,o7223,o7224,o7225,o7226,o7227,o7228,o7229,o723,o7230,o7231,o7232,o7233,o7234,o7235,o7236,o7237,o7238,o7239,o724,o7240,o7241,o7242,o7243,o7244,o7245,o7246,o7247,o7248,o7249,o725,o7250,o7251,o7252,o7253,o7254,o7255,o7256,o7257,o7258,o7259,o726,o7260,o7261,o7262,o7263,o7264,o7265,o7266,o7267,o7268,o7269,o727,o7270,o7271,o7272,o7273,o7274,o7275,o7276,o7277,o7278,o7279,o728,o7280,o7281,o7282,o7283,o7284,o7285,o7286}', $14 = '102'
	Delete on output_snapshot_history  (cost=411391.28..411409.02 rows=0 width=0) (actual time=1180.323..1180.326 rows=0 loops=1)
	  Buffers: shared hit=38503 read=268614 dirtied=7 written=4, temp read=1223 written=1227
	  WAL: records=6000 bytes=324000
	  ->  Nested Loop  (cost=411391.28..411409.02 rows=1 width=46) (actual time=1149.893..1177.920 rows=6000 loops=1)
	        Buffers: shared hit=32503 read=268614 written=4, temp read=1223 written=1227
	        ->  Unique  (cost=411389.60..411389.61 rows=2 width=56) (actual time=1149.800..1151.738 rows=6000 loops=1)
	              Buffers: shared hit=13824 read=263293, temp read=1223 written=1227
	              ->  Sort  (cost=411389.60..411389.60 rows=2 width=56) (actual time=1149.800..1150.740 rows=6000 loops=1)
	                    Sort Key: ranked.id
	                    Sort Method: quicksort  Memory: 849kB
	                    Buffers: shared hit=13824 read=263293, temp read=1223 written=1227
	                    ->  Subquery Scan on ranked  (cost=380233.84..411389.59 rows=2 width=56) (actual time=813.636..1148.189 rows=6000 loops=1)
	                          Filter: ((ranked.recency > 102) AND (ranked.prev_class = ranked.age_class) AND (ranked.prev_bucket = ranked.bucket))
	                          Rows Removed by Filter: 243925
	                          Buffers: shared hit=13821 read=263293, temp read=1223 written=1227
	                          ->  WindowAgg  (cost=380233.84..407027.78 rows=249246 width=109) (actual time=813.357..1133.917 rows=249925 loops=1)
	                                Buffers: shared hit=13821 read=263293, temp read=1223 written=1227
	                                ->  Sort  (cost=380233.84..380856.95 rows=249246 width=29) (actual time=813.282..838.914 rows=249925 loops=1)
	                                      Sort Key: output_snapshot_history_1.output_id, output_snapshot_history_1.captured_at DESC, output_snapshot_history_1.id DESC
	                                      Sort Method: external merge  Disk: 9784kB
	                                      Buffers: shared hit=13821 read=263293, temp read=1223 written=1227
	                                      ->  Seq Scan on output_snapshot_history output_snapshot_history_1  (cost=1.25..351928.41 rows=249246 width=29) (actual time=6.068..632.446 rows=249925 loops=1)
	                                            Filter: (output_id = ANY ('{o6837,o6838,o6839,o684,o6840,o6841,o6842,o6843,o6844,o6845,o6846,o6847,o6848,o6849,o685,o6850,o6851,o6852,o6853,o6854,o6855,o6856,o6857,o6858,o6859,o686,o6860,o6861,o6862,o6863,o6864,o6865,o6866,o6867,o6868,o6869,o687,o6870,o6871,o6872,o6873,o6874,o6875,o6876,o6877,o6878,o6879,o688,o6880,o6881,o6882,o6883,o6884,o6885,o6886,o6887,o6888,o6889,o689,o6890,o6891,o6892,o6893,o6894,o6895,o6896,o6897,o6898,o6899,o69,o690,o6900,o6901,o6902,o6903,o6904,o6905,o6906,o6907,o6908,o6909,o691,o6910,o6911,o6912,o6913,o6914,o6915,o6916,o6917,o6918,o6919,o692,o6920,o6921,o6922,o6923,o6924,o6925,o6926,o6927,o6928,o6929,o693,o6930,o6931,o6932,o6933,o6934,o6935,o6936,o6937,o6938,o6939,o694,o6940,o6941,o6942,o6943,o6944,o6945,o6946,o6947,o6948,o6949,o695,o6950,o6951,o6952,o6953,o6954,o6955,o6956,o6957,o6958,o6959,o696,o6960,o6961,o6962,o6963,o6964,o6965,o6966,o6967,o6968,o6969,o697,o6970,o6971,o6972,o6973,o6974,o6975,o6976,o6977,o6978,o6979,o698,o6980,o6981,o6982,o6983,o6984,o6985,o6986,o6987,o6988,o6989,o699,o6990,o6991,o6992,o6993,o6994,o6995,o6996,o6997,o6998,o6999,o7,o70,o700,o7000,o7001,o7002,o7003,o7004,o7005,o7006,o7007,o7008,o7009,o701,o7010,o7011,o7012,o7013,o7014,o7015,o7016,o7017,o7018,o7019,o702,o7020,o7021,o7022,o7023,o7024,o7025,o7026,o7027,o7028,o7029,o703,o7030,o7031,o7032,o7033,o7034,o7035,o7036,o7037,o7038,o7039,o704,o7040,o7041,o7042,o7043,o7044,o7045,o7046,o7047,o7048,o7049,o705,o7050,o7051,o7052,o7053,o7054,o7055,o7056,o7057,o7058,o7059,o706,o7060,o7061,o7062,o7063,o7064,o7065,o7066,o7067,o7068,o7069,o707,o7070,o7071,o7072,o7073,o7074,o7075,o7076,o7077,o7078,o7079,o708,o7080,o7081,o7082,o7083,o7084,o7085,o7086,o7087,o7088,o7089,o709,o7090,o7091,o7092,o7093,o7094,o7095,o7096,o7097,o7098,o7099,o71,o710,o7100,o7101,o7102,o7103,o7104,o7105,o7106,o7107,o7108,o7109,o711,o7110,o7111,o7112,o7113,o7114,o7115,o7116,o7117,o7118,o7119,o712,o7120,o7121,o7122,o7123,o7124,o7125,o7126,o7127,o7128,o7129,o713,o7130,o7131,o7132,o7133,o7134,o7135,o7136,o7137,o7138,o7139,o714,o7140,o7141,o7142,o7143,o7144,o7145,o7146,o7147,o7148,o7149,o715,o7150,o7151,o7152,o7153,o7154,o7155,o7156,o7157,o7158,o7159,o716,o7160,o7161,o7162,o7163,o7164,o7165,o7166,o7167,o7168,o7169,o717,o7170,o7171,o7172,o7173,o7174,o7175,o7176,o7177,o7178,o7179,o718,o7180,o7181,o7182,o7183,o7184,o7185,o7186,o7187,o7188,o7189,o719,o7190,o7191,o7192,o7193,o7194,o7195,o7196,o7197,o7198,o7199,o72,o720,o7200,o7201,o7202,o7203,o7204,o7205,o7206,o7207,o7208,o7209,o721,o7210,o7211,o7212,o7213,o7214,o7215,o7216,o7217,o7218,o7219,o722,o7220,o7221,o7222,o7223,o7224,o7225,o7226,o7227,o7228,o7229,o723,o7230,o7231,o7232,o7233,o7234,o7235,o7236,o7237,o7238,o7239,o724,o7240,o7241,o7242,o7243,o7244,o7245,o7246,o7247,o7248,o7249,o725,o7250,o7251,o7252,o7253,o7254,o7255,o7256,o7257,o7258,o7259,o726,o7260,o7261,o7262,o7263,o7264,o7265,o7266,o7267,o7268,o7269,o727,o7270,o7271,o7272,o7273,o7274,o7275,o7276,o7277,o7278,o7279,o728,o7280,o7281,o7282,o7283,o7284,o7285,o7286}'::text[]))
	                                            Rows Removed by Filter: 4736700
	                                            Buffers: shared hit=13815 read=263293
	        ->  Index Scan using output_snapshot_history_pkey on output_snapshot_history  (cost=1.68..9.71 rows=1 width=22) (actual time=0.004..0.004 rows=1 loops=6000)
	              Index Cond: (id = ranked.id)
	              Filter: (output_id = ANY ('{o6837,o6838,o6839,o684,o6840,o6841,o6842,o6843,o6844,o6845,o6846,o6847,o6848,o6849,o685,o6850,o6851,o6852,o6853,o6854,o6855,o6856,o6857,o6858,o6859,o686,o6860,o6861,o6862,o6863,o6864,o6865,o6866,o6867,o6868,o6869,o687,o6870,o6871,o6872,o6873,o6874,o6875,o6876,o6877,o6878,o6879,o688,o6880,o6881,o6882,o6883,o6884,o6885,o6886,o6887,o6888,o6889,o689,o6890,o6891,o6892,o6893,o6894,o6895,o6896,o6897,o6898,o6899,o69,o690,o6900,o6901,o6902,o6903,o6904,o6905,o6906,o6907,o6908,o6909,o691,o6910,o6911,o6912,o6913,o6914,o6915,o6916,o6917,o6918,o6919,o692,o6920,o6921,o6922,o6923,o6924,o6925,o6926,o6927,o6928,o6929,o693,o6930,o6931,o6932,o6933,o6934,o6935,o6936,o6937,o6938,o6939,o694,o6940,o6941,o6942,o6943,o6944,o6945,o6946,o6947,o6948,o6949,o695,o6950,o6951,o6952,o6953,o6954,o6955,o6956,o6957,o6958,o6959,o696,o6960,o6961,o6962,o6963,o6964,o6965,o6966,o6967,o6968,o6969,o697,o6970,o6971,o6972,o6973,o6974,o6975,o6976,o6977,o6978,o6979,o698,o6980,o6981,o6982,o6983,o6984,o6985,o6986,o6987,o6988,o6989,o699,o6990,o6991,o6992,o6993,o6994,o6995,o6996,o6997,o6998,o6999,o7,o70,o700,o7000,o7001,o7002,o7003,o7004,o7005,o7006,o7007,o7008,o7009,o701,o7010,o7011,o7012,o7013,o7014,o7015,o7016,o7017,o7018,o7019,o702,o7020,o7021,o7022,o7023,o7024,o7025,o7026,o7027,o7028,o7029,o703,o7030,o7031,o7032,o7033,o7034,o7035,o7036,o7037,o7038,o7039,o704,o7040,o7041,o7042,o7043,o7044,o7045,o7046,o7047,o7048,o7049,o705,o7050,o7051,o7052,o7053,o7054,o7055,o7056,o7057,o7058,o7059,o706,o7060,o7061,o7062,o7063,o7064,o7065,o7066,o7067,o7068,o7069,o707,o7070,o7071,o7072,o7073,o7074,o7075,o7076,o7077,o7078,o7079,o708,o7080,o7081,o7082,o7083,o7084,o7085,o7086,o7087,o7088,o7089,o709,o7090,o7091,o7092,o7093,o7094,o7095,o7096,o7097,o7098,o7099,o71,o710,o7100,o7101,o7102,o7103,o7104,o7105,o7106,o7107,o7108,o7109,o711,o7110,o7111,o7112,o7113,o7114,o7115,o7116,o7117,o7118,o7119,o712,o7120,o7121,o7122,o7123,o7124,o7125,o7126,o7127,o7128,o7129,o713,o7130,o7131,o7132,o7133,o7134,o7135,o7136,o7137,o7138,o7139,o714,o7140,o7141,o7142,o7143,o7144,o7145,o7146,o7147,o7148,o7149,o715,o7150,o7151,o7152,o7153,o7154,o7155,o7156,o7157,o7158,o7159,o716,o7160,o7161,o7162,o7163,o7164,o7165,o7166,o7167,o7168,o7169,o717,o7170,o7171,o7172,o7173,o7174,o7175,o7176,o7177,o7178,o7179,o718,o7180,o7181,o7182,o7183,o7184,o7185,o7186,o7187,o7188,o7189,o719,o7190,o7191,o7192,o7193,o7194,o7195,o7196,o7197,o7198,o7199,o72,o720,o7200,o7201,o7202,o7203,o7204,o7205,o7206,o7207,o7208,o7209,o721,o7210,o7211,o7212,o7213,o7214,o7215,o7216,o7217,o7218,o7219,o722,o7220,o7221,o7222,o7223,o7224,o7225,o7226,o7227,o7228,o7229,o723,o7230,o7231,o7232,o7233,o7234,o7235,o7236,o7237,o7238,o7239,o724,o7240,o7241,o7242,o7243,o7244,o7245,o7246,o7247,o7248,o7249,o725,o7250,o7251,o7252,o7253,o7254,o7255,o7256,o7257,o7258,o7259,o726,o7260,o7261,o7262,o7263,o7264,o7265,o7266,o7267,o7268,o7269,o727,o7270,o7271,o7272,o7273,o7274,o7275,o7276,o7277,o7278,o7279,o728,o7280,o7281,o7282,o7283,o7284,o7285,o7286}'::text[]))
	              Buffers: shared hit=18679 read=5321 written=4
	JIT:
	  Functions: 24
	  Options: Inlining false, Optimization false, Expressions true, Deforming true
	  Timing: Generation 0.686 ms, Inlining 0.000 ms, Optimization 0.294 ms, Emission 5.786 ms, Total 6.765 ms
2026-10-10 05:27:06.791 UTC [30760] hel1435-S2-desktop-R250000-b13-explain-r3 LOG:  temporary file: path "base/pgsql_tmp/pgsql_tmp30760.0", size 10018816
2026-10-10 05:27:06.791 UTC [30760] hel1435-S2-desktop-R250000-b13-explain-r3 STATEMENT:  DELETE FROM output_snapshot_history WHERE output_id = ANY($1) AND id IN (
	             SELECT id FROM (
	               SELECT id, age_class, bucket,
	                      row_number() OVER w AS recency,
	                      lag(age_class) OVER w AS prev_class,
	                      lag(bucket) OVER w AS prev_bucket
	               FROM (
	                 SELECT id, output_id, captured_at,
	                        CASE WHEN extract(epoch FROM ($2::timestamptz - captured_at)) < $3 THEN 0
	                             WHEN extract(epoch FROM ($4::timestamptz - captured_at)) < $5 THEN 1
	                             ELSE 2 END AS age_class,
	                        floor(extract(epoch FROM captured_at) /
	                          CASE WHEN extract(epoch FROM ($6::timestamptz - captured_at)) < $7 THEN $8
	                               WHEN extract(epoch FROM ($9::timestamptz - captured_at)) < $10 THEN $11
	                               ELSE $12 END) AS bucket
	                 FROM output_snapshot_history
	                 WHERE output_id = ANY($13)
	               ) classed
	               WINDOW w AS (PARTITION BY output_id ORDER BY captured_at DESC, id DESC)
	             ) ranked
	             WHERE recency > $14 AND prev_class = age_class AND prev_bucket = bucket)
2026-10-10 05:27:08.032 UTC [30762] hel1435-S2-desktop-R250000-b13-timed-r1 LOG:  temporary file: path "base/pgsql_tmp/pgsql_tmp30762.0", size 10018816
2026-10-10 05:27:08.032 UTC [30762] hel1435-S2-desktop-R250000-b13-timed-r1 STATEMENT:  DELETE FROM output_snapshot_history WHERE output_id = ANY($1) AND id IN (
	             SELECT id FROM (
	               SELECT id, age_class, bucket,
	                      row_number() OVER w AS recency,
	                      lag(age_class) OVER w AS prev_class,
	                      lag(bucket) OVER w AS prev_bucket
	               FROM (
	                 SELECT id, output_id, captured_at,
	                        CASE WHEN extract(epoch FROM ($2::timestamptz - captured_at)) < $3 THEN 0
	                             WHEN extract(epoch FROM ($4::timestamptz - captured_at)) < $5 THEN 1
	                             ELSE 2 END AS age_class,
	                        floor(extract(epoch FROM captured_at) /
	                          CASE WHEN extract(epoch FROM ($6::timestamptz - captured_at)) < $7 THEN $8
	                               WHEN extract(epoch FROM ($9::timestamptz - captured_at)) < $10 THEN $11
	                               ELSE $12 END) AS bucket
	                 FROM output_snapshot_history
	                 WHERE output_id = ANY($13)
	               ) classed
	               WINDOW w AS (PARTITION BY output_id ORDER BY captured_at DESC, id DESC)
	             ) ranked
	             WHERE recency > $14 AND prev_class = age_class AND prev_bucket = bucket)
2026-10-10 05:27:09.230 UTC [30764] hel1435-S2-desktop-R250000-b13-timed-r2 LOG:  temporary file: path "base/pgsql_tmp/pgsql_tmp30764.0", size 10018816
2026-10-10 05:27:09.230 UTC [30764] hel1435-S2-desktop-R250000-b13-timed-r2 STATEMENT:  DELETE FROM output_snapshot_history WHERE output_id = ANY($1) AND id IN (
	             SELECT id FROM (
	               SELECT id, age_class, bucket,
	                      row_number() OVER w AS recency,
	                      lag(age_class) OVER w AS prev_class,
	                      lag(bucket) OVER w AS prev_bucket
	               FROM (
	                 SELECT id, output_id, captured_at,
	                        CASE WHEN extract(epoch FROM ($2::timestamptz - captured_at)) < $3 THEN 0
	                             WHEN extract(epoch FROM ($4::timestamptz - captured_at)) < $5 THEN 1
	                             ELSE 2 END AS age_class,
	                        floor(extract(epoch FROM captured_at) /
	                          CASE WHEN extract(epoch FROM ($6::timestamptz - captured_at)) < $7 THEN $8
	                               WHEN extract(epoch FROM ($9::timestamptz - captured_at)) < $10 THEN $11
	                               ELSE $12 END) AS bucket
	                 FROM output_snapshot_history
	                 WHERE output_id = ANY($13)
	               ) classed
	               WINDOW w AS (PARTITION BY output_id ORDER BY captured_at DESC, id DESC)
	             ) ranked
	             WHERE recency > $14 AND prev_class = age_class AND prev_bucket = bucket)
2026-10-10 05:27:10.424 UTC [30766] hel1435-S2-desktop-R250000-b13-timed-r3 LOG:  temporary file: path "base/pgsql_tmp/pgsql_tmp30766.0", size 10018816
2026-10-10 05:27:10.424 UTC [30766] hel1435-S2-desktop-R250000-b13-timed-r3 STATEMENT:  DELETE FROM output_snapshot_history WHERE output_id = ANY($1) AND id IN (
	             SELECT id FROM (
	               SELECT id, age_class, bucket,
	                      row_number() OVER w AS recency,
	                      lag(age_class) OVER w AS prev_class,
	                      lag(bucket) OVER w AS prev_bucket
	               FROM (
	                 SELECT id, output_id, captured_at,
	                        CASE WHEN extract(epoch FROM ($2::timestamptz - captured_at)) < $3 THEN 0
	                             WHEN extract(epoch FROM ($4::timestamptz - captured_at)) < $5 THEN 1
	                             ELSE 2 END AS age_class,
	                        floor(extract(epoch FROM captured_at) /
	                          CASE WHEN extract(epoch FROM ($6::timestamptz - captured_at)) < $7 THEN $8
	                               WHEN extract(epoch FROM ($9::timestamptz - captured_at)) < $10 THEN $11
	                               ELSE $12 END) AS bucket
	                 FROM output_snapshot_history
	                 WHERE output_id = ANY($13)
	               ) classed
	               WINDOW w AS (PARTITION BY output_id ORDER BY captured_at DESC, id DESC)
	             ) ranked
	             WHERE recency > $14 AND prev_class = age_class AND prev_bucket = bucket)
2026-10-10 05:27:10.461 UTC [30768] hel1435-S2-desktop-R250000-b20-explain-r1 LOG:  duration: 21.052 ms  plan:
	Query Text: DELETE FROM output_snapshot_history WHERE output_id = ANY($1) AND id IN (
	             SELECT id FROM (
	               SELECT id, age_class, bucket,
	                      row_number() OVER w AS recency,
	                      lag(age_class) OVER w AS prev_class,
	                      lag(bucket) OVER w AS prev_bucket
	               FROM (
	                 SELECT id, output_id, captured_at,
	                        CASE WHEN extract(epoch FROM ($2::timestamptz - captured_at)) < $3 THEN 0
	                             WHEN extract(epoch FROM ($4::timestamptz - captured_at)) < $5 THEN 1
	                             ELSE 2 END AS age_class,
	                        floor(extract(epoch FROM captured_at) /
	                          CASE WHEN extract(epoch FROM ($6::timestamptz - captured_at)) < $7 THEN $8
	                               WHEN extract(epoch FROM ($9::timestamptz - captured_at)) < $10 THEN $11
	                               ELSE $12 END) AS bucket
	                 FROM output_snapshot_history
	                 WHERE output_id = ANY($13)
	               ) classed
	               WINDOW w AS (PARTITION BY output_id ORDER BY captured_at DESC, id DESC)
	             ) ranked
	             WHERE recency > $14 AND prev_class = age_class AND prev_bucket = bucket)
	Query Parameters: $1 = '{o9981,o9982,o9983,o9984,o9985,o9986,o9987,o9988,o9989,o999,o9990,o9991,o9992,o9993,o9994,o9995,o9996,o9997,o9998,o9999}', $2 = '2026-10-09 22:00:00-07', $3 = '86400', $4 = '2026-10-09 22:00:00-07', $5 = '604800', $6 = '2026-10-09 22:00:00-07', $7 = '86400', $8 = '300', $9 = '2026-10-09 22:00:00-07', $10 = '604800', $11 = '3600', $12 = '86400', $13 = '{o9981,o9982,o9983,o9984,o9985,o9986,o9987,o9988,o9989,o999,o9990,o9991,o9992,o9993,o9994,o9995,o9996,o9997,o9998,o9999}', $14 = '102'
	Delete on output_snapshot_history  (cost=36116.57..36124.60 rows=0 width=0) (actual time=21.049..21.051 rows=0 loops=1)
	  Buffers: shared hit=1174 read=1550 dirtied=30
	  WAL: records=240 bytes=12960
	  ->  Nested Loop  (cost=36116.57..36124.60 rows=1 width=46) (actual time=19.396..20.982 rows=240 loops=1)
	        Buffers: shared hit=934 read=1550
	        ->  HashAggregate  (cost=36116.09..36116.10 rows=1 width=56) (actual time=19.372..19.403 rows=240 loops=1)
	              Group Key: ranked.id
	              Batches: 1  Memory Usage: 117kB
	              Buffers: shared hit=162 read=1362
	              ->  Subquery Scan on ranked  (cost=34869.83..36116.08 rows=1 width=56) (actual time=10.314..19.335 rows=240 loops=1)
	                    Filter: ((ranked.recency > 102) AND (ranked.prev_class = ranked.age_class) AND (ranked.prev_bucket = ranked.bucket))
	                    Rows Removed by Filter: 9100
	                    Buffers: shared hit=162 read=1362
	                    ->  WindowAgg  (cost=34869.83..35941.61 rows=9970 width=109) (actual time=10.040..18.826 rows=9340 loops=1)
	                          Buffers: shared hit=162 read=1362
	                          ->  Sort  (cost=34869.83..34894.76 rows=9970 width=29) (actual time=10.003..10.264 rows=9340 loops=1)
	                                Sort Key: output_snapshot_history_1.output_id, output_snapshot_history_1.captured_at DESC, output_snapshot_history_1.id DESC
	                                Sort Method: quicksort  Memory: 895kB
	                                Buffers: shared hit=162 read=1362
	                                ->  Bitmap Heap Scan on output_snapshot_history output_snapshot_history_1  (cost=405.89..34207.66 rows=9970 width=29) (actual time=0.423..6.427 rows=9340 loops=1)
	                                      Recheck Cond: (output_id = ANY ('{o9981,o9982,o9983,o9984,o9985,o9986,o9987,o9988,o9989,o999,o9990,o9991,o9992,o9993,o9994,o9995,o9996,o9997,o9998,o9999}'::text[]))
	                                      Heap Blocks: exact=1402
	                                      Buffers: shared hit=153 read=1362
	                                      ->  Bitmap Index Scan on idx_output_snapshot_history_output_captured  (cost=0.00..403.35 rows=9970 width=0) (actual time=0.337..0.337 rows=9342 loops=1)
	                                            Index Cond: (output_id = ANY ('{o9981,o9982,o9983,o9984,o9985,o9986,o9987,o9988,o9989,o999,o9990,o9991,o9992,o9993,o9994,o9995,o9996,o9997,o9998,o9999}'::text[]))
	                                            Buffers: shared hit=113
	        ->  Index Scan using output_snapshot_history_pkey on output_snapshot_history  (cost=0.48..8.51 rows=1 width=22) (actual time=0.006..0.006 rows=1 loops=240)
	              Index Cond: (id = ranked.id)
	              Filter: (output_id = ANY ('{o9981,o9982,o9983,o9984,o9985,o9986,o9987,o9988,o9989,o999,o9990,o9991,o9992,o9993,o9994,o9995,o9996,o9997,o9998,o9999}'::text[]))
	              Buffers: shared hit=772 read=188
2026-10-10 05:27:10.492 UTC [30770] hel1435-S2-desktop-R250000-b20-explain-r2 LOG:  duration: 17.047 ms  plan:
	Query Text: DELETE FROM output_snapshot_history WHERE output_id = ANY($1) AND id IN (
	             SELECT id FROM (
	               SELECT id, age_class, bucket,
	                      row_number() OVER w AS recency,
	                      lag(age_class) OVER w AS prev_class,
	                      lag(bucket) OVER w AS prev_bucket
	               FROM (
	                 SELECT id, output_id, captured_at,
	                        CASE WHEN extract(epoch FROM ($2::timestamptz - captured_at)) < $3 THEN 0
	                             WHEN extract(epoch FROM ($4::timestamptz - captured_at)) < $5 THEN 1
	                             ELSE 2 END AS age_class,
	                        floor(extract(epoch FROM captured_at) /
	                          CASE WHEN extract(epoch FROM ($6::timestamptz - captured_at)) < $7 THEN $8
	                               WHEN extract(epoch FROM ($9::timestamptz - captured_at)) < $10 THEN $11
	                               ELSE $12 END) AS bucket
	                 FROM output_snapshot_history
	                 WHERE output_id = ANY($13)
	               ) classed
	               WINDOW w AS (PARTITION BY output_id ORDER BY captured_at DESC, id DESC)
	             ) ranked
	             WHERE recency > $14 AND prev_class = age_class AND prev_bucket = bucket)
	Query Parameters: $1 = '{o9981,o9982,o9983,o9984,o9985,o9986,o9987,o9988,o9989,o999,o9990,o9991,o9992,o9993,o9994,o9995,o9996,o9997,o9998,o9999}', $2 = '2026-10-09 22:00:00-07', $3 = '86400', $4 = '2026-10-09 22:00:00-07', $5 = '604800', $6 = '2026-10-09 22:00:00-07', $7 = '86400', $8 = '300', $9 = '2026-10-09 22:00:00-07', $10 = '604800', $11 = '3600', $12 = '86400', $13 = '{o9981,o9982,o9983,o9984,o9985,o9986,o9987,o9988,o9989,o999,o9990,o9991,o9992,o9993,o9994,o9995,o9996,o9997,o9998,o9999}', $14 = '102'
	Delete on output_snapshot_history  (cost=36116.57..36124.60 rows=0 width=0) (actual time=17.045..17.047 rows=0 loops=1)
	  Buffers: shared hit=2724
	  WAL: records=240 bytes=12960
	  ->  Nested Loop  (cost=36116.57..36124.60 rows=1 width=46) (actual time=15.898..16.984 rows=240 loops=1)
	        Buffers: shared hit=2484
	        ->  HashAggregate  (cost=36116.09..36116.10 rows=1 width=56) (actual time=15.880..15.903 rows=240 loops=1)
	              Group Key: ranked.id
	              Batches: 1  Memory Usage: 117kB
	              Buffers: shared hit=1524
	              ->  Subquery Scan on ranked  (cost=34869.83..36116.08 rows=1 width=56) (actual time=6.658..15.841 rows=240 loops=1)
	                    Filter: ((ranked.recency > 102) AND (ranked.prev_class = ranked.age_class) AND (ranked.prev_bucket = ranked.bucket))
	                    Rows Removed by Filter: 9100
	                    Buffers: shared hit=1524
	                    ->  WindowAgg  (cost=34869.83..35941.61 rows=9970 width=109) (actual time=6.391..15.342 rows=9340 loops=1)
	                          Buffers: shared hit=1524
	                          ->  Sort  (cost=34869.83..34894.76 rows=9970 width=29) (actual time=6.356..6.625 rows=9340 loops=1)
	                                Sort Key: output_snapshot_history_1.output_id, output_snapshot_history_1.captured_at DESC, output_snapshot_history_1.id DESC
	                                Sort Method: quicksort  Memory: 895kB
	                                Buffers: shared hit=1524
	                                ->  Bitmap Heap Scan on output_snapshot_history output_snapshot_history_1  (cost=405.89..34207.66 rows=9970 width=29) (actual time=0.414..2.779 rows=9340 loops=1)
	                                      Recheck Cond: (output_id = ANY ('{o9981,o9982,o9983,o9984,o9985,o9986,o9987,o9988,o9989,o999,o9990,o9991,o9992,o9993,o9994,o9995,o9996,o9997,o9998,o9999}'::text[]))
	                                      Heap Blocks: exact=1402
	                                      Buffers: shared hit=1515
	                                      ->  Bitmap Index Scan on idx_output_snapshot_history_output_captured  (cost=0.00..403.35 rows=9970 width=0) (actual time=0.335..0.336 rows=9342 loops=1)
	                                            Index Cond: (output_id = ANY ('{o9981,o9982,o9983,o9984,o9985,o9986,o9987,o9988,o9989,o999,o9990,o9991,o9992,o9993,o9994,o9995,o9996,o9997,o9998,o9999}'::text[]))
	                                            Buffers: shared hit=113
	        ->  Index Scan using output_snapshot_history_pkey on output_snapshot_history  (cost=0.48..8.51 rows=1 width=22) (actual time=0.004..0.004 rows=1 loops=240)
	              Index Cond: (id = ranked.id)
	              Filter: (output_id = ANY ('{o9981,o9982,o9983,o9984,o9985,o9986,o9987,o9988,o9989,o999,o9990,o9991,o9992,o9993,o9994,o9995,o9996,o9997,o9998,o9999}'::text[]))
	              Buffers: shared hit=960
2026-10-10 05:27:10.523 UTC [30772] hel1435-S2-desktop-R250000-b20-explain-r3 LOG:  duration: 17.282 ms  plan:
	Query Text: DELETE FROM output_snapshot_history WHERE output_id = ANY($1) AND id IN (
	             SELECT id FROM (
	               SELECT id, age_class, bucket,
	                      row_number() OVER w AS recency,
	                      lag(age_class) OVER w AS prev_class,
	                      lag(bucket) OVER w AS prev_bucket
	               FROM (
	                 SELECT id, output_id, captured_at,
	                        CASE WHEN extract(epoch FROM ($2::timestamptz - captured_at)) < $3 THEN 0
	                             WHEN extract(epoch FROM ($4::timestamptz - captured_at)) < $5 THEN 1
	                             ELSE 2 END AS age_class,
	                        floor(extract(epoch FROM captured_at) /
	                          CASE WHEN extract(epoch FROM ($6::timestamptz - captured_at)) < $7 THEN $8
	                               WHEN extract(epoch FROM ($9::timestamptz - captured_at)) < $10 THEN $11
	                               ELSE $12 END) AS bucket
	                 FROM output_snapshot_history
	                 WHERE output_id = ANY($13)
	               ) classed
	               WINDOW w AS (PARTITION BY output_id ORDER BY captured_at DESC, id DESC)
	             ) ranked
	             WHERE recency > $14 AND prev_class = age_class AND prev_bucket = bucket)
	Query Parameters: $1 = '{o9981,o9982,o9983,o9984,o9985,o9986,o9987,o9988,o9989,o999,o9990,o9991,o9992,o9993,o9994,o9995,o9996,o9997,o9998,o9999}', $2 = '2026-10-09 22:00:00-07', $3 = '86400', $4 = '2026-10-09 22:00:00-07', $5 = '604800', $6 = '2026-10-09 22:00:00-07', $7 = '86400', $8 = '300', $9 = '2026-10-09 22:00:00-07', $10 = '604800', $11 = '3600', $12 = '86400', $13 = '{o9981,o9982,o9983,o9984,o9985,o9986,o9987,o9988,o9989,o999,o9990,o9991,o9992,o9993,o9994,o9995,o9996,o9997,o9998,o9999}', $14 = '102'
	Delete on output_snapshot_history  (cost=36116.57..36124.60 rows=0 width=0) (actual time=17.278..17.280 rows=0 loops=1)
	  Buffers: shared hit=2724
	  WAL: records=240 bytes=12960
	  ->  Nested Loop  (cost=36116.57..36124.60 rows=1 width=46) (actual time=16.085..17.215 rows=240 loops=1)
	        Buffers: shared hit=2484
	        ->  HashAggregate  (cost=36116.09..36116.10 rows=1 width=56) (actual time=16.052..16.082 rows=240 loops=1)
	              Group Key: ranked.id
	              Batches: 1  Memory Usage: 117kB
	              Buffers: shared hit=1524
	              ->  Subquery Scan on ranked  (cost=34869.83..36116.08 rows=1 width=56) (actual time=6.751..16.010 rows=240 loops=1)
	                    Filter: ((ranked.recency > 102) AND (ranked.prev_class = ranked.age_class) AND (ranked.prev_bucket = ranked.bucket))
	                    Rows Removed by Filter: 9100
	                    Buffers: shared hit=1524
	                    ->  WindowAgg  (cost=34869.83..35941.61 rows=9970 width=109) (actual time=6.483..15.513 rows=9340 loops=1)
	                          Buffers: shared hit=1524
	                          ->  Sort  (cost=34869.83..34894.76 rows=9970 width=29) (actual time=6.443..6.757 rows=9340 loops=1)
	                                Sort Key: output_snapshot_history_1.output_id, output_snapshot_history_1.captured_at DESC, output_snapshot_history_1.id DESC
	                                Sort Method: quicksort  Memory: 895kB
	                                Buffers: shared hit=1524
	                                ->  Bitmap Heap Scan on output_snapshot_history output_snapshot_history_1  (cost=405.89..34207.66 rows=9970 width=29) (actual time=0.535..2.849 rows=9340 loops=1)
	                                      Recheck Cond: (output_id = ANY ('{o9981,o9982,o9983,o9984,o9985,o9986,o9987,o9988,o9989,o999,o9990,o9991,o9992,o9993,o9994,o9995,o9996,o9997,o9998,o9999}'::text[]))
	                                      Heap Blocks: exact=1402
	                                      Buffers: shared hit=1515
	                                      ->  Bitmap Index Scan on idx_output_snapshot_history_output_captured  (cost=0.00..403.35 rows=9970 width=0) (actual time=0.437..0.437 rows=9342 loops=1)
	                                            Index Cond: (output_id = ANY ('{o9981,o9982,o9983,o9984,o9985,o9986,o9987,o9988,o9989,o999,o9990,o9991,o9992,o9993,o9994,o9995,o9996,o9997,o9998,o9999}'::text[]))
	                                            Buffers: shared hit=113
	        ->  Index Scan using output_snapshot_history_pkey on output_snapshot_history  (cost=0.48..8.51 rows=1 width=22) (actual time=0.005..0.005 rows=1 loops=240)
	              Index Cond: (id = ranked.id)
	              Filter: (output_id = ANY ('{o9981,o9982,o9983,o9984,o9985,o9986,o9987,o9988,o9989,o999,o9990,o9991,o9992,o9993,o9994,o9995,o9996,o9997,o9998,o9999}'::text[]))
	              Buffers: shared hit=960
