2026-10-10 05:34:42.680 UTC [30744] hel1435-S2-prod-noio-R250000-b0-explain-r1 LOG:  duration: 149.848 ms  plan:
	Query Text: DELETE FROM output_snapshot_history h
	             USING pipelines p, users u
	             WHERE h.output_id = ANY($1) AND h.captured_at < $2
	               AND h.pipeline_id = p.id AND p.owner_id = u.id
	               AND h.captured_at < COALESCE(($3::timestamptz[])[array_position($4::text[], u.tier)], $5)
	Query Parameters: $1 = '{o0,o1,o10,o100,o1000,o1001,o1002,o1003,o1004,o1005,o1006,o1007,o1008,o1009,o101,o1010,o1011,o1012,o1013,o1014,o1015,o1016,o1017,o1018,o1019,o102,o1020,o1021,o1022,o1023,o1024,o1025,o1026,o1027,o1028,o1029,o103,o1030,o1031,o1032,o1033,o1034,o1035,o1036,o1037,o1038,o1039,o104,o1040,o1041,o1042,o1043,o1044,o1045,o1046,o1047,o1048,o1049,o105,o1050,o1051,o1052,o1053,o1054,o1055,o1056,o1057,o1058,o1059,o106,o1060,o1061,o1062,o1063,o1064,o1065,o1066,o1067,o1068,o1069,o107,o1070,o1071,o1072,o1073,o1074,o1075,o1076,o1077,o1078,o1079,o108,o1080,o1081,o1082,o1083,o1084,o1085,o1086,o1087,o1088,o1089,o109,o1090,o1091,o1092,o1093,o1094,o1095,o1096,o1097,o1098,o1099,o11,o110,o1100,o1101,o1102,o1103,o1104,o1105,o1106,o1107,o1108,o1109,o111,o1110,o1111,o1112,o1113,o1114,o1115,o1116,o1117,o1118,o1119,o112,o1120,o1121,o1122,o1123,o1124,o1125,o1126,o1127,o1128,o1129,o113,o1130,o1131,o1132,o1133,o1134,o1135,o1136,o1137,o1138,o1139,o114,o1140,o1141,o1142,o1143,o1144,o1145,o1146,o1147,o1148,o1149,o115,o1150,o1151,o1152,o1153,o1154,o1155,o1156,o1157,o1158,o1159,o116,o1160,o1161,o1162,o1163,o1164,o1165,o1166,o1167,o1168,o1169,o117,o1170,o1171,o1172,o1173,o1174,o1175,o1176,o1177,o1178,o1179,o118,o1180,o1181,o1182,o1183,o1184,o1185,o1186,o1187,o1188,o1189,o119,o1190,o1191,o1192,o1193,o1194,o1195,o1196,o1197,o1198,o1199,o12,o120,o1200,o1201,o1202,o1203,o1204,o1205,o1206,o1207,o1208,o1209,o121,o1210,o1211,o1212,o1213,o1214,o1215,o1216,o1217,o1218,o1219,o122,o1220,o1221,o1222,o1223,o1224,o1225,o1226,o1227,o1228,o1229,o123,o1230,o1231,o1232,o1233,o1234,o1235,o1236,o1237,o1238,o1239,o124,o1240,o1241,o1242,o1243,o1244,o1245,o1246,o1247,o1248,o1249,o125,o1250,o1251,o1252,o1253,o1254,o1255,o1256,o1257,o1258,o1259,o126,o1260,o1261,o1262,o1263,o1264,o1265,o1266,o1267,o1268,o1269,o127,o1270,o1271,o1272,o1273,o1274,o1275,o1276,o1277,o1278,o1279,o128,o1280,o1281,o1282,o1283,o1284,o1285,o1286,o1287,o1288,o1289,o129,o1290,o1291,o1292,o1293,o1294,o1295,o1296,o1297,o1298,o1299,o13,o130,o1300,o1301,o1302,o1303,o1304,o1305,o1306,o1307,o1308,o1309,o131,o1310,o1311,o1312,o1313,o1314,o1315,o1316,o1317,o1318,o1319,o132,o1320,o1321,o1322,o1323,o1324,o1325,o1326,o1327,o1328,o1329,o133,o1330,o1331,o1332,o1333,o1334,o1335,o1336,o1337,o1338,o1339,o134,o1340,o1341,o1342,o1343,o1344,o1345,o1346,o1347,o1348,o1349,o135,o1350,o1351,o1352,o1353,o1354,o1355,o1356,o1357,o1358,o1359,o136,o1360,o1361,o1362,o1363,o1364,o1365,o1366,o1367,o1368,o1369,o137,o1370,o1371,o1372,o1373,o1374,o1375,o1376,o1377,o1378,o1379,o138,o1380,o1381,o1382,o1383,o1384,o1385,o1386,o1387,o1388,o1389,o139,o1390,o1391,o1392,o1393,o1394,o1395,o1396,o1397,o1398,o1399,o14,o140,o1400,o1401,o1402,o1403,o1404,o1405,o1406,o1407,o1408,o1409,o141,o1410,o1411,o1412,o1413,o1414,o1415,o1416,o1417,o1418,o1419,o142,o1420,o1421,o1422,o1423,o1424,o1425,o1426,o1427,o1428,o1429,o143,o1430,o1431,o1432,o1433,o1434,o1435,o1436,o1437,o1438,o1439,o144,o1440,o1441,o1442,o1443}', $2 = '2026-09-09 22:00:00-07', $3 = '{"2026-09-09 22:00:00-07","2026-07-11 22:00:00-07","2025-10-09 22:00:00-07"}', $4 = '{free,beta,owner}', $5 = '2026-09-09 22:00:00-07'
	Delete on output_snapshot_history h  (cost=170.20..25420.91 rows=0 width=0) (actual time=149.844..149.847 rows=0 loops=1)
	  Buffers: shared hit=31 read=17954 dirtied=5 written=74
	  WAL: records=17 fpi=3 bytes=24645
	  ->  Hash Join  (cost=170.20..25420.91 rows=5142 width=18) (actual time=11.876..149.801 rows=17 loops=1)
	        Hash Cond: (p.owner_id = u.id)
	        Join Filter: (h.captured_at < COALESCE(('{"2026-09-09 22:00:00-07","2026-07-11 22:00:00-07","2025-10-09 22:00:00-07"}'::timestamp with time zone[])[array_position('{free,beta,owner}'::text[], u.tier)], '2026-09-09 22:00:00-07'::timestamp with time zone))
	        Rows Removed by Join Filter: 18090
	        Buffers: shared hit=14 read=17954 written=74
	        ->  Hash Join  (cost=111.69..25321.85 rows=15427 width=36) (actual time=0.959..83.786 rows=18107 loops=1)
	              Hash Cond: (h.pipeline_id = p.id)
	              Buffers: shared hit=14 read=17933 written=74
	              ->  Index Scan using idx_output_snapshot_history_captured_at on output_snapshot_history h  (cost=1.67..25171.28 rows=15432 width=19) (actual time=0.059..80.306 rows=18107 loops=1)
	                    Index Cond: (captured_at < '2026-09-09 22:00:00-07'::timestamp with time zone)
	                    Filter: (output_id = ANY ('{o0,o1,o10,o100,o1000,o1001,o1002,o1003,o1004,o1005,o1006,o1007,o1008,o1009,o101,o1010,o1011,o1012,o1013,o1014,o1015,o1016,o1017,o1018,o1019,o102,o1020,o1021,o1022,o1023,o1024,o1025,o1026,o1027,o1028,o1029,o103,o1030,o1031,o1032,o1033,o1034,o1035,o1036,o1037,o1038,o1039,o104,o1040,o1041,o1042,o1043,o1044,o1045,o1046,o1047,o1048,o1049,o105,o1050,o1051,o1052,o1053,o1054,o1055,o1056,o1057,o1058,o1059,o106,o1060,o1061,o1062,o1063,o1064,o1065,o1066,o1067,o1068,o1069,o107,o1070,o1071,o1072,o1073,o1074,o1075,o1076,o1077,o1078,o1079,o108,o1080,o1081,o1082,o1083,o1084,o1085,o1086,o1087,o1088,o1089,o109,o1090,o1091,o1092,o1093,o1094,o1095,o1096,o1097,o1098,o1099,o11,o110,o1100,o1101,o1102,o1103,o1104,o1105,o1106,o1107,o1108,o1109,o111,o1110,o1111,o1112,o1113,o1114,o1115,o1116,o1117,o1118,o1119,o112,o1120,o1121,o1122,o1123,o1124,o1125,o1126,o1127,o1128,o1129,o113,o1130,o1131,o1132,o1133,o1134,o1135,o1136,o1137,o1138,o1139,o114,o1140,o1141,o1142,o1143,o1144,o1145,o1146,o1147,o1148,o1149,o115,o1150,o1151,o1152,o1153,o1154,o1155,o1156,o1157,o1158,o1159,o116,o1160,o1161,o1162,o1163,o1164,o1165,o1166,o1167,o1168,o1169,o117,o1170,o1171,o1172,o1173,o1174,o1175,o1176,o1177,o1178,o1179,o118,o1180,o1181,o1182,o1183,o1184,o1185,o1186,o1187,o1188,o1189,o119,o1190,o1191,o1192,o1193,o1194,o1195,o1196,o1197,o1198,o1199,o12,o120,o1200,o1201,o1202,o1203,o1204,o1205,o1206,o1207,o1208,o1209,o121,o1210,o1211,o1212,o1213,o1214,o1215,o1216,o1217,o1218,o1219,o122,o1220,o1221,o1222,o1223,o1224,o1225,o1226,o1227,o1228,o1229,o123,o1230,o1231,o1232,o1233,o1234,o1235,o1236,o1237,o1238,o1239,o124,o1240,o1241,o1242,o1243,o1244,o1245,o1246,o1247,o1248,o1249,o125,o1250,o1251,o1252,o1253,o1254,o1255,o1256,o1257,o1258,o1259,o126,o1260,o1261,o1262,o1263,o1264,o1265,o1266,o1267,o1268,o1269,o127,o1270,o1271,o1272,o1273,o1274,o1275,o1276,o1277,o1278,o1279,o128,o1280,o1281,o1282,o1283,o1284,o1285,o1286,o1287,o1288,o1289,o129,o1290,o1291,o1292,o1293,o1294,o1295,o1296,o1297,o1298,o1299,o13,o130,o1300,o1301,o1302,o1303,o1304,o1305,o1306,o1307,o1308,o1309,o131,o1310,o1311,o1312,o1313,o1314,o1315,o1316,o1317,o1318,o1319,o132,o1320,o1321,o1322,o1323,o1324,o1325,o1326,o1327,o1328,o1329,o133,o1330,o1331,o1332,o1333,o1334,o1335,o1336,o1337,o1338,o1339,o134,o1340,o1341,o1342,o1343,o1344,o1345,o1346,o1347,o1348,o1349,o135,o1350,o1351,o1352,o1353,o1354,o1355,o1356,o1357,o1358,o1359,o136,o1360,o1361,o1362,o1363,o1364,o1365,o1366,o1367,o1368,o1369,o137,o1370,o1371,o1372,o1373,o1374,o1375,o1376,o1377,o1378,o1379,o138,o1380,o1381,o1382,o1383,o1384,o1385,o1386,o1387,o1388,o1389,o139,o1390,o1391,o1392,o1393,o1394,o1395,o1396,o1397,o1398,o1399,o14,o140,o1400,o1401,o1402,o1403,o1404,o1405,o1406,o1407,o1408,o1409,o141,o1410,o1411,o1412,o1413,o1414,o1415,o1416,o1417,o1418,o1419,o142,o1420,o1421,o1422,o1423,o1424,o1425,o1426,o1427,o1428,o1429,o143,o1430,o1431,o1432,o1433,o1434,o1435,o1436,o1437,o1438,o1439,o144,o1440,o1441,o1442,o1443}'::text[]))
	                    Rows Removed by Filter: 298541
	                    Buffers: shared hit=14 read=17898 written=74
	              ->  Hash  (cost=68.34..68.34 rows=3334 width=27) (actual time=0.869..0.869 rows=3334 loops=1)
	                    Buckets: 4096  Batches: 1  Memory Usage: 227kB
	                    Buffers: shared read=35
	                    ->  Seq Scan on pipelines p  (cost=0.00..68.34 rows=3334 width=27) (actual time=0.011..0.429 rows=3334 loops=1)
	                          Buffers: shared read=35
	        ->  Hash  (cost=37.67..37.67 rows=1667 width=27) (actual time=10.907..10.907 rows=1667 loops=1)
	              Buckets: 2048  Batches: 1  Memory Usage: 113kB
	              Buffers: shared read=21
	              ->  Seq Scan on users u  (cost=0.00..37.67 rows=1667 width=27) (actual time=0.009..10.660 rows=1667 loops=1)
	                    Buffers: shared read=21
2026-10-10 05:34:44.976 UTC [30744] hel1435-S2-prod-noio-R250000-b0-explain-r1 LOG:  duration: 2231.025 ms  plan:
	Query Text: DELETE FROM output_snapshot_history WHERE output_id = ANY($1) AND id IN (
	             SELECT id FROM (
	               SELECT id, age_class, bucket,
	                      row_number() OVER w AS recency,
	                      lag(age_class) OVER w AS prev_class,
	                      lag(bucket) OVER w AS prev_bucket
	               FROM (
	                 SELECT id, output_id, captured_at,
	                        CASE WHEN extract(epoch FROM ($2::timestamptz - captured_at)) < $3 THEN 0
	                             WHEN extract(epoch FROM ($4::timestamptz - captured_at)) < $5 THEN 1
	                             ELSE 2 END AS age_class,
	                        floor(extract(epoch FROM captured_at) /
	                          CASE WHEN extract(epoch FROM ($6::timestamptz - captured_at)) < $7 THEN $8
	                               WHEN extract(epoch FROM ($9::timestamptz - captured_at)) < $10 THEN $11
	                               ELSE $12 END) AS bucket
	                 FROM output_snapshot_history
	                 WHERE output_id = ANY($13)
	               ) classed
	               WINDOW w AS (PARTITION BY output_id ORDER BY captured_at DESC, id DESC)
	             ) ranked
	             WHERE recency > $14 AND prev_class = age_class AND prev_bucket = bucket)
	Query Parameters: $1 = '{o0,o1,o10,o100,o1000,o1001,o1002,o1003,o1004,o1005,o1006,o1007,o1008,o1009,o101,o1010,o1011,o1012,o1013,o1014,o1015,o1016,o1017,o1018,o1019,o102,o1020,o1021,o1022,o1023,o1024,o1025,o1026,o1027,o1028,o1029,o103,o1030,o1031,o1032,o1033,o1034,o1035,o1036,o1037,o1038,o1039,o104,o1040,o1041,o1042,o1043,o1044,o1045,o1046,o1047,o1048,o1049,o105,o1050,o1051,o1052,o1053,o1054,o1055,o1056,o1057,o1058,o1059,o106,o1060,o1061,o1062,o1063,o1064,o1065,o1066,o1067,o1068,o1069,o107,o1070,o1071,o1072,o1073,o1074,o1075,o1076,o1077,o1078,o1079,o108,o1080,o1081,o1082,o1083,o1084,o1085,o1086,o1087,o1088,o1089,o109,o1090,o1091,o1092,o1093,o1094,o1095,o1096,o1097,o1098,o1099,o11,o110,o1100,o1101,o1102,o1103,o1104,o1105,o1106,o1107,o1108,o1109,o111,o1110,o1111,o1112,o1113,o1114,o1115,o1116,o1117,o1118,o1119,o112,o1120,o1121,o1122,o1123,o1124,o1125,o1126,o1127,o1128,o1129,o113,o1130,o1131,o1132,o1133,o1134,o1135,o1136,o1137,o1138,o1139,o114,o1140,o1141,o1142,o1143,o1144,o1145,o1146,o1147,o1148,o1149,o115,o1150,o1151,o1152,o1153,o1154,o1155,o1156,o1157,o1158,o1159,o116,o1160,o1161,o1162,o1163,o1164,o1165,o1166,o1167,o1168,o1169,o117,o1170,o1171,o1172,o1173,o1174,o1175,o1176,o1177,o1178,o1179,o118,o1180,o1181,o1182,o1183,o1184,o1185,o1186,o1187,o1188,o1189,o119,o1190,o1191,o1192,o1193,o1194,o1195,o1196,o1197,o1198,o1199,o12,o120,o1200,o1201,o1202,o1203,o1204,o1205,o1206,o1207,o1208,o1209,o121,o1210,o1211,o1212,o1213,o1214,o1215,o1216,o1217,o1218,o1219,o122,o1220,o1221,o1222,o1223,o1224,o1225,o1226,o1227,o1228,o1229,o123,o1230,o1231,o1232,o1233,o1234,o1235,o1236,o1237,o1238,o1239,o124,o1240,o1241,o1242,o1243,o1244,o1245,o1246,o1247,o1248,o1249,o125,o1250,o1251,o1252,o1253,o1254,o1255,o1256,o1257,o1258,o1259,o126,o1260,o1261,o1262,o1263,o1264,o1265,o1266,o1267,o1268,o1269,o127,o1270,o1271,o1272,o1273,o1274,o1275,o1276,o1277,o1278,o1279,o128,o1280,o1281,o1282,o1283,o1284,o1285,o1286,o1287,o1288,o1289,o129,o1290,o1291,o1292,o1293,o1294,o1295,o1296,o1297,o1298,o1299,o13,o130,o1300,o1301,o1302,o1303,o1304,o1305,o1306,o1307,o1308,o1309,o131,o1310,o1311,o1312,o1313,o1314,o1315,o1316,o1317,o1318,o1319,o132,o1320,o1321,o1322,o1323,o1324,o1325,o1326,o1327,o1328,o1329,o133,o1330,o1331,o1332,o1333,o1334,o1335,o1336,o1337,o1338,o1339,o134,o1340,o1341,o1342,o1343,o1344,o1345,o1346,o1347,o1348,o1349,o135,o1350,o1351,o1352,o1353,o1354,o1355,o1356,o1357,o1358,o1359,o136,o1360,o1361,o1362,o1363,o1364,o1365,o1366,o1367,o1368,o1369,o137,o1370,o1371,o1372,o1373,o1374,o1375,o1376,o1377,o1378,o1379,o138,o1380,o1381,o1382,o1383,o1384,o1385,o1386,o1387,o1388,o1389,o139,o1390,o1391,o1392,o1393,o1394,o1395,o1396,o1397,o1398,o1399,o14,o140,o1400,o1401,o1402,o1403,o1404,o1405,o1406,o1407,o1408,o1409,o141,o1410,o1411,o1412,o1413,o1414,o1415,o1416,o1417,o1418,o1419,o142,o1420,o1421,o1422,o1423,o1424,o1425,o1426,o1427,o1428,o1429,o143,o1430,o1431,o1432,o1433,o1434,o1435,o1436,o1437,o1438,o1439,o144,o1440,o1441,o1442,o1443}', $2 = '2026-10-09 22:00:00-07', $3 = '86400', $4 = '2026-10-09 22:00:00-07', $5 = '604800', $6 = '2026-10-09 22:00:00-07', $7 = '86400', $8 = '300', $9 = '2026-10-09 22:00:00-07', $10 = '604800', $11 = '3600', $12 = '86400', $13 = '{o0,o1,o10,o100,o1000,o1001,o1002,o1003,o1004,o1005,o1006,o1007,o1008,o1009,o101,o1010,o1011,o1012,o1013,o1014,o1015,o1016,o1017,o1018,o1019,o102,o1020,o1021,o1022,o1023,o1024,o1025,o1026,o1027,o1028,o1029,o103,o1030,o1031,o1032,o1033,o1034,o1035,o1036,o1037,o1038,o1039,o104,o1040,o1041,o1042,o1043,o1044,o1045,o1046,o1047,o1048,o1049,o105,o1050,o1051,o1052,o1053,o1054,o1055,o1056,o1057,o1058,o1059,o106,o1060,o1061,o1062,o1063,o1064,o1065,o1066,o1067,o1068,o1069,o107,o1070,o1071,o1072,o1073,o1074,o1075,o1076,o1077,o1078,o1079,o108,o1080,o1081,o1082,o1083,o1084,o1085,o1086,o1087,o1088,o1089,o109,o1090,o1091,o1092,o1093,o1094,o1095,o1096,o1097,o1098,o1099,o11,o110,o1100,o1101,o1102,o1103,o1104,o1105,o1106,o1107,o1108,o1109,o111,o1110,o1111,o1112,o1113,o1114,o1115,o1116,o1117,o1118,o1119,o112,o1120,o1121,o1122,o1123,o1124,o1125,o1126,o1127,o1128,o1129,o113,o1130,o1131,o1132,o1133,o1134,o1135,o1136,o1137,o1138,o1139,o114,o1140,o1141,o1142,o1143,o1144,o1145,o1146,o1147,o1148,o1149,o115,o1150,o1151,o1152,o1153,o1154,o1155,o1156,o1157,o1158,o1159,o116,o1160,o1161,o1162,o1163,o1164,o1165,o1166,o1167,o1168,o1169,o117,o1170,o1171,o1172,o1173,o1174,o1175,o1176,o1177,o1178,o1179,o118,o1180,o1181,o1182,o1183,o1184,o1185,o1186,o1187,o1188,o1189,o119,o1190,o1191,o1192,o1193,o1194,o1195,o1196,o1197,o1198,o1199,o12,o120,o1200,o1201,o1202,o1203,o1204,o1205,o1206,o1207,o1208,o1209,o121,o1210,o1211,o1212,o1213,o1214,o1215,o1216,o1217,o1218,o1219,o122,o1220,o1221,o1222,o1223,o1224,o1225,o1226,o1227,o1228,o1229,o123,o1230,o1231,o1232,o1233,o1234,o1235,o1236,o1237,o1238,o1239,o124,o1240,o1241,o1242,o1243,o1244,o1245,o1246,o1247,o1248,o1249,o125,o1250,o1251,o1252,o1253,o1254,o1255,o1256,o1257,o1258,o1259,o126,o1260,o1261,o1262,o1263,o1264,o1265,o1266,o1267,o1268,o1269,o127,o1270,o1271,o1272,o1273,o1274,o1275,o1276,o1277,o1278,o1279,o128,o1280,o1281,o1282,o1283,o1284,o1285,o1286,o1287,o1288,o1289,o129,o1290,o1291,o1292,o1293,o1294,o1295,o1296,o1297,o1298,o1299,o13,o130,o1300,o1301,o1302,o1303,o1304,o1305,o1306,o1307,o1308,o1309,o131,o1310,o1311,o1312,o1313,o1314,o1315,o1316,o1317,o1318,o1319,o132,o1320,o1321,o1322,o1323,o1324,o1325,o1326,o1327,o1328,o1329,o133,o1330,o1331,o1332,o1333,o1334,o1335,o1336,o1337,o1338,o1339,o134,o1340,o1341,o1342,o1343,o1344,o1345,o1346,o1347,o1348,o1349,o135,o1350,o1351,o1352,o1353,o1354,o1355,o1356,o1357,o1358,o1359,o136,o1360,o1361,o1362,o1363,o1364,o1365,o1366,o1367,o1368,o1369,o137,o1370,o1371,o1372,o1373,o1374,o1375,o1376,o1377,o1378,o1379,o138,o1380,o1381,o1382,o1383,o1384,o1385,o1386,o1387,o1388,o1389,o139,o1390,o1391,o1392,o1393,o1394,o1395,o1396,o1397,o1398,o1399,o14,o140,o1400,o1401,o1402,o1403,o1404,o1405,o1406,o1407,o1408,o1409,o141,o1410,o1411,o1412,o1413,o1414,o1415,o1416,o1417,o1418,o1419,o142,o1420,o1421,o1422,o1423,o1424,o1425,o1426,o1427,o1428,o1429,o143,o1430,o1431,o1432,o1433,o1434,o1435,o1436,o1437,o1438,o1439,o144,o1440,o1441,o1442,o1443}', $14 = '102'
	Delete on output_snapshot_history  (cost=411374.87..411392.60 rows=0 width=0) (actual time=2231.020..2231.023 rows=0 loops=1)
	  Buffers: shared hit=39994 read=266954 dirtied=355 written=7, temp read=1222 written=1226
	  WAL: records=5952 fpi=196 bytes=1865348
	  ->  Nested Loop  (cost=411374.87..411392.60 rows=1 width=46) (actual time=2206.777..2228.399 rows=5952 loops=1)
	        Buffers: shared hit=34042 read=266954 written=7, temp read=1222 written=1226
	        ->  Unique  (cost=411373.20..411373.21 rows=2 width=56) (actual time=2206.701..2208.079 rows=5952 loops=1)
	              Buffers: shared hit=15590 read=261598, temp read=1222 written=1226
	              ->  Sort  (cost=411373.20..411373.20 rows=2 width=56) (actual time=2206.700..2207.499 rows=5952 loops=1)
	                    Sort Key: ranked.id
	                    Sort Method: quicksort  Memory: 844kB
	                    Buffers: shared hit=15590 read=261598, temp read=1222 written=1226
	                    ->  Subquery Scan on ranked  (cost=380271.56..411373.19 rows=2 width=56) (actual time=1598.432..2205.211 rows=5952 loops=1)
	                          Filter: ((ranked.recency > 102) AND (ranked.prev_class = ranked.age_class) AND (ranked.prev_bucket = ranked.bucket))
	                          Rows Removed by Filter: 243770
	                          Buffers: shared hit=15587 read=261598, temp read=1222 written=1226
	                          ->  WindowAgg  (cost=380271.56..407018.96 rows=248813 width=109) (actual time=1598.145..2143.513 rows=249722 loops=1)
	                                Buffers: shared hit=15587 read=261598, temp read=1222 written=1226
	                                ->  Sort  (cost=380271.56..380893.60 rows=248813 width=29) (actual time=1598.070..1620.565 rows=249722 loops=1)
	                                      Sort Key: output_snapshot_history_1.output_id, output_snapshot_history_1.captured_at DESC, output_snapshot_history_1.id DESC
	                                      Sort Method: external merge  Disk: 9776kB
	                                      Buffers: shared hit=15587 read=261598, temp read=1222 written=1226
	                                      ->  Seq Scan on output_snapshot_history output_snapshot_history_1  (cost=1.24..352018.57 rows=248813 width=29) (actual time=9.310..1238.543 rows=249722 loops=1)
	                                            Filter: (output_id = ANY ('{o0,o1,o10,o100,o1000,o1001,o1002,o1003,o1004,o1005,o1006,o1007,o1008,o1009,o101,o1010,o1011,o1012,o1013,o1014,o1015,o1016,o1017,o1018,o1019,o102,o1020,o1021,o1022,o1023,o1024,o1025,o1026,o1027,o1028,o1029,o103,o1030,o1031,o1032,o1033,o1034,o1035,o1036,o1037,o1038,o1039,o104,o1040,o1041,o1042,o1043,o1044,o1045,o1046,o1047,o1048,o1049,o105,o1050,o1051,o1052,o1053,o1054,o1055,o1056,o1057,o1058,o1059,o106,o1060,o1061,o1062,o1063,o1064,o1065,o1066,o1067,o1068,o1069,o107,o1070,o1071,o1072,o1073,o1074,o1075,o1076,o1077,o1078,o1079,o108,o1080,o1081,o1082,o1083,o1084,o1085,o1086,o1087,o1088,o1089,o109,o1090,o1091,o1092,o1093,o1094,o1095,o1096,o1097,o1098,o1099,o11,o110,o1100,o1101,o1102,o1103,o1104,o1105,o1106,o1107,o1108,o1109,o111,o1110,o1111,o1112,o1113,o1114,o1115,o1116,o1117,o1118,o1119,o112,o1120,o1121,o1122,o1123,o1124,o1125,o1126,o1127,o1128,o1129,o113,o1130,o1131,o1132,o1133,o1134,o1135,o1136,o1137,o1138,o1139,o114,o1140,o1141,o1142,o1143,o1144,o1145,o1146,o1147,o1148,o1149,o115,o1150,o1151,o1152,o1153,o1154,o1155,o1156,o1157,o1158,o1159,o116,o1160,o1161,o1162,o1163,o1164,o1165,o1166,o1167,o1168,o1169,o117,o1170,o1171,o1172,o1173,o1174,o1175,o1176,o1177,o1178,o1179,o118,o1180,o1181,o1182,o1183,o1184,o1185,o1186,o1187,o1188,o1189,o119,o1190,o1191,o1192,o1193,o1194,o1195,o1196,o1197,o1198,o1199,o12,o120,o1200,o1201,o1202,o1203,o1204,o1205,o1206,o1207,o1208,o1209,o121,o1210,o1211,o1212,o1213,o1214,o1215,o1216,o1217,o1218,o1219,o122,o1220,o1221,o1222,o1223,o1224,o1225,o1226,o1227,o1228,o1229,o123,o1230,o1231,o1232,o1233,o1234,o1235,o1236,o1237,o1238,o1239,o124,o1240,o1241,o1242,o1243,o1244,o1245,o1246,o1247,o1248,o1249,o125,o1250,o1251,o1252,o1253,o1254,o1255,o1256,o1257,o1258,o1259,o126,o1260,o1261,o1262,o1263,o1264,o1265,o1266,o1267,o1268,o1269,o127,o1270,o1271,o1272,o1273,o1274,o1275,o1276,o1277,o1278,o1279,o128,o1280,o1281,o1282,o1283,o1284,o1285,o1286,o1287,o1288,o1289,o129,o1290,o1291,o1292,o1293,o1294,o1295,o1296,o1297,o1298,o1299,o13,o130,o1300,o1301,o1302,o1303,o1304,o1305,o1306,o1307,o1308,o1309,o131,o1310,o1311,o1312,o1313,o1314,o1315,o1316,o1317,o1318,o1319,o132,o1320,o1321,o1322,o1323,o1324,o1325,o1326,o1327,o1328,o1329,o133,o1330,o1331,o1332,o1333,o1334,o1335,o1336,o1337,o1338,o1339,o134,o1340,o1341,o1342,o1343,o1344,o1345,o1346,o1347,o1348,o1349,o135,o1350,o1351,o1352,o1353,o1354,o1355,o1356,o1357,o1358,o1359,o136,o1360,o1361,o1362,o1363,o1364,o1365,o1366,o1367,o1368,o1369,o137,o1370,o1371,o1372,o1373,o1374,o1375,o1376,o1377,o1378,o1379,o138,o1380,o1381,o1382,o1383,o1384,o1385,o1386,o1387,o1388,o1389,o139,o1390,o1391,o1392,o1393,o1394,o1395,o1396,o1397,o1398,o1399,o14,o140,o1400,o1401,o1402,o1403,o1404,o1405,o1406,o1407,o1408,o1409,o141,o1410,o1411,o1412,o1413,o1414,o1415,o1416,o1417,o1418,o1419,o142,o1420,o1421,o1422,o1423,o1424,o1425,o1426,o1427,o1428,o1429,o143,o1430,o1431,o1432,o1433,o1434,o1435,o1436,o1437,o1438,o1439,o144,o1440,o1441,o1442,o1443}'::text[]))
	                                            Rows Removed by Filter: 4736909
	                                            Buffers: shared hit=15581 read=261598
	        ->  Index Scan using output_snapshot_history_pkey on output_snapshot_history  (cost=1.67..9.70 rows=1 width=22) (actual time=0.003..0.003 rows=1 loops=5952)
	              Index Cond: (id = ranked.id)
	              Filter: (output_id = ANY ('{o0,o1,o10,o100,o1000,o1001,o1002,o1003,o1004,o1005,o1006,o1007,o1008,o1009,o101,o1010,o1011,o1012,o1013,o1014,o1015,o1016,o1017,o1018,o1019,o102,o1020,o1021,o1022,o1023,o1024,o1025,o1026,o1027,o1028,o1029,o103,o1030,o1031,o1032,o1033,o1034,o1035,o1036,o1037,o1038,o1039,o104,o1040,o1041,o1042,o1043,o1044,o1045,o1046,o1047,o1048,o1049,o105,o1050,o1051,o1052,o1053,o1054,o1055,o1056,o1057,o1058,o1059,o106,o1060,o1061,o1062,o1063,o1064,o1065,o1066,o1067,o1068,o1069,o107,o1070,o1071,o1072,o1073,o1074,o1075,o1076,o1077,o1078,o1079,o108,o1080,o1081,o1082,o1083,o1084,o1085,o1086,o1087,o1088,o1089,o109,o1090,o1091,o1092,o1093,o1094,o1095,o1096,o1097,o1098,o1099,o11,o110,o1100,o1101,o1102,o1103,o1104,o1105,o1106,o1107,o1108,o1109,o111,o1110,o1111,o1112,o1113,o1114,o1115,o1116,o1117,o1118,o1119,o112,o1120,o1121,o1122,o1123,o1124,o1125,o1126,o1127,o1128,o1129,o113,o1130,o1131,o1132,o1133,o1134,o1135,o1136,o1137,o1138,o1139,o114,o1140,o1141,o1142,o1143,o1144,o1145,o1146,o1147,o1148,o1149,o115,o1150,o1151,o1152,o1153,o1154,o1155,o1156,o1157,o1158,o1159,o116,o1160,o1161,o1162,o1163,o1164,o1165,o1166,o1167,o1168,o1169,o117,o1170,o1171,o1172,o1173,o1174,o1175,o1176,o1177,o1178,o1179,o118,o1180,o1181,o1182,o1183,o1184,o1185,o1186,o1187,o1188,o1189,o119,o1190,o1191,o1192,o1193,o1194,o1195,o1196,o1197,o1198,o1199,o12,o120,o1200,o1201,o1202,o1203,o1204,o1205,o1206,o1207,o1208,o1209,o121,o1210,o1211,o1212,o1213,o1214,o1215,o1216,o1217,o1218,o1219,o122,o1220,o1221,o1222,o1223,o1224,o1225,o1226,o1227,o1228,o1229,o123,o1230,o1231,o1232,o1233,o1234,o1235,o1236,o1237,o1238,o1239,o124,o1240,o1241,o1242,o1243,o1244,o1245,o1246,o1247,o1248,o1249,o125,o1250,o1251,o1252,o1253,o1254,o1255,o1256,o1257,o1258,o1259,o126,o1260,o1261,o1262,o1263,o1264,o1265,o1266,o1267,o1268,o1269,o127,o1270,o1271,o1272,o1273,o1274,o1275,o1276,o1277,o1278,o1279,o128,o1280,o1281,o1282,o1283,o1284,o1285,o1286,o1287,o1288,o1289,o129,o1290,o1291,o1292,o1293,o1294,o1295,o1296,o1297,o1298,o1299,o13,o130,o1300,o1301,o1302,o1303,o1304,o1305,o1306,o1307,o1308,o1309,o131,o1310,o1311,o1312,o1313,o1314,o1315,o1316,o1317,o1318,o1319,o132,o1320,o1321,o1322,o1323,o1324,o1325,o1326,o1327,o1328,o1329,o133,o1330,o1331,o1332,o1333,o1334,o1335,o1336,o1337,o1338,o1339,o134,o1340,o1341,o1342,o1343,o1344,o1345,o1346,o1347,o1348,o1349,o135,o1350,o1351,o1352,o1353,o1354,o1355,o1356,o1357,o1358,o1359,o136,o1360,o1361,o1362,o1363,o1364,o1365,o1366,o1367,o1368,o1369,o137,o1370,o1371,o1372,o1373,o1374,o1375,o1376,o1377,o1378,o1379,o138,o1380,o1381,o1382,o1383,o1384,o1385,o1386,o1387,o1388,o1389,o139,o1390,o1391,o1392,o1393,o1394,o1395,o1396,o1397,o1398,o1399,o14,o140,o1400,o1401,o1402,o1403,o1404,o1405,o1406,o1407,o1408,o1409,o141,o1410,o1411,o1412,o1413,o1414,o1415,o1416,o1417,o1418,o1419,o142,o1420,o1421,o1422,o1423,o1424,o1425,o1426,o1427,o1428,o1429,o143,o1430,o1431,o1432,o1433,o1434,o1435,o1436,o1437,o1438,o1439,o144,o1440,o1441,o1442,o1443}'::text[]))
	              Buffers: shared hit=18452 read=5356 written=7
	JIT:
	  Functions: 24
	  Options: Inlining false, Optimization false, Expressions true, Deforming true
	  Timing: Generation 1.020 ms, Inlining 0.000 ms, Optimization 0.441 ms, Emission 8.874 ms, Total 10.336 ms
2026-10-10 05:34:44.978 UTC [30744] hel1435-S2-prod-noio-R250000-b0-explain-r1 LOG:  temporary file: path "base/pgsql_tmp/pgsql_tmp30744.0", size 10010624
2026-10-10 05:34:44.978 UTC [30744] hel1435-S2-prod-noio-R250000-b0-explain-r1 STATEMENT:  DELETE FROM output_snapshot_history WHERE output_id = ANY($1) AND id IN (
	             SELECT id FROM (
	               SELECT id, age_class, bucket,
	                      row_number() OVER w AS recency,
	                      lag(age_class) OVER w AS prev_class,
	                      lag(bucket) OVER w AS prev_bucket
	               FROM (
	                 SELECT id, output_id, captured_at,
	                        CASE WHEN extract(epoch FROM ($2::timestamptz - captured_at)) < $3 THEN 0
	                             WHEN extract(epoch FROM ($4::timestamptz - captured_at)) < $5 THEN 1
	                             ELSE 2 END AS age_class,
	                        floor(extract(epoch FROM captured_at) /
	                          CASE WHEN extract(epoch FROM ($6::timestamptz - captured_at)) < $7 THEN $8
	                               WHEN extract(epoch FROM ($9::timestamptz - captured_at)) < $10 THEN $11
	                               ELSE $12 END) AS bucket
	                 FROM output_snapshot_history
	                 WHERE output_id = ANY($13)
	               ) classed
	               WINDOW w AS (PARTITION BY output_id ORDER BY captured_at DESC, id DESC)
	             ) ranked
	             WHERE recency > $14 AND prev_class = age_class AND prev_bucket = bucket)
2026-10-10 05:34:45.344 UTC [30747] hel1435-S2-prod-noio-R250000-b0-explain-r2 LOG:  duration: 159.034 ms  plan:
	Query Text: DELETE FROM output_snapshot_history h
	             USING pipelines p, users u
	             WHERE h.output_id = ANY($1) AND h.captured_at < $2
	               AND h.pipeline_id = p.id AND p.owner_id = u.id
	               AND h.captured_at < COALESCE(($3::timestamptz[])[array_position($4::text[], u.tier)], $5)
	Query Parameters: $1 = '{o0,o1,o10,o100,o1000,o1001,o1002,o1003,o1004,o1005,o1006,o1007,o1008,o1009,o101,o1010,o1011,o1012,o1013,o1014,o1015,o1016,o1017,o1018,o1019,o102,o1020,o1021,o1022,o1023,o1024,o1025,o1026,o1027,o1028,o1029,o103,o1030,o1031,o1032,o1033,o1034,o1035,o1036,o1037,o1038,o1039,o104,o1040,o1041,o1042,o1043,o1044,o1045,o1046,o1047,o1048,o1049,o105,o1050,o1051,o1052,o1053,o1054,o1055,o1056,o1057,o1058,o1059,o106,o1060,o1061,o1062,o1063,o1064,o1065,o1066,o1067,o1068,o1069,o107,o1070,o1071,o1072,o1073,o1074,o1075,o1076,o1077,o1078,o1079,o108,o1080,o1081,o1082,o1083,o1084,o1085,o1086,o1087,o1088,o1089,o109,o1090,o1091,o1092,o1093,o1094,o1095,o1096,o1097,o1098,o1099,o11,o110,o1100,o1101,o1102,o1103,o1104,o1105,o1106,o1107,o1108,o1109,o111,o1110,o1111,o1112,o1113,o1114,o1115,o1116,o1117,o1118,o1119,o112,o1120,o1121,o1122,o1123,o1124,o1125,o1126,o1127,o1128,o1129,o113,o1130,o1131,o1132,o1133,o1134,o1135,o1136,o1137,o1138,o1139,o114,o1140,o1141,o1142,o1143,o1144,o1145,o1146,o1147,o1148,o1149,o115,o1150,o1151,o1152,o1153,o1154,o1155,o1156,o1157,o1158,o1159,o116,o1160,o1161,o1162,o1163,o1164,o1165,o1166,o1167,o1168,o1169,o117,o1170,o1171,o1172,o1173,o1174,o1175,o1176,o1177,o1178,o1179,o118,o1180,o1181,o1182,o1183,o1184,o1185,o1186,o1187,o1188,o1189,o119,o1190,o1191,o1192,o1193,o1194,o1195,o1196,o1197,o1198,o1199,o12,o120,o1200,o1201,o1202,o1203,o1204,o1205,o1206,o1207,o1208,o1209,o121,o1210,o1211,o1212,o1213,o1214,o1215,o1216,o1217,o1218,o1219,o122,o1220,o1221,o1222,o1223,o1224,o1225,o1226,o1227,o1228,o1229,o123,o1230,o1231,o1232,o1233,o1234,o1235,o1236,o1237,o1238,o1239,o124,o1240,o1241,o1242,o1243,o1244,o1245,o1246,o1247,o1248,o1249,o125,o1250,o1251,o1252,o1253,o1254,o1255,o1256,o1257,o1258,o1259,o126,o1260,o1261,o1262,o1263,o1264,o1265,o1266,o1267,o1268,o1269,o127,o1270,o1271,o1272,o1273,o1274,o1275,o1276,o1277,o1278,o1279,o128,o1280,o1281,o1282,o1283,o1284,o1285,o1286,o1287,o1288,o1289,o129,o1290,o1291,o1292,o1293,o1294,o1295,o1296,o1297,o1298,o1299,o13,o130,o1300,o1301,o1302,o1303,o1304,o1305,o1306,o1307,o1308,o1309,o131,o1310,o1311,o1312,o1313,o1314,o1315,o1316,o1317,o1318,o1319,o132,o1320,o1321,o1322,o1323,o1324,o1325,o1326,o1327,o1328,o1329,o133,o1330,o1331,o1332,o1333,o1334,o1335,o1336,o1337,o1338,o1339,o134,o1340,o1341,o1342,o1343,o1344,o1345,o1346,o1347,o1348,o1349,o135,o1350,o1351,o1352,o1353,o1354,o1355,o1356,o1357,o1358,o1359,o136,o1360,o1361,o1362,o1363,o1364,o1365,o1366,o1367,o1368,o1369,o137,o1370,o1371,o1372,o1373,o1374,o1375,o1376,o1377,o1378,o1379,o138,o1380,o1381,o1382,o1383,o1384,o1385,o1386,o1387,o1388,o1389,o139,o1390,o1391,o1392,o1393,o1394,o1395,o1396,o1397,o1398,o1399,o14,o140,o1400,o1401,o1402,o1403,o1404,o1405,o1406,o1407,o1408,o1409,o141,o1410,o1411,o1412,o1413,o1414,o1415,o1416,o1417,o1418,o1419,o142,o1420,o1421,o1422,o1423,o1424,o1425,o1426,o1427,o1428,o1429,o143,o1430,o1431,o1432,o1433,o1434,o1435,o1436,o1437,o1438,o1439,o144,o1440,o1441,o1442,o1443}', $2 = '2026-09-09 22:00:00-07', $3 = '{"2026-09-09 22:00:00-07","2026-07-11 22:00:00-07","2025-10-09 22:00:00-07"}', $4 = '{free,beta,owner}', $5 = '2026-09-09 22:00:00-07'
	Delete on output_snapshot_history h  (cost=170.20..25420.91 rows=0 width=0) (actual time=159.030..159.033 rows=0 loops=1)
	  Buffers: shared hit=26 read=17959
	  WAL: records=17 bytes=918
	  ->  Hash Join  (cost=170.20..25420.91 rows=5142 width=18) (actual time=0.938..159.006 rows=17 loops=1)
	        Hash Cond: (p.owner_id = u.id)
	        Join Filter: (h.captured_at < COALESCE(('{"2026-09-09 22:00:00-07","2026-07-11 22:00:00-07","2025-10-09 22:00:00-07"}'::timestamp with time zone[])[array_position('{free,beta,owner}'::text[], u.tier)], '2026-09-09 22:00:00-07'::timestamp with time zone))
	        Rows Removed by Join Filter: 18090
	        Buffers: shared hit=9 read=17959
	        ->  Hash Join  (cost=111.69..25321.85 rows=15427 width=36) (actual time=0.629..122.313 rows=18107 loops=1)
	              Hash Cond: (h.pipeline_id = p.id)
	              Buffers: shared hit=9 read=17938
	              ->  Index Scan using idx_output_snapshot_history_captured_at on output_snapshot_history h  (cost=1.67..25171.28 rows=15432 width=19) (actual time=0.026..119.616 rows=18107 loops=1)
	                    Index Cond: (captured_at < '2026-09-09 22:00:00-07'::timestamp with time zone)
	                    Filter: (output_id = ANY ('{o0,o1,o10,o100,o1000,o1001,o1002,o1003,o1004,o1005,o1006,o1007,o1008,o1009,o101,o1010,o1011,o1012,o1013,o1014,o1015,o1016,o1017,o1018,o1019,o102,o1020,o1021,o1022,o1023,o1024,o1025,o1026,o1027,o1028,o1029,o103,o1030,o1031,o1032,o1033,o1034,o1035,o1036,o1037,o1038,o1039,o104,o1040,o1041,o1042,o1043,o1044,o1045,o1046,o1047,o1048,o1049,o105,o1050,o1051,o1052,o1053,o1054,o1055,o1056,o1057,o1058,o1059,o106,o1060,o1061,o1062,o1063,o1064,o1065,o1066,o1067,o1068,o1069,o107,o1070,o1071,o1072,o1073,o1074,o1075,o1076,o1077,o1078,o1079,o108,o1080,o1081,o1082,o1083,o1084,o1085,o1086,o1087,o1088,o1089,o109,o1090,o1091,o1092,o1093,o1094,o1095,o1096,o1097,o1098,o1099,o11,o110,o1100,o1101,o1102,o1103,o1104,o1105,o1106,o1107,o1108,o1109,o111,o1110,o1111,o1112,o1113,o1114,o1115,o1116,o1117,o1118,o1119,o112,o1120,o1121,o1122,o1123,o1124,o1125,o1126,o1127,o1128,o1129,o113,o1130,o1131,o1132,o1133,o1134,o1135,o1136,o1137,o1138,o1139,o114,o1140,o1141,o1142,o1143,o1144,o1145,o1146,o1147,o1148,o1149,o115,o1150,o1151,o1152,o1153,o1154,o1155,o1156,o1157,o1158,o1159,o116,o1160,o1161,o1162,o1163,o1164,o1165,o1166,o1167,o1168,o1169,o117,o1170,o1171,o1172,o1173,o1174,o1175,o1176,o1177,o1178,o1179,o118,o1180,o1181,o1182,o1183,o1184,o1185,o1186,o1187,o1188,o1189,o119,o1190,o1191,o1192,o1193,o1194,o1195,o1196,o1197,o1198,o1199,o12,o120,o1200,o1201,o1202,o1203,o1204,o1205,o1206,o1207,o1208,o1209,o121,o1210,o1211,o1212,o1213,o1214,o1215,o1216,o1217,o1218,o1219,o122,o1220,o1221,o1222,o1223,o1224,o1225,o1226,o1227,o1228,o1229,o123,o1230,o1231,o1232,o1233,o1234,o1235,o1236,o1237,o1238,o1239,o124,o1240,o1241,o1242,o1243,o1244,o1245,o1246,o1247,o1248,o1249,o125,o1250,o1251,o1252,o1253,o1254,o1255,o1256,o1257,o1258,o1259,o126,o1260,o1261,o1262,o1263,o1264,o1265,o1266,o1267,o1268,o1269,o127,o1270,o1271,o1272,o1273,o1274,o1275,o1276,o1277,o1278,o1279,o128,o1280,o1281,o1282,o1283,o1284,o1285,o1286,o1287,o1288,o1289,o129,o1290,o1291,o1292,o1293,o1294,o1295,o1296,o1297,o1298,o1299,o13,o130,o1300,o1301,o1302,o1303,o1304,o1305,o1306,o1307,o1308,o1309,o131,o1310,o1311,o1312,o1313,o1314,o1315,o1316,o1317,o1318,o1319,o132,o1320,o1321,o1322,o1323,o1324,o1325,o1326,o1327,o1328,o1329,o133,o1330,o1331,o1332,o1333,o1334,o1335,o1336,o1337,o1338,o1339,o134,o1340,o1341,o1342,o1343,o1344,o1345,o1346,o1347,o1348,o1349,o135,o1350,o1351,o1352,o1353,o1354,o1355,o1356,o1357,o1358,o1359,o136,o1360,o1361,o1362,o1363,o1364,o1365,o1366,o1367,o1368,o1369,o137,o1370,o1371,o1372,o1373,o1374,o1375,o1376,o1377,o1378,o1379,o138,o1380,o1381,o1382,o1383,o1384,o1385,o1386,o1387,o1388,o1389,o139,o1390,o1391,o1392,o1393,o1394,o1395,o1396,o1397,o1398,o1399,o14,o140,o1400,o1401,o1402,o1403,o1404,o1405,o1406,o1407,o1408,o1409,o141,o1410,o1411,o1412,o1413,o1414,o1415,o1416,o1417,o1418,o1419,o142,o1420,o1421,o1422,o1423,o1424,o1425,o1426,o1427,o1428,o1429,o143,o1430,o1431,o1432,o1433,o1434,o1435,o1436,o1437,o1438,o1439,o144,o1440,o1441,o1442,o1443}'::text[]))
	                    Rows Removed by Filter: 298541
	                    Buffers: shared hit=9 read=17903
	              ->  Hash  (cost=68.34..68.34 rows=3334 width=27) (actual time=0.587..0.588 rows=3334 loops=1)
	                    Buckets: 4096  Batches: 1  Memory Usage: 227kB
	                    Buffers: shared read=35
	                    ->  Seq Scan on pipelines p  (cost=0.00..68.34 rows=3334 width=27) (actual time=0.005..0.290 rows=3334 loops=1)
	                          Buffers: shared read=35
	        ->  Hash  (cost=37.67..37.67 rows=1667 width=27) (actual time=0.304..0.305 rows=1667 loops=1)
	              Buckets: 2048  Batches: 1  Memory Usage: 113kB
	              Buffers: shared read=21
	              ->  Seq Scan on users u  (cost=0.00..37.67 rows=1667 width=27) (actual time=0.006..0.167 rows=1667 loops=1)
	                    Buffers: shared read=21
2026-10-10 05:34:47.481 UTC [30747] hel1435-S2-prod-noio-R250000-b0-explain-r2 LOG:  duration: 2123.106 ms  plan:
	Query Text: DELETE FROM output_snapshot_history WHERE output_id = ANY($1) AND id IN (
	             SELECT id FROM (
	               SELECT id, age_class, bucket,
	                      row_number() OVER w AS recency,
	                      lag(age_class) OVER w AS prev_class,
	                      lag(bucket) OVER w AS prev_bucket
	               FROM (
	                 SELECT id, output_id, captured_at,
	                        CASE WHEN extract(epoch FROM ($2::timestamptz - captured_at)) < $3 THEN 0
	                             WHEN extract(epoch FROM ($4::timestamptz - captured_at)) < $5 THEN 1
	                             ELSE 2 END AS age_class,
	                        floor(extract(epoch FROM captured_at) /
	                          CASE WHEN extract(epoch FROM ($6::timestamptz - captured_at)) < $7 THEN $8
	                               WHEN extract(epoch FROM ($9::timestamptz - captured_at)) < $10 THEN $11
	                               ELSE $12 END) AS bucket
	                 FROM output_snapshot_history
	                 WHERE output_id = ANY($13)
	               ) classed
	               WINDOW w AS (PARTITION BY output_id ORDER BY captured_at DESC, id DESC)
	             ) ranked
	             WHERE recency > $14 AND prev_class = age_class AND prev_bucket = bucket)
	Query Parameters: $1 = '{o0,o1,o10,o100,o1000,o1001,o1002,o1003,o1004,o1005,o1006,o1007,o1008,o1009,o101,o1010,o1011,o1012,o1013,o1014,o1015,o1016,o1017,o1018,o1019,o102,o1020,o1021,o1022,o1023,o1024,o1025,o1026,o1027,o1028,o1029,o103,o1030,o1031,o1032,o1033,o1034,o1035,o1036,o1037,o1038,o1039,o104,o1040,o1041,o1042,o1043,o1044,o1045,o1046,o1047,o1048,o1049,o105,o1050,o1051,o1052,o1053,o1054,o1055,o1056,o1057,o1058,o1059,o106,o1060,o1061,o1062,o1063,o1064,o1065,o1066,o1067,o1068,o1069,o107,o1070,o1071,o1072,o1073,o1074,o1075,o1076,o1077,o1078,o1079,o108,o1080,o1081,o1082,o1083,o1084,o1085,o1086,o1087,o1088,o1089,o109,o1090,o1091,o1092,o1093,o1094,o1095,o1096,o1097,o1098,o1099,o11,o110,o1100,o1101,o1102,o1103,o1104,o1105,o1106,o1107,o1108,o1109,o111,o1110,o1111,o1112,o1113,o1114,o1115,o1116,o1117,o1118,o1119,o112,o1120,o1121,o1122,o1123,o1124,o1125,o1126,o1127,o1128,o1129,o113,o1130,o1131,o1132,o1133,o1134,o1135,o1136,o1137,o1138,o1139,o114,o1140,o1141,o1142,o1143,o1144,o1145,o1146,o1147,o1148,o1149,o115,o1150,o1151,o1152,o1153,o1154,o1155,o1156,o1157,o1158,o1159,o116,o1160,o1161,o1162,o1163,o1164,o1165,o1166,o1167,o1168,o1169,o117,o1170,o1171,o1172,o1173,o1174,o1175,o1176,o1177,o1178,o1179,o118,o1180,o1181,o1182,o1183,o1184,o1185,o1186,o1187,o1188,o1189,o119,o1190,o1191,o1192,o1193,o1194,o1195,o1196,o1197,o1198,o1199,o12,o120,o1200,o1201,o1202,o1203,o1204,o1205,o1206,o1207,o1208,o1209,o121,o1210,o1211,o1212,o1213,o1214,o1215,o1216,o1217,o1218,o1219,o122,o1220,o1221,o1222,o1223,o1224,o1225,o1226,o1227,o1228,o1229,o123,o1230,o1231,o1232,o1233,o1234,o1235,o1236,o1237,o1238,o1239,o124,o1240,o1241,o1242,o1243,o1244,o1245,o1246,o1247,o1248,o1249,o125,o1250,o1251,o1252,o1253,o1254,o1255,o1256,o1257,o1258,o1259,o126,o1260,o1261,o1262,o1263,o1264,o1265,o1266,o1267,o1268,o1269,o127,o1270,o1271,o1272,o1273,o1274,o1275,o1276,o1277,o1278,o1279,o128,o1280,o1281,o1282,o1283,o1284,o1285,o1286,o1287,o1288,o1289,o129,o1290,o1291,o1292,o1293,o1294,o1295,o1296,o1297,o1298,o1299,o13,o130,o1300,o1301,o1302,o1303,o1304,o1305,o1306,o1307,o1308,o1309,o131,o1310,o1311,o1312,o1313,o1314,o1315,o1316,o1317,o1318,o1319,o132,o1320,o1321,o1322,o1323,o1324,o1325,o1326,o1327,o1328,o1329,o133,o1330,o1331,o1332,o1333,o1334,o1335,o1336,o1337,o1338,o1339,o134,o1340,o1341,o1342,o1343,o1344,o1345,o1346,o1347,o1348,o1349,o135,o1350,o1351,o1352,o1353,o1354,o1355,o1356,o1357,o1358,o1359,o136,o1360,o1361,o1362,o1363,o1364,o1365,o1366,o1367,o1368,o1369,o137,o1370,o1371,o1372,o1373,o1374,o1375,o1376,o1377,o1378,o1379,o138,o1380,o1381,o1382,o1383,o1384,o1385,o1386,o1387,o1388,o1389,o139,o1390,o1391,o1392,o1393,o1394,o1395,o1396,o1397,o1398,o1399,o14,o140,o1400,o1401,o1402,o1403,o1404,o1405,o1406,o1407,o1408,o1409,o141,o1410,o1411,o1412,o1413,o1414,o1415,o1416,o1417,o1418,o1419,o142,o1420,o1421,o1422,o1423,o1424,o1425,o1426,o1427,o1428,o1429,o143,o1430,o1431,o1432,o1433,o1434,o1435,o1436,o1437,o1438,o1439,o144,o1440,o1441,o1442,o1443}', $2 = '2026-10-09 22:00:00-07', $3 = '86400', $4 = '2026-10-09 22:00:00-07', $5 = '604800', $6 = '2026-10-09 22:00:00-07', $7 = '86400', $8 = '300', $9 = '2026-10-09 22:00:00-07', $10 = '604800', $11 = '3600', $12 = '86400', $13 = '{o0,o1,o10,o100,o1000,o1001,o1002,o1003,o1004,o1005,o1006,o1007,o1008,o1009,o101,o1010,o1011,o1012,o1013,o1014,o1015,o1016,o1017,o1018,o1019,o102,o1020,o1021,o1022,o1023,o1024,o1025,o1026,o1027,o1028,o1029,o103,o1030,o1031,o1032,o1033,o1034,o1035,o1036,o1037,o1038,o1039,o104,o1040,o1041,o1042,o1043,o1044,o1045,o1046,o1047,o1048,o1049,o105,o1050,o1051,o1052,o1053,o1054,o1055,o1056,o1057,o1058,o1059,o106,o1060,o1061,o1062,o1063,o1064,o1065,o1066,o1067,o1068,o1069,o107,o1070,o1071,o1072,o1073,o1074,o1075,o1076,o1077,o1078,o1079,o108,o1080,o1081,o1082,o1083,o1084,o1085,o1086,o1087,o1088,o1089,o109,o1090,o1091,o1092,o1093,o1094,o1095,o1096,o1097,o1098,o1099,o11,o110,o1100,o1101,o1102,o1103,o1104,o1105,o1106,o1107,o1108,o1109,o111,o1110,o1111,o1112,o1113,o1114,o1115,o1116,o1117,o1118,o1119,o112,o1120,o1121,o1122,o1123,o1124,o1125,o1126,o1127,o1128,o1129,o113,o1130,o1131,o1132,o1133,o1134,o1135,o1136,o1137,o1138,o1139,o114,o1140,o1141,o1142,o1143,o1144,o1145,o1146,o1147,o1148,o1149,o115,o1150,o1151,o1152,o1153,o1154,o1155,o1156,o1157,o1158,o1159,o116,o1160,o1161,o1162,o1163,o1164,o1165,o1166,o1167,o1168,o1169,o117,o1170,o1171,o1172,o1173,o1174,o1175,o1176,o1177,o1178,o1179,o118,o1180,o1181,o1182,o1183,o1184,o1185,o1186,o1187,o1188,o1189,o119,o1190,o1191,o1192,o1193,o1194,o1195,o1196,o1197,o1198,o1199,o12,o120,o1200,o1201,o1202,o1203,o1204,o1205,o1206,o1207,o1208,o1209,o121,o1210,o1211,o1212,o1213,o1214,o1215,o1216,o1217,o1218,o1219,o122,o1220,o1221,o1222,o1223,o1224,o1225,o1226,o1227,o1228,o1229,o123,o1230,o1231,o1232,o1233,o1234,o1235,o1236,o1237,o1238,o1239,o124,o1240,o1241,o1242,o1243,o1244,o1245,o1246,o1247,o1248,o1249,o125,o1250,o1251,o1252,o1253,o1254,o1255,o1256,o1257,o1258,o1259,o126,o1260,o1261,o1262,o1263,o1264,o1265,o1266,o1267,o1268,o1269,o127,o1270,o1271,o1272,o1273,o1274,o1275,o1276,o1277,o1278,o1279,o128,o1280,o1281,o1282,o1283,o1284,o1285,o1286,o1287,o1288,o1289,o129,o1290,o1291,o1292,o1293,o1294,o1295,o1296,o1297,o1298,o1299,o13,o130,o1300,o1301,o1302,o1303,o1304,o1305,o1306,o1307,o1308,o1309,o131,o1310,o1311,o1312,o1313,o1314,o1315,o1316,o1317,o1318,o1319,o132,o1320,o1321,o1322,o1323,o1324,o1325,o1326,o1327,o1328,o1329,o133,o1330,o1331,o1332,o1333,o1334,o1335,o1336,o1337,o1338,o1339,o134,o1340,o1341,o1342,o1343,o1344,o1345,o1346,o1347,o1348,o1349,o135,o1350,o1351,o1352,o1353,o1354,o1355,o1356,o1357,o1358,o1359,o136,o1360,o1361,o1362,o1363,o1364,o1365,o1366,o1367,o1368,o1369,o137,o1370,o1371,o1372,o1373,o1374,o1375,o1376,o1377,o1378,o1379,o138,o1380,o1381,o1382,o1383,o1384,o1385,o1386,o1387,o1388,o1389,o139,o1390,o1391,o1392,o1393,o1394,o1395,o1396,o1397,o1398,o1399,o14,o140,o1400,o1401,o1402,o1403,o1404,o1405,o1406,o1407,o1408,o1409,o141,o1410,o1411,o1412,o1413,o1414,o1415,o1416,o1417,o1418,o1419,o142,o1420,o1421,o1422,o1423,o1424,o1425,o1426,o1427,o1428,o1429,o143,o1430,o1431,o1432,o1433,o1434,o1435,o1436,o1437,o1438,o1439,o144,o1440,o1441,o1442,o1443}', $14 = '102'
	Delete on output_snapshot_history  (cost=411374.87..411392.60 rows=0 width=0) (actual time=2123.102..2123.105 rows=0 loops=1)
	  Buffers: shared hit=38161 read=268787, temp read=1222 written=1226
	  WAL: records=5952 bytes=321408
	  ->  Nested Loop  (cost=411374.87..411392.60 rows=1 width=46) (actual time=2101.678..2121.500 rows=5952 loops=1)
	        Buffers: shared hit=32209 read=268787, temp read=1222 written=1226
	        ->  Unique  (cost=411373.20..411373.21 rows=2 width=56) (actual time=2101.608..2102.908 rows=5952 loops=1)
	              Buffers: shared hit=13574 read=263614, temp read=1222 written=1226
	              ->  Sort  (cost=411373.20..411373.20 rows=2 width=56) (actual time=2101.608..2102.361 rows=5952 loops=1)
	                    Sort Key: ranked.id
	                    Sort Method: quicksort  Memory: 844kB
	                    Buffers: shared hit=13574 read=263614, temp read=1222 written=1226
	                    ->  Subquery Scan on ranked  (cost=380271.56..411373.19 rows=2 width=56) (actual time=1532.883..2100.309 rows=5952 loops=1)
	                          Filter: ((ranked.recency > 102) AND (ranked.prev_class = ranked.age_class) AND (ranked.prev_bucket = ranked.bucket))
	                          Rows Removed by Filter: 243770
	                          Buffers: shared hit=13571 read=263614, temp read=1222 written=1226
	                          ->  WindowAgg  (cost=380271.56..407018.96 rows=248813 width=109) (actual time=1532.403..2088.248 rows=249722 loops=1)
	                                Buffers: shared hit=13571 read=263614, temp read=1222 written=1226
	                                ->  Sort  (cost=380271.56..380893.60 rows=248813 width=29) (actual time=1532.318..1652.230 rows=249722 loops=1)
	                                      Sort Key: output_snapshot_history_1.output_id, output_snapshot_history_1.captured_at DESC, output_snapshot_history_1.id DESC
	                                      Sort Method: external merge  Disk: 9776kB
	                                      Buffers: shared hit=13571 read=263614, temp read=1222 written=1226
	                                      ->  Seq Scan on output_snapshot_history output_snapshot_history_1  (cost=1.24..352018.57 rows=248813 width=29) (actual time=5.983..1211.136 rows=249722 loops=1)
	                                            Filter: (output_id = ANY ('{o0,o1,o10,o100,o1000,o1001,o1002,o1003,o1004,o1005,o1006,o1007,o1008,o1009,o101,o1010,o1011,o1012,o1013,o1014,o1015,o1016,o1017,o1018,o1019,o102,o1020,o1021,o1022,o1023,o1024,o1025,o1026,o1027,o1028,o1029,o103,o1030,o1031,o1032,o1033,o1034,o1035,o1036,o1037,o1038,o1039,o104,o1040,o1041,o1042,o1043,o1044,o1045,o1046,o1047,o1048,o1049,o105,o1050,o1051,o1052,o1053,o1054,o1055,o1056,o1057,o1058,o1059,o106,o1060,o1061,o1062,o1063,o1064,o1065,o1066,o1067,o1068,o1069,o107,o1070,o1071,o1072,o1073,o1074,o1075,o1076,o1077,o1078,o1079,o108,o1080,o1081,o1082,o1083,o1084,o1085,o1086,o1087,o1088,o1089,o109,o1090,o1091,o1092,o1093,o1094,o1095,o1096,o1097,o1098,o1099,o11,o110,o1100,o1101,o1102,o1103,o1104,o1105,o1106,o1107,o1108,o1109,o111,o1110,o1111,o1112,o1113,o1114,o1115,o1116,o1117,o1118,o1119,o112,o1120,o1121,o1122,o1123,o1124,o1125,o1126,o1127,o1128,o1129,o113,o1130,o1131,o1132,o1133,o1134,o1135,o1136,o1137,o1138,o1139,o114,o1140,o1141,o1142,o1143,o1144,o1145,o1146,o1147,o1148,o1149,o115,o1150,o1151,o1152,o1153,o1154,o1155,o1156,o1157,o1158,o1159,o116,o1160,o1161,o1162,o1163,o1164,o1165,o1166,o1167,o1168,o1169,o117,o1170,o1171,o1172,o1173,o1174,o1175,o1176,o1177,o1178,o1179,o118,o1180,o1181,o1182,o1183,o1184,o1185,o1186,o1187,o1188,o1189,o119,o1190,o1191,o1192,o1193,o1194,o1195,o1196,o1197,o1198,o1199,o12,o120,o1200,o1201,o1202,o1203,o1204,o1205,o1206,o1207,o1208,o1209,o121,o1210,o1211,o1212,o1213,o1214,o1215,o1216,o1217,o1218,o1219,o122,o1220,o1221,o1222,o1223,o1224,o1225,o1226,o1227,o1228,o1229,o123,o1230,o1231,o1232,o1233,o1234,o1235,o1236,o1237,o1238,o1239,o124,o1240,o1241,o1242,o1243,o1244,o1245,o1246,o1247,o1248,o1249,o125,o1250,o1251,o1252,o1253,o1254,o1255,o1256,o1257,o1258,o1259,o126,o1260,o1261,o1262,o1263,o1264,o1265,o1266,o1267,o1268,o1269,o127,o1270,o1271,o1272,o1273,o1274,o1275,o1276,o1277,o1278,o1279,o128,o1280,o1281,o1282,o1283,o1284,o1285,o1286,o1287,o1288,o1289,o129,o1290,o1291,o1292,o1293,o1294,o1295,o1296,o1297,o1298,o1299,o13,o130,o1300,o1301,o1302,o1303,o1304,o1305,o1306,o1307,o1308,o1309,o131,o1310,o1311,o1312,o1313,o1314,o1315,o1316,o1317,o1318,o1319,o132,o1320,o1321,o1322,o1323,o1324,o1325,o1326,o1327,o1328,o1329,o133,o1330,o1331,o1332,o1333,o1334,o1335,o1336,o1337,o1338,o1339,o134,o1340,o1341,o1342,o1343,o1344,o1345,o1346,o1347,o1348,o1349,o135,o1350,o1351,o1352,o1353,o1354,o1355,o1356,o1357,o1358,o1359,o136,o1360,o1361,o1362,o1363,o1364,o1365,o1366,o1367,o1368,o1369,o137,o1370,o1371,o1372,o1373,o1374,o1375,o1376,o1377,o1378,o1379,o138,o1380,o1381,o1382,o1383,o1384,o1385,o1386,o1387,o1388,o1389,o139,o1390,o1391,o1392,o1393,o1394,o1395,o1396,o1397,o1398,o1399,o14,o140,o1400,o1401,o1402,o1403,o1404,o1405,o1406,o1407,o1408,o1409,o141,o1410,o1411,o1412,o1413,o1414,o1415,o1416,o1417,o1418,o1419,o142,o1420,o1421,o1422,o1423,o1424,o1425,o1426,o1427,o1428,o1429,o143,o1430,o1431,o1432,o1433,o1434,o1435,o1436,o1437,o1438,o1439,o144,o1440,o1441,o1442,o1443}'::text[]))
	                                            Rows Removed by Filter: 4736909
	                                            Buffers: shared hit=13565 read=263614
	        ->  Index Scan using output_snapshot_history_pkey on output_snapshot_history  (cost=1.67..9.70 rows=1 width=22) (actual time=0.003..0.003 rows=1 loops=5952)
	              Index Cond: (id = ranked.id)
	              Filter: (output_id = ANY ('{o0,o1,o10,o100,o1000,o1001,o1002,o1003,o1004,o1005,o1006,o1007,o1008,o1009,o101,o1010,o1011,o1012,o1013,o1014,o1015,o1016,o1017,o1018,o1019,o102,o1020,o1021,o1022,o1023,o1024,o1025,o1026,o1027,o1028,o1029,o103,o1030,o1031,o1032,o1033,o1034,o1035,o1036,o1037,o1038,o1039,o104,o1040,o1041,o1042,o1043,o1044,o1045,o1046,o1047,o1048,o1049,o105,o1050,o1051,o1052,o1053,o1054,o1055,o1056,o1057,o1058,o1059,o106,o1060,o1061,o1062,o1063,o1064,o1065,o1066,o1067,o1068,o1069,o107,o1070,o1071,o1072,o1073,o1074,o1075,o1076,o1077,o1078,o1079,o108,o1080,o1081,o1082,o1083,o1084,o1085,o1086,o1087,o1088,o1089,o109,o1090,o1091,o1092,o1093,o1094,o1095,o1096,o1097,o1098,o1099,o11,o110,o1100,o1101,o1102,o1103,o1104,o1105,o1106,o1107,o1108,o1109,o111,o1110,o1111,o1112,o1113,o1114,o1115,o1116,o1117,o1118,o1119,o112,o1120,o1121,o1122,o1123,o1124,o1125,o1126,o1127,o1128,o1129,o113,o1130,o1131,o1132,o1133,o1134,o1135,o1136,o1137,o1138,o1139,o114,o1140,o1141,o1142,o1143,o1144,o1145,o1146,o1147,o1148,o1149,o115,o1150,o1151,o1152,o1153,o1154,o1155,o1156,o1157,o1158,o1159,o116,o1160,o1161,o1162,o1163,o1164,o1165,o1166,o1167,o1168,o1169,o117,o1170,o1171,o1172,o1173,o1174,o1175,o1176,o1177,o1178,o1179,o118,o1180,o1181,o1182,o1183,o1184,o1185,o1186,o1187,o1188,o1189,o119,o1190,o1191,o1192,o1193,o1194,o1195,o1196,o1197,o1198,o1199,o12,o120,o1200,o1201,o1202,o1203,o1204,o1205,o1206,o1207,o1208,o1209,o121,o1210,o1211,o1212,o1213,o1214,o1215,o1216,o1217,o1218,o1219,o122,o1220,o1221,o1222,o1223,o1224,o1225,o1226,o1227,o1228,o1229,o123,o1230,o1231,o1232,o1233,o1234,o1235,o1236,o1237,o1238,o1239,o124,o1240,o1241,o1242,o1243,o1244,o1245,o1246,o1247,o1248,o1249,o125,o1250,o1251,o1252,o1253,o1254,o1255,o1256,o1257,o1258,o1259,o126,o1260,o1261,o1262,o1263,o1264,o1265,o1266,o1267,o1268,o1269,o127,o1270,o1271,o1272,o1273,o1274,o1275,o1276,o1277,o1278,o1279,o128,o1280,o1281,o1282,o1283,o1284,o1285,o1286,o1287,o1288,o1289,o129,o1290,o1291,o1292,o1293,o1294,o1295,o1296,o1297,o1298,o1299,o13,o130,o1300,o1301,o1302,o1303,o1304,o1305,o1306,o1307,o1308,o1309,o131,o1310,o1311,o1312,o1313,o1314,o1315,o1316,o1317,o1318,o1319,o132,o1320,o1321,o1322,o1323,o1324,o1325,o1326,o1327,o1328,o1329,o133,o1330,o1331,o1332,o1333,o1334,o1335,o1336,o1337,o1338,o1339,o134,o1340,o1341,o1342,o1343,o1344,o1345,o1346,o1347,o1348,o1349,o135,o1350,o1351,o1352,o1353,o1354,o1355,o1356,o1357,o1358,o1359,o136,o1360,o1361,o1362,o1363,o1364,o1365,o1366,o1367,o1368,o1369,o137,o1370,o1371,o1372,o1373,o1374,o1375,o1376,o1377,o1378,o1379,o138,o1380,o1381,o1382,o1383,o1384,o1385,o1386,o1387,o1388,o1389,o139,o1390,o1391,o1392,o1393,o1394,o1395,o1396,o1397,o1398,o1399,o14,o140,o1400,o1401,o1402,o1403,o1404,o1405,o1406,o1407,o1408,o1409,o141,o1410,o1411,o1412,o1413,o1414,o1415,o1416,o1417,o1418,o1419,o142,o1420,o1421,o1422,o1423,o1424,o1425,o1426,o1427,o1428,o1429,o143,o1430,o1431,o1432,o1433,o1434,o1435,o1436,o1437,o1438,o1439,o144,o1440,o1441,o1442,o1443}'::text[]))
	              Buffers: shared hit=18635 read=5173
	JIT:
	  Functions: 24
	  Options: Inlining false, Optimization false, Expressions true, Deforming true
	  Timing: Generation 0.636 ms, Inlining 0.000 ms, Optimization 0.306 ms, Emission 5.713 ms, Total 6.655 ms
2026-10-10 05:34:47.483 UTC [30747] hel1435-S2-prod-noio-R250000-b0-explain-r2 LOG:  temporary file: path "base/pgsql_tmp/pgsql_tmp30747.0", size 10010624
2026-10-10 05:34:47.483 UTC [30747] hel1435-S2-prod-noio-R250000-b0-explain-r2 STATEMENT:  DELETE FROM output_snapshot_history WHERE output_id = ANY($1) AND id IN (
	             SELECT id FROM (
	               SELECT id, age_class, bucket,
	                      row_number() OVER w AS recency,
	                      lag(age_class) OVER w AS prev_class,
	                      lag(bucket) OVER w AS prev_bucket
	               FROM (
	                 SELECT id, output_id, captured_at,
	                        CASE WHEN extract(epoch FROM ($2::timestamptz - captured_at)) < $3 THEN 0
	                             WHEN extract(epoch FROM ($4::timestamptz - captured_at)) < $5 THEN 1
	                             ELSE 2 END AS age_class,
	                        floor(extract(epoch FROM captured_at) /
	                          CASE WHEN extract(epoch FROM ($6::timestamptz - captured_at)) < $7 THEN $8
	                               WHEN extract(epoch FROM ($9::timestamptz - captured_at)) < $10 THEN $11
	                               ELSE $12 END) AS bucket
	                 FROM output_snapshot_history
	                 WHERE output_id = ANY($13)
	               ) classed
	               WINDOW w AS (PARTITION BY output_id ORDER BY captured_at DESC, id DESC)
	             ) ranked
	             WHERE recency > $14 AND prev_class = age_class AND prev_bucket = bucket)
2026-10-10 05:34:47.861 UTC [30749] hel1435-S2-prod-noio-R250000-b0-explain-r3 LOG:  duration: 164.993 ms  plan:
	Query Text: DELETE FROM output_snapshot_history h
	             USING pipelines p, users u
	             WHERE h.output_id = ANY($1) AND h.captured_at < $2
	               AND h.pipeline_id = p.id AND p.owner_id = u.id
	               AND h.captured_at < COALESCE(($3::timestamptz[])[array_position($4::text[], u.tier)], $5)
	Query Parameters: $1 = '{o0,o1,o10,o100,o1000,o1001,o1002,o1003,o1004,o1005,o1006,o1007,o1008,o1009,o101,o1010,o1011,o1012,o1013,o1014,o1015,o1016,o1017,o1018,o1019,o102,o1020,o1021,o1022,o1023,o1024,o1025,o1026,o1027,o1028,o1029,o103,o1030,o1031,o1032,o1033,o1034,o1035,o1036,o1037,o1038,o1039,o104,o1040,o1041,o1042,o1043,o1044,o1045,o1046,o1047,o1048,o1049,o105,o1050,o1051,o1052,o1053,o1054,o1055,o1056,o1057,o1058,o1059,o106,o1060,o1061,o1062,o1063,o1064,o1065,o1066,o1067,o1068,o1069,o107,o1070,o1071,o1072,o1073,o1074,o1075,o1076,o1077,o1078,o1079,o108,o1080,o1081,o1082,o1083,o1084,o1085,o1086,o1087,o1088,o1089,o109,o1090,o1091,o1092,o1093,o1094,o1095,o1096,o1097,o1098,o1099,o11,o110,o1100,o1101,o1102,o1103,o1104,o1105,o1106,o1107,o1108,o1109,o111,o1110,o1111,o1112,o1113,o1114,o1115,o1116,o1117,o1118,o1119,o112,o1120,o1121,o1122,o1123,o1124,o1125,o1126,o1127,o1128,o1129,o113,o1130,o1131,o1132,o1133,o1134,o1135,o1136,o1137,o1138,o1139,o114,o1140,o1141,o1142,o1143,o1144,o1145,o1146,o1147,o1148,o1149,o115,o1150,o1151,o1152,o1153,o1154,o1155,o1156,o1157,o1158,o1159,o116,o1160,o1161,o1162,o1163,o1164,o1165,o1166,o1167,o1168,o1169,o117,o1170,o1171,o1172,o1173,o1174,o1175,o1176,o1177,o1178,o1179,o118,o1180,o1181,o1182,o1183,o1184,o1185,o1186,o1187,o1188,o1189,o119,o1190,o1191,o1192,o1193,o1194,o1195,o1196,o1197,o1198,o1199,o12,o120,o1200,o1201,o1202,o1203,o1204,o1205,o1206,o1207,o1208,o1209,o121,o1210,o1211,o1212,o1213,o1214,o1215,o1216,o1217,o1218,o1219,o122,o1220,o1221,o1222,o1223,o1224,o1225,o1226,o1227,o1228,o1229,o123,o1230,o1231,o1232,o1233,o1234,o1235,o1236,o1237,o1238,o1239,o124,o1240,o1241,o1242,o1243,o1244,o1245,o1246,o1247,o1248,o1249,o125,o1250,o1251,o1252,o1253,o1254,o1255,o1256,o1257,o1258,o1259,o126,o1260,o1261,o1262,o1263,o1264,o1265,o1266,o1267,o1268,o1269,o127,o1270,o1271,o1272,o1273,o1274,o1275,o1276,o1277,o1278,o1279,o128,o1280,o1281,o1282,o1283,o1284,o1285,o1286,o1287,o1288,o1289,o129,o1290,o1291,o1292,o1293,o1294,o1295,o1296,o1297,o1298,o1299,o13,o130,o1300,o1301,o1302,o1303,o1304,o1305,o1306,o1307,o1308,o1309,o131,o1310,o1311,o1312,o1313,o1314,o1315,o1316,o1317,o1318,o1319,o132,o1320,o1321,o1322,o1323,o1324,o1325,o1326,o1327,o1328,o1329,o133,o1330,o1331,o1332,o1333,o1334,o1335,o1336,o1337,o1338,o1339,o134,o1340,o1341,o1342,o1343,o1344,o1345,o1346,o1347,o1348,o1349,o135,o1350,o1351,o1352,o1353,o1354,o1355,o1356,o1357,o1358,o1359,o136,o1360,o1361,o1362,o1363,o1364,o1365,o1366,o1367,o1368,o1369,o137,o1370,o1371,o1372,o1373,o1374,o1375,o1376,o1377,o1378,o1379,o138,o1380,o1381,o1382,o1383,o1384,o1385,o1386,o1387,o1388,o1389,o139,o1390,o1391,o1392,o1393,o1394,o1395,o1396,o1397,o1398,o1399,o14,o140,o1400,o1401,o1402,o1403,o1404,o1405,o1406,o1407,o1408,o1409,o141,o1410,o1411,o1412,o1413,o1414,o1415,o1416,o1417,o1418,o1419,o142,o1420,o1421,o1422,o1423,o1424,o1425,o1426,o1427,o1428,o1429,o143,o1430,o1431,o1432,o1433,o1434,o1435,o1436,o1437,o1438,o1439,o144,o1440,o1441,o1442,o1443}', $2 = '2026-09-09 22:00:00-07', $3 = '{"2026-09-09 22:00:00-07","2026-07-11 22:00:00-07","2025-10-09 22:00:00-07"}', $4 = '{free,beta,owner}', $5 = '2026-09-09 22:00:00-07'
	Delete on output_snapshot_history h  (cost=170.20..25420.91 rows=0 width=0) (actual time=164.989..164.992 rows=0 loops=1)
	  Buffers: shared hit=24 read=17961
	  WAL: records=17 bytes=918
	  ->  Hash Join  (cost=170.20..25420.91 rows=5142 width=18) (actual time=0.937..164.960 rows=17 loops=1)
	        Hash Cond: (p.owner_id = u.id)
	        Join Filter: (h.captured_at < COALESCE(('{"2026-09-09 22:00:00-07","2026-07-11 22:00:00-07","2025-10-09 22:00:00-07"}'::timestamp with time zone[])[array_position('{free,beta,owner}'::text[], u.tier)], '2026-09-09 22:00:00-07'::timestamp with time zone))
	        Rows Removed by Join Filter: 18090
	        Buffers: shared hit=7 read=17961
	        ->  Hash Join  (cost=111.69..25321.85 rows=15427 width=36) (actual time=0.636..161.282 rows=18107 loops=1)
	              Hash Cond: (h.pipeline_id = p.id)
	              Buffers: shared hit=7 read=17940
	              ->  Index Scan using idx_output_snapshot_history_captured_at on output_snapshot_history h  (cost=1.67..25171.28 rows=15432 width=19) (actual time=0.027..158.287 rows=18107 loops=1)
	                    Index Cond: (captured_at < '2026-09-09 22:00:00-07'::timestamp with time zone)
	                    Filter: (output_id = ANY ('{o0,o1,o10,o100,o1000,o1001,o1002,o1003,o1004,o1005,o1006,o1007,o1008,o1009,o101,o1010,o1011,o1012,o1013,o1014,o1015,o1016,o1017,o1018,o1019,o102,o1020,o1021,o1022,o1023,o1024,o1025,o1026,o1027,o1028,o1029,o103,o1030,o1031,o1032,o1033,o1034,o1035,o1036,o1037,o1038,o1039,o104,o1040,o1041,o1042,o1043,o1044,o1045,o1046,o1047,o1048,o1049,o105,o1050,o1051,o1052,o1053,o1054,o1055,o1056,o1057,o1058,o1059,o106,o1060,o1061,o1062,o1063,o1064,o1065,o1066,o1067,o1068,o1069,o107,o1070,o1071,o1072,o1073,o1074,o1075,o1076,o1077,o1078,o1079,o108,o1080,o1081,o1082,o1083,o1084,o1085,o1086,o1087,o1088,o1089,o109,o1090,o1091,o1092,o1093,o1094,o1095,o1096,o1097,o1098,o1099,o11,o110,o1100,o1101,o1102,o1103,o1104,o1105,o1106,o1107,o1108,o1109,o111,o1110,o1111,o1112,o1113,o1114,o1115,o1116,o1117,o1118,o1119,o112,o1120,o1121,o1122,o1123,o1124,o1125,o1126,o1127,o1128,o1129,o113,o1130,o1131,o1132,o1133,o1134,o1135,o1136,o1137,o1138,o1139,o114,o1140,o1141,o1142,o1143,o1144,o1145,o1146,o1147,o1148,o1149,o115,o1150,o1151,o1152,o1153,o1154,o1155,o1156,o1157,o1158,o1159,o116,o1160,o1161,o1162,o1163,o1164,o1165,o1166,o1167,o1168,o1169,o117,o1170,o1171,o1172,o1173,o1174,o1175,o1176,o1177,o1178,o1179,o118,o1180,o1181,o1182,o1183,o1184,o1185,o1186,o1187,o1188,o1189,o119,o1190,o1191,o1192,o1193,o1194,o1195,o1196,o1197,o1198,o1199,o12,o120,o1200,o1201,o1202,o1203,o1204,o1205,o1206,o1207,o1208,o1209,o121,o1210,o1211,o1212,o1213,o1214,o1215,o1216,o1217,o1218,o1219,o122,o1220,o1221,o1222,o1223,o1224,o1225,o1226,o1227,o1228,o1229,o123,o1230,o1231,o1232,o1233,o1234,o1235,o1236,o1237,o1238,o1239,o124,o1240,o1241,o1242,o1243,o1244,o1245,o1246,o1247,o1248,o1249,o125,o1250,o1251,o1252,o1253,o1254,o1255,o1256,o1257,o1258,o1259,o126,o1260,o1261,o1262,o1263,o1264,o1265,o1266,o1267,o1268,o1269,o127,o1270,o1271,o1272,o1273,o1274,o1275,o1276,o1277,o1278,o1279,o128,o1280,o1281,o1282,o1283,o1284,o1285,o1286,o1287,o1288,o1289,o129,o1290,o1291,o1292,o1293,o1294,o1295,o1296,o1297,o1298,o1299,o13,o130,o1300,o1301,o1302,o1303,o1304,o1305,o1306,o1307,o1308,o1309,o131,o1310,o1311,o1312,o1313,o1314,o1315,o1316,o1317,o1318,o1319,o132,o1320,o1321,o1322,o1323,o1324,o1325,o1326,o1327,o1328,o1329,o133,o1330,o1331,o1332,o1333,o1334,o1335,o1336,o1337,o1338,o1339,o134,o1340,o1341,o1342,o1343,o1344,o1345,o1346,o1347,o1348,o1349,o135,o1350,o1351,o1352,o1353,o1354,o1355,o1356,o1357,o1358,o1359,o136,o1360,o1361,o1362,o1363,o1364,o1365,o1366,o1367,o1368,o1369,o137,o1370,o1371,o1372,o1373,o1374,o1375,o1376,o1377,o1378,o1379,o138,o1380,o1381,o1382,o1383,o1384,o1385,o1386,o1387,o1388,o1389,o139,o1390,o1391,o1392,o1393,o1394,o1395,o1396,o1397,o1398,o1399,o14,o140,o1400,o1401,o1402,o1403,o1404,o1405,o1406,o1407,o1408,o1409,o141,o1410,o1411,o1412,o1413,o1414,o1415,o1416,o1417,o1418,o1419,o142,o1420,o1421,o1422,o1423,o1424,o1425,o1426,o1427,o1428,o1429,o143,o1430,o1431,o1432,o1433,o1434,o1435,o1436,o1437,o1438,o1439,o144,o1440,o1441,o1442,o1443}'::text[]))
	                    Rows Removed by Filter: 298541
	                    Buffers: shared hit=7 read=17905
	              ->  Hash  (cost=68.34..68.34 rows=3334 width=27) (actual time=0.591..0.592 rows=3334 loops=1)
	                    Buckets: 4096  Batches: 1  Memory Usage: 227kB
	                    Buffers: shared read=35
	                    ->  Seq Scan on pipelines p  (cost=0.00..68.34 rows=3334 width=27) (actual time=0.005..0.298 rows=3334 loops=1)
	                          Buffers: shared read=35
	        ->  Hash  (cost=37.67..37.67 rows=1667 width=27) (actual time=0.296..0.296 rows=1667 loops=1)
	              Buckets: 2048  Batches: 1  Memory Usage: 113kB
	              Buffers: shared read=21
	              ->  Seq Scan on users u  (cost=0.00..37.67 rows=1667 width=27) (actual time=0.005..0.158 rows=1667 loops=1)
	                    Buffers: shared read=21
2026-10-10 05:34:50.162 UTC [30749] hel1435-S2-prod-noio-R250000-b0-explain-r3 LOG:  duration: 2283.547 ms  plan:
	Query Text: DELETE FROM output_snapshot_history WHERE output_id = ANY($1) AND id IN (
	             SELECT id FROM (
	               SELECT id, age_class, bucket,
	                      row_number() OVER w AS recency,
	                      lag(age_class) OVER w AS prev_class,
	                      lag(bucket) OVER w AS prev_bucket
	               FROM (
	                 SELECT id, output_id, captured_at,
	                        CASE WHEN extract(epoch FROM ($2::timestamptz - captured_at)) < $3 THEN 0
	                             WHEN extract(epoch FROM ($4::timestamptz - captured_at)) < $5 THEN 1
	                             ELSE 2 END AS age_class,
	                        floor(extract(epoch FROM captured_at) /
	                          CASE WHEN extract(epoch FROM ($6::timestamptz - captured_at)) < $7 THEN $8
	                               WHEN extract(epoch FROM ($9::timestamptz - captured_at)) < $10 THEN $11
	                               ELSE $12 END) AS bucket
	                 FROM output_snapshot_history
	                 WHERE output_id = ANY($13)
	               ) classed
	               WINDOW w AS (PARTITION BY output_id ORDER BY captured_at DESC, id DESC)
	             ) ranked
	             WHERE recency > $14 AND prev_class = age_class AND prev_bucket = bucket)
	Query Parameters: $1 = '{o0,o1,o10,o100,o1000,o1001,o1002,o1003,o1004,o1005,o1006,o1007,o1008,o1009,o101,o1010,o1011,o1012,o1013,o1014,o1015,o1016,o1017,o1018,o1019,o102,o1020,o1021,o1022,o1023,o1024,o1025,o1026,o1027,o1028,o1029,o103,o1030,o1031,o1032,o1033,o1034,o1035,o1036,o1037,o1038,o1039,o104,o1040,o1041,o1042,o1043,o1044,o1045,o1046,o1047,o1048,o1049,o105,o1050,o1051,o1052,o1053,o1054,o1055,o1056,o1057,o1058,o1059,o106,o1060,o1061,o1062,o1063,o1064,o1065,o1066,o1067,o1068,o1069,o107,o1070,o1071,o1072,o1073,o1074,o1075,o1076,o1077,o1078,o1079,o108,o1080,o1081,o1082,o1083,o1084,o1085,o1086,o1087,o1088,o1089,o109,o1090,o1091,o1092,o1093,o1094,o1095,o1096,o1097,o1098,o1099,o11,o110,o1100,o1101,o1102,o1103,o1104,o1105,o1106,o1107,o1108,o1109,o111,o1110,o1111,o1112,o1113,o1114,o1115,o1116,o1117,o1118,o1119,o112,o1120,o1121,o1122,o1123,o1124,o1125,o1126,o1127,o1128,o1129,o113,o1130,o1131,o1132,o1133,o1134,o1135,o1136,o1137,o1138,o1139,o114,o1140,o1141,o1142,o1143,o1144,o1145,o1146,o1147,o1148,o1149,o115,o1150,o1151,o1152,o1153,o1154,o1155,o1156,o1157,o1158,o1159,o116,o1160,o1161,o1162,o1163,o1164,o1165,o1166,o1167,o1168,o1169,o117,o1170,o1171,o1172,o1173,o1174,o1175,o1176,o1177,o1178,o1179,o118,o1180,o1181,o1182,o1183,o1184,o1185,o1186,o1187,o1188,o1189,o119,o1190,o1191,o1192,o1193,o1194,o1195,o1196,o1197,o1198,o1199,o12,o120,o1200,o1201,o1202,o1203,o1204,o1205,o1206,o1207,o1208,o1209,o121,o1210,o1211,o1212,o1213,o1214,o1215,o1216,o1217,o1218,o1219,o122,o1220,o1221,o1222,o1223,o1224,o1225,o1226,o1227,o1228,o1229,o123,o1230,o1231,o1232,o1233,o1234,o1235,o1236,o1237,o1238,o1239,o124,o1240,o1241,o1242,o1243,o1244,o1245,o1246,o1247,o1248,o1249,o125,o1250,o1251,o1252,o1253,o1254,o1255,o1256,o1257,o1258,o1259,o126,o1260,o1261,o1262,o1263,o1264,o1265,o1266,o1267,o1268,o1269,o127,o1270,o1271,o1272,o1273,o1274,o1275,o1276,o1277,o1278,o1279,o128,o1280,o1281,o1282,o1283,o1284,o1285,o1286,o1287,o1288,o1289,o129,o1290,o1291,o1292,o1293,o1294,o1295,o1296,o1297,o1298,o1299,o13,o130,o1300,o1301,o1302,o1303,o1304,o1305,o1306,o1307,o1308,o1309,o131,o1310,o1311,o1312,o1313,o1314,o1315,o1316,o1317,o1318,o1319,o132,o1320,o1321,o1322,o1323,o1324,o1325,o1326,o1327,o1328,o1329,o133,o1330,o1331,o1332,o1333,o1334,o1335,o1336,o1337,o1338,o1339,o134,o1340,o1341,o1342,o1343,o1344,o1345,o1346,o1347,o1348,o1349,o135,o1350,o1351,o1352,o1353,o1354,o1355,o1356,o1357,o1358,o1359,o136,o1360,o1361,o1362,o1363,o1364,o1365,o1366,o1367,o1368,o1369,o137,o1370,o1371,o1372,o1373,o1374,o1375,o1376,o1377,o1378,o1379,o138,o1380,o1381,o1382,o1383,o1384,o1385,o1386,o1387,o1388,o1389,o139,o1390,o1391,o1392,o1393,o1394,o1395,o1396,o1397,o1398,o1399,o14,o140,o1400,o1401,o1402,o1403,o1404,o1405,o1406,o1407,o1408,o1409,o141,o1410,o1411,o1412,o1413,o1414,o1415,o1416,o1417,o1418,o1419,o142,o1420,o1421,o1422,o1423,o1424,o1425,o1426,o1427,o1428,o1429,o143,o1430,o1431,o1432,o1433,o1434,o1435,o1436,o1437,o1438,o1439,o144,o1440,o1441,o1442,o1443}', $2 = '2026-10-09 22:00:00-07', $3 = '86400', $4 = '2026-10-09 22:00:00-07', $5 = '604800', $6 = '2026-10-09 22:00:00-07', $7 = '86400', $8 = '300', $9 = '2026-10-09 22:00:00-07', $10 = '604800', $11 = '3600', $12 = '86400', $13 = '{o0,o1,o10,o100,o1000,o1001,o1002,o1003,o1004,o1005,o1006,o1007,o1008,o1009,o101,o1010,o1011,o1012,o1013,o1014,o1015,o1016,o1017,o1018,o1019,o102,o1020,o1021,o1022,o1023,o1024,o1025,o1026,o1027,o1028,o1029,o103,o1030,o1031,o1032,o1033,o1034,o1035,o1036,o1037,o1038,o1039,o104,o1040,o1041,o1042,o1043,o1044,o1045,o1046,o1047,o1048,o1049,o105,o1050,o1051,o1052,o1053,o1054,o1055,o1056,o1057,o1058,o1059,o106,o1060,o1061,o1062,o1063,o1064,o1065,o1066,o1067,o1068,o1069,o107,o1070,o1071,o1072,o1073,o1074,o1075,o1076,o1077,o1078,o1079,o108,o1080,o1081,o1082,o1083,o1084,o1085,o1086,o1087,o1088,o1089,o109,o1090,o1091,o1092,o1093,o1094,o1095,o1096,o1097,o1098,o1099,o11,o110,o1100,o1101,o1102,o1103,o1104,o1105,o1106,o1107,o1108,o1109,o111,o1110,o1111,o1112,o1113,o1114,o1115,o1116,o1117,o1118,o1119,o112,o1120,o1121,o1122,o1123,o1124,o1125,o1126,o1127,o1128,o1129,o113,o1130,o1131,o1132,o1133,o1134,o1135,o1136,o1137,o1138,o1139,o114,o1140,o1141,o1142,o1143,o1144,o1145,o1146,o1147,o1148,o1149,o115,o1150,o1151,o1152,o1153,o1154,o1155,o1156,o1157,o1158,o1159,o116,o1160,o1161,o1162,o1163,o1164,o1165,o1166,o1167,o1168,o1169,o117,o1170,o1171,o1172,o1173,o1174,o1175,o1176,o1177,o1178,o1179,o118,o1180,o1181,o1182,o1183,o1184,o1185,o1186,o1187,o1188,o1189,o119,o1190,o1191,o1192,o1193,o1194,o1195,o1196,o1197,o1198,o1199,o12,o120,o1200,o1201,o1202,o1203,o1204,o1205,o1206,o1207,o1208,o1209,o121,o1210,o1211,o1212,o1213,o1214,o1215,o1216,o1217,o1218,o1219,o122,o1220,o1221,o1222,o1223,o1224,o1225,o1226,o1227,o1228,o1229,o123,o1230,o1231,o1232,o1233,o1234,o1235,o1236,o1237,o1238,o1239,o124,o1240,o1241,o1242,o1243,o1244,o1245,o1246,o1247,o1248,o1249,o125,o1250,o1251,o1252,o1253,o1254,o1255,o1256,o1257,o1258,o1259,o126,o1260,o1261,o1262,o1263,o1264,o1265,o1266,o1267,o1268,o1269,o127,o1270,o1271,o1272,o1273,o1274,o1275,o1276,o1277,o1278,o1279,o128,o1280,o1281,o1282,o1283,o1284,o1285,o1286,o1287,o1288,o1289,o129,o1290,o1291,o1292,o1293,o1294,o1295,o1296,o1297,o1298,o1299,o13,o130,o1300,o1301,o1302,o1303,o1304,o1305,o1306,o1307,o1308,o1309,o131,o1310,o1311,o1312,o1313,o1314,o1315,o1316,o1317,o1318,o1319,o132,o1320,o1321,o1322,o1323,o1324,o1325,o1326,o1327,o1328,o1329,o133,o1330,o1331,o1332,o1333,o1334,o1335,o1336,o1337,o1338,o1339,o134,o1340,o1341,o1342,o1343,o1344,o1345,o1346,o1347,o1348,o1349,o135,o1350,o1351,o1352,o1353,o1354,o1355,o1356,o1357,o1358,o1359,o136,o1360,o1361,o1362,o1363,o1364,o1365,o1366,o1367,o1368,o1369,o137,o1370,o1371,o1372,o1373,o1374,o1375,o1376,o1377,o1378,o1379,o138,o1380,o1381,o1382,o1383,o1384,o1385,o1386,o1387,o1388,o1389,o139,o1390,o1391,o1392,o1393,o1394,o1395,o1396,o1397,o1398,o1399,o14,o140,o1400,o1401,o1402,o1403,o1404,o1405,o1406,o1407,o1408,o1409,o141,o1410,o1411,o1412,o1413,o1414,o1415,o1416,o1417,o1418,o1419,o142,o1420,o1421,o1422,o1423,o1424,o1425,o1426,o1427,o1428,o1429,o143,o1430,o1431,o1432,o1433,o1434,o1435,o1436,o1437,o1438,o1439,o144,o1440,o1441,o1442,o1443}', $14 = '102'
	Delete on output_snapshot_history  (cost=411374.87..411392.60 rows=0 width=0) (actual time=2283.542..2283.545 rows=0 loops=1)
	  Buffers: shared hit=38343 read=268605 dirtied=2, temp read=1222 written=1226
	  WAL: records=5952 bytes=321408
	  ->  Nested Loop  (cost=411374.87..411392.60 rows=1 width=46) (actual time=2207.997..2281.616 rows=5952 loops=1)
	        Buffers: shared hit=32391 read=268605, temp read=1222 written=1226
	        ->  Unique  (cost=411373.20..411373.21 rows=2 width=56) (actual time=2207.931..2209.462 rows=5952 loops=1)
	              Buffers: shared hit=13808 read=263380, temp read=1222 written=1226
	              ->  Sort  (cost=411373.20..411373.20 rows=2 width=56) (actual time=2207.930..2208.841 rows=5952 loops=1)
	                    Sort Key: ranked.id
	                    Sort Method: quicksort  Memory: 844kB
	                    Buffers: shared hit=13808 read=263380, temp read=1222 written=1226
	                    ->  Subquery Scan on ranked  (cost=380271.56..411373.19 rows=2 width=56) (actual time=1694.055..2206.683 rows=5952 loops=1)
	                          Filter: ((ranked.recency > 102) AND (ranked.prev_class = ranked.age_class) AND (ranked.prev_bucket = ranked.bucket))
	                          Rows Removed by Filter: 243770
	                          Buffers: shared hit=13805 read=263380, temp read=1222 written=1226
	                          ->  WindowAgg  (cost=380271.56..407018.96 rows=248813 width=109) (actual time=1693.767..2194.939 rows=249722 loops=1)
	                                Buffers: shared hit=13805 read=263380, temp read=1222 written=1226
	                                ->  Sort  (cost=380271.56..380893.60 rows=248813 width=29) (actual time=1693.698..1763.824 rows=249722 loops=1)
	                                      Sort Key: output_snapshot_history_1.output_id, output_snapshot_history_1.captured_at DESC, output_snapshot_history_1.id DESC
	                                      Sort Method: external merge  Disk: 9776kB
	                                      Buffers: shared hit=13805 read=263380, temp read=1222 written=1226
	                                      ->  Seq Scan on output_snapshot_history output_snapshot_history_1  (cost=1.24..352018.57 rows=248813 width=29) (actual time=6.156..1407.850 rows=249722 loops=1)
	                                            Filter: (output_id = ANY ('{o0,o1,o10,o100,o1000,o1001,o1002,o1003,o1004,o1005,o1006,o1007,o1008,o1009,o101,o1010,o1011,o1012,o1013,o1014,o1015,o1016,o1017,o1018,o1019,o102,o1020,o1021,o1022,o1023,o1024,o1025,o1026,o1027,o1028,o1029,o103,o1030,o1031,o1032,o1033,o1034,o1035,o1036,o1037,o1038,o1039,o104,o1040,o1041,o1042,o1043,o1044,o1045,o1046,o1047,o1048,o1049,o105,o1050,o1051,o1052,o1053,o1054,o1055,o1056,o1057,o1058,o1059,o106,o1060,o1061,o1062,o1063,o1064,o1065,o1066,o1067,o1068,o1069,o107,o1070,o1071,o1072,o1073,o1074,o1075,o1076,o1077,o1078,o1079,o108,o1080,o1081,o1082,o1083,o1084,o1085,o1086,o1087,o1088,o1089,o109,o1090,o1091,o1092,o1093,o1094,o1095,o1096,o1097,o1098,o1099,o11,o110,o1100,o1101,o1102,o1103,o1104,o1105,o1106,o1107,o1108,o1109,o111,o1110,o1111,o1112,o1113,o1114,o1115,o1116,o1117,o1118,o1119,o112,o1120,o1121,o1122,o1123,o1124,o1125,o1126,o1127,o1128,o1129,o113,o1130,o1131,o1132,o1133,o1134,o1135,o1136,o1137,o1138,o1139,o114,o1140,o1141,o1142,o1143,o1144,o1145,o1146,o1147,o1148,o1149,o115,o1150,o1151,o1152,o1153,o1154,o1155,o1156,o1157,o1158,o1159,o116,o1160,o1161,o1162,o1163,o1164,o1165,o1166,o1167,o1168,o1169,o117,o1170,o1171,o1172,o1173,o1174,o1175,o1176,o1177,o1178,o1179,o118,o1180,o1181,o1182,o1183,o1184,o1185,o1186,o1187,o1188,o1189,o119,o1190,o1191,o1192,o1193,o1194,o1195,o1196,o1197,o1198,o1199,o12,o120,o1200,o1201,o1202,o1203,o1204,o1205,o1206,o1207,o1208,o1209,o121,o1210,o1211,o1212,o1213,o1214,o1215,o1216,o1217,o1218,o1219,o122,o1220,o1221,o1222,o1223,o1224,o1225,o1226,o1227,o1228,o1229,o123,o1230,o1231,o1232,o1233,o1234,o1235,o1236,o1237,o1238,o1239,o124,o1240,o1241,o1242,o1243,o1244,o1245,o1246,o1247,o1248,o1249,o125,o1250,o1251,o1252,o1253,o1254,o1255,o1256,o1257,o1258,o1259,o126,o1260,o1261,o1262,o1263,o1264,o1265,o1266,o1267,o1268,o1269,o127,o1270,o1271,o1272,o1273,o1274,o1275,o1276,o1277,o1278,o1279,o128,o1280,o1281,o1282,o1283,o1284,o1285,o1286,o1287,o1288,o1289,o129,o1290,o1291,o1292,o1293,o1294,o1295,o1296,o1297,o1298,o1299,o13,o130,o1300,o1301,o1302,o1303,o1304,o1305,o1306,o1307,o1308,o1309,o131,o1310,o1311,o1312,o1313,o1314,o1315,o1316,o1317,o1318,o1319,o132,o1320,o1321,o1322,o1323,o1324,o1325,o1326,o1327,o1328,o1329,o133,o1330,o1331,o1332,o1333,o1334,o1335,o1336,o1337,o1338,o1339,o134,o1340,o1341,o1342,o1343,o1344,o1345,o1346,o1347,o1348,o1349,o135,o1350,o1351,o1352,o1353,o1354,o1355,o1356,o1357,o1358,o1359,o136,o1360,o1361,o1362,o1363,o1364,o1365,o1366,o1367,o1368,o1369,o137,o1370,o1371,o1372,o1373,o1374,o1375,o1376,o1377,o1378,o1379,o138,o1380,o1381,o1382,o1383,o1384,o1385,o1386,o1387,o1388,o1389,o139,o1390,o1391,o1392,o1393,o1394,o1395,o1396,o1397,o1398,o1399,o14,o140,o1400,o1401,o1402,o1403,o1404,o1405,o1406,o1407,o1408,o1409,o141,o1410,o1411,o1412,o1413,o1414,o1415,o1416,o1417,o1418,o1419,o142,o1420,o1421,o1422,o1423,o1424,o1425,o1426,o1427,o1428,o1429,o143,o1430,o1431,o1432,o1433,o1434,o1435,o1436,o1437,o1438,o1439,o144,o1440,o1441,o1442,o1443}'::text[]))
	                                            Rows Removed by Filter: 4736909
	                                            Buffers: shared hit=13799 read=263380
	        ->  Index Scan using output_snapshot_history_pkey on output_snapshot_history  (cost=1.67..9.70 rows=1 width=22) (actual time=0.012..0.012 rows=1 loops=5952)
	              Index Cond: (id = ranked.id)
	              Filter: (output_id = ANY ('{o0,o1,o10,o100,o1000,o1001,o1002,o1003,o1004,o1005,o1006,o1007,o1008,o1009,o101,o1010,o1011,o1012,o1013,o1014,o1015,o1016,o1017,o1018,o1019,o102,o1020,o1021,o1022,o1023,o1024,o1025,o1026,o1027,o1028,o1029,o103,o1030,o1031,o1032,o1033,o1034,o1035,o1036,o1037,o1038,o1039,o104,o1040,o1041,o1042,o1043,o1044,o1045,o1046,o1047,o1048,o1049,o105,o1050,o1051,o1052,o1053,o1054,o1055,o1056,o1057,o1058,o1059,o106,o1060,o1061,o1062,o1063,o1064,o1065,o1066,o1067,o1068,o1069,o107,o1070,o1071,o1072,o1073,o1074,o1075,o1076,o1077,o1078,o1079,o108,o1080,o1081,o1082,o1083,o1084,o1085,o1086,o1087,o1088,o1089,o109,o1090,o1091,o1092,o1093,o1094,o1095,o1096,o1097,o1098,o1099,o11,o110,o1100,o1101,o1102,o1103,o1104,o1105,o1106,o1107,o1108,o1109,o111,o1110,o1111,o1112,o1113,o1114,o1115,o1116,o1117,o1118,o1119,o112,o1120,o1121,o1122,o1123,o1124,o1125,o1126,o1127,o1128,o1129,o113,o1130,o1131,o1132,o1133,o1134,o1135,o1136,o1137,o1138,o1139,o114,o1140,o1141,o1142,o1143,o1144,o1145,o1146,o1147,o1148,o1149,o115,o1150,o1151,o1152,o1153,o1154,o1155,o1156,o1157,o1158,o1159,o116,o1160,o1161,o1162,o1163,o1164,o1165,o1166,o1167,o1168,o1169,o117,o1170,o1171,o1172,o1173,o1174,o1175,o1176,o1177,o1178,o1179,o118,o1180,o1181,o1182,o1183,o1184,o1185,o1186,o1187,o1188,o1189,o119,o1190,o1191,o1192,o1193,o1194,o1195,o1196,o1197,o1198,o1199,o12,o120,o1200,o1201,o1202,o1203,o1204,o1205,o1206,o1207,o1208,o1209,o121,o1210,o1211,o1212,o1213,o1214,o1215,o1216,o1217,o1218,o1219,o122,o1220,o1221,o1222,o1223,o1224,o1225,o1226,o1227,o1228,o1229,o123,o1230,o1231,o1232,o1233,o1234,o1235,o1236,o1237,o1238,o1239,o124,o1240,o1241,o1242,o1243,o1244,o1245,o1246,o1247,o1248,o1249,o125,o1250,o1251,o1252,o1253,o1254,o1255,o1256,o1257,o1258,o1259,o126,o1260,o1261,o1262,o1263,o1264,o1265,o1266,o1267,o1268,o1269,o127,o1270,o1271,o1272,o1273,o1274,o1275,o1276,o1277,o1278,o1279,o128,o1280,o1281,o1282,o1283,o1284,o1285,o1286,o1287,o1288,o1289,o129,o1290,o1291,o1292,o1293,o1294,o1295,o1296,o1297,o1298,o1299,o13,o130,o1300,o1301,o1302,o1303,o1304,o1305,o1306,o1307,o1308,o1309,o131,o1310,o1311,o1312,o1313,o1314,o1315,o1316,o1317,o1318,o1319,o132,o1320,o1321,o1322,o1323,o1324,o1325,o1326,o1327,o1328,o1329,o133,o1330,o1331,o1332,o1333,o1334,o1335,o1336,o1337,o1338,o1339,o134,o1340,o1341,o1342,o1343,o1344,o1345,o1346,o1347,o1348,o1349,o135,o1350,o1351,o1352,o1353,o1354,o1355,o1356,o1357,o1358,o1359,o136,o1360,o1361,o1362,o1363,o1364,o1365,o1366,o1367,o1368,o1369,o137,o1370,o1371,o1372,o1373,o1374,o1375,o1376,o1377,o1378,o1379,o138,o1380,o1381,o1382,o1383,o1384,o1385,o1386,o1387,o1388,o1389,o139,o1390,o1391,o1392,o1393,o1394,o1395,o1396,o1397,o1398,o1399,o14,o140,o1400,o1401,o1402,o1403,o1404,o1405,o1406,o1407,o1408,o1409,o141,o1410,o1411,o1412,o1413,o1414,o1415,o1416,o1417,o1418,o1419,o142,o1420,o1421,o1422,o1423,o1424,o1425,o1426,o1427,o1428,o1429,o143,o1430,o1431,o1432,o1433,o1434,o1435,o1436,o1437,o1438,o1439,o144,o1440,o1441,o1442,o1443}'::text[]))
	              Buffers: shared hit=18583 read=5225
	JIT:
	  Functions: 24
	  Options: Inlining false, Optimization false, Expressions true, Deforming true
	  Timing: Generation 0.659 ms, Inlining 0.000 ms, Optimization 0.310 ms, Emission 5.866 ms, Total 6.834 ms
2026-10-10 05:34:50.165 UTC [30749] hel1435-S2-prod-noio-R250000-b0-explain-r3 LOG:  temporary file: path "base/pgsql_tmp/pgsql_tmp30749.0", size 10010624
2026-10-10 05:34:50.165 UTC [30749] hel1435-S2-prod-noio-R250000-b0-explain-r3 STATEMENT:  DELETE FROM output_snapshot_history WHERE output_id = ANY($1) AND id IN (
	             SELECT id FROM (
	               SELECT id, age_class, bucket,
	                      row_number() OVER w AS recency,
	                      lag(age_class) OVER w AS prev_class,
	                      lag(bucket) OVER w AS prev_bucket
	               FROM (
	                 SELECT id, output_id, captured_at,
	                        CASE WHEN extract(epoch FROM ($2::timestamptz - captured_at)) < $3 THEN 0
	                             WHEN extract(epoch FROM ($4::timestamptz - captured_at)) < $5 THEN 1
	                             ELSE 2 END AS age_class,
	                        floor(extract(epoch FROM captured_at) /
	                          CASE WHEN extract(epoch FROM ($6::timestamptz - captured_at)) < $7 THEN $8
	                               WHEN extract(epoch FROM ($9::timestamptz - captured_at)) < $10 THEN $11
	                               ELSE $12 END) AS bucket
	                 FROM output_snapshot_history
	                 WHERE output_id = ANY($13)
	               ) classed
	               WINDOW w AS (PARTITION BY output_id ORDER BY captured_at DESC, id DESC)
	             ) ranked
	             WHERE recency > $14 AND prev_class = age_class AND prev_bucket = bucket)
2026-10-10 05:34:52.545 UTC [30751] hel1435-S2-prod-noio-R250000-b0-timed-r1 LOG:  temporary file: path "base/pgsql_tmp/pgsql_tmp30751.0", size 10010624
2026-10-10 05:34:52.545 UTC [30751] hel1435-S2-prod-noio-R250000-b0-timed-r1 STATEMENT:  DELETE FROM output_snapshot_history WHERE output_id = ANY($1) AND id IN (
	             SELECT id FROM (
	               SELECT id, age_class, bucket,
	                      row_number() OVER w AS recency,
	                      lag(age_class) OVER w AS prev_class,
	                      lag(bucket) OVER w AS prev_bucket
	               FROM (
	                 SELECT id, output_id, captured_at,
	                        CASE WHEN extract(epoch FROM ($2::timestamptz - captured_at)) < $3 THEN 0
	                             WHEN extract(epoch FROM ($4::timestamptz - captured_at)) < $5 THEN 1
	                             ELSE 2 END AS age_class,
	                        floor(extract(epoch FROM captured_at) /
	                          CASE WHEN extract(epoch FROM ($6::timestamptz - captured_at)) < $7 THEN $8
	                               WHEN extract(epoch FROM ($9::timestamptz - captured_at)) < $10 THEN $11
	                               ELSE $12 END) AS bucket
	                 FROM output_snapshot_history
	                 WHERE output_id = ANY($13)
	               ) classed
	               WINDOW w AS (PARTITION BY output_id ORDER BY captured_at DESC, id DESC)
	             ) ranked
	             WHERE recency > $14 AND prev_class = age_class AND prev_bucket = bucket)
2026-10-10 05:34:54.868 UTC [30753] hel1435-S2-prod-noio-R250000-b0-timed-r2 LOG:  temporary file: path "base/pgsql_tmp/pgsql_tmp30753.0", size 10010624
2026-10-10 05:34:54.868 UTC [30753] hel1435-S2-prod-noio-R250000-b0-timed-r2 STATEMENT:  DELETE FROM output_snapshot_history WHERE output_id = ANY($1) AND id IN (
	             SELECT id FROM (
	               SELECT id, age_class, bucket,
	                      row_number() OVER w AS recency,
	                      lag(age_class) OVER w AS prev_class,
	                      lag(bucket) OVER w AS prev_bucket
	               FROM (
	                 SELECT id, output_id, captured_at,
	                        CASE WHEN extract(epoch FROM ($2::timestamptz - captured_at)) < $3 THEN 0
	                             WHEN extract(epoch FROM ($4::timestamptz - captured_at)) < $5 THEN 1
	                             ELSE 2 END AS age_class,
	                        floor(extract(epoch FROM captured_at) /
	                          CASE WHEN extract(epoch FROM ($6::timestamptz - captured_at)) < $7 THEN $8
	                               WHEN extract(epoch FROM ($9::timestamptz - captured_at)) < $10 THEN $11
	                               ELSE $12 END) AS bucket
	                 FROM output_snapshot_history
	                 WHERE output_id = ANY($13)
	               ) classed
	               WINDOW w AS (PARTITION BY output_id ORDER BY captured_at DESC, id DESC)
	             ) ranked
	             WHERE recency > $14 AND prev_class = age_class AND prev_bucket = bucket)
2026-10-10 05:34:57.149 UTC [30755] hel1435-S2-prod-noio-R250000-b0-timed-r3 LOG:  temporary file: path "base/pgsql_tmp/pgsql_tmp30755.0", size 10010624
2026-10-10 05:34:57.149 UTC [30755] hel1435-S2-prod-noio-R250000-b0-timed-r3 STATEMENT:  DELETE FROM output_snapshot_history WHERE output_id = ANY($1) AND id IN (
	             SELECT id FROM (
	               SELECT id, age_class, bucket,
	                      row_number() OVER w AS recency,
	                      lag(age_class) OVER w AS prev_class,
	                      lag(bucket) OVER w AS prev_bucket
	               FROM (
	                 SELECT id, output_id, captured_at,
	                        CASE WHEN extract(epoch FROM ($2::timestamptz - captured_at)) < $3 THEN 0
	                             WHEN extract(epoch FROM ($4::timestamptz - captured_at)) < $5 THEN 1
	                             ELSE 2 END AS age_class,
	                        floor(extract(epoch FROM captured_at) /
	                          CASE WHEN extract(epoch FROM ($6::timestamptz - captured_at)) < $7 THEN $8
	                               WHEN extract(epoch FROM ($9::timestamptz - captured_at)) < $10 THEN $11
	                               ELSE $12 END) AS bucket
	                 FROM output_snapshot_history
	                 WHERE output_id = ANY($13)
	               ) classed
	               WINDOW w AS (PARTITION BY output_id ORDER BY captured_at DESC, id DESC)
	             ) ranked
	             WHERE recency > $14 AND prev_class = age_class AND prev_bucket = bucket)
2026-10-10 05:34:57.462 UTC [30757] hel1435-S2-prod-noio-R250000-b6-explain-r1 LOG:  duration: 161.427 ms  plan:
	Query Text: DELETE FROM output_snapshot_history h
	             USING pipelines p, users u
	             WHERE h.output_id = ANY($1) AND h.captured_at < $2
	               AND h.pipeline_id = p.id AND p.owner_id = u.id
	               AND h.captured_at < COALESCE(($3::timestamptz[])[array_position($4::text[], u.tier)], $5)
	Query Parameters: $1 = '{o3693,o3694,o3695,o3696,o3697,o3698,o3699,o37,o370,o3700,o3701,o3702,o3703,o3704,o3705,o3706,o3707,o3708,o3709,o371,o3710,o3711,o3712,o3713,o3714,o3715,o3716,o3717,o3718,o3719,o372,o3720,o3721,o3722,o3723,o3724,o3725,o3726,o3727,o3728,o3729,o373,o3730,o3731,o3732,o3733,o3734,o3735,o3736,o3737,o3738,o3739,o374,o3740,o3741,o3742,o3743,o3744,o3745,o3746,o3747,o3748,o3749,o375,o3750,o3751,o3752,o3753,o3754,o3755,o3756,o3757,o3758,o3759,o376,o3760,o3761,o3762,o3763,o3764,o3765,o3766,o3767,o3768,o3769,o377,o3770,o3771,o3772,o3773,o3774,o3775,o3776,o3777,o3778,o3779,o378,o3780,o3781,o3782,o3783,o3784,o3785,o3786,o3787,o3788,o3789,o379,o3790,o3791,o3792,o3793,o3794,o3795,o3796,o3797,o3798,o3799,o38,o380,o3800,o3801,o3802,o3803,o3804,o3805,o3806,o3807,o3808,o3809,o381,o3810,o3811,o3812,o3813,o3814,o3815,o3816,o3817,o3818,o3819,o382,o3820,o3821,o3822,o3823,o3824,o3825,o3826,o3827,o3828,o3829,o383,o3830,o3831,o3832,o3833,o3834,o3835,o3836,o3837,o3838,o3839,o384,o3840,o3841,o3842,o3843,o3844,o3845,o3846,o3847,o3848,o3849,o385,o3850,o3851,o3852,o3853,o3854,o3855,o3856,o3857,o3858,o3859,o386,o3860,o3861,o3862,o3863,o3864,o3865,o3866,o3867,o3868,o3869,o387,o3870,o3871,o3872,o3873,o3874,o3875,o3876,o3877,o3878,o3879,o388,o3880,o3881,o3882,o3883,o3884,o3885,o3886,o3887,o3888,o3889,o389,o3890,o3891,o3892,o3893,o3894,o3895,o3896,o3897,o3898,o3899,o39,o390,o3900,o3901,o3902,o3903,o3904,o3905,o3906,o3907,o3908,o3909,o391,o3910,o3911,o3912,o3913,o3914,o3915,o3916,o3917,o3918,o3919,o392,o3920,o3921,o3922,o3923,o3924,o3925,o3926,o3927,o3928,o3929,o393,o3930,o3931,o3932,o3933,o3934,o3935,o3936,o3937,o3938,o3939,o394,o3940,o3941,o3942,o3943,o3944,o3945,o3946,o3947,o3948,o3949,o395,o3950,o3951,o3952,o3953,o3954,o3955,o3956,o3957,o3958,o3959,o396,o3960,o3961,o3962,o3963,o3964,o3965,o3966,o3967,o3968,o3969,o397,o3970,o3971,o3972,o3973,o3974,o3975,o3976,o3977,o3978,o3979,o398,o3980,o3981,o3982,o3983,o3984,o3985,o3986,o3987,o3988,o3989,o399,o3990,o3991,o3992,o3993,o3994,o3995,o3996,o3997,o3998,o3999,o4,o40,o400,o4000,o4001,o4002,o4003,o4004,o4005,o4006,o4007,o4008,o4009,o401,o4010,o4011,o4012,o4013,o4014,o4015,o4016,o4017,o4018,o4019,o402,o4020,o4021,o4022,o4023,o4024,o4025,o4026,o4027,o4028,o4029,o403,o4030,o4031,o4032,o4033,o4034,o4035,o4036,o4037,o4038,o4039,o404,o4040,o4041,o4042,o4043,o4044,o4045,o4046,o4047,o4048,o4049,o405,o4050,o4051,o4052,o4053,o4054,o4055,o4056,o4057,o4058,o4059,o406,o4060,o4061,o4062,o4063,o4064,o4065,o4066,o4067,o4068,o4069,o407,o4070,o4071,o4072,o4073,o4074,o4075,o4076,o4077,o4078,o4079,o408,o4080,o4081,o4082,o4083,o4084,o4085,o4086,o4087,o4088,o4089,o409,o4090,o4091,o4092,o4093,o4094,o4095,o4096,o4097,o4098,o4099,o41,o410,o4100,o4101,o4102,o4103,o4104,o4105,o4106,o4107,o4108,o4109,o411,o4110,o4111,o4112,o4113,o4114,o4115,o4116,o4117,o4118,o4119,o412,o4120,o4121,o4122,o4123,o4124,o4125,o4126,o4127,o4128,o4129,o413,o4130,o4131,o4132,o4133,o4134,o4135,o4136,o4137,o4138,o4139,o414,o4140,o4141}', $2 = '2026-09-09 22:00:00-07', $3 = '{"2026-09-09 22:00:00-07","2026-07-11 22:00:00-07","2025-10-09 22:00:00-07"}', $4 = '{free,beta,owner}', $5 = '2026-09-09 22:00:00-07'
	Delete on output_snapshot_history h  (cost=170.21..25421.84 rows=0 width=0) (actual time=161.424..161.426 rows=0 loops=1)
	  Buffers: shared hit=26 read=17961 dirtied=5 written=2
	  WAL: records=19 bytes=1026
	  ->  Hash Join  (cost=170.21..25421.84 rows=5201 width=18) (actual time=70.450..161.400 rows=19 loops=1)
	        Hash Cond: (p.owner_id = u.id)
	        Join Filter: (h.captured_at < COALESCE(('{"2026-09-09 22:00:00-07","2026-07-11 22:00:00-07","2025-10-09 22:00:00-07"}'::timestamp with time zone[])[array_position('{free,beta,owner}'::text[], u.tier)], '2026-09-09 22:00:00-07'::timestamp with time zone))
	        Rows Removed by Join Filter: 14700
	        Buffers: shared hit=7 read=17961 dirtied=2 written=2
	        ->  Hash Join  (cost=111.70..25322.33 rows=15603 width=36) (actual time=0.696..158.771 rows=14719 loops=1)
	              Hash Cond: (h.pipeline_id = p.id)
	              Buffers: shared hit=7 read=17940 dirtied=2 written=2
	              ->  Index Scan using idx_output_snapshot_history_captured_at on output_snapshot_history h  (cost=1.68..25171.28 rows=15608 width=19) (actual time=0.082..156.398 rows=14719 loops=1)
	                    Index Cond: (captured_at < '2026-09-09 22:00:00-07'::timestamp with time zone)
	                    Filter: (output_id = ANY ('{o3693,o3694,o3695,o3696,o3697,o3698,o3699,o37,o370,o3700,o3701,o3702,o3703,o3704,o3705,o3706,o3707,o3708,o3709,o371,o3710,o3711,o3712,o3713,o3714,o3715,o3716,o3717,o3718,o3719,o372,o3720,o3721,o3722,o3723,o3724,o3725,o3726,o3727,o3728,o3729,o373,o3730,o3731,o3732,o3733,o3734,o3735,o3736,o3737,o3738,o3739,o374,o3740,o3741,o3742,o3743,o3744,o3745,o3746,o3747,o3748,o3749,o375,o3750,o3751,o3752,o3753,o3754,o3755,o3756,o3757,o3758,o3759,o376,o3760,o3761,o3762,o3763,o3764,o3765,o3766,o3767,o3768,o3769,o377,o3770,o3771,o3772,o3773,o3774,o3775,o3776,o3777,o3778,o3779,o378,o3780,o3781,o3782,o3783,o3784,o3785,o3786,o3787,o3788,o3789,o379,o3790,o3791,o3792,o3793,o3794,o3795,o3796,o3797,o3798,o3799,o38,o380,o3800,o3801,o3802,o3803,o3804,o3805,o3806,o3807,o3808,o3809,o381,o3810,o3811,o3812,o3813,o3814,o3815,o3816,o3817,o3818,o3819,o382,o3820,o3821,o3822,o3823,o3824,o3825,o3826,o3827,o3828,o3829,o383,o3830,o3831,o3832,o3833,o3834,o3835,o3836,o3837,o3838,o3839,o384,o3840,o3841,o3842,o3843,o3844,o3845,o3846,o3847,o3848,o3849,o385,o3850,o3851,o3852,o3853,o3854,o3855,o3856,o3857,o3858,o3859,o386,o3860,o3861,o3862,o3863,o3864,o3865,o3866,o3867,o3868,o3869,o387,o3870,o3871,o3872,o3873,o3874,o3875,o3876,o3877,o3878,o3879,o388,o3880,o3881,o3882,o3883,o3884,o3885,o3886,o3887,o3888,o3889,o389,o3890,o3891,o3892,o3893,o3894,o3895,o3896,o3897,o3898,o3899,o39,o390,o3900,o3901,o3902,o3903,o3904,o3905,o3906,o3907,o3908,o3909,o391,o3910,o3911,o3912,o3913,o3914,o3915,o3916,o3917,o3918,o3919,o392,o3920,o3921,o3922,o3923,o3924,o3925,o3926,o3927,o3928,o3929,o393,o3930,o3931,o3932,o3933,o3934,o3935,o3936,o3937,o3938,o3939,o394,o3940,o3941,o3942,o3943,o3944,o3945,o3946,o3947,o3948,o3949,o395,o3950,o3951,o3952,o3953,o3954,o3955,o3956,o3957,o3958,o3959,o396,o3960,o3961,o3962,o3963,o3964,o3965,o3966,o3967,o3968,o3969,o397,o3970,o3971,o3972,o3973,o3974,o3975,o3976,o3977,o3978,o3979,o398,o3980,o3981,o3982,o3983,o3984,o3985,o3986,o3987,o3988,o3989,o399,o3990,o3991,o3992,o3993,o3994,o3995,o3996,o3997,o3998,o3999,o4,o40,o400,o4000,o4001,o4002,o4003,o4004,o4005,o4006,o4007,o4008,o4009,o401,o4010,o4011,o4012,o4013,o4014,o4015,o4016,o4017,o4018,o4019,o402,o4020,o4021,o4022,o4023,o4024,o4025,o4026,o4027,o4028,o4029,o403,o4030,o4031,o4032,o4033,o4034,o4035,o4036,o4037,o4038,o4039,o404,o4040,o4041,o4042,o4043,o4044,o4045,o4046,o4047,o4048,o4049,o405,o4050,o4051,o4052,o4053,o4054,o4055,o4056,o4057,o4058,o4059,o406,o4060,o4061,o4062,o4063,o4064,o4065,o4066,o4067,o4068,o4069,o407,o4070,o4071,o4072,o4073,o4074,o4075,o4076,o4077,o4078,o4079,o408,o4080,o4081,o4082,o4083,o4084,o4085,o4086,o4087,o4088,o4089,o409,o4090,o4091,o4092,o4093,o4094,o4095,o4096,o4097,o4098,o4099,o41,o410,o4100,o4101,o4102,o4103,o4104,o4105,o4106,o4107,o4108,o4109,o411,o4110,o4111,o4112,o4113,o4114,o4115,o4116,o4117,o4118,o4119,o412,o4120,o4121,o4122,o4123,o4124,o4125,o4126,o4127,o4128,o4129,o413,o4130,o4131,o4132,o4133,o4134,o4135,o4136,o4137,o4138,o4139,o414,o4140,o4141}'::text[]))
	                    Rows Removed by Filter: 301929
	                    Buffers: shared hit=7 read=17905 dirtied=2 written=2
	              ->  Hash  (cost=68.34..68.34 rows=3334 width=27) (actual time=0.598..0.599 rows=3334 loops=1)
	                    Buckets: 4096  Batches: 1  Memory Usage: 227kB
	                    Buffers: shared read=35
	                    ->  Seq Scan on pipelines p  (cost=0.00..68.34 rows=3334 width=27) (actual time=0.006..0.295 rows=3334 loops=1)
	                          Buffers: shared read=35
	        ->  Hash  (cost=37.67..37.67 rows=1667 width=27) (actual time=0.295..0.295 rows=1667 loops=1)
	              Buckets: 2048  Batches: 1  Memory Usage: 113kB
	              Buffers: shared read=21
	              ->  Seq Scan on users u  (cost=0.00..37.67 rows=1667 width=27) (actual time=0.006..0.157 rows=1667 loops=1)
	                    Buffers: shared read=21
2026-10-10 05:34:59.745 UTC [30757] hel1435-S2-prod-noio-R250000-b6-explain-r1 LOG:  duration: 2267.845 ms  plan:
	Query Text: DELETE FROM output_snapshot_history WHERE output_id = ANY($1) AND id IN (
	             SELECT id FROM (
	               SELECT id, age_class, bucket,
	                      row_number() OVER w AS recency,
	                      lag(age_class) OVER w AS prev_class,
	                      lag(bucket) OVER w AS prev_bucket
	               FROM (
	                 SELECT id, output_id, captured_at,
	                        CASE WHEN extract(epoch FROM ($2::timestamptz - captured_at)) < $3 THEN 0
	                             WHEN extract(epoch FROM ($4::timestamptz - captured_at)) < $5 THEN 1
	                             ELSE 2 END AS age_class,
	                        floor(extract(epoch FROM captured_at) /
	                          CASE WHEN extract(epoch FROM ($6::timestamptz - captured_at)) < $7 THEN $8
	                               WHEN extract(epoch FROM ($9::timestamptz - captured_at)) < $10 THEN $11
	                               ELSE $12 END) AS bucket
	                 FROM output_snapshot_history
	                 WHERE output_id = ANY($13)
	               ) classed
	               WINDOW w AS (PARTITION BY output_id ORDER BY captured_at DESC, id DESC)
	             ) ranked
	             WHERE recency > $14 AND prev_class = age_class AND prev_bucket = bucket)
	Query Parameters: $1 = '{o3693,o3694,o3695,o3696,o3697,o3698,o3699,o37,o370,o3700,o3701,o3702,o3703,o3704,o3705,o3706,o3707,o3708,o3709,o371,o3710,o3711,o3712,o3713,o3714,o3715,o3716,o3717,o3718,o3719,o372,o3720,o3721,o3722,o3723,o3724,o3725,o3726,o3727,o3728,o3729,o373,o3730,o3731,o3732,o3733,o3734,o3735,o3736,o3737,o3738,o3739,o374,o3740,o3741,o3742,o3743,o3744,o3745,o3746,o3747,o3748,o3749,o375,o3750,o3751,o3752,o3753,o3754,o3755,o3756,o3757,o3758,o3759,o376,o3760,o3761,o3762,o3763,o3764,o3765,o3766,o3767,o3768,o3769,o377,o3770,o3771,o3772,o3773,o3774,o3775,o3776,o3777,o3778,o3779,o378,o3780,o3781,o3782,o3783,o3784,o3785,o3786,o3787,o3788,o3789,o379,o3790,o3791,o3792,o3793,o3794,o3795,o3796,o3797,o3798,o3799,o38,o380,o3800,o3801,o3802,o3803,o3804,o3805,o3806,o3807,o3808,o3809,o381,o3810,o3811,o3812,o3813,o3814,o3815,o3816,o3817,o3818,o3819,o382,o3820,o3821,o3822,o3823,o3824,o3825,o3826,o3827,o3828,o3829,o383,o3830,o3831,o3832,o3833,o3834,o3835,o3836,o3837,o3838,o3839,o384,o3840,o3841,o3842,o3843,o3844,o3845,o3846,o3847,o3848,o3849,o385,o3850,o3851,o3852,o3853,o3854,o3855,o3856,o3857,o3858,o3859,o386,o3860,o3861,o3862,o3863,o3864,o3865,o3866,o3867,o3868,o3869,o387,o3870,o3871,o3872,o3873,o3874,o3875,o3876,o3877,o3878,o3879,o388,o3880,o3881,o3882,o3883,o3884,o3885,o3886,o3887,o3888,o3889,o389,o3890,o3891,o3892,o3893,o3894,o3895,o3896,o3897,o3898,o3899,o39,o390,o3900,o3901,o3902,o3903,o3904,o3905,o3906,o3907,o3908,o3909,o391,o3910,o3911,o3912,o3913,o3914,o3915,o3916,o3917,o3918,o3919,o392,o3920,o3921,o3922,o3923,o3924,o3925,o3926,o3927,o3928,o3929,o393,o3930,o3931,o3932,o3933,o3934,o3935,o3936,o3937,o3938,o3939,o394,o3940,o3941,o3942,o3943,o3944,o3945,o3946,o3947,o3948,o3949,o395,o3950,o3951,o3952,o3953,o3954,o3955,o3956,o3957,o3958,o3959,o396,o3960,o3961,o3962,o3963,o3964,o3965,o3966,o3967,o3968,o3969,o397,o3970,o3971,o3972,o3973,o3974,o3975,o3976,o3977,o3978,o3979,o398,o3980,o3981,o3982,o3983,o3984,o3985,o3986,o3987,o3988,o3989,o399,o3990,o3991,o3992,o3993,o3994,o3995,o3996,o3997,o3998,o3999,o4,o40,o400,o4000,o4001,o4002,o4003,o4004,o4005,o4006,o4007,o4008,o4009,o401,o4010,o4011,o4012,o4013,o4014,o4015,o4016,o4017,o4018,o4019,o402,o4020,o4021,o4022,o4023,o4024,o4025,o4026,o4027,o4028,o4029,o403,o4030,o4031,o4032,o4033,o4034,o4035,o4036,o4037,o4038,o4039,o404,o4040,o4041,o4042,o4043,o4044,o4045,o4046,o4047,o4048,o4049,o405,o4050,o4051,o4052,o4053,o4054,o4055,o4056,o4057,o4058,o4059,o406,o4060,o4061,o4062,o4063,o4064,o4065,o4066,o4067,o4068,o4069,o407,o4070,o4071,o4072,o4073,o4074,o4075,o4076,o4077,o4078,o4079,o408,o4080,o4081,o4082,o4083,o4084,o4085,o4086,o4087,o4088,o4089,o409,o4090,o4091,o4092,o4093,o4094,o4095,o4096,o4097,o4098,o4099,o41,o410,o4100,o4101,o4102,o4103,o4104,o4105,o4106,o4107,o4108,o4109,o411,o4110,o4111,o4112,o4113,o4114,o4115,o4116,o4117,o4118,o4119,o412,o4120,o4121,o4122,o4123,o4124,o4125,o4126,o4127,o4128,o4129,o413,o4130,o4131,o4132,o4133,o4134,o4135,o4136,o4137,o4138,o4139,o414,o4140,o4141}', $2 = '2026-10-09 22:00:00-07', $3 = '86400', $4 = '2026-10-09 22:00:00-07', $5 = '604800', $6 = '2026-10-09 22:00:00-07', $7 = '86400', $8 = '300', $9 = '2026-10-09 22:00:00-07', $10 = '604800', $11 = '3600', $12 = '86400', $13 = '{o3693,o3694,o3695,o3696,o3697,o3698,o3699,o37,o370,o3700,o3701,o3702,o3703,o3704,o3705,o3706,o3707,o3708,o3709,o371,o3710,o3711,o3712,o3713,o3714,o3715,o3716,o3717,o3718,o3719,o372,o3720,o3721,o3722,o3723,o3724,o3725,o3726,o3727,o3728,o3729,o373,o3730,o3731,o3732,o3733,o3734,o3735,o3736,o3737,o3738,o3739,o374,o3740,o3741,o3742,o3743,o3744,o3745,o3746,o3747,o3748,o3749,o375,o3750,o3751,o3752,o3753,o3754,o3755,o3756,o3757,o3758,o3759,o376,o3760,o3761,o3762,o3763,o3764,o3765,o3766,o3767,o3768,o3769,o377,o3770,o3771,o3772,o3773,o3774,o3775,o3776,o3777,o3778,o3779,o378,o3780,o3781,o3782,o3783,o3784,o3785,o3786,o3787,o3788,o3789,o379,o3790,o3791,o3792,o3793,o3794,o3795,o3796,o3797,o3798,o3799,o38,o380,o3800,o3801,o3802,o3803,o3804,o3805,o3806,o3807,o3808,o3809,o381,o3810,o3811,o3812,o3813,o3814,o3815,o3816,o3817,o3818,o3819,o382,o3820,o3821,o3822,o3823,o3824,o3825,o3826,o3827,o3828,o3829,o383,o3830,o3831,o3832,o3833,o3834,o3835,o3836,o3837,o3838,o3839,o384,o3840,o3841,o3842,o3843,o3844,o3845,o3846,o3847,o3848,o3849,o385,o3850,o3851,o3852,o3853,o3854,o3855,o3856,o3857,o3858,o3859,o386,o3860,o3861,o3862,o3863,o3864,o3865,o3866,o3867,o3868,o3869,o387,o3870,o3871,o3872,o3873,o3874,o3875,o3876,o3877,o3878,o3879,o388,o3880,o3881,o3882,o3883,o3884,o3885,o3886,o3887,o3888,o3889,o389,o3890,o3891,o3892,o3893,o3894,o3895,o3896,o3897,o3898,o3899,o39,o390,o3900,o3901,o3902,o3903,o3904,o3905,o3906,o3907,o3908,o3909,o391,o3910,o3911,o3912,o3913,o3914,o3915,o3916,o3917,o3918,o3919,o392,o3920,o3921,o3922,o3923,o3924,o3925,o3926,o3927,o3928,o3929,o393,o3930,o3931,o3932,o3933,o3934,o3935,o3936,o3937,o3938,o3939,o394,o3940,o3941,o3942,o3943,o3944,o3945,o3946,o3947,o3948,o3949,o395,o3950,o3951,o3952,o3953,o3954,o3955,o3956,o3957,o3958,o3959,o396,o3960,o3961,o3962,o3963,o3964,o3965,o3966,o3967,o3968,o3969,o397,o3970,o3971,o3972,o3973,o3974,o3975,o3976,o3977,o3978,o3979,o398,o3980,o3981,o3982,o3983,o3984,o3985,o3986,o3987,o3988,o3989,o399,o3990,o3991,o3992,o3993,o3994,o3995,o3996,o3997,o3998,o3999,o4,o40,o400,o4000,o4001,o4002,o4003,o4004,o4005,o4006,o4007,o4008,o4009,o401,o4010,o4011,o4012,o4013,o4014,o4015,o4016,o4017,o4018,o4019,o402,o4020,o4021,o4022,o4023,o4024,o4025,o4026,o4027,o4028,o4029,o403,o4030,o4031,o4032,o4033,o4034,o4035,o4036,o4037,o4038,o4039,o404,o4040,o4041,o4042,o4043,o4044,o4045,o4046,o4047,o4048,o4049,o405,o4050,o4051,o4052,o4053,o4054,o4055,o4056,o4057,o4058,o4059,o406,o4060,o4061,o4062,o4063,o4064,o4065,o4066,o4067,o4068,o4069,o407,o4070,o4071,o4072,o4073,o4074,o4075,o4076,o4077,o4078,o4079,o408,o4080,o4081,o4082,o4083,o4084,o4085,o4086,o4087,o4088,o4089,o409,o4090,o4091,o4092,o4093,o4094,o4095,o4096,o4097,o4098,o4099,o41,o410,o4100,o4101,o4102,o4103,o4104,o4105,o4106,o4107,o4108,o4109,o411,o4110,o4111,o4112,o4113,o4114,o4115,o4116,o4117,o4118,o4119,o412,o4120,o4121,o4122,o4123,o4124,o4125,o4126,o4127,o4128,o4129,o413,o4130,o4131,o4132,o4133,o4134,o4135,o4136,o4137,o4138,o4139,o414,o4140,o4141}', $14 = '102'
	Delete on output_snapshot_history  (cost=412071.92..412089.66 rows=0 width=0) (actual time=2267.840..2267.843 rows=0 loops=1)
	  Buffers: shared hit=38549 read=268639 dirtied=375 written=5, temp read=1214 written=1218
	  WAL: records=6000 fpi=200 bytes=1925032
	  ->  Nested Loop  (cost=412071.92..412089.66 rows=1 width=46) (actual time=2192.292..2265.301 rows=6000 loops=1)
	        Buffers: shared hit=32549 read=268639 dirtied=5 written=5, temp read=1214 written=1218
	        ->  Unique  (cost=412070.24..412070.25 rows=2 width=56) (actual time=2192.214..2193.796 rows=6000 loops=1)
	              Buffers: shared hit=13835 read=263353 dirtied=5 written=3, temp read=1214 written=1218
	              ->  Sort  (cost=412070.24..412070.24 rows=2 width=56) (actual time=2192.213..2193.102 rows=6000 loops=1)
	                    Sort Key: ranked.id
	                    Sort Method: quicksort  Memory: 849kB
	                    Buffers: shared hit=13835 read=263353 dirtied=5 written=3, temp read=1214 written=1218
	                    ->  Subquery Scan on ranked  (cost=380615.35..412070.23 rows=2 width=56) (actual time=1599.080..2190.709 rows=6000 loops=1)
	                          Filter: ((ranked.recency > 102) AND (ranked.prev_class = ranked.age_class) AND (ranked.prev_bucket = ranked.bucket))
	                          Rows Removed by Filter: 242200
	                          Buffers: shared hit=13832 read=263353 dirtied=5 written=3, temp read=1214 written=1218
	                          ->  WindowAgg  (cost=380615.35..407666.54 rows=251639 width=109) (actual time=1598.779..2177.779 rows=248200 loops=1)
	                                Buffers: shared hit=13832 read=263353 dirtied=5 written=3, temp read=1214 written=1218
	                                ->  Sort  (cost=380615.35..381244.45 rows=251639 width=29) (actual time=1598.706..1620.984 rows=248200 loops=1)
	                                      Sort Key: output_snapshot_history_1.output_id, output_snapshot_history_1.captured_at DESC, output_snapshot_history_1.id DESC
	                                      Sort Method: external merge  Disk: 9712kB
	                                      Buffers: shared hit=13832 read=263353 dirtied=5 written=3, temp read=1214 written=1218
	                                      ->  Seq Scan on output_snapshot_history output_snapshot_history_1  (cost=1.25..352018.58 rows=251639 width=29) (actual time=6.169..1273.621 rows=248200 loops=1)
	                                            Filter: (output_id = ANY ('{o3693,o3694,o3695,o3696,o3697,o3698,o3699,o37,o370,o3700,o3701,o3702,o3703,o3704,o3705,o3706,o3707,o3708,o3709,o371,o3710,o3711,o3712,o3713,o3714,o3715,o3716,o3717,o3718,o3719,o372,o3720,o3721,o3722,o3723,o3724,o3725,o3726,o3727,o3728,o3729,o373,o3730,o3731,o3732,o3733,o3734,o3735,o3736,o3737,o3738,o3739,o374,o3740,o3741,o3742,o3743,o3744,o3745,o3746,o3747,o3748,o3749,o375,o3750,o3751,o3752,o3753,o3754,o3755,o3756,o3757,o3758,o3759,o376,o3760,o3761,o3762,o3763,o3764,o3765,o3766,o3767,o3768,o3769,o377,o3770,o3771,o3772,o3773,o3774,o3775,o3776,o3777,o3778,o3779,o378,o3780,o3781,o3782,o3783,o3784,o3785,o3786,o3787,o3788,o3789,o379,o3790,o3791,o3792,o3793,o3794,o3795,o3796,o3797,o3798,o3799,o38,o380,o3800,o3801,o3802,o3803,o3804,o3805,o3806,o3807,o3808,o3809,o381,o3810,o3811,o3812,o3813,o3814,o3815,o3816,o3817,o3818,o3819,o382,o3820,o3821,o3822,o3823,o3824,o3825,o3826,o3827,o3828,o3829,o383,o3830,o3831,o3832,o3833,o3834,o3835,o3836,o3837,o3838,o3839,o384,o3840,o3841,o3842,o3843,o3844,o3845,o3846,o3847,o3848,o3849,o385,o3850,o3851,o3852,o3853,o3854,o3855,o3856,o3857,o3858,o3859,o386,o3860,o3861,o3862,o3863,o3864,o3865,o3866,o3867,o3868,o3869,o387,o3870,o3871,o3872,o3873,o3874,o3875,o3876,o3877,o3878,o3879,o388,o3880,o3881,o3882,o3883,o3884,o3885,o3886,o3887,o3888,o3889,o389,o3890,o3891,o3892,o3893,o3894,o3895,o3896,o3897,o3898,o3899,o39,o390,o3900,o3901,o3902,o3903,o3904,o3905,o3906,o3907,o3908,o3909,o391,o3910,o3911,o3912,o3913,o3914,o3915,o3916,o3917,o3918,o3919,o392,o3920,o3921,o3922,o3923,o3924,o3925,o3926,o3927,o3928,o3929,o393,o3930,o3931,o3932,o3933,o3934,o3935,o3936,o3937,o3938,o3939,o394,o3940,o3941,o3942,o3943,o3944,o3945,o3946,o3947,o3948,o3949,o395,o3950,o3951,o3952,o3953,o3954,o3955,o3956,o3957,o3958,o3959,o396,o3960,o3961,o3962,o3963,o3964,o3965,o3966,o3967,o3968,o3969,o397,o3970,o3971,o3972,o3973,o3974,o3975,o3976,o3977,o3978,o3979,o398,o3980,o3981,o3982,o3983,o3984,o3985,o3986,o3987,o3988,o3989,o399,o3990,o3991,o3992,o3993,o3994,o3995,o3996,o3997,o3998,o3999,o4,o40,o400,o4000,o4001,o4002,o4003,o4004,o4005,o4006,o4007,o4008,o4009,o401,o4010,o4011,o4012,o4013,o4014,o4015,o4016,o4017,o4018,o4019,o402,o4020,o4021,o4022,o4023,o4024,o4025,o4026,o4027,o4028,o4029,o403,o4030,o4031,o4032,o4033,o4034,o4035,o4036,o4037,o4038,o4039,o404,o4040,o4041,o4042,o4043,o4044,o4045,o4046,o4047,o4048,o4049,o405,o4050,o4051,o4052,o4053,o4054,o4055,o4056,o4057,o4058,o4059,o406,o4060,o4061,o4062,o4063,o4064,o4065,o4066,o4067,o4068,o4069,o407,o4070,o4071,o4072,o4073,o4074,o4075,o4076,o4077,o4078,o4079,o408,o4080,o4081,o4082,o4083,o4084,o4085,o4086,o4087,o4088,o4089,o409,o4090,o4091,o4092,o4093,o4094,o4095,o4096,o4097,o4098,o4099,o41,o410,o4100,o4101,o4102,o4103,o4104,o4105,o4106,o4107,o4108,o4109,o411,o4110,o4111,o4112,o4113,o4114,o4115,o4116,o4117,o4118,o4119,o412,o4120,o4121,o4122,o4123,o4124,o4125,o4126,o4127,o4128,o4129,o413,o4130,o4131,o4132,o4133,o4134,o4135,o4136,o4137,o4138,o4139,o414,o4140,o4141}'::text[]))
	                                            Rows Removed by Filter: 4738429
	                                            Buffers: shared hit=13826 read=263353 dirtied=5 written=3
	        ->  Index Scan using output_snapshot_history_pkey on output_snapshot_history  (cost=1.68..9.71 rows=1 width=22) (actual time=0.012..0.012 rows=1 loops=6000)
	              Index Cond: (id = ranked.id)
	              Filter: (output_id = ANY ('{o3693,o3694,o3695,o3696,o3697,o3698,o3699,o37,o370,o3700,o3701,o3702,o3703,o3704,o3705,o3706,o3707,o3708,o3709,o371,o3710,o3711,o3712,o3713,o3714,o3715,o3716,o3717,o3718,o3719,o372,o3720,o3721,o3722,o3723,o3724,o3725,o3726,o3727,o3728,o3729,o373,o3730,o3731,o3732,o3733,o3734,o3735,o3736,o3737,o3738,o3739,o374,o3740,o3741,o3742,o3743,o3744,o3745,o3746,o3747,o3748,o3749,o375,o3750,o3751,o3752,o3753,o3754,o3755,o3756,o3757,o3758,o3759,o376,o3760,o3761,o3762,o3763,o3764,o3765,o3766,o3767,o3768,o3769,o377,o3770,o3771,o3772,o3773,o3774,o3775,o3776,o3777,o3778,o3779,o378,o3780,o3781,o3782,o3783,o3784,o3785,o3786,o3787,o3788,o3789,o379,o3790,o3791,o3792,o3793,o3794,o3795,o3796,o3797,o3798,o3799,o38,o380,o3800,o3801,o3802,o3803,o3804,o3805,o3806,o3807,o3808,o3809,o381,o3810,o3811,o3812,o3813,o3814,o3815,o3816,o3817,o3818,o3819,o382,o3820,o3821,o3822,o3823,o3824,o3825,o3826,o3827,o3828,o3829,o383,o3830,o3831,o3832,o3833,o3834,o3835,o3836,o3837,o3838,o3839,o384,o3840,o3841,o3842,o3843,o3844,o3845,o3846,o3847,o3848,o3849,o385,o3850,o3851,o3852,o3853,o3854,o3855,o3856,o3857,o3858,o3859,o386,o3860,o3861,o3862,o3863,o3864,o3865,o3866,o3867,o3868,o3869,o387,o3870,o3871,o3872,o3873,o3874,o3875,o3876,o3877,o3878,o3879,o388,o3880,o3881,o3882,o3883,o3884,o3885,o3886,o3887,o3888,o3889,o389,o3890,o3891,o3892,o3893,o3894,o3895,o3896,o3897,o3898,o3899,o39,o390,o3900,o3901,o3902,o3903,o3904,o3905,o3906,o3907,o3908,o3909,o391,o3910,o3911,o3912,o3913,o3914,o3915,o3916,o3917,o3918,o3919,o392,o3920,o3921,o3922,o3923,o3924,o3925,o3926,o3927,o3928,o3929,o393,o3930,o3931,o3932,o3933,o3934,o3935,o3936,o3937,o3938,o3939,o394,o3940,o3941,o3942,o3943,o3944,o3945,o3946,o3947,o3948,o3949,o395,o3950,o3951,o3952,o3953,o3954,o3955,o3956,o3957,o3958,o3959,o396,o3960,o3961,o3962,o3963,o3964,o3965,o3966,o3967,o3968,o3969,o397,o3970,o3971,o3972,o3973,o3974,o3975,o3976,o3977,o3978,o3979,o398,o3980,o3981,o3982,o3983,o3984,o3985,o3986,o3987,o3988,o3989,o399,o3990,o3991,o3992,o3993,o3994,o3995,o3996,o3997,o3998,o3999,o4,o40,o400,o4000,o4001,o4002,o4003,o4004,o4005,o4006,o4007,o4008,o4009,o401,o4010,o4011,o4012,o4013,o4014,o4015,o4016,o4017,o4018,o4019,o402,o4020,o4021,o4022,o4023,o4024,o4025,o4026,o4027,o4028,o4029,o403,o4030,o4031,o4032,o4033,o4034,o4035,o4036,o4037,o4038,o4039,o404,o4040,o4041,o4042,o4043,o4044,o4045,o4046,o4047,o4048,o4049,o405,o4050,o4051,o4052,o4053,o4054,o4055,o4056,o4057,o4058,o4059,o406,o4060,o4061,o4062,o4063,o4064,o4065,o4066,o4067,o4068,o4069,o407,o4070,o4071,o4072,o4073,o4074,o4075,o4076,o4077,o4078,o4079,o408,o4080,o4081,o4082,o4083,o4084,o4085,o4086,o4087,o4088,o4089,o409,o4090,o4091,o4092,o4093,o4094,o4095,o4096,o4097,o4098,o4099,o41,o410,o4100,o4101,o4102,o4103,o4104,o4105,o4106,o4107,o4108,o4109,o411,o4110,o4111,o4112,o4113,o4114,o4115,o4116,o4117,o4118,o4119,o412,o4120,o4121,o4122,o4123,o4124,o4125,o4126,o4127,o4128,o4129,o413,o4130,o4131,o4132,o4133,o4134,o4135,o4136,o4137,o4138,o4139,o414,o4140,o4141}'::text[]))
	              Buffers: shared hit=18714 read=5286 written=2
	JIT:
	  Functions: 24
	  Options: Inlining false, Optimization false, Expressions true, Deforming true
	  Timing: Generation 0.671 ms, Inlining 0.000 ms, Optimization 0.303 ms, Emission 5.855 ms, Total 6.830 ms
2026-10-10 05:34:59.746 UTC [30757] hel1435-S2-prod-noio-R250000-b6-explain-r1 LOG:  temporary file: path "base/pgsql_tmp/pgsql_tmp30757.0", size 9945088
2026-10-10 05:34:59.746 UTC [30757] hel1435-S2-prod-noio-R250000-b6-explain-r1 STATEMENT:  DELETE FROM output_snapshot_history WHERE output_id = ANY($1) AND id IN (
	             SELECT id FROM (
	               SELECT id, age_class, bucket,
	                      row_number() OVER w AS recency,
	                      lag(age_class) OVER w AS prev_class,
	                      lag(bucket) OVER w AS prev_bucket
	               FROM (
	                 SELECT id, output_id, captured_at,
	                        CASE WHEN extract(epoch FROM ($2::timestamptz - captured_at)) < $3 THEN 0
	                             WHEN extract(epoch FROM ($4::timestamptz - captured_at)) < $5 THEN 1
	                             ELSE 2 END AS age_class,
	                        floor(extract(epoch FROM captured_at) /
	                          CASE WHEN extract(epoch FROM ($6::timestamptz - captured_at)) < $7 THEN $8
	                               WHEN extract(epoch FROM ($9::timestamptz - captured_at)) < $10 THEN $11
	                               ELSE $12 END) AS bucket
	                 FROM output_snapshot_history
	                 WHERE output_id = ANY($13)
	               ) classed
	               WINDOW w AS (PARTITION BY output_id ORDER BY captured_at DESC, id DESC)
	             ) ranked
	             WHERE recency > $14 AND prev_class = age_class AND prev_bucket = bucket)
2026-10-10 05:35:00.168 UTC [30759] hel1435-S2-prod-noio-R250000-b6-explain-r2 LOG:  duration: 179.130 ms  plan:
	Query Text: DELETE FROM output_snapshot_history h
	             USING pipelines p, users u
	             WHERE h.output_id = ANY($1) AND h.captured_at < $2
	               AND h.pipeline_id = p.id AND p.owner_id = u.id
	               AND h.captured_at < COALESCE(($3::timestamptz[])[array_position($4::text[], u.tier)], $5)
	Query Parameters: $1 = '{o3693,o3694,o3695,o3696,o3697,o3698,o3699,o37,o370,o3700,o3701,o3702,o3703,o3704,o3705,o3706,o3707,o3708,o3709,o371,o3710,o3711,o3712,o3713,o3714,o3715,o3716,o3717,o3718,o3719,o372,o3720,o3721,o3722,o3723,o3724,o3725,o3726,o3727,o3728,o3729,o373,o3730,o3731,o3732,o3733,o3734,o3735,o3736,o3737,o3738,o3739,o374,o3740,o3741,o3742,o3743,o3744,o3745,o3746,o3747,o3748,o3749,o375,o3750,o3751,o3752,o3753,o3754,o3755,o3756,o3757,o3758,o3759,o376,o3760,o3761,o3762,o3763,o3764,o3765,o3766,o3767,o3768,o3769,o377,o3770,o3771,o3772,o3773,o3774,o3775,o3776,o3777,o3778,o3779,o378,o3780,o3781,o3782,o3783,o3784,o3785,o3786,o3787,o3788,o3789,o379,o3790,o3791,o3792,o3793,o3794,o3795,o3796,o3797,o3798,o3799,o38,o380,o3800,o3801,o3802,o3803,o3804,o3805,o3806,o3807,o3808,o3809,o381,o3810,o3811,o3812,o3813,o3814,o3815,o3816,o3817,o3818,o3819,o382,o3820,o3821,o3822,o3823,o3824,o3825,o3826,o3827,o3828,o3829,o383,o3830,o3831,o3832,o3833,o3834,o3835,o3836,o3837,o3838,o3839,o384,o3840,o3841,o3842,o3843,o3844,o3845,o3846,o3847,o3848,o3849,o385,o3850,o3851,o3852,o3853,o3854,o3855,o3856,o3857,o3858,o3859,o386,o3860,o3861,o3862,o3863,o3864,o3865,o3866,o3867,o3868,o3869,o387,o3870,o3871,o3872,o3873,o3874,o3875,o3876,o3877,o3878,o3879,o388,o3880,o3881,o3882,o3883,o3884,o3885,o3886,o3887,o3888,o3889,o389,o3890,o3891,o3892,o3893,o3894,o3895,o3896,o3897,o3898,o3899,o39,o390,o3900,o3901,o3902,o3903,o3904,o3905,o3906,o3907,o3908,o3909,o391,o3910,o3911,o3912,o3913,o3914,o3915,o3916,o3917,o3918,o3919,o392,o3920,o3921,o3922,o3923,o3924,o3925,o3926,o3927,o3928,o3929,o393,o3930,o3931,o3932,o3933,o3934,o3935,o3936,o3937,o3938,o3939,o394,o3940,o3941,o3942,o3943,o3944,o3945,o3946,o3947,o3948,o3949,o395,o3950,o3951,o3952,o3953,o3954,o3955,o3956,o3957,o3958,o3959,o396,o3960,o3961,o3962,o3963,o3964,o3965,o3966,o3967,o3968,o3969,o397,o3970,o3971,o3972,o3973,o3974,o3975,o3976,o3977,o3978,o3979,o398,o3980,o3981,o3982,o3983,o3984,o3985,o3986,o3987,o3988,o3989,o399,o3990,o3991,o3992,o3993,o3994,o3995,o3996,o3997,o3998,o3999,o4,o40,o400,o4000,o4001,o4002,o4003,o4004,o4005,o4006,o4007,o4008,o4009,o401,o4010,o4011,o4012,o4013,o4014,o4015,o4016,o4017,o4018,o4019,o402,o4020,o4021,o4022,o4023,o4024,o4025,o4026,o4027,o4028,o4029,o403,o4030,o4031,o4032,o4033,o4034,o4035,o4036,o4037,o4038,o4039,o404,o4040,o4041,o4042,o4043,o4044,o4045,o4046,o4047,o4048,o4049,o405,o4050,o4051,o4052,o4053,o4054,o4055,o4056,o4057,o4058,o4059,o406,o4060,o4061,o4062,o4063,o4064,o4065,o4066,o4067,o4068,o4069,o407,o4070,o4071,o4072,o4073,o4074,o4075,o4076,o4077,o4078,o4079,o408,o4080,o4081,o4082,o4083,o4084,o4085,o4086,o4087,o4088,o4089,o409,o4090,o4091,o4092,o4093,o4094,o4095,o4096,o4097,o4098,o4099,o41,o410,o4100,o4101,o4102,o4103,o4104,o4105,o4106,o4107,o4108,o4109,o411,o4110,o4111,o4112,o4113,o4114,o4115,o4116,o4117,o4118,o4119,o412,o4120,o4121,o4122,o4123,o4124,o4125,o4126,o4127,o4128,o4129,o413,o4130,o4131,o4132,o4133,o4134,o4135,o4136,o4137,o4138,o4139,o414,o4140,o4141}', $2 = '2026-09-09 22:00:00-07', $3 = '{"2026-09-09 22:00:00-07","2026-07-11 22:00:00-07","2025-10-09 22:00:00-07"}', $4 = '{free,beta,owner}', $5 = '2026-09-09 22:00:00-07'
	Delete on output_snapshot_history h  (cost=170.21..25421.84 rows=0 width=0) (actual time=179.127..179.129 rows=0 loops=1)
	  Buffers: shared hit=24 read=17963 written=249
	  WAL: records=19 bytes=1026
	  ->  Hash Join  (cost=170.21..25421.84 rows=5201 width=18) (actual time=71.642..179.097 rows=19 loops=1)
	        Hash Cond: (p.owner_id = u.id)
	        Join Filter: (h.captured_at < COALESCE(('{"2026-09-09 22:00:00-07","2026-07-11 22:00:00-07","2025-10-09 22:00:00-07"}'::timestamp with time zone[])[array_position('{free,beta,owner}'::text[], u.tier)], '2026-09-09 22:00:00-07'::timestamp with time zone))
	        Rows Removed by Join Filter: 14700
	        Buffers: shared hit=5 read=17963 written=249
	        ->  Hash Join  (cost=111.70..25322.33 rows=15603 width=36) (actual time=1.068..174.865 rows=14719 loops=1)
	              Hash Cond: (h.pipeline_id = p.id)
	              Buffers: shared hit=5 read=17942 written=249
	              ->  Index Scan using idx_output_snapshot_history_captured_at on output_snapshot_history h  (cost=1.68..25171.28 rows=15608 width=19) (actual time=0.139..171.467 rows=14719 loops=1)
	                    Index Cond: (captured_at < '2026-09-09 22:00:00-07'::timestamp with time zone)
	                    Filter: (output_id = ANY ('{o3693,o3694,o3695,o3696,o3697,o3698,o3699,o37,o370,o3700,o3701,o3702,o3703,o3704,o3705,o3706,o3707,o3708,o3709,o371,o3710,o3711,o3712,o3713,o3714,o3715,o3716,o3717,o3718,o3719,o372,o3720,o3721,o3722,o3723,o3724,o3725,o3726,o3727,o3728,o3729,o373,o3730,o3731,o3732,o3733,o3734,o3735,o3736,o3737,o3738,o3739,o374,o3740,o3741,o3742,o3743,o3744,o3745,o3746,o3747,o3748,o3749,o375,o3750,o3751,o3752,o3753,o3754,o3755,o3756,o3757,o3758,o3759,o376,o3760,o3761,o3762,o3763,o3764,o3765,o3766,o3767,o3768,o3769,o377,o3770,o3771,o3772,o3773,o3774,o3775,o3776,o3777,o3778,o3779,o378,o3780,o3781,o3782,o3783,o3784,o3785,o3786,o3787,o3788,o3789,o379,o3790,o3791,o3792,o3793,o3794,o3795,o3796,o3797,o3798,o3799,o38,o380,o3800,o3801,o3802,o3803,o3804,o3805,o3806,o3807,o3808,o3809,o381,o3810,o3811,o3812,o3813,o3814,o3815,o3816,o3817,o3818,o3819,o382,o3820,o3821,o3822,o3823,o3824,o3825,o3826,o3827,o3828,o3829,o383,o3830,o3831,o3832,o3833,o3834,o3835,o3836,o3837,o3838,o3839,o384,o3840,o3841,o3842,o3843,o3844,o3845,o3846,o3847,o3848,o3849,o385,o3850,o3851,o3852,o3853,o3854,o3855,o3856,o3857,o3858,o3859,o386,o3860,o3861,o3862,o3863,o3864,o3865,o3866,o3867,o3868,o3869,o387,o3870,o3871,o3872,o3873,o3874,o3875,o3876,o3877,o3878,o3879,o388,o3880,o3881,o3882,o3883,o3884,o3885,o3886,o3887,o3888,o3889,o389,o3890,o3891,o3892,o3893,o3894,o3895,o3896,o3897,o3898,o3899,o39,o390,o3900,o3901,o3902,o3903,o3904,o3905,o3906,o3907,o3908,o3909,o391,o3910,o3911,o3912,o3913,o3914,o3915,o3916,o3917,o3918,o3919,o392,o3920,o3921,o3922,o3923,o3924,o3925,o3926,o3927,o3928,o3929,o393,o3930,o3931,o3932,o3933,o3934,o3935,o3936,o3937,o3938,o3939,o394,o3940,o3941,o3942,o3943,o3944,o3945,o3946,o3947,o3948,o3949,o395,o3950,o3951,o3952,o3953,o3954,o3955,o3956,o3957,o3958,o3959,o396,o3960,o3961,o3962,o3963,o3964,o3965,o3966,o3967,o3968,o3969,o397,o3970,o3971,o3972,o3973,o3974,o3975,o3976,o3977,o3978,o3979,o398,o3980,o3981,o3982,o3983,o3984,o3985,o3986,o3987,o3988,o3989,o399,o3990,o3991,o3992,o3993,o3994,o3995,o3996,o3997,o3998,o3999,o4,o40,o400,o4000,o4001,o4002,o4003,o4004,o4005,o4006,o4007,o4008,o4009,o401,o4010,o4011,o4012,o4013,o4014,o4015,o4016,o4017,o4018,o4019,o402,o4020,o4021,o4022,o4023,o4024,o4025,o4026,o4027,o4028,o4029,o403,o4030,o4031,o4032,o4033,o4034,o4035,o4036,o4037,o4038,o4039,o404,o4040,o4041,o4042,o4043,o4044,o4045,o4046,o4047,o4048,o4049,o405,o4050,o4051,o4052,o4053,o4054,o4055,o4056,o4057,o4058,o4059,o406,o4060,o4061,o4062,o4063,o4064,o4065,o4066,o4067,o4068,o4069,o407,o4070,o4071,o4072,o4073,o4074,o4075,o4076,o4077,o4078,o4079,o408,o4080,o4081,o4082,o4083,o4084,o4085,o4086,o4087,o4088,o4089,o409,o4090,o4091,o4092,o4093,o4094,o4095,o4096,o4097,o4098,o4099,o41,o410,o4100,o4101,o4102,o4103,o4104,o4105,o4106,o4107,o4108,o4109,o411,o4110,o4111,o4112,o4113,o4114,o4115,o4116,o4117,o4118,o4119,o412,o4120,o4121,o4122,o4123,o4124,o4125,o4126,o4127,o4128,o4129,o413,o4130,o4131,o4132,o4133,o4134,o4135,o4136,o4137,o4138,o4139,o414,o4140,o4141}'::text[]))
	                    Rows Removed by Filter: 301929
	                    Buffers: shared hit=5 read=17907 written=249
	              ->  Hash  (cost=68.34..68.34 rows=3334 width=27) (actual time=0.907..0.908 rows=3334 loops=1)
	                    Buckets: 4096  Batches: 1  Memory Usage: 227kB
	                    Buffers: shared read=35
	                    ->  Seq Scan on pipelines p  (cost=0.00..68.34 rows=3334 width=27) (actual time=0.007..0.448 rows=3334 loops=1)
	                          Buffers: shared read=35
	        ->  Hash  (cost=37.67..37.67 rows=1667 width=27) (actual time=0.461..0.461 rows=1667 loops=1)
	              Buckets: 2048  Batches: 1  Memory Usage: 113kB
	              Buffers: shared read=21
	              ->  Seq Scan on users u  (cost=0.00..37.67 rows=1667 width=27) (actual time=0.009..0.249 rows=1667 loops=1)
	                    Buffers: shared read=21
2026-10-10 05:35:02.454 UTC [30759] hel1435-S2-prod-noio-R250000-b6-explain-r2 LOG:  duration: 2270.655 ms  plan:
	Query Text: DELETE FROM output_snapshot_history WHERE output_id = ANY($1) AND id IN (
	             SELECT id FROM (
	               SELECT id, age_class, bucket,
	                      row_number() OVER w AS recency,
	                      lag(age_class) OVER w AS prev_class,
	                      lag(bucket) OVER w AS prev_bucket
	               FROM (
	                 SELECT id, output_id, captured_at,
	                        CASE WHEN extract(epoch FROM ($2::timestamptz - captured_at)) < $3 THEN 0
	                             WHEN extract(epoch FROM ($4::timestamptz - captured_at)) < $5 THEN 1
	                             ELSE 2 END AS age_class,
	                        floor(extract(epoch FROM captured_at) /
	                          CASE WHEN extract(epoch FROM ($6::timestamptz - captured_at)) < $7 THEN $8
	                               WHEN extract(epoch FROM ($9::timestamptz - captured_at)) < $10 THEN $11
	                               ELSE $12 END) AS bucket
	                 FROM output_snapshot_history
	                 WHERE output_id = ANY($13)
	               ) classed
	               WINDOW w AS (PARTITION BY output_id ORDER BY captured_at DESC, id DESC)
	             ) ranked
	             WHERE recency > $14 AND prev_class = age_class AND prev_bucket = bucket)
	Query Parameters: $1 = '{o3693,o3694,o3695,o3696,o3697,o3698,o3699,o37,o370,o3700,o3701,o3702,o3703,o3704,o3705,o3706,o3707,o3708,o3709,o371,o3710,o3711,o3712,o3713,o3714,o3715,o3716,o3717,o3718,o3719,o372,o3720,o3721,o3722,o3723,o3724,o3725,o3726,o3727,o3728,o3729,o373,o3730,o3731,o3732,o3733,o3734,o3735,o3736,o3737,o3738,o3739,o374,o3740,o3741,o3742,o3743,o3744,o3745,o3746,o3747,o3748,o3749,o375,o3750,o3751,o3752,o3753,o3754,o3755,o3756,o3757,o3758,o3759,o376,o3760,o3761,o3762,o3763,o3764,o3765,o3766,o3767,o3768,o3769,o377,o3770,o3771,o3772,o3773,o3774,o3775,o3776,o3777,o3778,o3779,o378,o3780,o3781,o3782,o3783,o3784,o3785,o3786,o3787,o3788,o3789,o379,o3790,o3791,o3792,o3793,o3794,o3795,o3796,o3797,o3798,o3799,o38,o380,o3800,o3801,o3802,o3803,o3804,o3805,o3806,o3807,o3808,o3809,o381,o3810,o3811,o3812,o3813,o3814,o3815,o3816,o3817,o3818,o3819,o382,o3820,o3821,o3822,o3823,o3824,o3825,o3826,o3827,o3828,o3829,o383,o3830,o3831,o3832,o3833,o3834,o3835,o3836,o3837,o3838,o3839,o384,o3840,o3841,o3842,o3843,o3844,o3845,o3846,o3847,o3848,o3849,o385,o3850,o3851,o3852,o3853,o3854,o3855,o3856,o3857,o3858,o3859,o386,o3860,o3861,o3862,o3863,o3864,o3865,o3866,o3867,o3868,o3869,o387,o3870,o3871,o3872,o3873,o3874,o3875,o3876,o3877,o3878,o3879,o388,o3880,o3881,o3882,o3883,o3884,o3885,o3886,o3887,o3888,o3889,o389,o3890,o3891,o3892,o3893,o3894,o3895,o3896,o3897,o3898,o3899,o39,o390,o3900,o3901,o3902,o3903,o3904,o3905,o3906,o3907,o3908,o3909,o391,o3910,o3911,o3912,o3913,o3914,o3915,o3916,o3917,o3918,o3919,o392,o3920,o3921,o3922,o3923,o3924,o3925,o3926,o3927,o3928,o3929,o393,o3930,o3931,o3932,o3933,o3934,o3935,o3936,o3937,o3938,o3939,o394,o3940,o3941,o3942,o3943,o3944,o3945,o3946,o3947,o3948,o3949,o395,o3950,o3951,o3952,o3953,o3954,o3955,o3956,o3957,o3958,o3959,o396,o3960,o3961,o3962,o3963,o3964,o3965,o3966,o3967,o3968,o3969,o397,o3970,o3971,o3972,o3973,o3974,o3975,o3976,o3977,o3978,o3979,o398,o3980,o3981,o3982,o3983,o3984,o3985,o3986,o3987,o3988,o3989,o399,o3990,o3991,o3992,o3993,o3994,o3995,o3996,o3997,o3998,o3999,o4,o40,o400,o4000,o4001,o4002,o4003,o4004,o4005,o4006,o4007,o4008,o4009,o401,o4010,o4011,o4012,o4013,o4014,o4015,o4016,o4017,o4018,o4019,o402,o4020,o4021,o4022,o4023,o4024,o4025,o4026,o4027,o4028,o4029,o403,o4030,o4031,o4032,o4033,o4034,o4035,o4036,o4037,o4038,o4039,o404,o4040,o4041,o4042,o4043,o4044,o4045,o4046,o4047,o4048,o4049,o405,o4050,o4051,o4052,o4053,o4054,o4055,o4056,o4057,o4058,o4059,o406,o4060,o4061,o4062,o4063,o4064,o4065,o4066,o4067,o4068,o4069,o407,o4070,o4071,o4072,o4073,o4074,o4075,o4076,o4077,o4078,o4079,o408,o4080,o4081,o4082,o4083,o4084,o4085,o4086,o4087,o4088,o4089,o409,o4090,o4091,o4092,o4093,o4094,o4095,o4096,o4097,o4098,o4099,o41,o410,o4100,o4101,o4102,o4103,o4104,o4105,o4106,o4107,o4108,o4109,o411,o4110,o4111,o4112,o4113,o4114,o4115,o4116,o4117,o4118,o4119,o412,o4120,o4121,o4122,o4123,o4124,o4125,o4126,o4127,o4128,o4129,o413,o4130,o4131,o4132,o4133,o4134,o4135,o4136,o4137,o4138,o4139,o414,o4140,o4141}', $2 = '2026-10-09 22:00:00-07', $3 = '86400', $4 = '2026-10-09 22:00:00-07', $5 = '604800', $6 = '2026-10-09 22:00:00-07', $7 = '86400', $8 = '300', $9 = '2026-10-09 22:00:00-07', $10 = '604800', $11 = '3600', $12 = '86400', $13 = '{o3693,o3694,o3695,o3696,o3697,o3698,o3699,o37,o370,o3700,o3701,o3702,o3703,o3704,o3705,o3706,o3707,o3708,o3709,o371,o3710,o3711,o3712,o3713,o3714,o3715,o3716,o3717,o3718,o3719,o372,o3720,o3721,o3722,o3723,o3724,o3725,o3726,o3727,o3728,o3729,o373,o3730,o3731,o3732,o3733,o3734,o3735,o3736,o3737,o3738,o3739,o374,o3740,o3741,o3742,o3743,o3744,o3745,o3746,o3747,o3748,o3749,o375,o3750,o3751,o3752,o3753,o3754,o3755,o3756,o3757,o3758,o3759,o376,o3760,o3761,o3762,o3763,o3764,o3765,o3766,o3767,o3768,o3769,o377,o3770,o3771,o3772,o3773,o3774,o3775,o3776,o3777,o3778,o3779,o378,o3780,o3781,o3782,o3783,o3784,o3785,o3786,o3787,o3788,o3789,o379,o3790,o3791,o3792,o3793,o3794,o3795,o3796,o3797,o3798,o3799,o38,o380,o3800,o3801,o3802,o3803,o3804,o3805,o3806,o3807,o3808,o3809,o381,o3810,o3811,o3812,o3813,o3814,o3815,o3816,o3817,o3818,o3819,o382,o3820,o3821,o3822,o3823,o3824,o3825,o3826,o3827,o3828,o3829,o383,o3830,o3831,o3832,o3833,o3834,o3835,o3836,o3837,o3838,o3839,o384,o3840,o3841,o3842,o3843,o3844,o3845,o3846,o3847,o3848,o3849,o385,o3850,o3851,o3852,o3853,o3854,o3855,o3856,o3857,o3858,o3859,o386,o3860,o3861,o3862,o3863,o3864,o3865,o3866,o3867,o3868,o3869,o387,o3870,o3871,o3872,o3873,o3874,o3875,o3876,o3877,o3878,o3879,o388,o3880,o3881,o3882,o3883,o3884,o3885,o3886,o3887,o3888,o3889,o389,o3890,o3891,o3892,o3893,o3894,o3895,o3896,o3897,o3898,o3899,o39,o390,o3900,o3901,o3902,o3903,o3904,o3905,o3906,o3907,o3908,o3909,o391,o3910,o3911,o3912,o3913,o3914,o3915,o3916,o3917,o3918,o3919,o392,o3920,o3921,o3922,o3923,o3924,o3925,o3926,o3927,o3928,o3929,o393,o3930,o3931,o3932,o3933,o3934,o3935,o3936,o3937,o3938,o3939,o394,o3940,o3941,o3942,o3943,o3944,o3945,o3946,o3947,o3948,o3949,o395,o3950,o3951,o3952,o3953,o3954,o3955,o3956,o3957,o3958,o3959,o396,o3960,o3961,o3962,o3963,o3964,o3965,o3966,o3967,o3968,o3969,o397,o3970,o3971,o3972,o3973,o3974,o3975,o3976,o3977,o3978,o3979,o398,o3980,o3981,o3982,o3983,o3984,o3985,o3986,o3987,o3988,o3989,o399,o3990,o3991,o3992,o3993,o3994,o3995,o3996,o3997,o3998,o3999,o4,o40,o400,o4000,o4001,o4002,o4003,o4004,o4005,o4006,o4007,o4008,o4009,o401,o4010,o4011,o4012,o4013,o4014,o4015,o4016,o4017,o4018,o4019,o402,o4020,o4021,o4022,o4023,o4024,o4025,o4026,o4027,o4028,o4029,o403,o4030,o4031,o4032,o4033,o4034,o4035,o4036,o4037,o4038,o4039,o404,o4040,o4041,o4042,o4043,o4044,o4045,o4046,o4047,o4048,o4049,o405,o4050,o4051,o4052,o4053,o4054,o4055,o4056,o4057,o4058,o4059,o406,o4060,o4061,o4062,o4063,o4064,o4065,o4066,o4067,o4068,o4069,o407,o4070,o4071,o4072,o4073,o4074,o4075,o4076,o4077,o4078,o4079,o408,o4080,o4081,o4082,o4083,o4084,o4085,o4086,o4087,o4088,o4089,o409,o4090,o4091,o4092,o4093,o4094,o4095,o4096,o4097,o4098,o4099,o41,o410,o4100,o4101,o4102,o4103,o4104,o4105,o4106,o4107,o4108,o4109,o411,o4110,o4111,o4112,o4113,o4114,o4115,o4116,o4117,o4118,o4119,o412,o4120,o4121,o4122,o4123,o4124,o4125,o4126,o4127,o4128,o4129,o413,o4130,o4131,o4132,o4133,o4134,o4135,o4136,o4137,o4138,o4139,o414,o4140,o4141}', $14 = '102'
	Delete on output_snapshot_history  (cost=412071.92..412089.66 rows=0 width=0) (actual time=2270.651..2270.653 rows=0 loops=1)
	  Buffers: shared hit=38569 read=268619 dirtied=7, temp read=1214 written=1218
	  WAL: records=6000 bytes=324000
	  ->  Nested Loop  (cost=412071.92..412089.66 rows=1 width=46) (actual time=2197.448..2268.859 rows=6000 loops=1)
	        Buffers: shared hit=32569 read=268619, temp read=1214 written=1218
	        ->  Unique  (cost=412070.24..412070.25 rows=2 width=56) (actual time=2197.378..2199.073 rows=6000 loops=1)
	              Buffers: shared hit=13808 read=263380, temp read=1214 written=1218
	              ->  Sort  (cost=412070.24..412070.24 rows=2 width=56) (actual time=2197.378..2198.151 rows=6000 loops=1)
	                    Sort Key: ranked.id
	                    Sort Method: quicksort  Memory: 849kB
	                    Buffers: shared hit=13808 read=263380, temp read=1214 written=1218
	                    ->  Subquery Scan on ranked  (cost=380615.35..412070.23 rows=2 width=56) (actual time=1658.459..2195.831 rows=6000 loops=1)
	                          Filter: ((ranked.recency > 102) AND (ranked.prev_class = ranked.age_class) AND (ranked.prev_bucket = ranked.bucket))
	                          Rows Removed by Filter: 242200
	                          Buffers: shared hit=13805 read=263380, temp read=1214 written=1218
	                          ->  WindowAgg  (cost=380615.35..407666.54 rows=251639 width=109) (actual time=1657.978..2135.212 rows=248200 loops=1)
	                                Buffers: shared hit=13805 read=263380, temp read=1214 written=1218
	                                ->  Sort  (cost=380615.35..381244.45 rows=251639 width=29) (actual time=1657.888..1679.696 rows=248200 loops=1)
	                                      Sort Key: output_snapshot_history_1.output_id, output_snapshot_history_1.captured_at DESC, output_snapshot_history_1.id DESC
	                                      Sort Method: external merge  Disk: 9712kB
	                                      Buffers: shared hit=13805 read=263380, temp read=1214 written=1218
	                                      ->  Seq Scan on output_snapshot_history output_snapshot_history_1  (cost=1.25..352018.58 rows=251639 width=29) (actual time=6.412..1239.947 rows=248200 loops=1)
	                                            Filter: (output_id = ANY ('{o3693,o3694,o3695,o3696,o3697,o3698,o3699,o37,o370,o3700,o3701,o3702,o3703,o3704,o3705,o3706,o3707,o3708,o3709,o371,o3710,o3711,o3712,o3713,o3714,o3715,o3716,o3717,o3718,o3719,o372,o3720,o3721,o3722,o3723,o3724,o3725,o3726,o3727,o3728,o3729,o373,o3730,o3731,o3732,o3733,o3734,o3735,o3736,o3737,o3738,o3739,o374,o3740,o3741,o3742,o3743,o3744,o3745,o3746,o3747,o3748,o3749,o375,o3750,o3751,o3752,o3753,o3754,o3755,o3756,o3757,o3758,o3759,o376,o3760,o3761,o3762,o3763,o3764,o3765,o3766,o3767,o3768,o3769,o377,o3770,o3771,o3772,o3773,o3774,o3775,o3776,o3777,o3778,o3779,o378,o3780,o3781,o3782,o3783,o3784,o3785,o3786,o3787,o3788,o3789,o379,o3790,o3791,o3792,o3793,o3794,o3795,o3796,o3797,o3798,o3799,o38,o380,o3800,o3801,o3802,o3803,o3804,o3805,o3806,o3807,o3808,o3809,o381,o3810,o3811,o3812,o3813,o3814,o3815,o3816,o3817,o3818,o3819,o382,o3820,o3821,o3822,o3823,o3824,o3825,o3826,o3827,o3828,o3829,o383,o3830,o3831,o3832,o3833,o3834,o3835,o3836,o3837,o3838,o3839,o384,o3840,o3841,o3842,o3843,o3844,o3845,o3846,o3847,o3848,o3849,o385,o3850,o3851,o3852,o3853,o3854,o3855,o3856,o3857,o3858,o3859,o386,o3860,o3861,o3862,o3863,o3864,o3865,o3866,o3867,o3868,o3869,o387,o3870,o3871,o3872,o3873,o3874,o3875,o3876,o3877,o3878,o3879,o388,o3880,o3881,o3882,o3883,o3884,o3885,o3886,o3887,o3888,o3889,o389,o3890,o3891,o3892,o3893,o3894,o3895,o3896,o3897,o3898,o3899,o39,o390,o3900,o3901,o3902,o3903,o3904,o3905,o3906,o3907,o3908,o3909,o391,o3910,o3911,o3912,o3913,o3914,o3915,o3916,o3917,o3918,o3919,o392,o3920,o3921,o3922,o3923,o3924,o3925,o3926,o3927,o3928,o3929,o393,o3930,o3931,o3932,o3933,o3934,o3935,o3936,o3937,o3938,o3939,o394,o3940,o3941,o3942,o3943,o3944,o3945,o3946,o3947,o3948,o3949,o395,o3950,o3951,o3952,o3953,o3954,o3955,o3956,o3957,o3958,o3959,o396,o3960,o3961,o3962,o3963,o3964,o3965,o3966,o3967,o3968,o3969,o397,o3970,o3971,o3972,o3973,o3974,o3975,o3976,o3977,o3978,o3979,o398,o3980,o3981,o3982,o3983,o3984,o3985,o3986,o3987,o3988,o3989,o399,o3990,o3991,o3992,o3993,o3994,o3995,o3996,o3997,o3998,o3999,o4,o40,o400,o4000,o4001,o4002,o4003,o4004,o4005,o4006,o4007,o4008,o4009,o401,o4010,o4011,o4012,o4013,o4014,o4015,o4016,o4017,o4018,o4019,o402,o4020,o4021,o4022,o4023,o4024,o4025,o4026,o4027,o4028,o4029,o403,o4030,o4031,o4032,o4033,o4034,o4035,o4036,o4037,o4038,o4039,o404,o4040,o4041,o4042,o4043,o4044,o4045,o4046,o4047,o4048,o4049,o405,o4050,o4051,o4052,o4053,o4054,o4055,o4056,o4057,o4058,o4059,o406,o4060,o4061,o4062,o4063,o4064,o4065,o4066,o4067,o4068,o4069,o407,o4070,o4071,o4072,o4073,o4074,o4075,o4076,o4077,o4078,o4079,o408,o4080,o4081,o4082,o4083,o4084,o4085,o4086,o4087,o4088,o4089,o409,o4090,o4091,o4092,o4093,o4094,o4095,o4096,o4097,o4098,o4099,o41,o410,o4100,o4101,o4102,o4103,o4104,o4105,o4106,o4107,o4108,o4109,o411,o4110,o4111,o4112,o4113,o4114,o4115,o4116,o4117,o4118,o4119,o412,o4120,o4121,o4122,o4123,o4124,o4125,o4126,o4127,o4128,o4129,o413,o4130,o4131,o4132,o4133,o4134,o4135,o4136,o4137,o4138,o4139,o414,o4140,o4141}'::text[]))
	                                            Rows Removed by Filter: 4738429
	                                            Buffers: shared hit=13799 read=263380
	        ->  Index Scan using output_snapshot_history_pkey on output_snapshot_history  (cost=1.68..9.71 rows=1 width=22) (actual time=0.011..0.011 rows=1 loops=6000)
	              Index Cond: (id = ranked.id)
	              Filter: (output_id = ANY ('{o3693,o3694,o3695,o3696,o3697,o3698,o3699,o37,o370,o3700,o3701,o3702,o3703,o3704,o3705,o3706,o3707,o3708,o3709,o371,o3710,o3711,o3712,o3713,o3714,o3715,o3716,o3717,o3718,o3719,o372,o3720,o3721,o3722,o3723,o3724,o3725,o3726,o3727,o3728,o3729,o373,o3730,o3731,o3732,o3733,o3734,o3735,o3736,o3737,o3738,o3739,o374,o3740,o3741,o3742,o3743,o3744,o3745,o3746,o3747,o3748,o3749,o375,o3750,o3751,o3752,o3753,o3754,o3755,o3756,o3757,o3758,o3759,o376,o3760,o3761,o3762,o3763,o3764,o3765,o3766,o3767,o3768,o3769,o377,o3770,o3771,o3772,o3773,o3774,o3775,o3776,o3777,o3778,o3779,o378,o3780,o3781,o3782,o3783,o3784,o3785,o3786,o3787,o3788,o3789,o379,o3790,o3791,o3792,o3793,o3794,o3795,o3796,o3797,o3798,o3799,o38,o380,o3800,o3801,o3802,o3803,o3804,o3805,o3806,o3807,o3808,o3809,o381,o3810,o3811,o3812,o3813,o3814,o3815,o3816,o3817,o3818,o3819,o382,o3820,o3821,o3822,o3823,o3824,o3825,o3826,o3827,o3828,o3829,o383,o3830,o3831,o3832,o3833,o3834,o3835,o3836,o3837,o3838,o3839,o384,o3840,o3841,o3842,o3843,o3844,o3845,o3846,o3847,o3848,o3849,o385,o3850,o3851,o3852,o3853,o3854,o3855,o3856,o3857,o3858,o3859,o386,o3860,o3861,o3862,o3863,o3864,o3865,o3866,o3867,o3868,o3869,o387,o3870,o3871,o3872,o3873,o3874,o3875,o3876,o3877,o3878,o3879,o388,o3880,o3881,o3882,o3883,o3884,o3885,o3886,o3887,o3888,o3889,o389,o3890,o3891,o3892,o3893,o3894,o3895,o3896,o3897,o3898,o3899,o39,o390,o3900,o3901,o3902,o3903,o3904,o3905,o3906,o3907,o3908,o3909,o391,o3910,o3911,o3912,o3913,o3914,o3915,o3916,o3917,o3918,o3919,o392,o3920,o3921,o3922,o3923,o3924,o3925,o3926,o3927,o3928,o3929,o393,o3930,o3931,o3932,o3933,o3934,o3935,o3936,o3937,o3938,o3939,o394,o3940,o3941,o3942,o3943,o3944,o3945,o3946,o3947,o3948,o3949,o395,o3950,o3951,o3952,o3953,o3954,o3955,o3956,o3957,o3958,o3959,o396,o3960,o3961,o3962,o3963,o3964,o3965,o3966,o3967,o3968,o3969,o397,o3970,o3971,o3972,o3973,o3974,o3975,o3976,o3977,o3978,o3979,o398,o3980,o3981,o3982,o3983,o3984,o3985,o3986,o3987,o3988,o3989,o399,o3990,o3991,o3992,o3993,o3994,o3995,o3996,o3997,o3998,o3999,o4,o40,o400,o4000,o4001,o4002,o4003,o4004,o4005,o4006,o4007,o4008,o4009,o401,o4010,o4011,o4012,o4013,o4014,o4015,o4016,o4017,o4018,o4019,o402,o4020,o4021,o4022,o4023,o4024,o4025,o4026,o4027,o4028,o4029,o403,o4030,o4031,o4032,o4033,o4034,o4035,o4036,o4037,o4038,o4039,o404,o4040,o4041,o4042,o4043,o4044,o4045,o4046,o4047,o4048,o4049,o405,o4050,o4051,o4052,o4053,o4054,o4055,o4056,o4057,o4058,o4059,o406,o4060,o4061,o4062,o4063,o4064,o4065,o4066,o4067,o4068,o4069,o407,o4070,o4071,o4072,o4073,o4074,o4075,o4076,o4077,o4078,o4079,o408,o4080,o4081,o4082,o4083,o4084,o4085,o4086,o4087,o4088,o4089,o409,o4090,o4091,o4092,o4093,o4094,o4095,o4096,o4097,o4098,o4099,o41,o410,o4100,o4101,o4102,o4103,o4104,o4105,o4106,o4107,o4108,o4109,o411,o4110,o4111,o4112,o4113,o4114,o4115,o4116,o4117,o4118,o4119,o412,o4120,o4121,o4122,o4123,o4124,o4125,o4126,o4127,o4128,o4129,o413,o4130,o4131,o4132,o4133,o4134,o4135,o4136,o4137,o4138,o4139,o414,o4140,o4141}'::text[]))
	              Buffers: shared hit=18761 read=5239
	JIT:
	  Functions: 24
	  Options: Inlining false, Optimization false, Expressions true, Deforming true
	  Timing: Generation 0.720 ms, Inlining 0.000 ms, Optimization 0.348 ms, Emission 6.048 ms, Total 7.116 ms
2026-10-10 05:35:02.455 UTC [30759] hel1435-S2-prod-noio-R250000-b6-explain-r2 LOG:  temporary file: path "base/pgsql_tmp/pgsql_tmp30759.0", size 9945088
2026-10-10 05:35:02.455 UTC [30759] hel1435-S2-prod-noio-R250000-b6-explain-r2 STATEMENT:  DELETE FROM output_snapshot_history WHERE output_id = ANY($1) AND id IN (
	             SELECT id FROM (
	               SELECT id, age_class, bucket,
	                      row_number() OVER w AS recency,
	                      lag(age_class) OVER w AS prev_class,
	                      lag(bucket) OVER w AS prev_bucket
	               FROM (
	                 SELECT id, output_id, captured_at,
	                        CASE WHEN extract(epoch FROM ($2::timestamptz - captured_at)) < $3 THEN 0
	                             WHEN extract(epoch FROM ($4::timestamptz - captured_at)) < $5 THEN 1
	                             ELSE 2 END AS age_class,
	                        floor(extract(epoch FROM captured_at) /
	                          CASE WHEN extract(epoch FROM ($6::timestamptz - captured_at)) < $7 THEN $8
	                               WHEN extract(epoch FROM ($9::timestamptz - captured_at)) < $10 THEN $11
	                               ELSE $12 END) AS bucket
	                 FROM output_snapshot_history
	                 WHERE output_id = ANY($13)
	               ) classed
	               WINDOW w AS (PARTITION BY output_id ORDER BY captured_at DESC, id DESC)
	             ) ranked
	             WHERE recency > $14 AND prev_class = age_class AND prev_bucket = bucket)
2026-10-10 05:35:02.765 UTC [30761] hel1435-S2-prod-noio-R250000-b6-explain-r3 LOG:  duration: 154.037 ms  plan:
	Query Text: DELETE FROM output_snapshot_history h
	             USING pipelines p, users u
	             WHERE h.output_id = ANY($1) AND h.captured_at < $2
	               AND h.pipeline_id = p.id AND p.owner_id = u.id
	               AND h.captured_at < COALESCE(($3::timestamptz[])[array_position($4::text[], u.tier)], $5)
	Query Parameters: $1 = '{o3693,o3694,o3695,o3696,o3697,o3698,o3699,o37,o370,o3700,o3701,o3702,o3703,o3704,o3705,o3706,o3707,o3708,o3709,o371,o3710,o3711,o3712,o3713,o3714,o3715,o3716,o3717,o3718,o3719,o372,o3720,o3721,o3722,o3723,o3724,o3725,o3726,o3727,o3728,o3729,o373,o3730,o3731,o3732,o3733,o3734,o3735,o3736,o3737,o3738,o3739,o374,o3740,o3741,o3742,o3743,o3744,o3745,o3746,o3747,o3748,o3749,o375,o3750,o3751,o3752,o3753,o3754,o3755,o3756,o3757,o3758,o3759,o376,o3760,o3761,o3762,o3763,o3764,o3765,o3766,o3767,o3768,o3769,o377,o3770,o3771,o3772,o3773,o3774,o3775,o3776,o3777,o3778,o3779,o378,o3780,o3781,o3782,o3783,o3784,o3785,o3786,o3787,o3788,o3789,o379,o3790,o3791,o3792,o3793,o3794,o3795,o3796,o3797,o3798,o3799,o38,o380,o3800,o3801,o3802,o3803,o3804,o3805,o3806,o3807,o3808,o3809,o381,o3810,o3811,o3812,o3813,o3814,o3815,o3816,o3817,o3818,o3819,o382,o3820,o3821,o3822,o3823,o3824,o3825,o3826,o3827,o3828,o3829,o383,o3830,o3831,o3832,o3833,o3834,o3835,o3836,o3837,o3838,o3839,o384,o3840,o3841,o3842,o3843,o3844,o3845,o3846,o3847,o3848,o3849,o385,o3850,o3851,o3852,o3853,o3854,o3855,o3856,o3857,o3858,o3859,o386,o3860,o3861,o3862,o3863,o3864,o3865,o3866,o3867,o3868,o3869,o387,o3870,o3871,o3872,o3873,o3874,o3875,o3876,o3877,o3878,o3879,o388,o3880,o3881,o3882,o3883,o3884,o3885,o3886,o3887,o3888,o3889,o389,o3890,o3891,o3892,o3893,o3894,o3895,o3896,o3897,o3898,o3899,o39,o390,o3900,o3901,o3902,o3903,o3904,o3905,o3906,o3907,o3908,o3909,o391,o3910,o3911,o3912,o3913,o3914,o3915,o3916,o3917,o3918,o3919,o392,o3920,o3921,o3922,o3923,o3924,o3925,o3926,o3927,o3928,o3929,o393,o3930,o3931,o3932,o3933,o3934,o3935,o3936,o3937,o3938,o3939,o394,o3940,o3941,o3942,o3943,o3944,o3945,o3946,o3947,o3948,o3949,o395,o3950,o3951,o3952,o3953,o3954,o3955,o3956,o3957,o3958,o3959,o396,o3960,o3961,o3962,o3963,o3964,o3965,o3966,o3967,o3968,o3969,o397,o3970,o3971,o3972,o3973,o3974,o3975,o3976,o3977,o3978,o3979,o398,o3980,o3981,o3982,o3983,o3984,o3985,o3986,o3987,o3988,o3989,o399,o3990,o3991,o3992,o3993,o3994,o3995,o3996,o3997,o3998,o3999,o4,o40,o400,o4000,o4001,o4002,o4003,o4004,o4005,o4006,o4007,o4008,o4009,o401,o4010,o4011,o4012,o4013,o4014,o4015,o4016,o4017,o4018,o4019,o402,o4020,o4021,o4022,o4023,o4024,o4025,o4026,o4027,o4028,o4029,o403,o4030,o4031,o4032,o4033,o4034,o4035,o4036,o4037,o4038,o4039,o404,o4040,o4041,o4042,o4043,o4044,o4045,o4046,o4047,o4048,o4049,o405,o4050,o4051,o4052,o4053,o4054,o4055,o4056,o4057,o4058,o4059,o406,o4060,o4061,o4062,o4063,o4064,o4065,o4066,o4067,o4068,o4069,o407,o4070,o4071,o4072,o4073,o4074,o4075,o4076,o4077,o4078,o4079,o408,o4080,o4081,o4082,o4083,o4084,o4085,o4086,o4087,o4088,o4089,o409,o4090,o4091,o4092,o4093,o4094,o4095,o4096,o4097,o4098,o4099,o41,o410,o4100,o4101,o4102,o4103,o4104,o4105,o4106,o4107,o4108,o4109,o411,o4110,o4111,o4112,o4113,o4114,o4115,o4116,o4117,o4118,o4119,o412,o4120,o4121,o4122,o4123,o4124,o4125,o4126,o4127,o4128,o4129,o413,o4130,o4131,o4132,o4133,o4134,o4135,o4136,o4137,o4138,o4139,o414,o4140,o4141}', $2 = '2026-09-09 22:00:00-07', $3 = '{"2026-09-09 22:00:00-07","2026-07-11 22:00:00-07","2025-10-09 22:00:00-07"}', $4 = '{free,beta,owner}', $5 = '2026-09-09 22:00:00-07'
	Delete on output_snapshot_history h  (cost=170.21..25421.84 rows=0 width=0) (actual time=154.033..154.036 rows=0 loops=1)
	  Buffers: shared hit=23 read=17964
	  WAL: records=19 bytes=1026
	  ->  Hash Join  (cost=170.21..25421.84 rows=5201 width=18) (actual time=64.475..154.011 rows=19 loops=1)
	        Hash Cond: (p.owner_id = u.id)
	        Join Filter: (h.captured_at < COALESCE(('{"2026-09-09 22:00:00-07","2026-07-11 22:00:00-07","2025-10-09 22:00:00-07"}'::timestamp with time zone[])[array_position('{free,beta,owner}'::text[], u.tier)], '2026-09-09 22:00:00-07'::timestamp with time zone))
	        Rows Removed by Join Filter: 14700
	        Buffers: shared hit=4 read=17964
	        ->  Hash Join  (cost=111.70..25322.33 rows=15603 width=36) (actual time=0.886..121.682 rows=14719 loops=1)
	              Hash Cond: (h.pipeline_id = p.id)
	              Buffers: shared hit=4 read=17943
	              ->  Index Scan using idx_output_snapshot_history_captured_at on output_snapshot_history h  (cost=1.68..25171.28 rows=15608 width=19) (actual time=0.103..119.227 rows=14719 loops=1)
	                    Index Cond: (captured_at < '2026-09-09 22:00:00-07'::timestamp with time zone)
	                    Filter: (output_id = ANY ('{o3693,o3694,o3695,o3696,o3697,o3698,o3699,o37,o370,o3700,o3701,o3702,o3703,o3704,o3705,o3706,o3707,o3708,o3709,o371,o3710,o3711,o3712,o3713,o3714,o3715,o3716,o3717,o3718,o3719,o372,o3720,o3721,o3722,o3723,o3724,o3725,o3726,o3727,o3728,o3729,o373,o3730,o3731,o3732,o3733,o3734,o3735,o3736,o3737,o3738,o3739,o374,o3740,o3741,o3742,o3743,o3744,o3745,o3746,o3747,o3748,o3749,o375,o3750,o3751,o3752,o3753,o3754,o3755,o3756,o3757,o3758,o3759,o376,o3760,o3761,o3762,o3763,o3764,o3765,o3766,o3767,o3768,o3769,o377,o3770,o3771,o3772,o3773,o3774,o3775,o3776,o3777,o3778,o3779,o378,o3780,o3781,o3782,o3783,o3784,o3785,o3786,o3787,o3788,o3789,o379,o3790,o3791,o3792,o3793,o3794,o3795,o3796,o3797,o3798,o3799,o38,o380,o3800,o3801,o3802,o3803,o3804,o3805,o3806,o3807,o3808,o3809,o381,o3810,o3811,o3812,o3813,o3814,o3815,o3816,o3817,o3818,o3819,o382,o3820,o3821,o3822,o3823,o3824,o3825,o3826,o3827,o3828,o3829,o383,o3830,o3831,o3832,o3833,o3834,o3835,o3836,o3837,o3838,o3839,o384,o3840,o3841,o3842,o3843,o3844,o3845,o3846,o3847,o3848,o3849,o385,o3850,o3851,o3852,o3853,o3854,o3855,o3856,o3857,o3858,o3859,o386,o3860,o3861,o3862,o3863,o3864,o3865,o3866,o3867,o3868,o3869,o387,o3870,o3871,o3872,o3873,o3874,o3875,o3876,o3877,o3878,o3879,o388,o3880,o3881,o3882,o3883,o3884,o3885,o3886,o3887,o3888,o3889,o389,o3890,o3891,o3892,o3893,o3894,o3895,o3896,o3897,o3898,o3899,o39,o390,o3900,o3901,o3902,o3903,o3904,o3905,o3906,o3907,o3908,o3909,o391,o3910,o3911,o3912,o3913,o3914,o3915,o3916,o3917,o3918,o3919,o392,o3920,o3921,o3922,o3923,o3924,o3925,o3926,o3927,o3928,o3929,o393,o3930,o3931,o3932,o3933,o3934,o3935,o3936,o3937,o3938,o3939,o394,o3940,o3941,o3942,o3943,o3944,o3945,o3946,o3947,o3948,o3949,o395,o3950,o3951,o3952,o3953,o3954,o3955,o3956,o3957,o3958,o3959,o396,o3960,o3961,o3962,o3963,o3964,o3965,o3966,o3967,o3968,o3969,o397,o3970,o3971,o3972,o3973,o3974,o3975,o3976,o3977,o3978,o3979,o398,o3980,o3981,o3982,o3983,o3984,o3985,o3986,o3987,o3988,o3989,o399,o3990,o3991,o3992,o3993,o3994,o3995,o3996,o3997,o3998,o3999,o4,o40,o400,o4000,o4001,o4002,o4003,o4004,o4005,o4006,o4007,o4008,o4009,o401,o4010,o4011,o4012,o4013,o4014,o4015,o4016,o4017,o4018,o4019,o402,o4020,o4021,o4022,o4023,o4024,o4025,o4026,o4027,o4028,o4029,o403,o4030,o4031,o4032,o4033,o4034,o4035,o4036,o4037,o4038,o4039,o404,o4040,o4041,o4042,o4043,o4044,o4045,o4046,o4047,o4048,o4049,o405,o4050,o4051,o4052,o4053,o4054,o4055,o4056,o4057,o4058,o4059,o406,o4060,o4061,o4062,o4063,o4064,o4065,o4066,o4067,o4068,o4069,o407,o4070,o4071,o4072,o4073,o4074,o4075,o4076,o4077,o4078,o4079,o408,o4080,o4081,o4082,o4083,o4084,o4085,o4086,o4087,o4088,o4089,o409,o4090,o4091,o4092,o4093,o4094,o4095,o4096,o4097,o4098,o4099,o41,o410,o4100,o4101,o4102,o4103,o4104,o4105,o4106,o4107,o4108,o4109,o411,o4110,o4111,o4112,o4113,o4114,o4115,o4116,o4117,o4118,o4119,o412,o4120,o4121,o4122,o4123,o4124,o4125,o4126,o4127,o4128,o4129,o413,o4130,o4131,o4132,o4133,o4134,o4135,o4136,o4137,o4138,o4139,o414,o4140,o4141}'::text[]))
	                    Rows Removed by Filter: 301929
	                    Buffers: shared hit=4 read=17908
	              ->  Hash  (cost=68.34..68.34 rows=3334 width=27) (actual time=0.759..0.759 rows=3334 loops=1)
	                    Buckets: 4096  Batches: 1  Memory Usage: 227kB
	                    Buffers: shared read=35
	                    ->  Seq Scan on pipelines p  (cost=0.00..68.34 rows=3334 width=27) (actual time=0.007..0.376 rows=3334 loops=1)
	                          Buffers: shared read=35
	        ->  Hash  (cost=37.67..37.67 rows=1667 width=27) (actual time=30.135..30.135 rows=1667 loops=1)
	              Buckets: 2048  Batches: 1  Memory Usage: 113kB
	              Buffers: shared read=21
	              ->  Seq Scan on users u  (cost=0.00..37.67 rows=1667 width=27) (actual time=0.006..29.984 rows=1667 loops=1)
	                    Buffers: shared read=21
2026-10-10 05:35:04.964 UTC [30761] hel1435-S2-prod-noio-R250000-b6-explain-r3 LOG:  duration: 2185.130 ms  plan:
	Query Text: DELETE FROM output_snapshot_history WHERE output_id = ANY($1) AND id IN (
	             SELECT id FROM (
	               SELECT id, age_class, bucket,
	                      row_number() OVER w AS recency,
	                      lag(age_class) OVER w AS prev_class,
	                      lag(bucket) OVER w AS prev_bucket
	               FROM (
	                 SELECT id, output_id, captured_at,
	                        CASE WHEN extract(epoch FROM ($2::timestamptz - captured_at)) < $3 THEN 0
	                             WHEN extract(epoch FROM ($4::timestamptz - captured_at)) < $5 THEN 1
	                             ELSE 2 END AS age_class,
	                        floor(extract(epoch FROM captured_at) /
	                          CASE WHEN extract(epoch FROM ($6::timestamptz - captured_at)) < $7 THEN $8
	                               WHEN extract(epoch FROM ($9::timestamptz - captured_at)) < $10 THEN $11
	                               ELSE $12 END) AS bucket
	                 FROM output_snapshot_history
	                 WHERE output_id = ANY($13)
	               ) classed
	               WINDOW w AS (PARTITION BY output_id ORDER BY captured_at DESC, id DESC)
	             ) ranked
	             WHERE recency > $14 AND prev_class = age_class AND prev_bucket = bucket)
	Query Parameters: $1 = '{o3693,o3694,o3695,o3696,o3697,o3698,o3699,o37,o370,o3700,o3701,o3702,o3703,o3704,o3705,o3706,o3707,o3708,o3709,o371,o3710,o3711,o3712,o3713,o3714,o3715,o3716,o3717,o3718,o3719,o372,o3720,o3721,o3722,o3723,o3724,o3725,o3726,o3727,o3728,o3729,o373,o3730,o3731,o3732,o3733,o3734,o3735,o3736,o3737,o3738,o3739,o374,o3740,o3741,o3742,o3743,o3744,o3745,o3746,o3747,o3748,o3749,o375,o3750,o3751,o3752,o3753,o3754,o3755,o3756,o3757,o3758,o3759,o376,o3760,o3761,o3762,o3763,o3764,o3765,o3766,o3767,o3768,o3769,o377,o3770,o3771,o3772,o3773,o3774,o3775,o3776,o3777,o3778,o3779,o378,o3780,o3781,o3782,o3783,o3784,o3785,o3786,o3787,o3788,o3789,o379,o3790,o3791,o3792,o3793,o3794,o3795,o3796,o3797,o3798,o3799,o38,o380,o3800,o3801,o3802,o3803,o3804,o3805,o3806,o3807,o3808,o3809,o381,o3810,o3811,o3812,o3813,o3814,o3815,o3816,o3817,o3818,o3819,o382,o3820,o3821,o3822,o3823,o3824,o3825,o3826,o3827,o3828,o3829,o383,o3830,o3831,o3832,o3833,o3834,o3835,o3836,o3837,o3838,o3839,o384,o3840,o3841,o3842,o3843,o3844,o3845,o3846,o3847,o3848,o3849,o385,o3850,o3851,o3852,o3853,o3854,o3855,o3856,o3857,o3858,o3859,o386,o3860,o3861,o3862,o3863,o3864,o3865,o3866,o3867,o3868,o3869,o387,o3870,o3871,o3872,o3873,o3874,o3875,o3876,o3877,o3878,o3879,o388,o3880,o3881,o3882,o3883,o3884,o3885,o3886,o3887,o3888,o3889,o389,o3890,o3891,o3892,o3893,o3894,o3895,o3896,o3897,o3898,o3899,o39,o390,o3900,o3901,o3902,o3903,o3904,o3905,o3906,o3907,o3908,o3909,o391,o3910,o3911,o3912,o3913,o3914,o3915,o3916,o3917,o3918,o3919,o392,o3920,o3921,o3922,o3923,o3924,o3925,o3926,o3927,o3928,o3929,o393,o3930,o3931,o3932,o3933,o3934,o3935,o3936,o3937,o3938,o3939,o394,o3940,o3941,o3942,o3943,o3944,o3945,o3946,o3947,o3948,o3949,o395,o3950,o3951,o3952,o3953,o3954,o3955,o3956,o3957,o3958,o3959,o396,o3960,o3961,o3962,o3963,o3964,o3965,o3966,o3967,o3968,o3969,o397,o3970,o3971,o3972,o3973,o3974,o3975,o3976,o3977,o3978,o3979,o398,o3980,o3981,o3982,o3983,o3984,o3985,o3986,o3987,o3988,o3989,o399,o3990,o3991,o3992,o3993,o3994,o3995,o3996,o3997,o3998,o3999,o4,o40,o400,o4000,o4001,o4002,o4003,o4004,o4005,o4006,o4007,o4008,o4009,o401,o4010,o4011,o4012,o4013,o4014,o4015,o4016,o4017,o4018,o4019,o402,o4020,o4021,o4022,o4023,o4024,o4025,o4026,o4027,o4028,o4029,o403,o4030,o4031,o4032,o4033,o4034,o4035,o4036,o4037,o4038,o4039,o404,o4040,o4041,o4042,o4043,o4044,o4045,o4046,o4047,o4048,o4049,o405,o4050,o4051,o4052,o4053,o4054,o4055,o4056,o4057,o4058,o4059,o406,o4060,o4061,o4062,o4063,o4064,o4065,o4066,o4067,o4068,o4069,o407,o4070,o4071,o4072,o4073,o4074,o4075,o4076,o4077,o4078,o4079,o408,o4080,o4081,o4082,o4083,o4084,o4085,o4086,o4087,o4088,o4089,o409,o4090,o4091,o4092,o4093,o4094,o4095,o4096,o4097,o4098,o4099,o41,o410,o4100,o4101,o4102,o4103,o4104,o4105,o4106,o4107,o4108,o4109,o411,o4110,o4111,o4112,o4113,o4114,o4115,o4116,o4117,o4118,o4119,o412,o4120,o4121,o4122,o4123,o4124,o4125,o4126,o4127,o4128,o4129,o413,o4130,o4131,o4132,o4133,o4134,o4135,o4136,o4137,o4138,o4139,o414,o4140,o4141}', $2 = '2026-10-09 22:00:00-07', $3 = '86400', $4 = '2026-10-09 22:00:00-07', $5 = '604800', $6 = '2026-10-09 22:00:00-07', $7 = '86400', $8 = '300', $9 = '2026-10-09 22:00:00-07', $10 = '604800', $11 = '3600', $12 = '86400', $13 = '{o3693,o3694,o3695,o3696,o3697,o3698,o3699,o37,o370,o3700,o3701,o3702,o3703,o3704,o3705,o3706,o3707,o3708,o3709,o371,o3710,o3711,o3712,o3713,o3714,o3715,o3716,o3717,o3718,o3719,o372,o3720,o3721,o3722,o3723,o3724,o3725,o3726,o3727,o3728,o3729,o373,o3730,o3731,o3732,o3733,o3734,o3735,o3736,o3737,o3738,o3739,o374,o3740,o3741,o3742,o3743,o3744,o3745,o3746,o3747,o3748,o3749,o375,o3750,o3751,o3752,o3753,o3754,o3755,o3756,o3757,o3758,o3759,o376,o3760,o3761,o3762,o3763,o3764,o3765,o3766,o3767,o3768,o3769,o377,o3770,o3771,o3772,o3773,o3774,o3775,o3776,o3777,o3778,o3779,o378,o3780,o3781,o3782,o3783,o3784,o3785,o3786,o3787,o3788,o3789,o379,o3790,o3791,o3792,o3793,o3794,o3795,o3796,o3797,o3798,o3799,o38,o380,o3800,o3801,o3802,o3803,o3804,o3805,o3806,o3807,o3808,o3809,o381,o3810,o3811,o3812,o3813,o3814,o3815,o3816,o3817,o3818,o3819,o382,o3820,o3821,o3822,o3823,o3824,o3825,o3826,o3827,o3828,o3829,o383,o3830,o3831,o3832,o3833,o3834,o3835,o3836,o3837,o3838,o3839,o384,o3840,o3841,o3842,o3843,o3844,o3845,o3846,o3847,o3848,o3849,o385,o3850,o3851,o3852,o3853,o3854,o3855,o3856,o3857,o3858,o3859,o386,o3860,o3861,o3862,o3863,o3864,o3865,o3866,o3867,o3868,o3869,o387,o3870,o3871,o3872,o3873,o3874,o3875,o3876,o3877,o3878,o3879,o388,o3880,o3881,o3882,o3883,o3884,o3885,o3886,o3887,o3888,o3889,o389,o3890,o3891,o3892,o3893,o3894,o3895,o3896,o3897,o3898,o3899,o39,o390,o3900,o3901,o3902,o3903,o3904,o3905,o3906,o3907,o3908,o3909,o391,o3910,o3911,o3912,o3913,o3914,o3915,o3916,o3917,o3918,o3919,o392,o3920,o3921,o3922,o3923,o3924,o3925,o3926,o3927,o3928,o3929,o393,o3930,o3931,o3932,o3933,o3934,o3935,o3936,o3937,o3938,o3939,o394,o3940,o3941,o3942,o3943,o3944,o3945,o3946,o3947,o3948,o3949,o395,o3950,o3951,o3952,o3953,o3954,o3955,o3956,o3957,o3958,o3959,o396,o3960,o3961,o3962,o3963,o3964,o3965,o3966,o3967,o3968,o3969,o397,o3970,o3971,o3972,o3973,o3974,o3975,o3976,o3977,o3978,o3979,o398,o3980,o3981,o3982,o3983,o3984,o3985,o3986,o3987,o3988,o3989,o399,o3990,o3991,o3992,o3993,o3994,o3995,o3996,o3997,o3998,o3999,o4,o40,o400,o4000,o4001,o4002,o4003,o4004,o4005,o4006,o4007,o4008,o4009,o401,o4010,o4011,o4012,o4013,o4014,o4015,o4016,o4017,o4018,o4019,o402,o4020,o4021,o4022,o4023,o4024,o4025,o4026,o4027,o4028,o4029,o403,o4030,o4031,o4032,o4033,o4034,o4035,o4036,o4037,o4038,o4039,o404,o4040,o4041,o4042,o4043,o4044,o4045,o4046,o4047,o4048,o4049,o405,o4050,o4051,o4052,o4053,o4054,o4055,o4056,o4057,o4058,o4059,o406,o4060,o4061,o4062,o4063,o4064,o4065,o4066,o4067,o4068,o4069,o407,o4070,o4071,o4072,o4073,o4074,o4075,o4076,o4077,o4078,o4079,o408,o4080,o4081,o4082,o4083,o4084,o4085,o4086,o4087,o4088,o4089,o409,o4090,o4091,o4092,o4093,o4094,o4095,o4096,o4097,o4098,o4099,o41,o410,o4100,o4101,o4102,o4103,o4104,o4105,o4106,o4107,o4108,o4109,o411,o4110,o4111,o4112,o4113,o4114,o4115,o4116,o4117,o4118,o4119,o412,o4120,o4121,o4122,o4123,o4124,o4125,o4126,o4127,o4128,o4129,o413,o4130,o4131,o4132,o4133,o4134,o4135,o4136,o4137,o4138,o4139,o414,o4140,o4141}', $14 = '102'
	Delete on output_snapshot_history  (cost=412071.92..412089.66 rows=0 width=0) (actual time=2185.126..2185.129 rows=0 loops=1)
	  Buffers: shared hit=38529 read=268659 dirtied=5, temp read=1214 written=1218
	  WAL: records=6000 bytes=324000
	  ->  Nested Loop  (cost=412071.92..412089.66 rows=1 width=46) (actual time=2110.188..2183.448 rows=6000 loops=1)
	        Buffers: shared hit=32529 read=268659, temp read=1214 written=1218
	        ->  Unique  (cost=412070.24..412070.25 rows=2 width=56) (actual time=2110.125..2111.625 rows=6000 loops=1)
	              Buffers: shared hit=13814 read=263374, temp read=1214 written=1218
	              ->  Sort  (cost=412070.24..412070.24 rows=2 width=56) (actual time=2110.125..2110.942 rows=6000 loops=1)
	                    Sort Key: ranked.id
	                    Sort Method: quicksort  Memory: 849kB
	                    Buffers: shared hit=13814 read=263374, temp read=1214 written=1218
	                    ->  Subquery Scan on ranked  (cost=380615.35..412070.23 rows=2 width=56) (actual time=1589.160..2108.654 rows=6000 loops=1)
	                          Filter: ((ranked.recency > 102) AND (ranked.prev_class = ranked.age_class) AND (ranked.prev_bucket = ranked.bucket))
	                          Rows Removed by Filter: 242200
	                          Buffers: shared hit=13811 read=263374, temp read=1214 written=1218
	                          ->  WindowAgg  (cost=380615.35..407666.54 rows=251639 width=109) (actual time=1588.886..2096.818 rows=248200 loops=1)
	                                Buffers: shared hit=13811 read=263374, temp read=1214 written=1218
	                                ->  Sort  (cost=380615.35..381244.45 rows=251639 width=29) (actual time=1588.817..1609.370 rows=248200 loops=1)
	                                      Sort Key: output_snapshot_history_1.output_id, output_snapshot_history_1.captured_at DESC, output_snapshot_history_1.id DESC
	                                      Sort Method: external merge  Disk: 9712kB
	                                      Buffers: shared hit=13811 read=263374, temp read=1214 written=1218
	                                      ->  Seq Scan on output_snapshot_history output_snapshot_history_1  (cost=1.25..352018.58 rows=251639 width=29) (actual time=5.909..1318.797 rows=248200 loops=1)
	                                            Filter: (output_id = ANY ('{o3693,o3694,o3695,o3696,o3697,o3698,o3699,o37,o370,o3700,o3701,o3702,o3703,o3704,o3705,o3706,o3707,o3708,o3709,o371,o3710,o3711,o3712,o3713,o3714,o3715,o3716,o3717,o3718,o3719,o372,o3720,o3721,o3722,o3723,o3724,o3725,o3726,o3727,o3728,o3729,o373,o3730,o3731,o3732,o3733,o3734,o3735,o3736,o3737,o3738,o3739,o374,o3740,o3741,o3742,o3743,o3744,o3745,o3746,o3747,o3748,o3749,o375,o3750,o3751,o3752,o3753,o3754,o3755,o3756,o3757,o3758,o3759,o376,o3760,o3761,o3762,o3763,o3764,o3765,o3766,o3767,o3768,o3769,o377,o3770,o3771,o3772,o3773,o3774,o3775,o3776,o3777,o3778,o3779,o378,o3780,o3781,o3782,o3783,o3784,o3785,o3786,o3787,o3788,o3789,o379,o3790,o3791,o3792,o3793,o3794,o3795,o3796,o3797,o3798,o3799,o38,o380,o3800,o3801,o3802,o3803,o3804,o3805,o3806,o3807,o3808,o3809,o381,o3810,o3811,o3812,o3813,o3814,o3815,o3816,o3817,o3818,o3819,o382,o3820,o3821,o3822,o3823,o3824,o3825,o3826,o3827,o3828,o3829,o383,o3830,o3831,o3832,o3833,o3834,o3835,o3836,o3837,o3838,o3839,o384,o3840,o3841,o3842,o3843,o3844,o3845,o3846,o3847,o3848,o3849,o385,o3850,o3851,o3852,o3853,o3854,o3855,o3856,o3857,o3858,o3859,o386,o3860,o3861,o3862,o3863,o3864,o3865,o3866,o3867,o3868,o3869,o387,o3870,o3871,o3872,o3873,o3874,o3875,o3876,o3877,o3878,o3879,o388,o3880,o3881,o3882,o3883,o3884,o3885,o3886,o3887,o3888,o3889,o389,o3890,o3891,o3892,o3893,o3894,o3895,o3896,o3897,o3898,o3899,o39,o390,o3900,o3901,o3902,o3903,o3904,o3905,o3906,o3907,o3908,o3909,o391,o3910,o3911,o3912,o3913,o3914,o3915,o3916,o3917,o3918,o3919,o392,o3920,o3921,o3922,o3923,o3924,o3925,o3926,o3927,o3928,o3929,o393,o3930,o3931,o3932,o3933,o3934,o3935,o3936,o3937,o3938,o3939,o394,o3940,o3941,o3942,o3943,o3944,o3945,o3946,o3947,o3948,o3949,o395,o3950,o3951,o3952,o3953,o3954,o3955,o3956,o3957,o3958,o3959,o396,o3960,o3961,o3962,o3963,o3964,o3965,o3966,o3967,o3968,o3969,o397,o3970,o3971,o3972,o3973,o3974,o3975,o3976,o3977,o3978,o3979,o398,o3980,o3981,o3982,o3983,o3984,o3985,o3986,o3987,o3988,o3989,o399,o3990,o3991,o3992,o3993,o3994,o3995,o3996,o3997,o3998,o3999,o4,o40,o400,o4000,o4001,o4002,o4003,o4004,o4005,o4006,o4007,o4008,o4009,o401,o4010,o4011,o4012,o4013,o4014,o4015,o4016,o4017,o4018,o4019,o402,o4020,o4021,o4022,o4023,o4024,o4025,o4026,o4027,o4028,o4029,o403,o4030,o4031,o4032,o4033,o4034,o4035,o4036,o4037,o4038,o4039,o404,o4040,o4041,o4042,o4043,o4044,o4045,o4046,o4047,o4048,o4049,o405,o4050,o4051,o4052,o4053,o4054,o4055,o4056,o4057,o4058,o4059,o406,o4060,o4061,o4062,o4063,o4064,o4065,o4066,o4067,o4068,o4069,o407,o4070,o4071,o4072,o4073,o4074,o4075,o4076,o4077,o4078,o4079,o408,o4080,o4081,o4082,o4083,o4084,o4085,o4086,o4087,o4088,o4089,o409,o4090,o4091,o4092,o4093,o4094,o4095,o4096,o4097,o4098,o4099,o41,o410,o4100,o4101,o4102,o4103,o4104,o4105,o4106,o4107,o4108,o4109,o411,o4110,o4111,o4112,o4113,o4114,o4115,o4116,o4117,o4118,o4119,o412,o4120,o4121,o4122,o4123,o4124,o4125,o4126,o4127,o4128,o4129,o413,o4130,o4131,o4132,o4133,o4134,o4135,o4136,o4137,o4138,o4139,o414,o4140,o4141}'::text[]))
	                                            Rows Removed by Filter: 4738429
	                                            Buffers: shared hit=13805 read=263374
	        ->  Index Scan using output_snapshot_history_pkey on output_snapshot_history  (cost=1.68..9.71 rows=1 width=22) (actual time=0.012..0.012 rows=1 loops=6000)
	              Index Cond: (id = ranked.id)
	              Filter: (output_id = ANY ('{o3693,o3694,o3695,o3696,o3697,o3698,o3699,o37,o370,o3700,o3701,o3702,o3703,o3704,o3705,o3706,o3707,o3708,o3709,o371,o3710,o3711,o3712,o3713,o3714,o3715,o3716,o3717,o3718,o3719,o372,o3720,o3721,o3722,o3723,o3724,o3725,o3726,o3727,o3728,o3729,o373,o3730,o3731,o3732,o3733,o3734,o3735,o3736,o3737,o3738,o3739,o374,o3740,o3741,o3742,o3743,o3744,o3745,o3746,o3747,o3748,o3749,o375,o3750,o3751,o3752,o3753,o3754,o3755,o3756,o3757,o3758,o3759,o376,o3760,o3761,o3762,o3763,o3764,o3765,o3766,o3767,o3768,o3769,o377,o3770,o3771,o3772,o3773,o3774,o3775,o3776,o3777,o3778,o3779,o378,o3780,o3781,o3782,o3783,o3784,o3785,o3786,o3787,o3788,o3789,o379,o3790,o3791,o3792,o3793,o3794,o3795,o3796,o3797,o3798,o3799,o38,o380,o3800,o3801,o3802,o3803,o3804,o3805,o3806,o3807,o3808,o3809,o381,o3810,o3811,o3812,o3813,o3814,o3815,o3816,o3817,o3818,o3819,o382,o3820,o3821,o3822,o3823,o3824,o3825,o3826,o3827,o3828,o3829,o383,o3830,o3831,o3832,o3833,o3834,o3835,o3836,o3837,o3838,o3839,o384,o3840,o3841,o3842,o3843,o3844,o3845,o3846,o3847,o3848,o3849,o385,o3850,o3851,o3852,o3853,o3854,o3855,o3856,o3857,o3858,o3859,o386,o3860,o3861,o3862,o3863,o3864,o3865,o3866,o3867,o3868,o3869,o387,o3870,o3871,o3872,o3873,o3874,o3875,o3876,o3877,o3878,o3879,o388,o3880,o3881,o3882,o3883,o3884,o3885,o3886,o3887,o3888,o3889,o389,o3890,o3891,o3892,o3893,o3894,o3895,o3896,o3897,o3898,o3899,o39,o390,o3900,o3901,o3902,o3903,o3904,o3905,o3906,o3907,o3908,o3909,o391,o3910,o3911,o3912,o3913,o3914,o3915,o3916,o3917,o3918,o3919,o392,o3920,o3921,o3922,o3923,o3924,o3925,o3926,o3927,o3928,o3929,o393,o3930,o3931,o3932,o3933,o3934,o3935,o3936,o3937,o3938,o3939,o394,o3940,o3941,o3942,o3943,o3944,o3945,o3946,o3947,o3948,o3949,o395,o3950,o3951,o3952,o3953,o3954,o3955,o3956,o3957,o3958,o3959,o396,o3960,o3961,o3962,o3963,o3964,o3965,o3966,o3967,o3968,o3969,o397,o3970,o3971,o3972,o3973,o3974,o3975,o3976,o3977,o3978,o3979,o398,o3980,o3981,o3982,o3983,o3984,o3985,o3986,o3987,o3988,o3989,o399,o3990,o3991,o3992,o3993,o3994,o3995,o3996,o3997,o3998,o3999,o4,o40,o400,o4000,o4001,o4002,o4003,o4004,o4005,o4006,o4007,o4008,o4009,o401,o4010,o4011,o4012,o4013,o4014,o4015,o4016,o4017,o4018,o4019,o402,o4020,o4021,o4022,o4023,o4024,o4025,o4026,o4027,o4028,o4029,o403,o4030,o4031,o4032,o4033,o4034,o4035,o4036,o4037,o4038,o4039,o404,o4040,o4041,o4042,o4043,o4044,o4045,o4046,o4047,o4048,o4049,o405,o4050,o4051,o4052,o4053,o4054,o4055,o4056,o4057,o4058,o4059,o406,o4060,o4061,o4062,o4063,o4064,o4065,o4066,o4067,o4068,o4069,o407,o4070,o4071,o4072,o4073,o4074,o4075,o4076,o4077,o4078,o4079,o408,o4080,o4081,o4082,o4083,o4084,o4085,o4086,o4087,o4088,o4089,o409,o4090,o4091,o4092,o4093,o4094,o4095,o4096,o4097,o4098,o4099,o41,o410,o4100,o4101,o4102,o4103,o4104,o4105,o4106,o4107,o4108,o4109,o411,o4110,o4111,o4112,o4113,o4114,o4115,o4116,o4117,o4118,o4119,o412,o4120,o4121,o4122,o4123,o4124,o4125,o4126,o4127,o4128,o4129,o413,o4130,o4131,o4132,o4133,o4134,o4135,o4136,o4137,o4138,o4139,o414,o4140,o4141}'::text[]))
	              Buffers: shared hit=18715 read=5285
	JIT:
	  Functions: 24
	  Options: Inlining false, Optimization false, Expressions true, Deforming true
	  Timing: Generation 0.651 ms, Inlining 0.000 ms, Optimization 0.284 ms, Emission 5.619 ms, Total 6.554 ms
2026-10-10 05:35:04.965 UTC [30761] hel1435-S2-prod-noio-R250000-b6-explain-r3 LOG:  temporary file: path "base/pgsql_tmp/pgsql_tmp30761.0", size 9945088
2026-10-10 05:35:04.965 UTC [30761] hel1435-S2-prod-noio-R250000-b6-explain-r3 STATEMENT:  DELETE FROM output_snapshot_history WHERE output_id = ANY($1) AND id IN (
	             SELECT id FROM (
	               SELECT id, age_class, bucket,
	                      row_number() OVER w AS recency,
	                      lag(age_class) OVER w AS prev_class,
	                      lag(bucket) OVER w AS prev_bucket
	               FROM (
	                 SELECT id, output_id, captured_at,
	                        CASE WHEN extract(epoch FROM ($2::timestamptz - captured_at)) < $3 THEN 0
	                             WHEN extract(epoch FROM ($4::timestamptz - captured_at)) < $5 THEN 1
	                             ELSE 2 END AS age_class,
	                        floor(extract(epoch FROM captured_at) /
	                          CASE WHEN extract(epoch FROM ($6::timestamptz - captured_at)) < $7 THEN $8
	                               WHEN extract(epoch FROM ($9::timestamptz - captured_at)) < $10 THEN $11
	                               ELSE $12 END) AS bucket
	                 FROM output_snapshot_history
	                 WHERE output_id = ANY($13)
	               ) classed
	               WINDOW w AS (PARTITION BY output_id ORDER BY captured_at DESC, id DESC)
	             ) ranked
	             WHERE recency > $14 AND prev_class = age_class AND prev_bucket = bucket)
2026-10-10 05:35:07.480 UTC [30763] hel1435-S2-prod-noio-R250000-b6-timed-r1 LOG:  temporary file: path "base/pgsql_tmp/pgsql_tmp30763.0", size 9945088
2026-10-10 05:35:07.480 UTC [30763] hel1435-S2-prod-noio-R250000-b6-timed-r1 STATEMENT:  DELETE FROM output_snapshot_history WHERE output_id = ANY($1) AND id IN (
	             SELECT id FROM (
	               SELECT id, age_class, bucket,
	                      row_number() OVER w AS recency,
	                      lag(age_class) OVER w AS prev_class,
	                      lag(bucket) OVER w AS prev_bucket
	               FROM (
	                 SELECT id, output_id, captured_at,
	                        CASE WHEN extract(epoch FROM ($2::timestamptz - captured_at)) < $3 THEN 0
	                             WHEN extract(epoch FROM ($4::timestamptz - captured_at)) < $5 THEN 1
	                             ELSE 2 END AS age_class,
	                        floor(extract(epoch FROM captured_at) /
	                          CASE WHEN extract(epoch FROM ($6::timestamptz - captured_at)) < $7 THEN $8
	                               WHEN extract(epoch FROM ($9::timestamptz - captured_at)) < $10 THEN $11
	                               ELSE $12 END) AS bucket
	                 FROM output_snapshot_history
	                 WHERE output_id = ANY($13)
	               ) classed
	               WINDOW w AS (PARTITION BY output_id ORDER BY captured_at DESC, id DESC)
	             ) ranked
	             WHERE recency > $14 AND prev_class = age_class AND prev_bucket = bucket)
2026-10-10 05:35:09.877 UTC [30765] hel1435-S2-prod-noio-R250000-b6-timed-r2 LOG:  temporary file: path "base/pgsql_tmp/pgsql_tmp30765.0", size 9945088
2026-10-10 05:35:09.877 UTC [30765] hel1435-S2-prod-noio-R250000-b6-timed-r2 STATEMENT:  DELETE FROM output_snapshot_history WHERE output_id = ANY($1) AND id IN (
	             SELECT id FROM (
	               SELECT id, age_class, bucket,
	                      row_number() OVER w AS recency,
	                      lag(age_class) OVER w AS prev_class,
	                      lag(bucket) OVER w AS prev_bucket
	               FROM (
	                 SELECT id, output_id, captured_at,
	                        CASE WHEN extract(epoch FROM ($2::timestamptz - captured_at)) < $3 THEN 0
	                             WHEN extract(epoch FROM ($4::timestamptz - captured_at)) < $5 THEN 1
	                             ELSE 2 END AS age_class,
	                        floor(extract(epoch FROM captured_at) /
	                          CASE WHEN extract(epoch FROM ($6::timestamptz - captured_at)) < $7 THEN $8
	                               WHEN extract(epoch FROM ($9::timestamptz - captured_at)) < $10 THEN $11
	                               ELSE $12 END) AS bucket
	                 FROM output_snapshot_history
	                 WHERE output_id = ANY($13)
	               ) classed
	               WINDOW w AS (PARTITION BY output_id ORDER BY captured_at DESC, id DESC)
	             ) ranked
	             WHERE recency > $14 AND prev_class = age_class AND prev_bucket = bucket)
2026-10-10 05:35:12.288 UTC [30767] hel1435-S2-prod-noio-R250000-b6-timed-r3 LOG:  temporary file: path "base/pgsql_tmp/pgsql_tmp30767.0", size 9945088
2026-10-10 05:35:12.288 UTC [30767] hel1435-S2-prod-noio-R250000-b6-timed-r3 STATEMENT:  DELETE FROM output_snapshot_history WHERE output_id = ANY($1) AND id IN (
	             SELECT id FROM (
	               SELECT id, age_class, bucket,
	                      row_number() OVER w AS recency,
	                      lag(age_class) OVER w AS prev_class,
	                      lag(bucket) OVER w AS prev_bucket
	               FROM (
	                 SELECT id, output_id, captured_at,
	                        CASE WHEN extract(epoch FROM ($2::timestamptz - captured_at)) < $3 THEN 0
	                             WHEN extract(epoch FROM ($4::timestamptz - captured_at)) < $5 THEN 1
	                             ELSE 2 END AS age_class,
	                        floor(extract(epoch FROM captured_at) /
	                          CASE WHEN extract(epoch FROM ($6::timestamptz - captured_at)) < $7 THEN $8
	                               WHEN extract(epoch FROM ($9::timestamptz - captured_at)) < $10 THEN $11
	                               ELSE $12 END) AS bucket
	                 FROM output_snapshot_history
	                 WHERE output_id = ANY($13)
	               ) classed
	               WINDOW w AS (PARTITION BY output_id ORDER BY captured_at DESC, id DESC)
	             ) ranked
	             WHERE recency > $14 AND prev_class = age_class AND prev_bucket = bucket)
2026-10-10 05:35:12.650 UTC [30769] hel1435-S2-prod-noio-R250000-b13-explain-r1 LOG:  duration: 165.482 ms  plan:
	Query Text: DELETE FROM output_snapshot_history h
	             USING pipelines p, users u
	             WHERE h.output_id = ANY($1) AND h.captured_at < $2
	               AND h.pipeline_id = p.id AND p.owner_id = u.id
	               AND h.captured_at < COALESCE(($3::timestamptz[])[array_position($4::text[], u.tier)], $5)
	Query Parameters: $1 = '{o6837,o6838,o6839,o684,o6840,o6841,o6842,o6843,o6844,o6845,o6846,o6847,o6848,o6849,o685,o6850,o6851,o6852,o6853,o6854,o6855,o6856,o6857,o6858,o6859,o686,o6860,o6861,o6862,o6863,o6864,o6865,o6866,o6867,o6868,o6869,o687,o6870,o6871,o6872,o6873,o6874,o6875,o6876,o6877,o6878,o6879,o688,o6880,o6881,o6882,o6883,o6884,o6885,o6886,o6887,o6888,o6889,o689,o6890,o6891,o6892,o6893,o6894,o6895,o6896,o6897,o6898,o6899,o69,o690,o6900,o6901,o6902,o6903,o6904,o6905,o6906,o6907,o6908,o6909,o691,o6910,o6911,o6912,o6913,o6914,o6915,o6916,o6917,o6918,o6919,o692,o6920,o6921,o6922,o6923,o6924,o6925,o6926,o6927,o6928,o6929,o693,o6930,o6931,o6932,o6933,o6934,o6935,o6936,o6937,o6938,o6939,o694,o6940,o6941,o6942,o6943,o6944,o6945,o6946,o6947,o6948,o6949,o695,o6950,o6951,o6952,o6953,o6954,o6955,o6956,o6957,o6958,o6959,o696,o6960,o6961,o6962,o6963,o6964,o6965,o6966,o6967,o6968,o6969,o697,o6970,o6971,o6972,o6973,o6974,o6975,o6976,o6977,o6978,o6979,o698,o6980,o6981,o6982,o6983,o6984,o6985,o6986,o6987,o6988,o6989,o699,o6990,o6991,o6992,o6993,o6994,o6995,o6996,o6997,o6998,o6999,o7,o70,o700,o7000,o7001,o7002,o7003,o7004,o7005,o7006,o7007,o7008,o7009,o701,o7010,o7011,o7012,o7013,o7014,o7015,o7016,o7017,o7018,o7019,o702,o7020,o7021,o7022,o7023,o7024,o7025,o7026,o7027,o7028,o7029,o703,o7030,o7031,o7032,o7033,o7034,o7035,o7036,o7037,o7038,o7039,o704,o7040,o7041,o7042,o7043,o7044,o7045,o7046,o7047,o7048,o7049,o705,o7050,o7051,o7052,o7053,o7054,o7055,o7056,o7057,o7058,o7059,o706,o7060,o7061,o7062,o7063,o7064,o7065,o7066,o7067,o7068,o7069,o707,o7070,o7071,o7072,o7073,o7074,o7075,o7076,o7077,o7078,o7079,o708,o7080,o7081,o7082,o7083,o7084,o7085,o7086,o7087,o7088,o7089,o709,o7090,o7091,o7092,o7093,o7094,o7095,o7096,o7097,o7098,o7099,o71,o710,o7100,o7101,o7102,o7103,o7104,o7105,o7106,o7107,o7108,o7109,o711,o7110,o7111,o7112,o7113,o7114,o7115,o7116,o7117,o7118,o7119,o712,o7120,o7121,o7122,o7123,o7124,o7125,o7126,o7127,o7128,o7129,o713,o7130,o7131,o7132,o7133,o7134,o7135,o7136,o7137,o7138,o7139,o714,o7140,o7141,o7142,o7143,o7144,o7145,o7146,o7147,o7148,o7149,o715,o7150,o7151,o7152,o7153,o7154,o7155,o7156,o7157,o7158,o7159,o716,o7160,o7161,o7162,o7163,o7164,o7165,o7166,o7167,o7168,o7169,o717,o7170,o7171,o7172,o7173,o7174,o7175,o7176,o7177,o7178,o7179,o718,o7180,o7181,o7182,o7183,o7184,o7185,o7186,o7187,o7188,o7189,o719,o7190,o7191,o7192,o7193,o7194,o7195,o7196,o7197,o7198,o7199,o72,o720,o7200,o7201,o7202,o7203,o7204,o7205,o7206,o7207,o7208,o7209,o721,o7210,o7211,o7212,o7213,o7214,o7215,o7216,o7217,o7218,o7219,o722,o7220,o7221,o7222,o7223,o7224,o7225,o7226,o7227,o7228,o7229,o723,o7230,o7231,o7232,o7233,o7234,o7235,o7236,o7237,o7238,o7239,o724,o7240,o7241,o7242,o7243,o7244,o7245,o7246,o7247,o7248,o7249,o725,o7250,o7251,o7252,o7253,o7254,o7255,o7256,o7257,o7258,o7259,o726,o7260,o7261,o7262,o7263,o7264,o7265,o7266,o7267,o7268,o7269,o727,o7270,o7271,o7272,o7273,o7274,o7275,o7276,o7277,o7278,o7279,o728,o7280,o7281,o7282,o7283,o7284,o7285,o7286}', $2 = '2026-09-09 22:00:00-07', $3 = '{"2026-09-09 22:00:00-07","2026-07-11 22:00:00-07","2025-10-09 22:00:00-07"}', $4 = '{free,beta,owner}', $5 = '2026-09-09 22:00:00-07'
	Delete on output_snapshot_history h  (cost=170.21..25421.08 rows=0 width=0) (actual time=165.479..165.481 rows=0 loops=1)
	  Buffers: shared hit=29 read=17962 dirtied=7 written=8
	  WAL: records=23 fpi=1 bytes=9263
	  ->  Hash Join  (cost=170.21..25421.08 rows=5153 width=18) (actual time=74.133..165.451 rows=23 loops=1)
	        Hash Cond: (p.owner_id = u.id)
	        Join Filter: (h.captured_at < COALESCE(('{"2026-09-09 22:00:00-07","2026-07-11 22:00:00-07","2025-10-09 22:00:00-07"}'::timestamp with time zone[])[array_position('{free,beta,owner}'::text[], u.tier)], '2026-09-09 22:00:00-07'::timestamp with time zone))
	        Rows Removed by Join Filter: 16425
	        Buffers: shared hit=6 read=17962 dirtied=2 written=8
	        ->  Hash Join  (cost=111.70..25321.95 rows=15458 width=36) (actual time=0.648..162.519 rows=16448 loops=1)
	              Hash Cond: (h.pipeline_id = p.id)
	              Buffers: shared hit=6 read=17941 dirtied=2 written=8
	              ->  Index Scan using idx_output_snapshot_history_captured_at on output_snapshot_history h  (cost=1.68..25171.28 rows=15463 width=19) (actual time=0.042..159.999 rows=16448 loops=1)
	                    Index Cond: (captured_at < '2026-09-09 22:00:00-07'::timestamp with time zone)
	                    Filter: (output_id = ANY ('{o6837,o6838,o6839,o684,o6840,o6841,o6842,o6843,o6844,o6845,o6846,o6847,o6848,o6849,o685,o6850,o6851,o6852,o6853,o6854,o6855,o6856,o6857,o6858,o6859,o686,o6860,o6861,o6862,o6863,o6864,o6865,o6866,o6867,o6868,o6869,o687,o6870,o6871,o6872,o6873,o6874,o6875,o6876,o6877,o6878,o6879,o688,o6880,o6881,o6882,o6883,o6884,o6885,o6886,o6887,o6888,o6889,o689,o6890,o6891,o6892,o6893,o6894,o6895,o6896,o6897,o6898,o6899,o69,o690,o6900,o6901,o6902,o6903,o6904,o6905,o6906,o6907,o6908,o6909,o691,o6910,o6911,o6912,o6913,o6914,o6915,o6916,o6917,o6918,o6919,o692,o6920,o6921,o6922,o6923,o6924,o6925,o6926,o6927,o6928,o6929,o693,o6930,o6931,o6932,o6933,o6934,o6935,o6936,o6937,o6938,o6939,o694,o6940,o6941,o6942,o6943,o6944,o6945,o6946,o6947,o6948,o6949,o695,o6950,o6951,o6952,o6953,o6954,o6955,o6956,o6957,o6958,o6959,o696,o6960,o6961,o6962,o6963,o6964,o6965,o6966,o6967,o6968,o6969,o697,o6970,o6971,o6972,o6973,o6974,o6975,o6976,o6977,o6978,o6979,o698,o6980,o6981,o6982,o6983,o6984,o6985,o6986,o6987,o6988,o6989,o699,o6990,o6991,o6992,o6993,o6994,o6995,o6996,o6997,o6998,o6999,o7,o70,o700,o7000,o7001,o7002,o7003,o7004,o7005,o7006,o7007,o7008,o7009,o701,o7010,o7011,o7012,o7013,o7014,o7015,o7016,o7017,o7018,o7019,o702,o7020,o7021,o7022,o7023,o7024,o7025,o7026,o7027,o7028,o7029,o703,o7030,o7031,o7032,o7033,o7034,o7035,o7036,o7037,o7038,o7039,o704,o7040,o7041,o7042,o7043,o7044,o7045,o7046,o7047,o7048,o7049,o705,o7050,o7051,o7052,o7053,o7054,o7055,o7056,o7057,o7058,o7059,o706,o7060,o7061,o7062,o7063,o7064,o7065,o7066,o7067,o7068,o7069,o707,o7070,o7071,o7072,o7073,o7074,o7075,o7076,o7077,o7078,o7079,o708,o7080,o7081,o7082,o7083,o7084,o7085,o7086,o7087,o7088,o7089,o709,o7090,o7091,o7092,o7093,o7094,o7095,o7096,o7097,o7098,o7099,o71,o710,o7100,o7101,o7102,o7103,o7104,o7105,o7106,o7107,o7108,o7109,o711,o7110,o7111,o7112,o7113,o7114,o7115,o7116,o7117,o7118,o7119,o712,o7120,o7121,o7122,o7123,o7124,o7125,o7126,o7127,o7128,o7129,o713,o7130,o7131,o7132,o7133,o7134,o7135,o7136,o7137,o7138,o7139,o714,o7140,o7141,o7142,o7143,o7144,o7145,o7146,o7147,o7148,o7149,o715,o7150,o7151,o7152,o7153,o7154,o7155,o7156,o7157,o7158,o7159,o716,o7160,o7161,o7162,o7163,o7164,o7165,o7166,o7167,o7168,o7169,o717,o7170,o7171,o7172,o7173,o7174,o7175,o7176,o7177,o7178,o7179,o718,o7180,o7181,o7182,o7183,o7184,o7185,o7186,o7187,o7188,o7189,o719,o7190,o7191,o7192,o7193,o7194,o7195,o7196,o7197,o7198,o7199,o72,o720,o7200,o7201,o7202,o7203,o7204,o7205,o7206,o7207,o7208,o7209,o721,o7210,o7211,o7212,o7213,o7214,o7215,o7216,o7217,o7218,o7219,o722,o7220,o7221,o7222,o7223,o7224,o7225,o7226,o7227,o7228,o7229,o723,o7230,o7231,o7232,o7233,o7234,o7235,o7236,o7237,o7238,o7239,o724,o7240,o7241,o7242,o7243,o7244,o7245,o7246,o7247,o7248,o7249,o725,o7250,o7251,o7252,o7253,o7254,o7255,o7256,o7257,o7258,o7259,o726,o7260,o7261,o7262,o7263,o7264,o7265,o7266,o7267,o7268,o7269,o727,o7270,o7271,o7272,o7273,o7274,o7275,o7276,o7277,o7278,o7279,o728,o7280,o7281,o7282,o7283,o7284,o7285,o7286}'::text[]))
	                    Rows Removed by Filter: 300200
	                    Buffers: shared hit=6 read=17906 dirtied=2 written=8
	              ->  Hash  (cost=68.34..68.34 rows=3334 width=27) (actual time=0.590..0.590 rows=3334 loops=1)
	                    Buckets: 4096  Batches: 1  Memory Usage: 227kB
	                    Buffers: shared read=35
	                    ->  Seq Scan on pipelines p  (cost=0.00..68.34 rows=3334 width=27) (actual time=0.005..0.291 rows=3334 loops=1)
	                          Buffers: shared read=35
	        ->  Hash  (cost=37.67..37.67 rows=1667 width=27) (actual time=0.324..0.325 rows=1667 loops=1)
	              Buckets: 2048  Batches: 1  Memory Usage: 113kB
	              Buffers: shared read=21
	              ->  Seq Scan on users u  (cost=0.00..37.67 rows=1667 width=27) (actual time=0.006..0.177 rows=1667 loops=1)
	                    Buffers: shared read=21
2026-10-10 05:35:14.682 UTC [30769] hel1435-S2-prod-noio-R250000-b13-explain-r1 LOG:  duration: 2017.823 ms  plan:
	Query Text: DELETE FROM output_snapshot_history WHERE output_id = ANY($1) AND id IN (
	             SELECT id FROM (
	               SELECT id, age_class, bucket,
	                      row_number() OVER w AS recency,
	                      lag(age_class) OVER w AS prev_class,
	                      lag(bucket) OVER w AS prev_bucket
	               FROM (
	                 SELECT id, output_id, captured_at,
	                        CASE WHEN extract(epoch FROM ($2::timestamptz - captured_at)) < $3 THEN 0
	                             WHEN extract(epoch FROM ($4::timestamptz - captured_at)) < $5 THEN 1
	                             ELSE 2 END AS age_class,
	                        floor(extract(epoch FROM captured_at) /
	                          CASE WHEN extract(epoch FROM ($6::timestamptz - captured_at)) < $7 THEN $8
	                               WHEN extract(epoch FROM ($9::timestamptz - captured_at)) < $10 THEN $11
	                               ELSE $12 END) AS bucket
	                 FROM output_snapshot_history
	                 WHERE output_id = ANY($13)
	               ) classed
	               WINDOW w AS (PARTITION BY output_id ORDER BY captured_at DESC, id DESC)
	             ) ranked
	             WHERE recency > $14 AND prev_class = age_class AND prev_bucket = bucket)
	Query Parameters: $1 = '{o6837,o6838,o6839,o684,o6840,o6841,o6842,o6843,o6844,o6845,o6846,o6847,o6848,o6849,o685,o6850,o6851,o6852,o6853,o6854,o6855,o6856,o6857,o6858,o6859,o686,o6860,o6861,o6862,o6863,o6864,o6865,o6866,o6867,o6868,o6869,o687,o6870,o6871,o6872,o6873,o6874,o6875,o6876,o6877,o6878,o6879,o688,o6880,o6881,o6882,o6883,o6884,o6885,o6886,o6887,o6888,o6889,o689,o6890,o6891,o6892,o6893,o6894,o6895,o6896,o6897,o6898,o6899,o69,o690,o6900,o6901,o6902,o6903,o6904,o6905,o6906,o6907,o6908,o6909,o691,o6910,o6911,o6912,o6913,o6914,o6915,o6916,o6917,o6918,o6919,o692,o6920,o6921,o6922,o6923,o6924,o6925,o6926,o6927,o6928,o6929,o693,o6930,o6931,o6932,o6933,o6934,o6935,o6936,o6937,o6938,o6939,o694,o6940,o6941,o6942,o6943,o6944,o6945,o6946,o6947,o6948,o6949,o695,o6950,o6951,o6952,o6953,o6954,o6955,o6956,o6957,o6958,o6959,o696,o6960,o6961,o6962,o6963,o6964,o6965,o6966,o6967,o6968,o6969,o697,o6970,o6971,o6972,o6973,o6974,o6975,o6976,o6977,o6978,o6979,o698,o6980,o6981,o6982,o6983,o6984,o6985,o6986,o6987,o6988,o6989,o699,o6990,o6991,o6992,o6993,o6994,o6995,o6996,o6997,o6998,o6999,o7,o70,o700,o7000,o7001,o7002,o7003,o7004,o7005,o7006,o7007,o7008,o7009,o701,o7010,o7011,o7012,o7013,o7014,o7015,o7016,o7017,o7018,o7019,o702,o7020,o7021,o7022,o7023,o7024,o7025,o7026,o7027,o7028,o7029,o703,o7030,o7031,o7032,o7033,o7034,o7035,o7036,o7037,o7038,o7039,o704,o7040,o7041,o7042,o7043,o7044,o7045,o7046,o7047,o7048,o7049,o705,o7050,o7051,o7052,o7053,o7054,o7055,o7056,o7057,o7058,o7059,o706,o7060,o7061,o7062,o7063,o7064,o7065,o7066,o7067,o7068,o7069,o707,o7070,o7071,o7072,o7073,o7074,o7075,o7076,o7077,o7078,o7079,o708,o7080,o7081,o7082,o7083,o7084,o7085,o7086,o7087,o7088,o7089,o709,o7090,o7091,o7092,o7093,o7094,o7095,o7096,o7097,o7098,o7099,o71,o710,o7100,o7101,o7102,o7103,o7104,o7105,o7106,o7107,o7108,o7109,o711,o7110,o7111,o7112,o7113,o7114,o7115,o7116,o7117,o7118,o7119,o712,o7120,o7121,o7122,o7123,o7124,o7125,o7126,o7127,o7128,o7129,o713,o7130,o7131,o7132,o7133,o7134,o7135,o7136,o7137,o7138,o7139,o714,o7140,o7141,o7142,o7143,o7144,o7145,o7146,o7147,o7148,o7149,o715,o7150,o7151,o7152,o7153,o7154,o7155,o7156,o7157,o7158,o7159,o716,o7160,o7161,o7162,o7163,o7164,o7165,o7166,o7167,o7168,o7169,o717,o7170,o7171,o7172,o7173,o7174,o7175,o7176,o7177,o7178,o7179,o718,o7180,o7181,o7182,o7183,o7184,o7185,o7186,o7187,o7188,o7189,o719,o7190,o7191,o7192,o7193,o7194,o7195,o7196,o7197,o7198,o7199,o72,o720,o7200,o7201,o7202,o7203,o7204,o7205,o7206,o7207,o7208,o7209,o721,o7210,o7211,o7212,o7213,o7214,o7215,o7216,o7217,o7218,o7219,o722,o7220,o7221,o7222,o7223,o7224,o7225,o7226,o7227,o7228,o7229,o723,o7230,o7231,o7232,o7233,o7234,o7235,o7236,o7237,o7238,o7239,o724,o7240,o7241,o7242,o7243,o7244,o7245,o7246,o7247,o7248,o7249,o725,o7250,o7251,o7252,o7253,o7254,o7255,o7256,o7257,o7258,o7259,o726,o7260,o7261,o7262,o7263,o7264,o7265,o7266,o7267,o7268,o7269,o727,o7270,o7271,o7272,o7273,o7274,o7275,o7276,o7277,o7278,o7279,o728,o7280,o7281,o7282,o7283,o7284,o7285,o7286}', $2 = '2026-10-09 22:00:00-07', $3 = '86400', $4 = '2026-10-09 22:00:00-07', $5 = '604800', $6 = '2026-10-09 22:00:00-07', $7 = '86400', $8 = '300', $9 = '2026-10-09 22:00:00-07', $10 = '604800', $11 = '3600', $12 = '86400', $13 = '{o6837,o6838,o6839,o684,o6840,o6841,o6842,o6843,o6844,o6845,o6846,o6847,o6848,o6849,o685,o6850,o6851,o6852,o6853,o6854,o6855,o6856,o6857,o6858,o6859,o686,o6860,o6861,o6862,o6863,o6864,o6865,o6866,o6867,o6868,o6869,o687,o6870,o6871,o6872,o6873,o6874,o6875,o6876,o6877,o6878,o6879,o688,o6880,o6881,o6882,o6883,o6884,o6885,o6886,o6887,o6888,o6889,o689,o6890,o6891,o6892,o6893,o6894,o6895,o6896,o6897,o6898,o6899,o69,o690,o6900,o6901,o6902,o6903,o6904,o6905,o6906,o6907,o6908,o6909,o691,o6910,o6911,o6912,o6913,o6914,o6915,o6916,o6917,o6918,o6919,o692,o6920,o6921,o6922,o6923,o6924,o6925,o6926,o6927,o6928,o6929,o693,o6930,o6931,o6932,o6933,o6934,o6935,o6936,o6937,o6938,o6939,o694,o6940,o6941,o6942,o6943,o6944,o6945,o6946,o6947,o6948,o6949,o695,o6950,o6951,o6952,o6953,o6954,o6955,o6956,o6957,o6958,o6959,o696,o6960,o6961,o6962,o6963,o6964,o6965,o6966,o6967,o6968,o6969,o697,o6970,o6971,o6972,o6973,o6974,o6975,o6976,o6977,o6978,o6979,o698,o6980,o6981,o6982,o6983,o6984,o6985,o6986,o6987,o6988,o6989,o699,o6990,o6991,o6992,o6993,o6994,o6995,o6996,o6997,o6998,o6999,o7,o70,o700,o7000,o7001,o7002,o7003,o7004,o7005,o7006,o7007,o7008,o7009,o701,o7010,o7011,o7012,o7013,o7014,o7015,o7016,o7017,o7018,o7019,o702,o7020,o7021,o7022,o7023,o7024,o7025,o7026,o7027,o7028,o7029,o703,o7030,o7031,o7032,o7033,o7034,o7035,o7036,o7037,o7038,o7039,o704,o7040,o7041,o7042,o7043,o7044,o7045,o7046,o7047,o7048,o7049,o705,o7050,o7051,o7052,o7053,o7054,o7055,o7056,o7057,o7058,o7059,o706,o7060,o7061,o7062,o7063,o7064,o7065,o7066,o7067,o7068,o7069,o707,o7070,o7071,o7072,o7073,o7074,o7075,o7076,o7077,o7078,o7079,o708,o7080,o7081,o7082,o7083,o7084,o7085,o7086,o7087,o7088,o7089,o709,o7090,o7091,o7092,o7093,o7094,o7095,o7096,o7097,o7098,o7099,o71,o710,o7100,o7101,o7102,o7103,o7104,o7105,o7106,o7107,o7108,o7109,o711,o7110,o7111,o7112,o7113,o7114,o7115,o7116,o7117,o7118,o7119,o712,o7120,o7121,o7122,o7123,o7124,o7125,o7126,o7127,o7128,o7129,o713,o7130,o7131,o7132,o7133,o7134,o7135,o7136,o7137,o7138,o7139,o714,o7140,o7141,o7142,o7143,o7144,o7145,o7146,o7147,o7148,o7149,o715,o7150,o7151,o7152,o7153,o7154,o7155,o7156,o7157,o7158,o7159,o716,o7160,o7161,o7162,o7163,o7164,o7165,o7166,o7167,o7168,o7169,o717,o7170,o7171,o7172,o7173,o7174,o7175,o7176,o7177,o7178,o7179,o718,o7180,o7181,o7182,o7183,o7184,o7185,o7186,o7187,o7188,o7189,o719,o7190,o7191,o7192,o7193,o7194,o7195,o7196,o7197,o7198,o7199,o72,o720,o7200,o7201,o7202,o7203,o7204,o7205,o7206,o7207,o7208,o7209,o721,o7210,o7211,o7212,o7213,o7214,o7215,o7216,o7217,o7218,o7219,o722,o7220,o7221,o7222,o7223,o7224,o7225,o7226,o7227,o7228,o7229,o723,o7230,o7231,o7232,o7233,o7234,o7235,o7236,o7237,o7238,o7239,o724,o7240,o7241,o7242,o7243,o7244,o7245,o7246,o7247,o7248,o7249,o725,o7250,o7251,o7252,o7253,o7254,o7255,o7256,o7257,o7258,o7259,o726,o7260,o7261,o7262,o7263,o7264,o7265,o7266,o7267,o7268,o7269,o727,o7270,o7271,o7272,o7273,o7274,o7275,o7276,o7277,o7278,o7279,o728,o7280,o7281,o7282,o7283,o7284,o7285,o7286}', $14 = '102'
	Delete on output_snapshot_history  (cost=411499.15..411516.89 rows=0 width=0) (actual time=2017.818..2017.821 rows=0 loops=1)
	  Buffers: shared hit=38494 read=268694 dirtied=391 written=18, temp read=1223 written=1227
	  WAL: records=6000 fpi=203 bytes=1949383
	  ->  Nested Loop  (cost=411499.15..411516.89 rows=1 width=46) (actual time=1995.569..2015.559 rows=6000 loops=1)
	        Buffers: shared hit=32494 read=268694 dirtied=11 written=18, temp read=1223 written=1227
	        ->  Unique  (cost=411497.47..411497.48 rows=2 width=56) (actual time=1995.501..1996.860 rows=6000 loops=1)
	              Buffers: shared hit=13812 read=263376 dirtied=11 written=11, temp read=1223 written=1227
	              ->  Sort  (cost=411497.47..411497.47 rows=2 width=56) (actual time=1995.500..1996.259 rows=6000 loops=1)
	                    Sort Key: ranked.id
	                    Sort Method: quicksort  Memory: 849kB
	                    Buffers: shared hit=13812 read=263376 dirtied=11 written=11, temp read=1223 written=1227
	                    ->  Subquery Scan on ranked  (cost=380333.71..411497.46 rows=2 width=56) (actual time=1492.136..1994.244 rows=6000 loops=1)
	                          Filter: ((ranked.recency > 102) AND (ranked.prev_class = ranked.age_class) AND (ranked.prev_bucket = ranked.bucket))
	                          Rows Removed by Filter: 243925
	                          Buffers: shared hit=13809 read=263376 dirtied=11 written=11, temp read=1223 written=1227
	                          ->  WindowAgg  (cost=380333.71..407134.53 rows=249310 width=109) (actual time=1491.857..1982.411 rows=249925 loops=1)
	                                Buffers: shared hit=13809 read=263376 dirtied=11 written=11, temp read=1223 written=1227
	                                ->  Sort  (cost=380333.71..380956.98 rows=249310 width=29) (actual time=1491.783..1511.376 rows=249925 loops=1)
	                                      Sort Key: output_snapshot_history_1.output_id, output_snapshot_history_1.captured_at DESC, output_snapshot_history_1.id DESC
	                                      Sort Method: external merge  Disk: 9784kB
	                                      Buffers: shared hit=13809 read=263376 dirtied=11 written=11, temp read=1223 written=1227
	                                      ->  Seq Scan on output_snapshot_history output_snapshot_history_1  (cost=1.25..352018.58 rows=249310 width=29) (actual time=6.163..1183.043 rows=249925 loops=1)
	                                            Filter: (output_id = ANY ('{o6837,o6838,o6839,o684,o6840,o6841,o6842,o6843,o6844,o6845,o6846,o6847,o6848,o6849,o685,o6850,o6851,o6852,o6853,o6854,o6855,o6856,o6857,o6858,o6859,o686,o6860,o6861,o6862,o6863,o6864,o6865,o6866,o6867,o6868,o6869,o687,o6870,o6871,o6872,o6873,o6874,o6875,o6876,o6877,o6878,o6879,o688,o6880,o6881,o6882,o6883,o6884,o6885,o6886,o6887,o6888,o6889,o689,o6890,o6891,o6892,o6893,o6894,o6895,o6896,o6897,o6898,o6899,o69,o690,o6900,o6901,o6902,o6903,o6904,o6905,o6906,o6907,o6908,o6909,o691,o6910,o6911,o6912,o6913,o6914,o6915,o6916,o6917,o6918,o6919,o692,o6920,o6921,o6922,o6923,o6924,o6925,o6926,o6927,o6928,o6929,o693,o6930,o6931,o6932,o6933,o6934,o6935,o6936,o6937,o6938,o6939,o694,o6940,o6941,o6942,o6943,o6944,o6945,o6946,o6947,o6948,o6949,o695,o6950,o6951,o6952,o6953,o6954,o6955,o6956,o6957,o6958,o6959,o696,o6960,o6961,o6962,o6963,o6964,o6965,o6966,o6967,o6968,o6969,o697,o6970,o6971,o6972,o6973,o6974,o6975,o6976,o6977,o6978,o6979,o698,o6980,o6981,o6982,o6983,o6984,o6985,o6986,o6987,o6988,o6989,o699,o6990,o6991,o6992,o6993,o6994,o6995,o6996,o6997,o6998,o6999,o7,o70,o700,o7000,o7001,o7002,o7003,o7004,o7005,o7006,o7007,o7008,o7009,o701,o7010,o7011,o7012,o7013,o7014,o7015,o7016,o7017,o7018,o7019,o702,o7020,o7021,o7022,o7023,o7024,o7025,o7026,o7027,o7028,o7029,o703,o7030,o7031,o7032,o7033,o7034,o7035,o7036,o7037,o7038,o7039,o704,o7040,o7041,o7042,o7043,o7044,o7045,o7046,o7047,o7048,o7049,o705,o7050,o7051,o7052,o7053,o7054,o7055,o7056,o7057,o7058,o7059,o706,o7060,o7061,o7062,o7063,o7064,o7065,o7066,o7067,o7068,o7069,o707,o7070,o7071,o7072,o7073,o7074,o7075,o7076,o7077,o7078,o7079,o708,o7080,o7081,o7082,o7083,o7084,o7085,o7086,o7087,o7088,o7089,o709,o7090,o7091,o7092,o7093,o7094,o7095,o7096,o7097,o7098,o7099,o71,o710,o7100,o7101,o7102,o7103,o7104,o7105,o7106,o7107,o7108,o7109,o711,o7110,o7111,o7112,o7113,o7114,o7115,o7116,o7117,o7118,o7119,o712,o7120,o7121,o7122,o7123,o7124,o7125,o7126,o7127,o7128,o7129,o713,o7130,o7131,o7132,o7133,o7134,o7135,o7136,o7137,o7138,o7139,o714,o7140,o7141,o7142,o7143,o7144,o7145,o7146,o7147,o7148,o7149,o715,o7150,o7151,o7152,o7153,o7154,o7155,o7156,o7157,o7158,o7159,o716,o7160,o7161,o7162,o7163,o7164,o7165,o7166,o7167,o7168,o7169,o717,o7170,o7171,o7172,o7173,o7174,o7175,o7176,o7177,o7178,o7179,o718,o7180,o7181,o7182,o7183,o7184,o7185,o7186,o7187,o7188,o7189,o719,o7190,o7191,o7192,o7193,o7194,o7195,o7196,o7197,o7198,o7199,o72,o720,o7200,o7201,o7202,o7203,o7204,o7205,o7206,o7207,o7208,o7209,o721,o7210,o7211,o7212,o7213,o7214,o7215,o7216,o7217,o7218,o7219,o722,o7220,o7221,o7222,o7223,o7224,o7225,o7226,o7227,o7228,o7229,o723,o7230,o7231,o7232,o7233,o7234,o7235,o7236,o7237,o7238,o7239,o724,o7240,o7241,o7242,o7243,o7244,o7245,o7246,o7247,o7248,o7249,o725,o7250,o7251,o7252,o7253,o7254,o7255,o7256,o7257,o7258,o7259,o726,o7260,o7261,o7262,o7263,o7264,o7265,o7266,o7267,o7268,o7269,o727,o7270,o7271,o7272,o7273,o7274,o7275,o7276,o7277,o7278,o7279,o728,o7280,o7281,o7282,o7283,o7284,o7285,o7286}'::text[]))
	                                            Rows Removed by Filter: 4736700
	                                            Buffers: shared hit=13803 read=263376 dirtied=11 written=11
	        ->  Index Scan using output_snapshot_history_pkey on output_snapshot_history  (cost=1.68..9.71 rows=1 width=22) (actual time=0.003..0.003 rows=1 loops=6000)
	              Index Cond: (id = ranked.id)
	              Filter: (output_id = ANY ('{o6837,o6838,o6839,o684,o6840,o6841,o6842,o6843,o6844,o6845,o6846,o6847,o6848,o6849,o685,o6850,o6851,o6852,o6853,o6854,o6855,o6856,o6857,o6858,o6859,o686,o6860,o6861,o6862,o6863,o6864,o6865,o6866,o6867,o6868,o6869,o687,o6870,o6871,o6872,o6873,o6874,o6875,o6876,o6877,o6878,o6879,o688,o6880,o6881,o6882,o6883,o6884,o6885,o6886,o6887,o6888,o6889,o689,o6890,o6891,o6892,o6893,o6894,o6895,o6896,o6897,o6898,o6899,o69,o690,o6900,o6901,o6902,o6903,o6904,o6905,o6906,o6907,o6908,o6909,o691,o6910,o6911,o6912,o6913,o6914,o6915,o6916,o6917,o6918,o6919,o692,o6920,o6921,o6922,o6923,o6924,o6925,o6926,o6927,o6928,o6929,o693,o6930,o6931,o6932,o6933,o6934,o6935,o6936,o6937,o6938,o6939,o694,o6940,o6941,o6942,o6943,o6944,o6945,o6946,o6947,o6948,o6949,o695,o6950,o6951,o6952,o6953,o6954,o6955,o6956,o6957,o6958,o6959,o696,o6960,o6961,o6962,o6963,o6964,o6965,o6966,o6967,o6968,o6969,o697,o6970,o6971,o6972,o6973,o6974,o6975,o6976,o6977,o6978,o6979,o698,o6980,o6981,o6982,o6983,o6984,o6985,o6986,o6987,o6988,o6989,o699,o6990,o6991,o6992,o6993,o6994,o6995,o6996,o6997,o6998,o6999,o7,o70,o700,o7000,o7001,o7002,o7003,o7004,o7005,o7006,o7007,o7008,o7009,o701,o7010,o7011,o7012,o7013,o7014,o7015,o7016,o7017,o7018,o7019,o702,o7020,o7021,o7022,o7023,o7024,o7025,o7026,o7027,o7028,o7029,o703,o7030,o7031,o7032,o7033,o7034,o7035,o7036,o7037,o7038,o7039,o704,o7040,o7041,o7042,o7043,o7044,o7045,o7046,o7047,o7048,o7049,o705,o7050,o7051,o7052,o7053,o7054,o7055,o7056,o7057,o7058,o7059,o706,o7060,o7061,o7062,o7063,o7064,o7065,o7066,o7067,o7068,o7069,o707,o7070,o7071,o7072,o7073,o7074,o7075,o7076,o7077,o7078,o7079,o708,o7080,o7081,o7082,o7083,o7084,o7085,o7086,o7087,o7088,o7089,o709,o7090,o7091,o7092,o7093,o7094,o7095,o7096,o7097,o7098,o7099,o71,o710,o7100,o7101,o7102,o7103,o7104,o7105,o7106,o7107,o7108,o7109,o711,o7110,o7111,o7112,o7113,o7114,o7115,o7116,o7117,o7118,o7119,o712,o7120,o7121,o7122,o7123,o7124,o7125,o7126,o7127,o7128,o7129,o713,o7130,o7131,o7132,o7133,o7134,o7135,o7136,o7137,o7138,o7139,o714,o7140,o7141,o7142,o7143,o7144,o7145,o7146,o7147,o7148,o7149,o715,o7150,o7151,o7152,o7153,o7154,o7155,o7156,o7157,o7158,o7159,o716,o7160,o7161,o7162,o7163,o7164,o7165,o7166,o7167,o7168,o7169,o717,o7170,o7171,o7172,o7173,o7174,o7175,o7176,o7177,o7178,o7179,o718,o7180,o7181,o7182,o7183,o7184,o7185,o7186,o7187,o7188,o7189,o719,o7190,o7191,o7192,o7193,o7194,o7195,o7196,o7197,o7198,o7199,o72,o720,o7200,o7201,o7202,o7203,o7204,o7205,o7206,o7207,o7208,o7209,o721,o7210,o7211,o7212,o7213,o7214,o7215,o7216,o7217,o7218,o7219,o722,o7220,o7221,o7222,o7223,o7224,o7225,o7226,o7227,o7228,o7229,o723,o7230,o7231,o7232,o7233,o7234,o7235,o7236,o7237,o7238,o7239,o724,o7240,o7241,o7242,o7243,o7244,o7245,o7246,o7247,o7248,o7249,o725,o7250,o7251,o7252,o7253,o7254,o7255,o7256,o7257,o7258,o7259,o726,o7260,o7261,o7262,o7263,o7264,o7265,o7266,o7267,o7268,o7269,o727,o7270,o7271,o7272,o7273,o7274,o7275,o7276,o7277,o7278,o7279,o728,o7280,o7281,o7282,o7283,o7284,o7285,o7286}'::text[]))
	              Buffers: shared hit=18682 read=5318 written=7
	JIT:
	  Functions: 24
	  Options: Inlining false, Optimization false, Expressions true, Deforming true
	  Timing: Generation 0.666 ms, Inlining 0.000 ms, Optimization 0.304 ms, Emission 5.861 ms, Total 6.831 ms
2026-10-10 05:35:14.684 UTC [30769] hel1435-S2-prod-noio-R250000-b13-explain-r1 LOG:  temporary file: path "base/pgsql_tmp/pgsql_tmp30769.0", size 10018816
2026-10-10 05:35:14.684 UTC [30769] hel1435-S2-prod-noio-R250000-b13-explain-r1 STATEMENT:  DELETE FROM output_snapshot_history WHERE output_id = ANY($1) AND id IN (
	             SELECT id FROM (
	               SELECT id, age_class, bucket,
	                      row_number() OVER w AS recency,
	                      lag(age_class) OVER w AS prev_class,
	                      lag(bucket) OVER w AS prev_bucket
	               FROM (
	                 SELECT id, output_id, captured_at,
	                        CASE WHEN extract(epoch FROM ($2::timestamptz - captured_at)) < $3 THEN 0
	                             WHEN extract(epoch FROM ($4::timestamptz - captured_at)) < $5 THEN 1
	                             ELSE 2 END AS age_class,
	                        floor(extract(epoch FROM captured_at) /
	                          CASE WHEN extract(epoch FROM ($6::timestamptz - captured_at)) < $7 THEN $8
	                               WHEN extract(epoch FROM ($9::timestamptz - captured_at)) < $10 THEN $11
	                               ELSE $12 END) AS bucket
	                 FROM output_snapshot_history
	                 WHERE output_id = ANY($13)
	               ) classed
	               WINDOW w AS (PARTITION BY output_id ORDER BY captured_at DESC, id DESC)
	             ) ranked
	             WHERE recency > $14 AND prev_class = age_class AND prev_bucket = bucket)
2026-10-10 05:35:15.058 UTC [30772] hel1435-S2-prod-noio-R250000-b13-explain-r2 LOG:  duration: 161.686 ms  plan:
	Query Text: DELETE FROM output_snapshot_history h
	             USING pipelines p, users u
	             WHERE h.output_id = ANY($1) AND h.captured_at < $2
	               AND h.pipeline_id = p.id AND p.owner_id = u.id
	               AND h.captured_at < COALESCE(($3::timestamptz[])[array_position($4::text[], u.tier)], $5)
	Query Parameters: $1 = '{o6837,o6838,o6839,o684,o6840,o6841,o6842,o6843,o6844,o6845,o6846,o6847,o6848,o6849,o685,o6850,o6851,o6852,o6853,o6854,o6855,o6856,o6857,o6858,o6859,o686,o6860,o6861,o6862,o6863,o6864,o6865,o6866,o6867,o6868,o6869,o687,o6870,o6871,o6872,o6873,o6874,o6875,o6876,o6877,o6878,o6879,o688,o6880,o6881,o6882,o6883,o6884,o6885,o6886,o6887,o6888,o6889,o689,o6890,o6891,o6892,o6893,o6894,o6895,o6896,o6897,o6898,o6899,o69,o690,o6900,o6901,o6902,o6903,o6904,o6905,o6906,o6907,o6908,o6909,o691,o6910,o6911,o6912,o6913,o6914,o6915,o6916,o6917,o6918,o6919,o692,o6920,o6921,o6922,o6923,o6924,o6925,o6926,o6927,o6928,o6929,o693,o6930,o6931,o6932,o6933,o6934,o6935,o6936,o6937,o6938,o6939,o694,o6940,o6941,o6942,o6943,o6944,o6945,o6946,o6947,o6948,o6949,o695,o6950,o6951,o6952,o6953,o6954,o6955,o6956,o6957,o6958,o6959,o696,o6960,o6961,o6962,o6963,o6964,o6965,o6966,o6967,o6968,o6969,o697,o6970,o6971,o6972,o6973,o6974,o6975,o6976,o6977,o6978,o6979,o698,o6980,o6981,o6982,o6983,o6984,o6985,o6986,o6987,o6988,o6989,o699,o6990,o6991,o6992,o6993,o6994,o6995,o6996,o6997,o6998,o6999,o7,o70,o700,o7000,o7001,o7002,o7003,o7004,o7005,o7006,o7007,o7008,o7009,o701,o7010,o7011,o7012,o7013,o7014,o7015,o7016,o7017,o7018,o7019,o702,o7020,o7021,o7022,o7023,o7024,o7025,o7026,o7027,o7028,o7029,o703,o7030,o7031,o7032,o7033,o7034,o7035,o7036,o7037,o7038,o7039,o704,o7040,o7041,o7042,o7043,o7044,o7045,o7046,o7047,o7048,o7049,o705,o7050,o7051,o7052,o7053,o7054,o7055,o7056,o7057,o7058,o7059,o706,o7060,o7061,o7062,o7063,o7064,o7065,o7066,o7067,o7068,o7069,o707,o7070,o7071,o7072,o7073,o7074,o7075,o7076,o7077,o7078,o7079,o708,o7080,o7081,o7082,o7083,o7084,o7085,o7086,o7087,o7088,o7089,o709,o7090,o7091,o7092,o7093,o7094,o7095,o7096,o7097,o7098,o7099,o71,o710,o7100,o7101,o7102,o7103,o7104,o7105,o7106,o7107,o7108,o7109,o711,o7110,o7111,o7112,o7113,o7114,o7115,o7116,o7117,o7118,o7119,o712,o7120,o7121,o7122,o7123,o7124,o7125,o7126,o7127,o7128,o7129,o713,o7130,o7131,o7132,o7133,o7134,o7135,o7136,o7137,o7138,o7139,o714,o7140,o7141,o7142,o7143,o7144,o7145,o7146,o7147,o7148,o7149,o715,o7150,o7151,o7152,o7153,o7154,o7155,o7156,o7157,o7158,o7159,o716,o7160,o7161,o7162,o7163,o7164,o7165,o7166,o7167,o7168,o7169,o717,o7170,o7171,o7172,o7173,o7174,o7175,o7176,o7177,o7178,o7179,o718,o7180,o7181,o7182,o7183,o7184,o7185,o7186,o7187,o7188,o7189,o719,o7190,o7191,o7192,o7193,o7194,o7195,o7196,o7197,o7198,o7199,o72,o720,o7200,o7201,o7202,o7203,o7204,o7205,o7206,o7207,o7208,o7209,o721,o7210,o7211,o7212,o7213,o7214,o7215,o7216,o7217,o7218,o7219,o722,o7220,o7221,o7222,o7223,o7224,o7225,o7226,o7227,o7228,o7229,o723,o7230,o7231,o7232,o7233,o7234,o7235,o7236,o7237,o7238,o7239,o724,o7240,o7241,o7242,o7243,o7244,o7245,o7246,o7247,o7248,o7249,o725,o7250,o7251,o7252,o7253,o7254,o7255,o7256,o7257,o7258,o7259,o726,o7260,o7261,o7262,o7263,o7264,o7265,o7266,o7267,o7268,o7269,o727,o7270,o7271,o7272,o7273,o7274,o7275,o7276,o7277,o7278,o7279,o728,o7280,o7281,o7282,o7283,o7284,o7285,o7286}', $2 = '2026-09-09 22:00:00-07', $3 = '{"2026-09-09 22:00:00-07","2026-07-11 22:00:00-07","2025-10-09 22:00:00-07"}', $4 = '{free,beta,owner}', $5 = '2026-09-09 22:00:00-07'
	Delete on output_snapshot_history h  (cost=170.21..25421.08 rows=0 width=0) (actual time=161.682..161.684 rows=0 loops=1)
	  Buffers: shared hit=29 read=17962 written=352
	  WAL: records=23 bytes=1242
	  ->  Hash Join  (cost=170.21..25421.08 rows=5153 width=18) (actual time=69.165..161.653 rows=23 loops=1)
	        Hash Cond: (p.owner_id = u.id)
	        Join Filter: (h.captured_at < COALESCE(('{"2026-09-09 22:00:00-07","2026-07-11 22:00:00-07","2025-10-09 22:00:00-07"}'::timestamp with time zone[])[array_position('{free,beta,owner}'::text[], u.tier)], '2026-09-09 22:00:00-07'::timestamp with time zone))
	        Rows Removed by Join Filter: 16425
	        Buffers: shared hit=6 read=17962 written=352
	        ->  Hash Join  (cost=111.70..25321.95 rows=15458 width=36) (actual time=0.720..158.673 rows=16448 loops=1)
	              Hash Cond: (h.pipeline_id = p.id)
	              Buffers: shared hit=6 read=17941 written=352
	              ->  Index Scan using idx_output_snapshot_history_captured_at on output_snapshot_history h  (cost=1.68..25171.28 rows=15463 width=19) (actual time=0.083..156.084 rows=16448 loops=1)
	                    Index Cond: (captured_at < '2026-09-09 22:00:00-07'::timestamp with time zone)
	                    Filter: (output_id = ANY ('{o6837,o6838,o6839,o684,o6840,o6841,o6842,o6843,o6844,o6845,o6846,o6847,o6848,o6849,o685,o6850,o6851,o6852,o6853,o6854,o6855,o6856,o6857,o6858,o6859,o686,o6860,o6861,o6862,o6863,o6864,o6865,o6866,o6867,o6868,o6869,o687,o6870,o6871,o6872,o6873,o6874,o6875,o6876,o6877,o6878,o6879,o688,o6880,o6881,o6882,o6883,o6884,o6885,o6886,o6887,o6888,o6889,o689,o6890,o6891,o6892,o6893,o6894,o6895,o6896,o6897,o6898,o6899,o69,o690,o6900,o6901,o6902,o6903,o6904,o6905,o6906,o6907,o6908,o6909,o691,o6910,o6911,o6912,o6913,o6914,o6915,o6916,o6917,o6918,o6919,o692,o6920,o6921,o6922,o6923,o6924,o6925,o6926,o6927,o6928,o6929,o693,o6930,o6931,o6932,o6933,o6934,o6935,o6936,o6937,o6938,o6939,o694,o6940,o6941,o6942,o6943,o6944,o6945,o6946,o6947,o6948,o6949,o695,o6950,o6951,o6952,o6953,o6954,o6955,o6956,o6957,o6958,o6959,o696,o6960,o6961,o6962,o6963,o6964,o6965,o6966,o6967,o6968,o6969,o697,o6970,o6971,o6972,o6973,o6974,o6975,o6976,o6977,o6978,o6979,o698,o6980,o6981,o6982,o6983,o6984,o6985,o6986,o6987,o6988,o6989,o699,o6990,o6991,o6992,o6993,o6994,o6995,o6996,o6997,o6998,o6999,o7,o70,o700,o7000,o7001,o7002,o7003,o7004,o7005,o7006,o7007,o7008,o7009,o701,o7010,o7011,o7012,o7013,o7014,o7015,o7016,o7017,o7018,o7019,o702,o7020,o7021,o7022,o7023,o7024,o7025,o7026,o7027,o7028,o7029,o703,o7030,o7031,o7032,o7033,o7034,o7035,o7036,o7037,o7038,o7039,o704,o7040,o7041,o7042,o7043,o7044,o7045,o7046,o7047,o7048,o7049,o705,o7050,o7051,o7052,o7053,o7054,o7055,o7056,o7057,o7058,o7059,o706,o7060,o7061,o7062,o7063,o7064,o7065,o7066,o7067,o7068,o7069,o707,o7070,o7071,o7072,o7073,o7074,o7075,o7076,o7077,o7078,o7079,o708,o7080,o7081,o7082,o7083,o7084,o7085,o7086,o7087,o7088,o7089,o709,o7090,o7091,o7092,o7093,o7094,o7095,o7096,o7097,o7098,o7099,o71,o710,o7100,o7101,o7102,o7103,o7104,o7105,o7106,o7107,o7108,o7109,o711,o7110,o7111,o7112,o7113,o7114,o7115,o7116,o7117,o7118,o7119,o712,o7120,o7121,o7122,o7123,o7124,o7125,o7126,o7127,o7128,o7129,o713,o7130,o7131,o7132,o7133,o7134,o7135,o7136,o7137,o7138,o7139,o714,o7140,o7141,o7142,o7143,o7144,o7145,o7146,o7147,o7148,o7149,o715,o7150,o7151,o7152,o7153,o7154,o7155,o7156,o7157,o7158,o7159,o716,o7160,o7161,o7162,o7163,o7164,o7165,o7166,o7167,o7168,o7169,o717,o7170,o7171,o7172,o7173,o7174,o7175,o7176,o7177,o7178,o7179,o718,o7180,o7181,o7182,o7183,o7184,o7185,o7186,o7187,o7188,o7189,o719,o7190,o7191,o7192,o7193,o7194,o7195,o7196,o7197,o7198,o7199,o72,o720,o7200,o7201,o7202,o7203,o7204,o7205,o7206,o7207,o7208,o7209,o721,o7210,o7211,o7212,o7213,o7214,o7215,o7216,o7217,o7218,o7219,o722,o7220,o7221,o7222,o7223,o7224,o7225,o7226,o7227,o7228,o7229,o723,o7230,o7231,o7232,o7233,o7234,o7235,o7236,o7237,o7238,o7239,o724,o7240,o7241,o7242,o7243,o7244,o7245,o7246,o7247,o7248,o7249,o725,o7250,o7251,o7252,o7253,o7254,o7255,o7256,o7257,o7258,o7259,o726,o7260,o7261,o7262,o7263,o7264,o7265,o7266,o7267,o7268,o7269,o727,o7270,o7271,o7272,o7273,o7274,o7275,o7276,o7277,o7278,o7279,o728,o7280,o7281,o7282,o7283,o7284,o7285,o7286}'::text[]))
	                    Rows Removed by Filter: 300200
	                    Buffers: shared hit=6 read=17906 written=352
	              ->  Hash  (cost=68.34..68.34 rows=3334 width=27) (actual time=0.620..0.621 rows=3334 loops=1)
	                    Buckets: 4096  Batches: 1  Memory Usage: 227kB
	                    Buffers: shared read=35
	                    ->  Seq Scan on pipelines p  (cost=0.00..68.34 rows=3334 width=27) (actual time=0.005..0.305 rows=3334 loops=1)
	                          Buffers: shared read=35
	        ->  Hash  (cost=37.67..37.67 rows=1667 width=27) (actual time=0.298..0.298 rows=1667 loops=1)
	              Buckets: 2048  Batches: 1  Memory Usage: 113kB
	              Buffers: shared read=21
	              ->  Seq Scan on users u  (cost=0.00..37.67 rows=1667 width=27) (actual time=0.006..0.164 rows=1667 loops=1)
	                    Buffers: shared read=21
2026-10-10 05:35:17.180 UTC [30772] hel1435-S2-prod-noio-R250000-b13-explain-r2 LOG:  duration: 2107.106 ms  plan:
	Query Text: DELETE FROM output_snapshot_history WHERE output_id = ANY($1) AND id IN (
	             SELECT id FROM (
	               SELECT id, age_class, bucket,
	                      row_number() OVER w AS recency,
	                      lag(age_class) OVER w AS prev_class,
	                      lag(bucket) OVER w AS prev_bucket
	               FROM (
	                 SELECT id, output_id, captured_at,
	                        CASE WHEN extract(epoch FROM ($2::timestamptz - captured_at)) < $3 THEN 0
	                             WHEN extract(epoch FROM ($4::timestamptz - captured_at)) < $5 THEN 1
	                             ELSE 2 END AS age_class,
	                        floor(extract(epoch FROM captured_at) /
	                          CASE WHEN extract(epoch FROM ($6::timestamptz - captured_at)) < $7 THEN $8
	                               WHEN extract(epoch FROM ($9::timestamptz - captured_at)) < $10 THEN $11
	                               ELSE $12 END) AS bucket
	                 FROM output_snapshot_history
	                 WHERE output_id = ANY($13)
	               ) classed
	               WINDOW w AS (PARTITION BY output_id ORDER BY captured_at DESC, id DESC)
	             ) ranked
	             WHERE recency > $14 AND prev_class = age_class AND prev_bucket = bucket)
	Query Parameters: $1 = '{o6837,o6838,o6839,o684,o6840,o6841,o6842,o6843,o6844,o6845,o6846,o6847,o6848,o6849,o685,o6850,o6851,o6852,o6853,o6854,o6855,o6856,o6857,o6858,o6859,o686,o6860,o6861,o6862,o6863,o6864,o6865,o6866,o6867,o6868,o6869,o687,o6870,o6871,o6872,o6873,o6874,o6875,o6876,o6877,o6878,o6879,o688,o6880,o6881,o6882,o6883,o6884,o6885,o6886,o6887,o6888,o6889,o689,o6890,o6891,o6892,o6893,o6894,o6895,o6896,o6897,o6898,o6899,o69,o690,o6900,o6901,o6902,o6903,o6904,o6905,o6906,o6907,o6908,o6909,o691,o6910,o6911,o6912,o6913,o6914,o6915,o6916,o6917,o6918,o6919,o692,o6920,o6921,o6922,o6923,o6924,o6925,o6926,o6927,o6928,o6929,o693,o6930,o6931,o6932,o6933,o6934,o6935,o6936,o6937,o6938,o6939,o694,o6940,o6941,o6942,o6943,o6944,o6945,o6946,o6947,o6948,o6949,o695,o6950,o6951,o6952,o6953,o6954,o6955,o6956,o6957,o6958,o6959,o696,o6960,o6961,o6962,o6963,o6964,o6965,o6966,o6967,o6968,o6969,o697,o6970,o6971,o6972,o6973,o6974,o6975,o6976,o6977,o6978,o6979,o698,o6980,o6981,o6982,o6983,o6984,o6985,o6986,o6987,o6988,o6989,o699,o6990,o6991,o6992,o6993,o6994,o6995,o6996,o6997,o6998,o6999,o7,o70,o700,o7000,o7001,o7002,o7003,o7004,o7005,o7006,o7007,o7008,o7009,o701,o7010,o7011,o7012,o7013,o7014,o7015,o7016,o7017,o7018,o7019,o702,o7020,o7021,o7022,o7023,o7024,o7025,o7026,o7027,o7028,o7029,o703,o7030,o7031,o7032,o7033,o7034,o7035,o7036,o7037,o7038,o7039,o704,o7040,o7041,o7042,o7043,o7044,o7045,o7046,o7047,o7048,o7049,o705,o7050,o7051,o7052,o7053,o7054,o7055,o7056,o7057,o7058,o7059,o706,o7060,o7061,o7062,o7063,o7064,o7065,o7066,o7067,o7068,o7069,o707,o7070,o7071,o7072,o7073,o7074,o7075,o7076,o7077,o7078,o7079,o708,o7080,o7081,o7082,o7083,o7084,o7085,o7086,o7087,o7088,o7089,o709,o7090,o7091,o7092,o7093,o7094,o7095,o7096,o7097,o7098,o7099,o71,o710,o7100,o7101,o7102,o7103,o7104,o7105,o7106,o7107,o7108,o7109,o711,o7110,o7111,o7112,o7113,o7114,o7115,o7116,o7117,o7118,o7119,o712,o7120,o7121,o7122,o7123,o7124,o7125,o7126,o7127,o7128,o7129,o713,o7130,o7131,o7132,o7133,o7134,o7135,o7136,o7137,o7138,o7139,o714,o7140,o7141,o7142,o7143,o7144,o7145,o7146,o7147,o7148,o7149,o715,o7150,o7151,o7152,o7153,o7154,o7155,o7156,o7157,o7158,o7159,o716,o7160,o7161,o7162,o7163,o7164,o7165,o7166,o7167,o7168,o7169,o717,o7170,o7171,o7172,o7173,o7174,o7175,o7176,o7177,o7178,o7179,o718,o7180,o7181,o7182,o7183,o7184,o7185,o7186,o7187,o7188,o7189,o719,o7190,o7191,o7192,o7193,o7194,o7195,o7196,o7197,o7198,o7199,o72,o720,o7200,o7201,o7202,o7203,o7204,o7205,o7206,o7207,o7208,o7209,o721,o7210,o7211,o7212,o7213,o7214,o7215,o7216,o7217,o7218,o7219,o722,o7220,o7221,o7222,o7223,o7224,o7225,o7226,o7227,o7228,o7229,o723,o7230,o7231,o7232,o7233,o7234,o7235,o7236,o7237,o7238,o7239,o724,o7240,o7241,o7242,o7243,o7244,o7245,o7246,o7247,o7248,o7249,o725,o7250,o7251,o7252,o7253,o7254,o7255,o7256,o7257,o7258,o7259,o726,o7260,o7261,o7262,o7263,o7264,o7265,o7266,o7267,o7268,o7269,o727,o7270,o7271,o7272,o7273,o7274,o7275,o7276,o7277,o7278,o7279,o728,o7280,o7281,o7282,o7283,o7284,o7285,o7286}', $2 = '2026-10-09 22:00:00-07', $3 = '86400', $4 = '2026-10-09 22:00:00-07', $5 = '604800', $6 = '2026-10-09 22:00:00-07', $7 = '86400', $8 = '300', $9 = '2026-10-09 22:00:00-07', $10 = '604800', $11 = '3600', $12 = '86400', $13 = '{o6837,o6838,o6839,o684,o6840,o6841,o6842,o6843,o6844,o6845,o6846,o6847,o6848,o6849,o685,o6850,o6851,o6852,o6853,o6854,o6855,o6856,o6857,o6858,o6859,o686,o6860,o6861,o6862,o6863,o6864,o6865,o6866,o6867,o6868,o6869,o687,o6870,o6871,o6872,o6873,o6874,o6875,o6876,o6877,o6878,o6879,o688,o6880,o6881,o6882,o6883,o6884,o6885,o6886,o6887,o6888,o6889,o689,o6890,o6891,o6892,o6893,o6894,o6895,o6896,o6897,o6898,o6899,o69,o690,o6900,o6901,o6902,o6903,o6904,o6905,o6906,o6907,o6908,o6909,o691,o6910,o6911,o6912,o6913,o6914,o6915,o6916,o6917,o6918,o6919,o692,o6920,o6921,o6922,o6923,o6924,o6925,o6926,o6927,o6928,o6929,o693,o6930,o6931,o6932,o6933,o6934,o6935,o6936,o6937,o6938,o6939,o694,o6940,o6941,o6942,o6943,o6944,o6945,o6946,o6947,o6948,o6949,o695,o6950,o6951,o6952,o6953,o6954,o6955,o6956,o6957,o6958,o6959,o696,o6960,o6961,o6962,o6963,o6964,o6965,o6966,o6967,o6968,o6969,o697,o6970,o6971,o6972,o6973,o6974,o6975,o6976,o6977,o6978,o6979,o698,o6980,o6981,o6982,o6983,o6984,o6985,o6986,o6987,o6988,o6989,o699,o6990,o6991,o6992,o6993,o6994,o6995,o6996,o6997,o6998,o6999,o7,o70,o700,o7000,o7001,o7002,o7003,o7004,o7005,o7006,o7007,o7008,o7009,o701,o7010,o7011,o7012,o7013,o7014,o7015,o7016,o7017,o7018,o7019,o702,o7020,o7021,o7022,o7023,o7024,o7025,o7026,o7027,o7028,o7029,o703,o7030,o7031,o7032,o7033,o7034,o7035,o7036,o7037,o7038,o7039,o704,o7040,o7041,o7042,o7043,o7044,o7045,o7046,o7047,o7048,o7049,o705,o7050,o7051,o7052,o7053,o7054,o7055,o7056,o7057,o7058,o7059,o706,o7060,o7061,o7062,o7063,o7064,o7065,o7066,o7067,o7068,o7069,o707,o7070,o7071,o7072,o7073,o7074,o7075,o7076,o7077,o7078,o7079,o708,o7080,o7081,o7082,o7083,o7084,o7085,o7086,o7087,o7088,o7089,o709,o7090,o7091,o7092,o7093,o7094,o7095,o7096,o7097,o7098,o7099,o71,o710,o7100,o7101,o7102,o7103,o7104,o7105,o7106,o7107,o7108,o7109,o711,o7110,o7111,o7112,o7113,o7114,o7115,o7116,o7117,o7118,o7119,o712,o7120,o7121,o7122,o7123,o7124,o7125,o7126,o7127,o7128,o7129,o713,o7130,o7131,o7132,o7133,o7134,o7135,o7136,o7137,o7138,o7139,o714,o7140,o7141,o7142,o7143,o7144,o7145,o7146,o7147,o7148,o7149,o715,o7150,o7151,o7152,o7153,o7154,o7155,o7156,o7157,o7158,o7159,o716,o7160,o7161,o7162,o7163,o7164,o7165,o7166,o7167,o7168,o7169,o717,o7170,o7171,o7172,o7173,o7174,o7175,o7176,o7177,o7178,o7179,o718,o7180,o7181,o7182,o7183,o7184,o7185,o7186,o7187,o7188,o7189,o719,o7190,o7191,o7192,o7193,o7194,o7195,o7196,o7197,o7198,o7199,o72,o720,o7200,o7201,o7202,o7203,o7204,o7205,o7206,o7207,o7208,o7209,o721,o7210,o7211,o7212,o7213,o7214,o7215,o7216,o7217,o7218,o7219,o722,o7220,o7221,o7222,o7223,o7224,o7225,o7226,o7227,o7228,o7229,o723,o7230,o7231,o7232,o7233,o7234,o7235,o7236,o7237,o7238,o7239,o724,o7240,o7241,o7242,o7243,o7244,o7245,o7246,o7247,o7248,o7249,o725,o7250,o7251,o7252,o7253,o7254,o7255,o7256,o7257,o7258,o7259,o726,o7260,o7261,o7262,o7263,o7264,o7265,o7266,o7267,o7268,o7269,o727,o7270,o7271,o7272,o7273,o7274,o7275,o7276,o7277,o7278,o7279,o728,o7280,o7281,o7282,o7283,o7284,o7285,o7286}', $14 = '102'
	Delete on output_snapshot_history  (cost=411499.15..411516.89 rows=0 width=0) (actual time=2107.102..2107.105 rows=0 loops=1)
	  Buffers: shared hit=38538 read=268650 dirtied=15, temp read=1223 written=1227
	  WAL: records=6000 bytes=324000
	  ->  Nested Loop  (cost=411499.15..411516.89 rows=1 width=46) (actual time=2084.074..2105.262 rows=6000 loops=1)
	        Buffers: shared hit=32538 read=268650, temp read=1223 written=1227
	        ->  Unique  (cost=411497.47..411497.48 rows=2 width=56) (actual time=2084.009..2085.466 rows=6000 loops=1)
	              Buffers: shared hit=13811 read=263377, temp read=1223 written=1227
	              ->  Sort  (cost=411497.47..411497.47 rows=2 width=56) (actual time=2084.008..2084.762 rows=6000 loops=1)
	                    Sort Key: ranked.id
	                    Sort Method: quicksort  Memory: 849kB
	                    Buffers: shared hit=13811 read=263377, temp read=1223 written=1227
	                    ->  Subquery Scan on ranked  (cost=380333.71..411497.46 rows=2 width=56) (actual time=1572.575..2082.770 rows=6000 loops=1)
	                          Filter: ((ranked.recency > 102) AND (ranked.prev_class = ranked.age_class) AND (ranked.prev_bucket = ranked.bucket))
	                          Rows Removed by Filter: 243925
	                          Buffers: shared hit=13808 read=263377, temp read=1223 written=1227
	                          ->  WindowAgg  (cost=380333.71..407134.53 rows=249310 width=109) (actual time=1572.297..2071.535 rows=249925 loops=1)
	                                Buffers: shared hit=13808 read=263377, temp read=1223 written=1227
	                                ->  Sort  (cost=380333.71..380956.98 rows=249310 width=29) (actual time=1572.216..1641.442 rows=249925 loops=1)
	                                      Sort Key: output_snapshot_history_1.output_id, output_snapshot_history_1.captured_at DESC, output_snapshot_history_1.id DESC
	                                      Sort Method: external merge  Disk: 9784kB
	                                      Buffers: shared hit=13808 read=263377, temp read=1223 written=1227
	                                      ->  Seq Scan on output_snapshot_history output_snapshot_history_1  (cost=1.25..352018.58 rows=249310 width=29) (actual time=7.209..1268.501 rows=249925 loops=1)
	                                            Filter: (output_id = ANY ('{o6837,o6838,o6839,o684,o6840,o6841,o6842,o6843,o6844,o6845,o6846,o6847,o6848,o6849,o685,o6850,o6851,o6852,o6853,o6854,o6855,o6856,o6857,o6858,o6859,o686,o6860,o6861,o6862,o6863,o6864,o6865,o6866,o6867,o6868,o6869,o687,o6870,o6871,o6872,o6873,o6874,o6875,o6876,o6877,o6878,o6879,o688,o6880,o6881,o6882,o6883,o6884,o6885,o6886,o6887,o6888,o6889,o689,o6890,o6891,o6892,o6893,o6894,o6895,o6896,o6897,o6898,o6899,o69,o690,o6900,o6901,o6902,o6903,o6904,o6905,o6906,o6907,o6908,o6909,o691,o6910,o6911,o6912,o6913,o6914,o6915,o6916,o6917,o6918,o6919,o692,o6920,o6921,o6922,o6923,o6924,o6925,o6926,o6927,o6928,o6929,o693,o6930,o6931,o6932,o6933,o6934,o6935,o6936,o6937,o6938,o6939,o694,o6940,o6941,o6942,o6943,o6944,o6945,o6946,o6947,o6948,o6949,o695,o6950,o6951,o6952,o6953,o6954,o6955,o6956,o6957,o6958,o6959,o696,o6960,o6961,o6962,o6963,o6964,o6965,o6966,o6967,o6968,o6969,o697,o6970,o6971,o6972,o6973,o6974,o6975,o6976,o6977,o6978,o6979,o698,o6980,o6981,o6982,o6983,o6984,o6985,o6986,o6987,o6988,o6989,o699,o6990,o6991,o6992,o6993,o6994,o6995,o6996,o6997,o6998,o6999,o7,o70,o700,o7000,o7001,o7002,o7003,o7004,o7005,o7006,o7007,o7008,o7009,o701,o7010,o7011,o7012,o7013,o7014,o7015,o7016,o7017,o7018,o7019,o702,o7020,o7021,o7022,o7023,o7024,o7025,o7026,o7027,o7028,o7029,o703,o7030,o7031,o7032,o7033,o7034,o7035,o7036,o7037,o7038,o7039,o704,o7040,o7041,o7042,o7043,o7044,o7045,o7046,o7047,o7048,o7049,o705,o7050,o7051,o7052,o7053,o7054,o7055,o7056,o7057,o7058,o7059,o706,o7060,o7061,o7062,o7063,o7064,o7065,o7066,o7067,o7068,o7069,o707,o7070,o7071,o7072,o7073,o7074,o7075,o7076,o7077,o7078,o7079,o708,o7080,o7081,o7082,o7083,o7084,o7085,o7086,o7087,o7088,o7089,o709,o7090,o7091,o7092,o7093,o7094,o7095,o7096,o7097,o7098,o7099,o71,o710,o7100,o7101,o7102,o7103,o7104,o7105,o7106,o7107,o7108,o7109,o711,o7110,o7111,o7112,o7113,o7114,o7115,o7116,o7117,o7118,o7119,o712,o7120,o7121,o7122,o7123,o7124,o7125,o7126,o7127,o7128,o7129,o713,o7130,o7131,o7132,o7133,o7134,o7135,o7136,o7137,o7138,o7139,o714,o7140,o7141,o7142,o7143,o7144,o7145,o7146,o7147,o7148,o7149,o715,o7150,o7151,o7152,o7153,o7154,o7155,o7156,o7157,o7158,o7159,o716,o7160,o7161,o7162,o7163,o7164,o7165,o7166,o7167,o7168,o7169,o717,o7170,o7171,o7172,o7173,o7174,o7175,o7176,o7177,o7178,o7179,o718,o7180,o7181,o7182,o7183,o7184,o7185,o7186,o7187,o7188,o7189,o719,o7190,o7191,o7192,o7193,o7194,o7195,o7196,o7197,o7198,o7199,o72,o720,o7200,o7201,o7202,o7203,o7204,o7205,o7206,o7207,o7208,o7209,o721,o7210,o7211,o7212,o7213,o7214,o7215,o7216,o7217,o7218,o7219,o722,o7220,o7221,o7222,o7223,o7224,o7225,o7226,o7227,o7228,o7229,o723,o7230,o7231,o7232,o7233,o7234,o7235,o7236,o7237,o7238,o7239,o724,o7240,o7241,o7242,o7243,o7244,o7245,o7246,o7247,o7248,o7249,o725,o7250,o7251,o7252,o7253,o7254,o7255,o7256,o7257,o7258,o7259,o726,o7260,o7261,o7262,o7263,o7264,o7265,o7266,o7267,o7268,o7269,o727,o7270,o7271,o7272,o7273,o7274,o7275,o7276,o7277,o7278,o7279,o728,o7280,o7281,o7282,o7283,o7284,o7285,o7286}'::text[]))
	                                            Rows Removed by Filter: 4736700
	                                            Buffers: shared hit=13802 read=263377
	        ->  Index Scan using output_snapshot_history_pkey on output_snapshot_history  (cost=1.68..9.71 rows=1 width=22) (actual time=0.003..0.003 rows=1 loops=6000)
	              Index Cond: (id = ranked.id)
	              Filter: (output_id = ANY ('{o6837,o6838,o6839,o684,o6840,o6841,o6842,o6843,o6844,o6845,o6846,o6847,o6848,o6849,o685,o6850,o6851,o6852,o6853,o6854,o6855,o6856,o6857,o6858,o6859,o686,o6860,o6861,o6862,o6863,o6864,o6865,o6866,o6867,o6868,o6869,o687,o6870,o6871,o6872,o6873,o6874,o6875,o6876,o6877,o6878,o6879,o688,o6880,o6881,o6882,o6883,o6884,o6885,o6886,o6887,o6888,o6889,o689,o6890,o6891,o6892,o6893,o6894,o6895,o6896,o6897,o6898,o6899,o69,o690,o6900,o6901,o6902,o6903,o6904,o6905,o6906,o6907,o6908,o6909,o691,o6910,o6911,o6912,o6913,o6914,o6915,o6916,o6917,o6918,o6919,o692,o6920,o6921,o6922,o6923,o6924,o6925,o6926,o6927,o6928,o6929,o693,o6930,o6931,o6932,o6933,o6934,o6935,o6936,o6937,o6938,o6939,o694,o6940,o6941,o6942,o6943,o6944,o6945,o6946,o6947,o6948,o6949,o695,o6950,o6951,o6952,o6953,o6954,o6955,o6956,o6957,o6958,o6959,o696,o6960,o6961,o6962,o6963,o6964,o6965,o6966,o6967,o6968,o6969,o697,o6970,o6971,o6972,o6973,o6974,o6975,o6976,o6977,o6978,o6979,o698,o6980,o6981,o6982,o6983,o6984,o6985,o6986,o6987,o6988,o6989,o699,o6990,o6991,o6992,o6993,o6994,o6995,o6996,o6997,o6998,o6999,o7,o70,o700,o7000,o7001,o7002,o7003,o7004,o7005,o7006,o7007,o7008,o7009,o701,o7010,o7011,o7012,o7013,o7014,o7015,o7016,o7017,o7018,o7019,o702,o7020,o7021,o7022,o7023,o7024,o7025,o7026,o7027,o7028,o7029,o703,o7030,o7031,o7032,o7033,o7034,o7035,o7036,o7037,o7038,o7039,o704,o7040,o7041,o7042,o7043,o7044,o7045,o7046,o7047,o7048,o7049,o705,o7050,o7051,o7052,o7053,o7054,o7055,o7056,o7057,o7058,o7059,o706,o7060,o7061,o7062,o7063,o7064,o7065,o7066,o7067,o7068,o7069,o707,o7070,o7071,o7072,o7073,o7074,o7075,o7076,o7077,o7078,o7079,o708,o7080,o7081,o7082,o7083,o7084,o7085,o7086,o7087,o7088,o7089,o709,o7090,o7091,o7092,o7093,o7094,o7095,o7096,o7097,o7098,o7099,o71,o710,o7100,o7101,o7102,o7103,o7104,o7105,o7106,o7107,o7108,o7109,o711,o7110,o7111,o7112,o7113,o7114,o7115,o7116,o7117,o7118,o7119,o712,o7120,o7121,o7122,o7123,o7124,o7125,o7126,o7127,o7128,o7129,o713,o7130,o7131,o7132,o7133,o7134,o7135,o7136,o7137,o7138,o7139,o714,o7140,o7141,o7142,o7143,o7144,o7145,o7146,o7147,o7148,o7149,o715,o7150,o7151,o7152,o7153,o7154,o7155,o7156,o7157,o7158,o7159,o716,o7160,o7161,o7162,o7163,o7164,o7165,o7166,o7167,o7168,o7169,o717,o7170,o7171,o7172,o7173,o7174,o7175,o7176,o7177,o7178,o7179,o718,o7180,o7181,o7182,o7183,o7184,o7185,o7186,o7187,o7188,o7189,o719,o7190,o7191,o7192,o7193,o7194,o7195,o7196,o7197,o7198,o7199,o72,o720,o7200,o7201,o7202,o7203,o7204,o7205,o7206,o7207,o7208,o7209,o721,o7210,o7211,o7212,o7213,o7214,o7215,o7216,o7217,o7218,o7219,o722,o7220,o7221,o7222,o7223,o7224,o7225,o7226,o7227,o7228,o7229,o723,o7230,o7231,o7232,o7233,o7234,o7235,o7236,o7237,o7238,o7239,o724,o7240,o7241,o7242,o7243,o7244,o7245,o7246,o7247,o7248,o7249,o725,o7250,o7251,o7252,o7253,o7254,o7255,o7256,o7257,o7258,o7259,o726,o7260,o7261,o7262,o7263,o7264,o7265,o7266,o7267,o7268,o7269,o727,o7270,o7271,o7272,o7273,o7274,o7275,o7276,o7277,o7278,o7279,o728,o7280,o7281,o7282,o7283,o7284,o7285,o7286}'::text[]))
	              Buffers: shared hit=18727 read=5273
	JIT:
	  Functions: 24
	  Options: Inlining false, Optimization false, Expressions true, Deforming true
	  Timing: Generation 0.663 ms, Inlining 0.000 ms, Optimization 0.366 ms, Emission 6.850 ms, Total 7.879 ms
2026-10-10 05:35:17.183 UTC [30772] hel1435-S2-prod-noio-R250000-b13-explain-r2 LOG:  temporary file: path "base/pgsql_tmp/pgsql_tmp30772.0", size 10018816
2026-10-10 05:35:17.183 UTC [30772] hel1435-S2-prod-noio-R250000-b13-explain-r2 STATEMENT:  DELETE FROM output_snapshot_history WHERE output_id = ANY($1) AND id IN (
	             SELECT id FROM (
	               SELECT id, age_class, bucket,
	                      row_number() OVER w AS recency,
	                      lag(age_class) OVER w AS prev_class,
	                      lag(bucket) OVER w AS prev_bucket
	               FROM (
	                 SELECT id, output_id, captured_at,
	                        CASE WHEN extract(epoch FROM ($2::timestamptz - captured_at)) < $3 THEN 0
	                             WHEN extract(epoch FROM ($4::timestamptz - captured_at)) < $5 THEN 1
	                             ELSE 2 END AS age_class,
	                        floor(extract(epoch FROM captured_at) /
	                          CASE WHEN extract(epoch FROM ($6::timestamptz - captured_at)) < $7 THEN $8
	                               WHEN extract(epoch FROM ($9::timestamptz - captured_at)) < $10 THEN $11
	                               ELSE $12 END) AS bucket
	                 FROM output_snapshot_history
	                 WHERE output_id = ANY($13)
	               ) classed
	               WINDOW w AS (PARTITION BY output_id ORDER BY captured_at DESC, id DESC)
	             ) ranked
	             WHERE recency > $14 AND prev_class = age_class AND prev_bucket = bucket)
2026-10-10 05:35:17.553 UTC [30774] hel1435-S2-prod-noio-R250000-b13-explain-r3 LOG:  duration: 170.272 ms  plan:
	Query Text: DELETE FROM output_snapshot_history h
	             USING pipelines p, users u
	             WHERE h.output_id = ANY($1) AND h.captured_at < $2
	               AND h.pipeline_id = p.id AND p.owner_id = u.id
	               AND h.captured_at < COALESCE(($3::timestamptz[])[array_position($4::text[], u.tier)], $5)
	Query Parameters: $1 = '{o6837,o6838,o6839,o684,o6840,o6841,o6842,o6843,o6844,o6845,o6846,o6847,o6848,o6849,o685,o6850,o6851,o6852,o6853,o6854,o6855,o6856,o6857,o6858,o6859,o686,o6860,o6861,o6862,o6863,o6864,o6865,o6866,o6867,o6868,o6869,o687,o6870,o6871,o6872,o6873,o6874,o6875,o6876,o6877,o6878,o6879,o688,o6880,o6881,o6882,o6883,o6884,o6885,o6886,o6887,o6888,o6889,o689,o6890,o6891,o6892,o6893,o6894,o6895,o6896,o6897,o6898,o6899,o69,o690,o6900,o6901,o6902,o6903,o6904,o6905,o6906,o6907,o6908,o6909,o691,o6910,o6911,o6912,o6913,o6914,o6915,o6916,o6917,o6918,o6919,o692,o6920,o6921,o6922,o6923,o6924,o6925,o6926,o6927,o6928,o6929,o693,o6930,o6931,o6932,o6933,o6934,o6935,o6936,o6937,o6938,o6939,o694,o6940,o6941,o6942,o6943,o6944,o6945,o6946,o6947,o6948,o6949,o695,o6950,o6951,o6952,o6953,o6954,o6955,o6956,o6957,o6958,o6959,o696,o6960,o6961,o6962,o6963,o6964,o6965,o6966,o6967,o6968,o6969,o697,o6970,o6971,o6972,o6973,o6974,o6975,o6976,o6977,o6978,o6979,o698,o6980,o6981,o6982,o6983,o6984,o6985,o6986,o6987,o6988,o6989,o699,o6990,o6991,o6992,o6993,o6994,o6995,o6996,o6997,o6998,o6999,o7,o70,o700,o7000,o7001,o7002,o7003,o7004,o7005,o7006,o7007,o7008,o7009,o701,o7010,o7011,o7012,o7013,o7014,o7015,o7016,o7017,o7018,o7019,o702,o7020,o7021,o7022,o7023,o7024,o7025,o7026,o7027,o7028,o7029,o703,o7030,o7031,o7032,o7033,o7034,o7035,o7036,o7037,o7038,o7039,o704,o7040,o7041,o7042,o7043,o7044,o7045,o7046,o7047,o7048,o7049,o705,o7050,o7051,o7052,o7053,o7054,o7055,o7056,o7057,o7058,o7059,o706,o7060,o7061,o7062,o7063,o7064,o7065,o7066,o7067,o7068,o7069,o707,o7070,o7071,o7072,o7073,o7074,o7075,o7076,o7077,o7078,o7079,o708,o7080,o7081,o7082,o7083,o7084,o7085,o7086,o7087,o7088,o7089,o709,o7090,o7091,o7092,o7093,o7094,o7095,o7096,o7097,o7098,o7099,o71,o710,o7100,o7101,o7102,o7103,o7104,o7105,o7106,o7107,o7108,o7109,o711,o7110,o7111,o7112,o7113,o7114,o7115,o7116,o7117,o7118,o7119,o712,o7120,o7121,o7122,o7123,o7124,o7125,o7126,o7127,o7128,o7129,o713,o7130,o7131,o7132,o7133,o7134,o7135,o7136,o7137,o7138,o7139,o714,o7140,o7141,o7142,o7143,o7144,o7145,o7146,o7147,o7148,o7149,o715,o7150,o7151,o7152,o7153,o7154,o7155,o7156,o7157,o7158,o7159,o716,o7160,o7161,o7162,o7163,o7164,o7165,o7166,o7167,o7168,o7169,o717,o7170,o7171,o7172,o7173,o7174,o7175,o7176,o7177,o7178,o7179,o718,o7180,o7181,o7182,o7183,o7184,o7185,o7186,o7187,o7188,o7189,o719,o7190,o7191,o7192,o7193,o7194,o7195,o7196,o7197,o7198,o7199,o72,o720,o7200,o7201,o7202,o7203,o7204,o7205,o7206,o7207,o7208,o7209,o721,o7210,o7211,o7212,o7213,o7214,o7215,o7216,o7217,o7218,o7219,o722,o7220,o7221,o7222,o7223,o7224,o7225,o7226,o7227,o7228,o7229,o723,o7230,o7231,o7232,o7233,o7234,o7235,o7236,o7237,o7238,o7239,o724,o7240,o7241,o7242,o7243,o7244,o7245,o7246,o7247,o7248,o7249,o725,o7250,o7251,o7252,o7253,o7254,o7255,o7256,o7257,o7258,o7259,o726,o7260,o7261,o7262,o7263,o7264,o7265,o7266,o7267,o7268,o7269,o727,o7270,o7271,o7272,o7273,o7274,o7275,o7276,o7277,o7278,o7279,o728,o7280,o7281,o7282,o7283,o7284,o7285,o7286}', $2 = '2026-09-09 22:00:00-07', $3 = '{"2026-09-09 22:00:00-07","2026-07-11 22:00:00-07","2025-10-09 22:00:00-07"}', $4 = '{free,beta,owner}', $5 = '2026-09-09 22:00:00-07'
	Delete on output_snapshot_history h  (cost=170.21..25421.08 rows=0 width=0) (actual time=170.268..170.271 rows=0 loops=1)
	  Buffers: shared hit=27 read=17964 dirtied=1 written=1
	  WAL: records=23 bytes=1242
	  ->  Hash Join  (cost=170.21..25421.08 rows=5153 width=18) (actual time=75.556..170.246 rows=23 loops=1)
	        Hash Cond: (p.owner_id = u.id)
	        Join Filter: (h.captured_at < COALESCE(('{"2026-09-09 22:00:00-07","2026-07-11 22:00:00-07","2025-10-09 22:00:00-07"}'::timestamp with time zone[])[array_position('{free,beta,owner}'::text[], u.tier)], '2026-09-09 22:00:00-07'::timestamp with time zone))
	        Rows Removed by Join Filter: 16425
	        Buffers: shared hit=4 read=17964 written=1
	        ->  Hash Join  (cost=111.70..25321.95 rows=15458 width=36) (actual time=0.669..167.246 rows=16448 loops=1)
	              Hash Cond: (h.pipeline_id = p.id)
	              Buffers: shared hit=4 read=17943 written=1
	              ->  Index Scan using idx_output_snapshot_history_captured_at on output_snapshot_history h  (cost=1.68..25171.28 rows=15463 width=19) (actual time=0.051..164.650 rows=16448 loops=1)
	                    Index Cond: (captured_at < '2026-09-09 22:00:00-07'::timestamp with time zone)
	                    Filter: (output_id = ANY ('{o6837,o6838,o6839,o684,o6840,o6841,o6842,o6843,o6844,o6845,o6846,o6847,o6848,o6849,o685,o6850,o6851,o6852,o6853,o6854,o6855,o6856,o6857,o6858,o6859,o686,o6860,o6861,o6862,o6863,o6864,o6865,o6866,o6867,o6868,o6869,o687,o6870,o6871,o6872,o6873,o6874,o6875,o6876,o6877,o6878,o6879,o688,o6880,o6881,o6882,o6883,o6884,o6885,o6886,o6887,o6888,o6889,o689,o6890,o6891,o6892,o6893,o6894,o6895,o6896,o6897,o6898,o6899,o69,o690,o6900,o6901,o6902,o6903,o6904,o6905,o6906,o6907,o6908,o6909,o691,o6910,o6911,o6912,o6913,o6914,o6915,o6916,o6917,o6918,o6919,o692,o6920,o6921,o6922,o6923,o6924,o6925,o6926,o6927,o6928,o6929,o693,o6930,o6931,o6932,o6933,o6934,o6935,o6936,o6937,o6938,o6939,o694,o6940,o6941,o6942,o6943,o6944,o6945,o6946,o6947,o6948,o6949,o695,o6950,o6951,o6952,o6953,o6954,o6955,o6956,o6957,o6958,o6959,o696,o6960,o6961,o6962,o6963,o6964,o6965,o6966,o6967,o6968,o6969,o697,o6970,o6971,o6972,o6973,o6974,o6975,o6976,o6977,o6978,o6979,o698,o6980,o6981,o6982,o6983,o6984,o6985,o6986,o6987,o6988,o6989,o699,o6990,o6991,o6992,o6993,o6994,o6995,o6996,o6997,o6998,o6999,o7,o70,o700,o7000,o7001,o7002,o7003,o7004,o7005,o7006,o7007,o7008,o7009,o701,o7010,o7011,o7012,o7013,o7014,o7015,o7016,o7017,o7018,o7019,o702,o7020,o7021,o7022,o7023,o7024,o7025,o7026,o7027,o7028,o7029,o703,o7030,o7031,o7032,o7033,o7034,o7035,o7036,o7037,o7038,o7039,o704,o7040,o7041,o7042,o7043,o7044,o7045,o7046,o7047,o7048,o7049,o705,o7050,o7051,o7052,o7053,o7054,o7055,o7056,o7057,o7058,o7059,o706,o7060,o7061,o7062,o7063,o7064,o7065,o7066,o7067,o7068,o7069,o707,o7070,o7071,o7072,o7073,o7074,o7075,o7076,o7077,o7078,o7079,o708,o7080,o7081,o7082,o7083,o7084,o7085,o7086,o7087,o7088,o7089,o709,o7090,o7091,o7092,o7093,o7094,o7095,o7096,o7097,o7098,o7099,o71,o710,o7100,o7101,o7102,o7103,o7104,o7105,o7106,o7107,o7108,o7109,o711,o7110,o7111,o7112,o7113,o7114,o7115,o7116,o7117,o7118,o7119,o712,o7120,o7121,o7122,o7123,o7124,o7125,o7126,o7127,o7128,o7129,o713,o7130,o7131,o7132,o7133,o7134,o7135,o7136,o7137,o7138,o7139,o714,o7140,o7141,o7142,o7143,o7144,o7145,o7146,o7147,o7148,o7149,o715,o7150,o7151,o7152,o7153,o7154,o7155,o7156,o7157,o7158,o7159,o716,o7160,o7161,o7162,o7163,o7164,o7165,o7166,o7167,o7168,o7169,o717,o7170,o7171,o7172,o7173,o7174,o7175,o7176,o7177,o7178,o7179,o718,o7180,o7181,o7182,o7183,o7184,o7185,o7186,o7187,o7188,o7189,o719,o7190,o7191,o7192,o7193,o7194,o7195,o7196,o7197,o7198,o7199,o72,o720,o7200,o7201,o7202,o7203,o7204,o7205,o7206,o7207,o7208,o7209,o721,o7210,o7211,o7212,o7213,o7214,o7215,o7216,o7217,o7218,o7219,o722,o7220,o7221,o7222,o7223,o7224,o7225,o7226,o7227,o7228,o7229,o723,o7230,o7231,o7232,o7233,o7234,o7235,o7236,o7237,o7238,o7239,o724,o7240,o7241,o7242,o7243,o7244,o7245,o7246,o7247,o7248,o7249,o725,o7250,o7251,o7252,o7253,o7254,o7255,o7256,o7257,o7258,o7259,o726,o7260,o7261,o7262,o7263,o7264,o7265,o7266,o7267,o7268,o7269,o727,o7270,o7271,o7272,o7273,o7274,o7275,o7276,o7277,o7278,o7279,o728,o7280,o7281,o7282,o7283,o7284,o7285,o7286}'::text[]))
	                    Rows Removed by Filter: 300200
	                    Buffers: shared hit=4 read=17908 written=1
	              ->  Hash  (cost=68.34..68.34 rows=3334 width=27) (actual time=0.602..0.602 rows=3334 loops=1)
	                    Buckets: 4096  Batches: 1  Memory Usage: 227kB
	                    Buffers: shared read=35
	                    ->  Seq Scan on pipelines p  (cost=0.00..68.34 rows=3334 width=27) (actual time=0.005..0.303 rows=3334 loops=1)
	                          Buffers: shared read=35
	        ->  Hash  (cost=37.67..37.67 rows=1667 width=27) (actual time=0.313..0.313 rows=1667 loops=1)
	              Buckets: 2048  Batches: 1  Memory Usage: 113kB
	              Buffers: shared read=21
	              ->  Seq Scan on users u  (cost=0.00..37.67 rows=1667 width=27) (actual time=0.006..0.168 rows=1667 loops=1)
	                    Buffers: shared read=21
2026-10-10 05:35:19.589 UTC [30774] hel1435-S2-prod-noio-R250000-b13-explain-r3 LOG:  duration: 2022.410 ms  plan:
	Query Text: DELETE FROM output_snapshot_history WHERE output_id = ANY($1) AND id IN (
	             SELECT id FROM (
	               SELECT id, age_class, bucket,
	                      row_number() OVER w AS recency,
	                      lag(age_class) OVER w AS prev_class,
	                      lag(bucket) OVER w AS prev_bucket
	               FROM (
	                 SELECT id, output_id, captured_at,
	                        CASE WHEN extract(epoch FROM ($2::timestamptz - captured_at)) < $3 THEN 0
	                             WHEN extract(epoch FROM ($4::timestamptz - captured_at)) < $5 THEN 1
	                             ELSE 2 END AS age_class,
	                        floor(extract(epoch FROM captured_at) /
	                          CASE WHEN extract(epoch FROM ($6::timestamptz - captured_at)) < $7 THEN $8
	                               WHEN extract(epoch FROM ($9::timestamptz - captured_at)) < $10 THEN $11
	                               ELSE $12 END) AS bucket
	                 FROM output_snapshot_history
	                 WHERE output_id = ANY($13)
	               ) classed
	               WINDOW w AS (PARTITION BY output_id ORDER BY captured_at DESC, id DESC)
	             ) ranked
	             WHERE recency > $14 AND prev_class = age_class AND prev_bucket = bucket)
	Query Parameters: $1 = '{o6837,o6838,o6839,o684,o6840,o6841,o6842,o6843,o6844,o6845,o6846,o6847,o6848,o6849,o685,o6850,o6851,o6852,o6853,o6854,o6855,o6856,o6857,o6858,o6859,o686,o6860,o6861,o6862,o6863,o6864,o6865,o6866,o6867,o6868,o6869,o687,o6870,o6871,o6872,o6873,o6874,o6875,o6876,o6877,o6878,o6879,o688,o6880,o6881,o6882,o6883,o6884,o6885,o6886,o6887,o6888,o6889,o689,o6890,o6891,o6892,o6893,o6894,o6895,o6896,o6897,o6898,o6899,o69,o690,o6900,o6901,o6902,o6903,o6904,o6905,o6906,o6907,o6908,o6909,o691,o6910,o6911,o6912,o6913,o6914,o6915,o6916,o6917,o6918,o6919,o692,o6920,o6921,o6922,o6923,o6924,o6925,o6926,o6927,o6928,o6929,o693,o6930,o6931,o6932,o6933,o6934,o6935,o6936,o6937,o6938,o6939,o694,o6940,o6941,o6942,o6943,o6944,o6945,o6946,o6947,o6948,o6949,o695,o6950,o6951,o6952,o6953,o6954,o6955,o6956,o6957,o6958,o6959,o696,o6960,o6961,o6962,o6963,o6964,o6965,o6966,o6967,o6968,o6969,o697,o6970,o6971,o6972,o6973,o6974,o6975,o6976,o6977,o6978,o6979,o698,o6980,o6981,o6982,o6983,o6984,o6985,o6986,o6987,o6988,o6989,o699,o6990,o6991,o6992,o6993,o6994,o6995,o6996,o6997,o6998,o6999,o7,o70,o700,o7000,o7001,o7002,o7003,o7004,o7005,o7006,o7007,o7008,o7009,o701,o7010,o7011,o7012,o7013,o7014,o7015,o7016,o7017,o7018,o7019,o702,o7020,o7021,o7022,o7023,o7024,o7025,o7026,o7027,o7028,o7029,o703,o7030,o7031,o7032,o7033,o7034,o7035,o7036,o7037,o7038,o7039,o704,o7040,o7041,o7042,o7043,o7044,o7045,o7046,o7047,o7048,o7049,o705,o7050,o7051,o7052,o7053,o7054,o7055,o7056,o7057,o7058,o7059,o706,o7060,o7061,o7062,o7063,o7064,o7065,o7066,o7067,o7068,o7069,o707,o7070,o7071,o7072,o7073,o7074,o7075,o7076,o7077,o7078,o7079,o708,o7080,o7081,o7082,o7083,o7084,o7085,o7086,o7087,o7088,o7089,o709,o7090,o7091,o7092,o7093,o7094,o7095,o7096,o7097,o7098,o7099,o71,o710,o7100,o7101,o7102,o7103,o7104,o7105,o7106,o7107,o7108,o7109,o711,o7110,o7111,o7112,o7113,o7114,o7115,o7116,o7117,o7118,o7119,o712,o7120,o7121,o7122,o7123,o7124,o7125,o7126,o7127,o7128,o7129,o713,o7130,o7131,o7132,o7133,o7134,o7135,o7136,o7137,o7138,o7139,o714,o7140,o7141,o7142,o7143,o7144,o7145,o7146,o7147,o7148,o7149,o715,o7150,o7151,o7152,o7153,o7154,o7155,o7156,o7157,o7158,o7159,o716,o7160,o7161,o7162,o7163,o7164,o7165,o7166,o7167,o7168,o7169,o717,o7170,o7171,o7172,o7173,o7174,o7175,o7176,o7177,o7178,o7179,o718,o7180,o7181,o7182,o7183,o7184,o7185,o7186,o7187,o7188,o7189,o719,o7190,o7191,o7192,o7193,o7194,o7195,o7196,o7197,o7198,o7199,o72,o720,o7200,o7201,o7202,o7203,o7204,o7205,o7206,o7207,o7208,o7209,o721,o7210,o7211,o7212,o7213,o7214,o7215,o7216,o7217,o7218,o7219,o722,o7220,o7221,o7222,o7223,o7224,o7225,o7226,o7227,o7228,o7229,o723,o7230,o7231,o7232,o7233,o7234,o7235,o7236,o7237,o7238,o7239,o724,o7240,o7241,o7242,o7243,o7244,o7245,o7246,o7247,o7248,o7249,o725,o7250,o7251,o7252,o7253,o7254,o7255,o7256,o7257,o7258,o7259,o726,o7260,o7261,o7262,o7263,o7264,o7265,o7266,o7267,o7268,o7269,o727,o7270,o7271,o7272,o7273,o7274,o7275,o7276,o7277,o7278,o7279,o728,o7280,o7281,o7282,o7283,o7284,o7285,o7286}', $2 = '2026-10-09 22:00:00-07', $3 = '86400', $4 = '2026-10-09 22:00:00-07', $5 = '604800', $6 = '2026-10-09 22:00:00-07', $7 = '86400', $8 = '300', $9 = '2026-10-09 22:00:00-07', $10 = '604800', $11 = '3600', $12 = '86400', $13 = '{o6837,o6838,o6839,o684,o6840,o6841,o6842,o6843,o6844,o6845,o6846,o6847,o6848,o6849,o685,o6850,o6851,o6852,o6853,o6854,o6855,o6856,o6857,o6858,o6859,o686,o6860,o6861,o6862,o6863,o6864,o6865,o6866,o6867,o6868,o6869,o687,o6870,o6871,o6872,o6873,o6874,o6875,o6876,o6877,o6878,o6879,o688,o6880,o6881,o6882,o6883,o6884,o6885,o6886,o6887,o6888,o6889,o689,o6890,o6891,o6892,o6893,o6894,o6895,o6896,o6897,o6898,o6899,o69,o690,o6900,o6901,o6902,o6903,o6904,o6905,o6906,o6907,o6908,o6909,o691,o6910,o6911,o6912,o6913,o6914,o6915,o6916,o6917,o6918,o6919,o692,o6920,o6921,o6922,o6923,o6924,o6925,o6926,o6927,o6928,o6929,o693,o6930,o6931,o6932,o6933,o6934,o6935,o6936,o6937,o6938,o6939,o694,o6940,o6941,o6942,o6943,o6944,o6945,o6946,o6947,o6948,o6949,o695,o6950,o6951,o6952,o6953,o6954,o6955,o6956,o6957,o6958,o6959,o696,o6960,o6961,o6962,o6963,o6964,o6965,o6966,o6967,o6968,o6969,o697,o6970,o6971,o6972,o6973,o6974,o6975,o6976,o6977,o6978,o6979,o698,o6980,o6981,o6982,o6983,o6984,o6985,o6986,o6987,o6988,o6989,o699,o6990,o6991,o6992,o6993,o6994,o6995,o6996,o6997,o6998,o6999,o7,o70,o700,o7000,o7001,o7002,o7003,o7004,o7005,o7006,o7007,o7008,o7009,o701,o7010,o7011,o7012,o7013,o7014,o7015,o7016,o7017,o7018,o7019,o702,o7020,o7021,o7022,o7023,o7024,o7025,o7026,o7027,o7028,o7029,o703,o7030,o7031,o7032,o7033,o7034,o7035,o7036,o7037,o7038,o7039,o704,o7040,o7041,o7042,o7043,o7044,o7045,o7046,o7047,o7048,o7049,o705,o7050,o7051,o7052,o7053,o7054,o7055,o7056,o7057,o7058,o7059,o706,o7060,o7061,o7062,o7063,o7064,o7065,o7066,o7067,o7068,o7069,o707,o7070,o7071,o7072,o7073,o7074,o7075,o7076,o7077,o7078,o7079,o708,o7080,o7081,o7082,o7083,o7084,o7085,o7086,o7087,o7088,o7089,o709,o7090,o7091,o7092,o7093,o7094,o7095,o7096,o7097,o7098,o7099,o71,o710,o7100,o7101,o7102,o7103,o7104,o7105,o7106,o7107,o7108,o7109,o711,o7110,o7111,o7112,o7113,o7114,o7115,o7116,o7117,o7118,o7119,o712,o7120,o7121,o7122,o7123,o7124,o7125,o7126,o7127,o7128,o7129,o713,o7130,o7131,o7132,o7133,o7134,o7135,o7136,o7137,o7138,o7139,o714,o7140,o7141,o7142,o7143,o7144,o7145,o7146,o7147,o7148,o7149,o715,o7150,o7151,o7152,o7153,o7154,o7155,o7156,o7157,o7158,o7159,o716,o7160,o7161,o7162,o7163,o7164,o7165,o7166,o7167,o7168,o7169,o717,o7170,o7171,o7172,o7173,o7174,o7175,o7176,o7177,o7178,o7179,o718,o7180,o7181,o7182,o7183,o7184,o7185,o7186,o7187,o7188,o7189,o719,o7190,o7191,o7192,o7193,o7194,o7195,o7196,o7197,o7198,o7199,o72,o720,o7200,o7201,o7202,o7203,o7204,o7205,o7206,o7207,o7208,o7209,o721,o7210,o7211,o7212,o7213,o7214,o7215,o7216,o7217,o7218,o7219,o722,o7220,o7221,o7222,o7223,o7224,o7225,o7226,o7227,o7228,o7229,o723,o7230,o7231,o7232,o7233,o7234,o7235,o7236,o7237,o7238,o7239,o724,o7240,o7241,o7242,o7243,o7244,o7245,o7246,o7247,o7248,o7249,o725,o7250,o7251,o7252,o7253,o7254,o7255,o7256,o7257,o7258,o7259,o726,o7260,o7261,o7262,o7263,o7264,o7265,o7266,o7267,o7268,o7269,o727,o7270,o7271,o7272,o7273,o7274,o7275,o7276,o7277,o7278,o7279,o728,o7280,o7281,o7282,o7283,o7284,o7285,o7286}', $14 = '102'
	Delete on output_snapshot_history  (cost=411499.15..411516.89 rows=0 width=0) (actual time=2022.405..2022.409 rows=0 loops=1)
	  Buffers: shared hit=38504 read=268684 dirtied=11 written=4, temp read=1223 written=1227
	  WAL: records=6000 bytes=324000
	  ->  Nested Loop  (cost=411499.15..411516.89 rows=1 width=46) (actual time=1999.672..2020.756 rows=6000 loops=1)
	        Buffers: shared hit=32504 read=268684 written=4, temp read=1223 written=1227
	        ->  Unique  (cost=411497.47..411497.48 rows=2 width=56) (actual time=1999.592..2001.029 rows=6000 loops=1)
	              Buffers: shared hit=13825 read=263363, temp read=1223 written=1227
	              ->  Sort  (cost=411497.47..411497.47 rows=2 width=56) (actual time=1999.591..2000.367 rows=6000 loops=1)
	                    Sort Key: ranked.id
	                    Sort Method: quicksort  Memory: 849kB
	                    Buffers: shared hit=13825 read=263363, temp read=1223 written=1227
	                    ->  Subquery Scan on ranked  (cost=380333.71..411497.46 rows=2 width=56) (actual time=1491.441..1998.315 rows=6000 loops=1)
	                          Filter: ((ranked.recency > 102) AND (ranked.prev_class = ranked.age_class) AND (ranked.prev_bucket = ranked.bucket))
	                          Rows Removed by Filter: 243925
	                          Buffers: shared hit=13822 read=263363, temp read=1223 written=1227
	                          ->  WindowAgg  (cost=380333.71..407134.53 rows=249310 width=109) (actual time=1491.171..1987.140 rows=249925 loops=1)
	                                Buffers: shared hit=13822 read=263363, temp read=1223 written=1227
	                                ->  Sort  (cost=380333.71..380956.98 rows=249310 width=29) (actual time=1491.107..1561.091 rows=249925 loops=1)
	                                      Sort Key: output_snapshot_history_1.output_id, output_snapshot_history_1.captured_at DESC, output_snapshot_history_1.id DESC
	                                      Sort Method: external merge  Disk: 9784kB
	                                      Buffers: shared hit=13822 read=263363, temp read=1223 written=1227
	                                      ->  Seq Scan on output_snapshot_history output_snapshot_history_1  (cost=1.25..352018.58 rows=249310 width=29) (actual time=6.106..1244.095 rows=249925 loops=1)
	                                            Filter: (output_id = ANY ('{o6837,o6838,o6839,o684,o6840,o6841,o6842,o6843,o6844,o6845,o6846,o6847,o6848,o6849,o685,o6850,o6851,o6852,o6853,o6854,o6855,o6856,o6857,o6858,o6859,o686,o6860,o6861,o6862,o6863,o6864,o6865,o6866,o6867,o6868,o6869,o687,o6870,o6871,o6872,o6873,o6874,o6875,o6876,o6877,o6878,o6879,o688,o6880,o6881,o6882,o6883,o6884,o6885,o6886,o6887,o6888,o6889,o689,o6890,o6891,o6892,o6893,o6894,o6895,o6896,o6897,o6898,o6899,o69,o690,o6900,o6901,o6902,o6903,o6904,o6905,o6906,o6907,o6908,o6909,o691,o6910,o6911,o6912,o6913,o6914,o6915,o6916,o6917,o6918,o6919,o692,o6920,o6921,o6922,o6923,o6924,o6925,o6926,o6927,o6928,o6929,o693,o6930,o6931,o6932,o6933,o6934,o6935,o6936,o6937,o6938,o6939,o694,o6940,o6941,o6942,o6943,o6944,o6945,o6946,o6947,o6948,o6949,o695,o6950,o6951,o6952,o6953,o6954,o6955,o6956,o6957,o6958,o6959,o696,o6960,o6961,o6962,o6963,o6964,o6965,o6966,o6967,o6968,o6969,o697,o6970,o6971,o6972,o6973,o6974,o6975,o6976,o6977,o6978,o6979,o698,o6980,o6981,o6982,o6983,o6984,o6985,o6986,o6987,o6988,o6989,o699,o6990,o6991,o6992,o6993,o6994,o6995,o6996,o6997,o6998,o6999,o7,o70,o700,o7000,o7001,o7002,o7003,o7004,o7005,o7006,o7007,o7008,o7009,o701,o7010,o7011,o7012,o7013,o7014,o7015,o7016,o7017,o7018,o7019,o702,o7020,o7021,o7022,o7023,o7024,o7025,o7026,o7027,o7028,o7029,o703,o7030,o7031,o7032,o7033,o7034,o7035,o7036,o7037,o7038,o7039,o704,o7040,o7041,o7042,o7043,o7044,o7045,o7046,o7047,o7048,o7049,o705,o7050,o7051,o7052,o7053,o7054,o7055,o7056,o7057,o7058,o7059,o706,o7060,o7061,o7062,o7063,o7064,o7065,o7066,o7067,o7068,o7069,o707,o7070,o7071,o7072,o7073,o7074,o7075,o7076,o7077,o7078,o7079,o708,o7080,o7081,o7082,o7083,o7084,o7085,o7086,o7087,o7088,o7089,o709,o7090,o7091,o7092,o7093,o7094,o7095,o7096,o7097,o7098,o7099,o71,o710,o7100,o7101,o7102,o7103,o7104,o7105,o7106,o7107,o7108,o7109,o711,o7110,o7111,o7112,o7113,o7114,o7115,o7116,o7117,o7118,o7119,o712,o7120,o7121,o7122,o7123,o7124,o7125,o7126,o7127,o7128,o7129,o713,o7130,o7131,o7132,o7133,o7134,o7135,o7136,o7137,o7138,o7139,o714,o7140,o7141,o7142,o7143,o7144,o7145,o7146,o7147,o7148,o7149,o715,o7150,o7151,o7152,o7153,o7154,o7155,o7156,o7157,o7158,o7159,o716,o7160,o7161,o7162,o7163,o7164,o7165,o7166,o7167,o7168,o7169,o717,o7170,o7171,o7172,o7173,o7174,o7175,o7176,o7177,o7178,o7179,o718,o7180,o7181,o7182,o7183,o7184,o7185,o7186,o7187,o7188,o7189,o719,o7190,o7191,o7192,o7193,o7194,o7195,o7196,o7197,o7198,o7199,o72,o720,o7200,o7201,o7202,o7203,o7204,o7205,o7206,o7207,o7208,o7209,o721,o7210,o7211,o7212,o7213,o7214,o7215,o7216,o7217,o7218,o7219,o722,o7220,o7221,o7222,o7223,o7224,o7225,o7226,o7227,o7228,o7229,o723,o7230,o7231,o7232,o7233,o7234,o7235,o7236,o7237,o7238,o7239,o724,o7240,o7241,o7242,o7243,o7244,o7245,o7246,o7247,o7248,o7249,o725,o7250,o7251,o7252,o7253,o7254,o7255,o7256,o7257,o7258,o7259,o726,o7260,o7261,o7262,o7263,o7264,o7265,o7266,o7267,o7268,o7269,o727,o7270,o7271,o7272,o7273,o7274,o7275,o7276,o7277,o7278,o7279,o728,o7280,o7281,o7282,o7283,o7284,o7285,o7286}'::text[]))
	                                            Rows Removed by Filter: 4736700
	                                            Buffers: shared hit=13816 read=263363
	        ->  Index Scan using output_snapshot_history_pkey on output_snapshot_history  (cost=1.68..9.71 rows=1 width=22) (actual time=0.003..0.003 rows=1 loops=6000)
	              Index Cond: (id = ranked.id)
	              Filter: (output_id = ANY ('{o6837,o6838,o6839,o684,o6840,o6841,o6842,o6843,o6844,o6845,o6846,o6847,o6848,o6849,o685,o6850,o6851,o6852,o6853,o6854,o6855,o6856,o6857,o6858,o6859,o686,o6860,o6861,o6862,o6863,o6864,o6865,o6866,o6867,o6868,o6869,o687,o6870,o6871,o6872,o6873,o6874,o6875,o6876,o6877,o6878,o6879,o688,o6880,o6881,o6882,o6883,o6884,o6885,o6886,o6887,o6888,o6889,o689,o6890,o6891,o6892,o6893,o6894,o6895,o6896,o6897,o6898,o6899,o69,o690,o6900,o6901,o6902,o6903,o6904,o6905,o6906,o6907,o6908,o6909,o691,o6910,o6911,o6912,o6913,o6914,o6915,o6916,o6917,o6918,o6919,o692,o6920,o6921,o6922,o6923,o6924,o6925,o6926,o6927,o6928,o6929,o693,o6930,o6931,o6932,o6933,o6934,o6935,o6936,o6937,o6938,o6939,o694,o6940,o6941,o6942,o6943,o6944,o6945,o6946,o6947,o6948,o6949,o695,o6950,o6951,o6952,o6953,o6954,o6955,o6956,o6957,o6958,o6959,o696,o6960,o6961,o6962,o6963,o6964,o6965,o6966,o6967,o6968,o6969,o697,o6970,o6971,o6972,o6973,o6974,o6975,o6976,o6977,o6978,o6979,o698,o6980,o6981,o6982,o6983,o6984,o6985,o6986,o6987,o6988,o6989,o699,o6990,o6991,o6992,o6993,o6994,o6995,o6996,o6997,o6998,o6999,o7,o70,o700,o7000,o7001,o7002,o7003,o7004,o7005,o7006,o7007,o7008,o7009,o701,o7010,o7011,o7012,o7013,o7014,o7015,o7016,o7017,o7018,o7019,o702,o7020,o7021,o7022,o7023,o7024,o7025,o7026,o7027,o7028,o7029,o703,o7030,o7031,o7032,o7033,o7034,o7035,o7036,o7037,o7038,o7039,o704,o7040,o7041,o7042,o7043,o7044,o7045,o7046,o7047,o7048,o7049,o705,o7050,o7051,o7052,o7053,o7054,o7055,o7056,o7057,o7058,o7059,o706,o7060,o7061,o7062,o7063,o7064,o7065,o7066,o7067,o7068,o7069,o707,o7070,o7071,o7072,o7073,o7074,o7075,o7076,o7077,o7078,o7079,o708,o7080,o7081,o7082,o7083,o7084,o7085,o7086,o7087,o7088,o7089,o709,o7090,o7091,o7092,o7093,o7094,o7095,o7096,o7097,o7098,o7099,o71,o710,o7100,o7101,o7102,o7103,o7104,o7105,o7106,o7107,o7108,o7109,o711,o7110,o7111,o7112,o7113,o7114,o7115,o7116,o7117,o7118,o7119,o712,o7120,o7121,o7122,o7123,o7124,o7125,o7126,o7127,o7128,o7129,o713,o7130,o7131,o7132,o7133,o7134,o7135,o7136,o7137,o7138,o7139,o714,o7140,o7141,o7142,o7143,o7144,o7145,o7146,o7147,o7148,o7149,o715,o7150,o7151,o7152,o7153,o7154,o7155,o7156,o7157,o7158,o7159,o716,o7160,o7161,o7162,o7163,o7164,o7165,o7166,o7167,o7168,o7169,o717,o7170,o7171,o7172,o7173,o7174,o7175,o7176,o7177,o7178,o7179,o718,o7180,o7181,o7182,o7183,o7184,o7185,o7186,o7187,o7188,o7189,o719,o7190,o7191,o7192,o7193,o7194,o7195,o7196,o7197,o7198,o7199,o72,o720,o7200,o7201,o7202,o7203,o7204,o7205,o7206,o7207,o7208,o7209,o721,o7210,o7211,o7212,o7213,o7214,o7215,o7216,o7217,o7218,o7219,o722,o7220,o7221,o7222,o7223,o7224,o7225,o7226,o7227,o7228,o7229,o723,o7230,o7231,o7232,o7233,o7234,o7235,o7236,o7237,o7238,o7239,o724,o7240,o7241,o7242,o7243,o7244,o7245,o7246,o7247,o7248,o7249,o725,o7250,o7251,o7252,o7253,o7254,o7255,o7256,o7257,o7258,o7259,o726,o7260,o7261,o7262,o7263,o7264,o7265,o7266,o7267,o7268,o7269,o727,o7270,o7271,o7272,o7273,o7274,o7275,o7276,o7277,o7278,o7279,o728,o7280,o7281,o7282,o7283,o7284,o7285,o7286}'::text[]))
	              Buffers: shared hit=18679 read=5321 written=4
	JIT:
	  Functions: 24
	  Options: Inlining false, Optimization false, Expressions true, Deforming true
	  Timing: Generation 0.665 ms, Inlining 0.000 ms, Optimization 0.334 ms, Emission 5.792 ms, Total 6.791 ms
2026-10-10 05:35:19.641 UTC [30774] hel1435-S2-prod-noio-R250000-b13-explain-r3 LOG:  temporary file: path "base/pgsql_tmp/pgsql_tmp30774.0", size 10018816
2026-10-10 05:35:19.641 UTC [30774] hel1435-S2-prod-noio-R250000-b13-explain-r3 STATEMENT:  DELETE FROM output_snapshot_history WHERE output_id = ANY($1) AND id IN (
	             SELECT id FROM (
	               SELECT id, age_class, bucket,
	                      row_number() OVER w AS recency,
	                      lag(age_class) OVER w AS prev_class,
	                      lag(bucket) OVER w AS prev_bucket
	               FROM (
	                 SELECT id, output_id, captured_at,
	                        CASE WHEN extract(epoch FROM ($2::timestamptz - captured_at)) < $3 THEN 0
	                             WHEN extract(epoch FROM ($4::timestamptz - captured_at)) < $5 THEN 1
	                             ELSE 2 END AS age_class,
	                        floor(extract(epoch FROM captured_at) /
	                          CASE WHEN extract(epoch FROM ($6::timestamptz - captured_at)) < $7 THEN $8
	                               WHEN extract(epoch FROM ($9::timestamptz - captured_at)) < $10 THEN $11
	                               ELSE $12 END) AS bucket
	                 FROM output_snapshot_history
	                 WHERE output_id = ANY($13)
	               ) classed
	               WINDOW w AS (PARTITION BY output_id ORDER BY captured_at DESC, id DESC)
	             ) ranked
	             WHERE recency > $14 AND prev_class = age_class AND prev_bucket = bucket)
2026-10-10 05:35:21.957 UTC [30776] hel1435-S2-prod-noio-R250000-b13-timed-r1 LOG:  temporary file: path "base/pgsql_tmp/pgsql_tmp30776.0", size 10018816
2026-10-10 05:35:21.957 UTC [30776] hel1435-S2-prod-noio-R250000-b13-timed-r1 STATEMENT:  DELETE FROM output_snapshot_history WHERE output_id = ANY($1) AND id IN (
	             SELECT id FROM (
	               SELECT id, age_class, bucket,
	                      row_number() OVER w AS recency,
	                      lag(age_class) OVER w AS prev_class,
	                      lag(bucket) OVER w AS prev_bucket
	               FROM (
	                 SELECT id, output_id, captured_at,
	                        CASE WHEN extract(epoch FROM ($2::timestamptz - captured_at)) < $3 THEN 0
	                             WHEN extract(epoch FROM ($4::timestamptz - captured_at)) < $5 THEN 1
	                             ELSE 2 END AS age_class,
	                        floor(extract(epoch FROM captured_at) /
	                          CASE WHEN extract(epoch FROM ($6::timestamptz - captured_at)) < $7 THEN $8
	                               WHEN extract(epoch FROM ($9::timestamptz - captured_at)) < $10 THEN $11
	                               ELSE $12 END) AS bucket
	                 FROM output_snapshot_history
	                 WHERE output_id = ANY($13)
	               ) classed
	               WINDOW w AS (PARTITION BY output_id ORDER BY captured_at DESC, id DESC)
	             ) ranked
	             WHERE recency > $14 AND prev_class = age_class AND prev_bucket = bucket)
2026-10-10 05:35:24.287 UTC [30778] hel1435-S2-prod-noio-R250000-b13-timed-r2 LOG:  temporary file: path "base/pgsql_tmp/pgsql_tmp30778.0", size 10018816
2026-10-10 05:35:24.287 UTC [30778] hel1435-S2-prod-noio-R250000-b13-timed-r2 STATEMENT:  DELETE FROM output_snapshot_history WHERE output_id = ANY($1) AND id IN (
	             SELECT id FROM (
	               SELECT id, age_class, bucket,
	                      row_number() OVER w AS recency,
	                      lag(age_class) OVER w AS prev_class,
	                      lag(bucket) OVER w AS prev_bucket
	               FROM (
	                 SELECT id, output_id, captured_at,
	                        CASE WHEN extract(epoch FROM ($2::timestamptz - captured_at)) < $3 THEN 0
	                             WHEN extract(epoch FROM ($4::timestamptz - captured_at)) < $5 THEN 1
	                             ELSE 2 END AS age_class,
	                        floor(extract(epoch FROM captured_at) /
	                          CASE WHEN extract(epoch FROM ($6::timestamptz - captured_at)) < $7 THEN $8
	                               WHEN extract(epoch FROM ($9::timestamptz - captured_at)) < $10 THEN $11
	                               ELSE $12 END) AS bucket
	                 FROM output_snapshot_history
	                 WHERE output_id = ANY($13)
	               ) classed
	               WINDOW w AS (PARTITION BY output_id ORDER BY captured_at DESC, id DESC)
	             ) ranked
	             WHERE recency > $14 AND prev_class = age_class AND prev_bucket = bucket)
2026-10-10 05:35:26.586 UTC [30780] hel1435-S2-prod-noio-R250000-b13-timed-r3 LOG:  temporary file: path "base/pgsql_tmp/pgsql_tmp30780.0", size 10018816
2026-10-10 05:35:26.586 UTC [30780] hel1435-S2-prod-noio-R250000-b13-timed-r3 STATEMENT:  DELETE FROM output_snapshot_history WHERE output_id = ANY($1) AND id IN (
	             SELECT id FROM (
	               SELECT id, age_class, bucket,
	                      row_number() OVER w AS recency,
	                      lag(age_class) OVER w AS prev_class,
	                      lag(bucket) OVER w AS prev_bucket
	               FROM (
	                 SELECT id, output_id, captured_at,
	                        CASE WHEN extract(epoch FROM ($2::timestamptz - captured_at)) < $3 THEN 0
	                             WHEN extract(epoch FROM ($4::timestamptz - captured_at)) < $5 THEN 1
	                             ELSE 2 END AS age_class,
	                        floor(extract(epoch FROM captured_at) /
	                          CASE WHEN extract(epoch FROM ($6::timestamptz - captured_at)) < $7 THEN $8
	                               WHEN extract(epoch FROM ($9::timestamptz - captured_at)) < $10 THEN $11
	                               ELSE $12 END) AS bucket
	                 FROM output_snapshot_history
	                 WHERE output_id = ANY($13)
	               ) classed
	               WINDOW w AS (PARTITION BY output_id ORDER BY captured_at DESC, id DESC)
	             ) ranked
	             WHERE recency > $14 AND prev_class = age_class AND prev_bucket = bucket)
2026-10-10 05:35:26.681 UTC [30782] hel1435-S2-prod-noio-R250000-b20-explain-r1 LOG:  duration: 25.270 ms  plan:
	Query Text: DELETE FROM output_snapshot_history WHERE output_id = ANY($1) AND id IN (
	             SELECT id FROM (
	               SELECT id, age_class, bucket,
	                      row_number() OVER w AS recency,
	                      lag(age_class) OVER w AS prev_class,
	                      lag(bucket) OVER w AS prev_bucket
	               FROM (
	                 SELECT id, output_id, captured_at,
	                        CASE WHEN extract(epoch FROM ($2::timestamptz - captured_at)) < $3 THEN 0
	                             WHEN extract(epoch FROM ($4::timestamptz - captured_at)) < $5 THEN 1
	                             ELSE 2 END AS age_class,
	                        floor(extract(epoch FROM captured_at) /
	                          CASE WHEN extract(epoch FROM ($6::timestamptz - captured_at)) < $7 THEN $8
	                               WHEN extract(epoch FROM ($9::timestamptz - captured_at)) < $10 THEN $11
	                               ELSE $12 END) AS bucket
	                 FROM output_snapshot_history
	                 WHERE output_id = ANY($13)
	               ) classed
	               WINDOW w AS (PARTITION BY output_id ORDER BY captured_at DESC, id DESC)
	             ) ranked
	             WHERE recency > $14 AND prev_class = age_class AND prev_bucket = bucket)
	Query Parameters: $1 = '{o9981,o9982,o9983,o9984,o9985,o9986,o9987,o9988,o9989,o999,o9990,o9991,o9992,o9993,o9994,o9995,o9996,o9997,o9998,o9999}', $2 = '2026-10-09 22:00:00-07', $3 = '86400', $4 = '2026-10-09 22:00:00-07', $5 = '604800', $6 = '2026-10-09 22:00:00-07', $7 = '86400', $8 = '300', $9 = '2026-10-09 22:00:00-07', $10 = '604800', $11 = '3600', $12 = '86400', $13 = '{o9981,o9982,o9983,o9984,o9985,o9986,o9987,o9988,o9989,o999,o9990,o9991,o9992,o9993,o9994,o9995,o9996,o9997,o9998,o9999}', $14 = '102'
	Delete on output_snapshot_history  (cost=36124.16..36132.20 rows=0 width=0) (actual time=25.267..25.269 rows=0 loops=1)
	  Buffers: shared hit=1174 read=1550 dirtied=30
	  WAL: records=240 fpi=13 bytes=117089
	  ->  Nested Loop  (cost=36124.16..36132.20 rows=1 width=46) (actual time=23.535..25.163 rows=240 loops=1)
	        Buffers: shared hit=934 read=1550
	        ->  HashAggregate  (cost=36123.68..36123.69 rows=1 width=56) (actual time=23.488..23.524 rows=240 loops=1)
	              Group Key: ranked.id
	              Batches: 1  Memory Usage: 117kB
	              Buffers: shared hit=162 read=1362
	              ->  Subquery Scan on ranked  (cost=34877.18..36123.68 rows=1 width=56) (actual time=13.719..23.440 rows=240 loops=1)
	                    Filter: ((ranked.recency > 102) AND (ranked.prev_class = ranked.age_class) AND (ranked.prev_bucket = ranked.bucket))
	                    Rows Removed by Filter: 9100
	                    Buffers: shared hit=162 read=1362
	                    ->  WindowAgg  (cost=34877.18..35949.17 rows=9972 width=109) (actual time=13.440..22.889 rows=9340 loops=1)
	                          Buffers: shared hit=162 read=1362
	                          ->  Sort  (cost=34877.18..34902.11 rows=9972 width=29) (actual time=13.393..13.727 rows=9340 loops=1)
	                                Sort Key: output_snapshot_history_1.output_id, output_snapshot_history_1.captured_at DESC, output_snapshot_history_1.id DESC
	                                Sort Method: quicksort  Memory: 895kB
	                                Buffers: shared hit=162 read=1362
	                                ->  Bitmap Heap Scan on output_snapshot_history output_snapshot_history_1  (cost=406.04..34214.85 rows=9972 width=29) (actual time=0.612..8.752 rows=9340 loops=1)
	                                      Recheck Cond: (output_id = ANY ('{o9981,o9982,o9983,o9984,o9985,o9986,o9987,o9988,o9989,o999,o9990,o9991,o9992,o9993,o9994,o9995,o9996,o9997,o9998,o9999}'::text[]))
	                                      Heap Blocks: exact=1402
	                                      Buffers: shared hit=153 read=1362
	                                      ->  Bitmap Index Scan on idx_output_snapshot_history_output_captured  (cost=0.00..403.50 rows=9972 width=0) (actual time=0.495..0.495 rows=9342 loops=1)
	                                            Index Cond: (output_id = ANY ('{o9981,o9982,o9983,o9984,o9985,o9986,o9987,o9988,o9989,o999,o9990,o9991,o9992,o9993,o9994,o9995,o9996,o9997,o9998,o9999}'::text[]))
	                                            Buffers: shared hit=113
	        ->  Index Scan using output_snapshot_history_pkey on output_snapshot_history  (cost=0.48..8.51 rows=1 width=22) (actual time=0.007..0.007 rows=1 loops=240)
	              Index Cond: (id = ranked.id)
	              Filter: (output_id = ANY ('{o9981,o9982,o9983,o9984,o9985,o9986,o9987,o9988,o9989,o999,o9990,o9991,o9992,o9993,o9994,o9995,o9996,o9997,o9998,o9999}'::text[]))
	              Buffers: shared hit=772 read=188
2026-10-10 05:35:26.770 UTC [30784] hel1435-S2-prod-noio-R250000-b20-explain-r2 LOG:  duration: 16.997 ms  plan:
	Query Text: DELETE FROM output_snapshot_history WHERE output_id = ANY($1) AND id IN (
	             SELECT id FROM (
	               SELECT id, age_class, bucket,
	                      row_number() OVER w AS recency,
	                      lag(age_class) OVER w AS prev_class,
	                      lag(bucket) OVER w AS prev_bucket
	               FROM (
	                 SELECT id, output_id, captured_at,
	                        CASE WHEN extract(epoch FROM ($2::timestamptz - captured_at)) < $3 THEN 0
	                             WHEN extract(epoch FROM ($4::timestamptz - captured_at)) < $5 THEN 1
	                             ELSE 2 END AS age_class,
	                        floor(extract(epoch FROM captured_at) /
	                          CASE WHEN extract(epoch FROM ($6::timestamptz - captured_at)) < $7 THEN $8
	                               WHEN extract(epoch FROM ($9::timestamptz - captured_at)) < $10 THEN $11
	                               ELSE $12 END) AS bucket
	                 FROM output_snapshot_history
	                 WHERE output_id = ANY($13)
	               ) classed
	               WINDOW w AS (PARTITION BY output_id ORDER BY captured_at DESC, id DESC)
	             ) ranked
	             WHERE recency > $14 AND prev_class = age_class AND prev_bucket = bucket)
	Query Parameters: $1 = '{o9981,o9982,o9983,o9984,o9985,o9986,o9987,o9988,o9989,o999,o9990,o9991,o9992,o9993,o9994,o9995,o9996,o9997,o9998,o9999}', $2 = '2026-10-09 22:00:00-07', $3 = '86400', $4 = '2026-10-09 22:00:00-07', $5 = '604800', $6 = '2026-10-09 22:00:00-07', $7 = '86400', $8 = '300', $9 = '2026-10-09 22:00:00-07', $10 = '604800', $11 = '3600', $12 = '86400', $13 = '{o9981,o9982,o9983,o9984,o9985,o9986,o9987,o9988,o9989,o999,o9990,o9991,o9992,o9993,o9994,o9995,o9996,o9997,o9998,o9999}', $14 = '102'
	Delete on output_snapshot_history  (cost=36124.16..36132.20 rows=0 width=0) (actual time=16.994..16.996 rows=0 loops=1)
	  Buffers: shared hit=2724
	  WAL: records=240 bytes=12960
	  ->  Nested Loop  (cost=36124.16..36132.20 rows=1 width=46) (actual time=15.762..16.928 rows=240 loops=1)
	        Buffers: shared hit=2484
	        ->  HashAggregate  (cost=36123.68..36123.69 rows=1 width=56) (actual time=15.732..15.763 rows=240 loops=1)
	              Group Key: ranked.id
	              Batches: 1  Memory Usage: 117kB
	              Buffers: shared hit=1524
	              ->  Subquery Scan on ranked  (cost=34877.18..36123.68 rows=1 width=56) (actual time=6.625..15.692 rows=240 loops=1)
	                    Filter: ((ranked.recency > 102) AND (ranked.prev_class = ranked.age_class) AND (ranked.prev_bucket = ranked.bucket))
	                    Rows Removed by Filter: 9100
	                    Buffers: shared hit=1524
	                    ->  WindowAgg  (cost=34877.18..35949.17 rows=9972 width=109) (actual time=6.348..15.176 rows=9340 loops=1)
	                          Buffers: shared hit=1524
	                          ->  Sort  (cost=34877.18..34902.11 rows=9972 width=29) (actual time=6.304..6.591 rows=9340 loops=1)
	                                Sort Key: output_snapshot_history_1.output_id, output_snapshot_history_1.captured_at DESC, output_snapshot_history_1.id DESC
	                                Sort Method: quicksort  Memory: 895kB
	                                Buffers: shared hit=1524
	                                ->  Bitmap Heap Scan on output_snapshot_history output_snapshot_history_1  (cost=406.04..34214.85 rows=9972 width=29) (actual time=0.430..2.815 rows=9340 loops=1)
	                                      Recheck Cond: (output_id = ANY ('{o9981,o9982,o9983,o9984,o9985,o9986,o9987,o9988,o9989,o999,o9990,o9991,o9992,o9993,o9994,o9995,o9996,o9997,o9998,o9999}'::text[]))
	                                      Heap Blocks: exact=1402
	                                      Buffers: shared hit=1515
	                                      ->  Bitmap Index Scan on idx_output_snapshot_history_output_captured  (cost=0.00..403.50 rows=9972 width=0) (actual time=0.336..0.336 rows=9342 loops=1)
	                                            Index Cond: (output_id = ANY ('{o9981,o9982,o9983,o9984,o9985,o9986,o9987,o9988,o9989,o999,o9990,o9991,o9992,o9993,o9994,o9995,o9996,o9997,o9998,o9999}'::text[]))
	                                            Buffers: shared hit=113
	        ->  Index Scan using output_snapshot_history_pkey on output_snapshot_history  (cost=0.48..8.51 rows=1 width=22) (actual time=0.005..0.005 rows=1 loops=240)
	              Index Cond: (id = ranked.id)
	              Filter: (output_id = ANY ('{o9981,o9982,o9983,o9984,o9985,o9986,o9987,o9988,o9989,o999,o9990,o9991,o9992,o9993,o9994,o9995,o9996,o9997,o9998,o9999}'::text[]))
	              Buffers: shared hit=960
2026-10-10 05:35:26.850 UTC [30786] hel1435-S2-prod-noio-R250000-b20-explain-r3 LOG:  duration: 66.916 ms  plan:
	Query Text: DELETE FROM output_snapshot_history WHERE output_id = ANY($1) AND id IN (
	             SELECT id FROM (
	               SELECT id, age_class, bucket,
	                      row_number() OVER w AS recency,
	                      lag(age_class) OVER w AS prev_class,
	                      lag(bucket) OVER w AS prev_bucket
	               FROM (
	                 SELECT id, output_id, captured_at,
	                        CASE WHEN extract(epoch FROM ($2::timestamptz - captured_at)) < $3 THEN 0
	                             WHEN extract(epoch FROM ($4::timestamptz - captured_at)) < $5 THEN 1
	                             ELSE 2 END AS age_class,
	                        floor(extract(epoch FROM captured_at) /
	                          CASE WHEN extract(epoch FROM ($6::timestamptz - captured_at)) < $7 THEN $8
	                               WHEN extract(epoch FROM ($9::timestamptz - captured_at)) < $10 THEN $11
	                               ELSE $12 END) AS bucket
	                 FROM output_snapshot_history
	                 WHERE output_id = ANY($13)
	               ) classed
	               WINDOW w AS (PARTITION BY output_id ORDER BY captured_at DESC, id DESC)
	             ) ranked
	             WHERE recency > $14 AND prev_class = age_class AND prev_bucket = bucket)
	Query Parameters: $1 = '{o9981,o9982,o9983,o9984,o9985,o9986,o9987,o9988,o9989,o999,o9990,o9991,o9992,o9993,o9994,o9995,o9996,o9997,o9998,o9999}', $2 = '2026-10-09 22:00:00-07', $3 = '86400', $4 = '2026-10-09 22:00:00-07', $5 = '604800', $6 = '2026-10-09 22:00:00-07', $7 = '86400', $8 = '300', $9 = '2026-10-09 22:00:00-07', $10 = '604800', $11 = '3600', $12 = '86400', $13 = '{o9981,o9982,o9983,o9984,o9985,o9986,o9987,o9988,o9989,o999,o9990,o9991,o9992,o9993,o9994,o9995,o9996,o9997,o9998,o9999}', $14 = '102'
	Delete on output_snapshot_history  (cost=36124.16..36132.20 rows=0 width=0) (actual time=66.913..66.915 rows=0 loops=1)
	  Buffers: shared hit=2724
	  WAL: records=240 bytes=12960
	  ->  Nested Loop  (cost=36124.16..36132.20 rows=1 width=46) (actual time=65.712..66.849 rows=240 loops=1)
	        Buffers: shared hit=2484
	        ->  HashAggregate  (cost=36123.68..36123.69 rows=1 width=56) (actual time=65.679..65.702 rows=240 loops=1)
	              Group Key: ranked.id
	              Batches: 1  Memory Usage: 117kB
	              Buffers: shared hit=1524
	              ->  Subquery Scan on ranked  (cost=34877.18..36123.68 rows=1 width=56) (actual time=6.545..65.635 rows=240 loops=1)
	                    Filter: ((ranked.recency > 102) AND (ranked.prev_class = ranked.age_class) AND (ranked.prev_bucket = ranked.bucket))
	                    Rows Removed by Filter: 9100
	                    Buffers: shared hit=1524
	                    ->  WindowAgg  (cost=34877.18..35949.17 rows=9972 width=109) (actual time=6.285..65.098 rows=9340 loops=1)
	                          Buffers: shared hit=1524
	                          ->  Sort  (cost=34877.18..34902.11 rows=9972 width=29) (actual time=6.247..6.632 rows=9340 loops=1)
	                                Sort Key: output_snapshot_history_1.output_id, output_snapshot_history_1.captured_at DESC, output_snapshot_history_1.id DESC
	                                Sort Method: quicksort  Memory: 895kB
	                                Buffers: shared hit=1524
	                                ->  Bitmap Heap Scan on output_snapshot_history output_snapshot_history_1  (cost=406.04..34214.85 rows=9972 width=29) (actual time=0.420..2.708 rows=9340 loops=1)
	                                      Recheck Cond: (output_id = ANY ('{o9981,o9982,o9983,o9984,o9985,o9986,o9987,o9988,o9989,o999,o9990,o9991,o9992,o9993,o9994,o9995,o9996,o9997,o9998,o9999}'::text[]))
	                                      Heap Blocks: exact=1402
	                                      Buffers: shared hit=1515
	                                      ->  Bitmap Index Scan on idx_output_snapshot_history_output_captured  (cost=0.00..403.50 rows=9972 width=0) (actual time=0.342..0.342 rows=9342 loops=1)
	                                            Index Cond: (output_id = ANY ('{o9981,o9982,o9983,o9984,o9985,o9986,o9987,o9988,o9989,o999,o9990,o9991,o9992,o9993,o9994,o9995,o9996,o9997,o9998,o9999}'::text[]))
	                                            Buffers: shared hit=113
	        ->  Index Scan using output_snapshot_history_pkey on output_snapshot_history  (cost=0.48..8.51 rows=1 width=22) (actual time=0.005..0.005 rows=1 loops=240)
	              Index Cond: (id = ranked.id)
	              Filter: (output_id = ANY ('{o9981,o9982,o9983,o9984,o9985,o9986,o9987,o9988,o9989,o999,o9990,o9991,o9992,o9993,o9994,o9995,o9996,o9997,o9998,o9999}'::text[]))
	              Buffers: shared hit=960
