2026-10-10 08:17:59.183 UTC [1499] hel1435-S4-desktop-R100000-b60-timed-r3 LOG:  temporary file: path "base/pgsql_tmp/pgsql_tmp1499.1", size 3710976
2026-10-10 08:17:59.183 UTC [1499] hel1435-S4-desktop-R100000-b60-timed-r3 STATEMENT:  DELETE FROM output_snapshot_history WHERE output_id = ANY($1) AND id IN (
	             SELECT id FROM (
	               SELECT id, age_class, bucket,
	                      row_number() OVER w AS recency,
	                      lag(age_class) OVER w AS prev_class,
	                      lag(bucket) OVER w AS prev_bucket
	               FROM (
	                 SELECT id, output_id, captured_at,
	                        CASE WHEN extract(epoch FROM ($2::timestamptz - captured_at)) < $3 THEN 0
	                             WHEN extract(epoch FROM ($4::timestamptz - captured_at)) < $5 THEN 1
	                             ELSE 2 END AS age_class,
	                        floor(extract(epoch FROM captured_at) /
	                          CASE WHEN extract(epoch FROM ($6::timestamptz - captured_at)) < $7 THEN $8
	                               WHEN extract(epoch FROM ($9::timestamptz - captured_at)) < $10 THEN $11
	                               ELSE $12 END) AS bucket
	                 FROM output_snapshot_history
	                 WHERE output_id = ANY($13)
	               ) classed
	               WINDOW w AS (PARTITION BY output_id ORDER BY captured_at DESC, id DESC)
	             ) ranked
	             WHERE recency > $14 AND prev_class = age_class AND prev_bucket = bucket)
2026-10-10 08:17:59.184 UTC [1499] hel1435-S4-desktop-R100000-b60-timed-r3 LOG:  temporary file: path "base/pgsql_tmp/pgsql_tmp1499.0", size 2965504
2026-10-10 08:17:59.184 UTC [1499] hel1435-S4-desktop-R100000-b60-timed-r3 STATEMENT:  DELETE FROM output_snapshot_history WHERE output_id = ANY($1) AND id IN (
	             SELECT id FROM (
	               SELECT id, age_class, bucket,
	                      row_number() OVER w AS recency,
	                      lag(age_class) OVER w AS prev_class,
	                      lag(bucket) OVER w AS prev_bucket
	               FROM (
	                 SELECT id, output_id, captured_at,
	                        CASE WHEN extract(epoch FROM ($2::timestamptz - captured_at)) < $3 THEN 0
	                             WHEN extract(epoch FROM ($4::timestamptz - captured_at)) < $5 THEN 1
	                             ELSE 2 END AS age_class,
	                        floor(extract(epoch FROM captured_at) /
	                          CASE WHEN extract(epoch FROM ($6::timestamptz - captured_at)) < $7 THEN $8
	                               WHEN extract(epoch FROM ($9::timestamptz - captured_at)) < $10 THEN $11
	                               ELSE $12 END) AS bucket
	                 FROM output_snapshot_history
	                 WHERE output_id = ANY($13)
	               ) classed
	               WINDOW w AS (PARTITION BY output_id ORDER BY captured_at DESC, id DESC)
	             ) ranked
	             WHERE recency > $14 AND prev_class = age_class AND prev_bucket = bucket)
2026-10-10 08:18:15.240 UTC [1849] hel1435-S4-desktop-R250000-b0-explain-r1 LOG:  duration: 55.567 ms  plan:
	Query Text: SELECT count(*) FROM (SELECT 1 FROM output_snapshot_history WHERE output_id = $1 LIMIT $2) x
	Query Parameters: $1 = 'o0', $2 = '250001'
	Aggregate  (cost=904.60..904.61 rows=1 width=8) (actual time=55.559..55.560 rows=1 loops=1)
	  Buffers: shared read=15683
	  ->  Limit  (cost=0.43..707.87 rows=15739 width=4) (actual time=0.031..54.712 rows=15852 loops=1)
	        Buffers: shared read=15683
	        ->  Index Only Scan using idx_output_snapshot_history_output_captured on output_snapshot_history  (cost=0.43..707.87 rows=15739 width=4) (actual time=0.031..53.786 rows=15852 loops=1)
	              Index Cond: (output_id = 'o0'::text)
	              Heap Fetches: 15563
	              Buffers: shared read=15683
2026-10-10 08:18:15.247 UTC [1849] hel1435-S4-desktop-R250000-b0-explain-r1 LOG:  duration: 6.432 ms  plan:
	Query Text: SELECT count(*) FROM (SELECT 1 FROM output_snapshot_history WHERE output_id = $1 LIMIT $2) x
	Query Parameters: $1 = 'o1', $2 = '234149'
	Aggregate  (cost=904.60..904.61 rows=1 width=8) (actual time=6.430..6.430 rows=1 loops=1)
	  Buffers: shared hit=15575 read=108
	  ->  Limit  (cost=0.43..707.87 rows=15739 width=4) (actual time=0.011..6.015 rows=15852 loops=1)
	        Buffers: shared hit=15575 read=108
	        ->  Index Only Scan using idx_output_snapshot_history_output_captured on output_snapshot_history  (cost=0.43..707.87 rows=15739 width=4) (actual time=0.011..5.409 rows=15852 loops=1)
	              Index Cond: (output_id = 'o1'::text)
	              Heap Fetches: 15563
	              Buffers: shared hit=15575 read=108
2026-10-10 08:18:15.271 UTC [1849] hel1435-S4-desktop-R250000-b0-explain-r1 LOG:  duration: 23.199 ms  plan:
	Query Text: SELECT count(*) FROM (SELECT 1 FROM output_snapshot_history WHERE output_id = $1 LIMIT $2) x
	Query Parameters: $1 = 'o10', $2 = '218297'
	Aggregate  (cost=904.60..904.61 rows=1 width=8) (actual time=23.195..23.195 rows=1 loops=1)
	  Buffers: shared hit=6792 read=8890
	  ->  Limit  (cost=0.43..707.87 rows=15739 width=4) (actual time=0.020..22.558 rows=15852 loops=1)
	        Buffers: shared hit=6792 read=8890
	        ->  Index Only Scan using idx_output_snapshot_history_output_captured on output_snapshot_history  (cost=0.43..707.87 rows=15739 width=4) (actual time=0.020..21.797 rows=15852 loops=1)
	              Index Cond: (output_id = 'o10'::text)
	              Heap Fetches: 15563
	              Buffers: shared hit=6792 read=8890
2026-10-10 08:18:15.331 UTC [1849] hel1435-S4-desktop-R250000-b0-explain-r1 LOG:  duration: 59.542 ms  plan:
	Query Text: SELECT count(*) FROM (SELECT 1 FROM output_snapshot_history WHERE output_id = $1 LIMIT $2) x
	Query Parameters: $1 = 'o100', $2 = '202445'
	Aggregate  (cost=1548.27..1548.28 rows=1 width=8) (actual time=59.534..59.535 rows=1 loops=1)
	  Buffers: shared hit=4 read=28501
	  ->  Limit  (cost=0.43..1211.67 rows=26928 width=4) (actual time=0.019..58.080 rows=28812 loops=1)
	        Buffers: shared hit=4 read=28501
	        ->  Index Only Scan using idx_output_snapshot_history_output_captured on output_snapshot_history  (cost=0.43..1211.67 rows=26928 width=4) (actual time=0.019..56.442 rows=28812 loops=1)
	              Index Cond: (output_id = 'o100'::text)
	              Heap Fetches: 28295
	              Buffers: shared hit=4 read=28501
2026-10-10 08:18:15.392 UTC [1849] hel1435-S4-desktop-R250000-b0-explain-r1 LOG:  duration: 59.851 ms  plan:
	Query Text: SELECT count(*) FROM (SELECT 1 FROM output_snapshot_history WHERE output_id = $1 LIMIT $2) x
	Query Parameters: $1 = 'o101', $2 = '173633'
	Aggregate  (cost=1646.07..1646.08 rows=1 width=8) (actual time=59.841..59.842 rows=1 loops=1)
	  Buffers: shared hit=1 read=28504
	  ->  Limit  (cost=0.43..1288.72 rows=28588 width=4) (actual time=0.024..58.400 rows=28812 loops=1)
	        Buffers: shared hit=1 read=28504
	        ->  Index Only Scan using idx_output_snapshot_history_output_captured on output_snapshot_history  (cost=0.43..1288.72 rows=28588 width=4) (actual time=0.023..56.788 rows=28812 loops=1)
	              Index Cond: (output_id = 'o101'::text)
	              Heap Fetches: 28295
	              Buffers: shared hit=1 read=28504
2026-10-10 08:18:15.452 UTC [1849] hel1435-S4-desktop-R250000-b0-explain-r1 LOG:  duration: 59.751 ms  plan:
	Query Text: SELECT count(*) FROM (SELECT 1 FROM output_snapshot_history WHERE output_id = $1 LIMIT $2) x
	Query Parameters: $1 = 'o102', $2 = '144821'
	Aggregate  (cost=2025.27..2025.28 rows=1 width=8) (actual time=59.745..59.746 rows=1 loops=1)
	  Buffers: shared hit=1 read=28503
	  ->  Limit  (cost=0.43..1584.92 rows=35228 width=4) (actual time=0.024..58.307 rows=28812 loops=1)
	        Buffers: shared hit=1 read=28503
	        ->  Index Only Scan using idx_output_snapshot_history_output_captured on output_snapshot_history  (cost=0.43..1584.92 rows=35228 width=4) (actual time=0.023..56.680 rows=28812 loops=1)
	              Index Cond: (output_id = 'o102'::text)
	              Heap Fetches: 28295
	              Buffers: shared hit=1 read=28503
2026-10-10 08:18:15.513 UTC [1849] hel1435-S4-desktop-R250000-b0-explain-r1 LOG:  duration: 59.875 ms  plan:
	Query Text: SELECT count(*) FROM (SELECT 1 FROM output_snapshot_history WHERE output_id = $1 LIMIT $2) x
	Query Parameters: $1 = 'o103', $2 = '116009'
	Aggregate  (cost=1730.35..1730.36 rows=1 width=8) (actual time=59.868..59.869 rows=1 loops=1)
	  Buffers: shared read=28505
	  ->  Limit  (cost=0.43..1354.55 rows=30064 width=4) (actual time=0.020..58.424 rows=28812 loops=1)
	        Buffers: shared read=28505
	        ->  Index Only Scan using idx_output_snapshot_history_output_captured on output_snapshot_history  (cost=0.43..1354.55 rows=30064 width=4) (actual time=0.019..56.811 rows=28812 loops=1)
	              Index Cond: (output_id = 'o103'::text)
	              Heap Fetches: 28295
	              Buffers: shared read=28505
2026-10-10 08:18:15.573 UTC [1849] hel1435-S4-desktop-R250000-b0-explain-r1 LOG:  duration: 59.890 ms  plan:
	Query Text: SELECT count(*) FROM (SELECT 1 FROM output_snapshot_history WHERE output_id = $1 LIMIT $2) x
	Query Parameters: $1 = 'o104', $2 = '87197'
	Aggregate  (cost=1464.02..1464.03 rows=1 width=8) (actual time=59.884..59.885 rows=1 loops=1)
	  Buffers: shared hit=1 read=28504
	  ->  Limit  (cost=0.43..1145.86 rows=25453 width=4) (actual time=0.019..58.451 rows=28812 loops=1)
	        Buffers: shared hit=1 read=28504
	        ->  Index Only Scan using idx_output_snapshot_history_output_captured on output_snapshot_history  (cost=0.43..1145.86 rows=25453 width=4) (actual time=0.019..56.830 rows=28812 loops=1)
	              Index Cond: (output_id = 'o104'::text)
	              Heap Fetches: 28295
	              Buffers: shared hit=1 read=28504
2026-10-10 08:18:15.636 UTC [1849] hel1435-S4-desktop-R250000-b0-explain-r1 LOG:  duration: 61.356 ms  plan:
	Query Text: SELECT count(*) FROM (SELECT 1 FROM output_snapshot_history WHERE output_id = $1 LIMIT $2) x
	Query Parameters: $1 = 'o105', $2 = '58385'
	Aggregate  (cost=1529.20..1529.21 rows=1 width=8) (actual time=61.348..61.350 rows=1 loops=1)
	  Buffers: shared hit=1 read=28503
	  ->  Limit  (cost=0.43..1197.21 rows=26559 width=4) (actual time=0.022..59.899 rows=28812 loops=1)
	        Buffers: shared hit=1 read=28503
	        ->  Index Only Scan using idx_output_snapshot_history_output_captured on output_snapshot_history  (cost=0.43..1197.21 rows=26559 width=4) (actual time=0.021..58.267 rows=28812 loops=1)
	              Index Cond: (output_id = 'o105'::text)
	              Heap Fetches: 28295
	              Buffers: shared hit=1 read=28503
2026-10-10 08:18:15.703 UTC [1849] hel1435-S4-desktop-R250000-b0-explain-r1 LOG:  duration: 66.651 ms  plan:
	Query Text: SELECT count(*) FROM (SELECT 1 FROM output_snapshot_history WHERE output_id = $1 LIMIT $2) x
	Query Parameters: $1 = 'o106', $2 = '29573'
	Aggregate  (cost=106.54..106.55 rows=1 width=8) (actual time=66.643..66.644 rows=1 loops=1)
	  Buffers: shared read=28504
	  ->  Limit  (cost=0.43..83.49 rows=1844 width=4) (actual time=0.035..65.016 rows=28812 loops=1)
	        Buffers: shared read=28504
	        ->  Index Only Scan using idx_output_snapshot_history_output_captured on output_snapshot_history  (cost=0.43..831.20 rows=18444 width=4) (actual time=0.034..63.237 rows=28812 loops=1)
	              Index Cond: (output_id = ($1)::text)
	              Heap Fetches: 28295
	              Buffers: shared read=28504
2026-10-10 08:18:16.350 UTC [1849] hel1435-S4-desktop-R250000-b0-explain-r1 LOG:  duration: 624.739 ms  plan:
	Query Text: DELETE FROM output_snapshot_history h
	             USING pipelines p, users u
	             WHERE h.output_id = ANY($1) AND h.captured_at < $2
	               AND h.pipeline_id = p.id AND p.owner_id = u.id
	               AND h.captured_at < COALESCE(($3::timestamptz[])[array_position($4::text[], u.tier)], $5)
	Query Parameters: $1 = '{o0,o1,o10,o100,o101,o102,o103,o104,o105,o106}', $2 = '2026-09-10 01:00:00-07', $3 = '{"2026-09-10 01:00:00-07","2026-07-12 01:00:00-07","2025-10-10 01:00:00-07"}', $4 = '{free,beta,owner}', $5 = '2026-09-10 01:00:00-07'
	Delete on output_snapshot_history h  (cost=5.83..239105.92 rows=0 width=0) (actual time=624.736..624.738 rows=0 loops=1)
	  Buffers: shared hit=46526 read=161217 dirtied=14941 written=13354
	  WAL: records=41870 fpi=11746 bytes=94784222
	  ->  Hash Join  (cost=5.83..239105.92 rows=44171 width=18) (actual time=16.590..582.058 rows=41870 loops=1)
	        Hash Cond: (p.owner_id = u.id)
	        Join Filter: (h.captured_at < COALESCE(('{"2026-09-10 01:00:00-07","2026-07-12 01:00:00-07","2025-10-10 01:00:00-07"}'::timestamp with time zone[])[array_position('{free,beta,owner}'::text[], u.tier)], '2026-09-10 01:00:00-07'::timestamp with time zone))
	        Rows Removed by Join Filter: 120960
	        Buffers: shared hit=4656 read=161217 written=13354
	        ->  Hash Join  (cost=3.71..238741.71 rows=132514 width=36) (actual time=10.309..551.940 rows=162830 loops=1)
	              Hash Cond: (h.pipeline_id = p.id)
	              Buffers: shared hit=4656 read=161216 written=13354
	              ->  Index Scan using idx_output_snapshot_history_captured_at on output_snapshot_history h  (cost=0.46..238375.87 rows=132514 width=17) (actual time=10.265..534.549 rows=162830 loops=1)
	                    Index Cond: (captured_at < '2026-09-10 01:00:00-07'::timestamp with time zone)
	                    Filter: (output_id = ANY ('{o0,o1,o10,o100,o101,o102,o103,o104,o105,o106}'::text[]))
	                    Rows Removed by Filter: 2778079
	                    Buffers: shared hit=4656 read=161215 written=13354
	              ->  Hash  (cost=2.00..2.00 rows=100 width=25) (actual time=0.030..0.031 rows=100 loops=1)
	                    Buckets: 1024  Batches: 1  Memory Usage: 14kB
	                    Buffers: shared read=1
	                    ->  Seq Scan on pipelines p  (cost=0.00..2.00 rows=100 width=25) (actual time=0.010..0.019 rows=100 loops=1)
	                          Buffers: shared read=1
	        ->  Hash  (cost=1.50..1.50 rows=50 width=27) (actual time=6.252..6.253 rows=50 loops=1)
	              Buckets: 1024  Batches: 1  Memory Usage: 11kB
	              Buffers: shared read=1
	              ->  Seq Scan on users u  (cost=0.00..1.50 rows=50 width=27) (actual time=6.231..6.236 rows=50 loops=1)
	                    Buffers: shared read=1
	JIT:
	  Functions: 24
	  Options: Inlining false, Optimization false, Expressions true, Deforming true
	  Timing: Generation 0.554 ms, Inlining 0.000 ms, Optimization 0.375 ms, Emission 5.873 ms, Total 6.802 ms
2026-10-10 08:18:17.755 UTC [33]  LOG:  checkpoint complete: wrote 164 buffers (1.0%); 0 WAL file(s) added, 5 removed, 31 recycled; write=25.788 s, sync=0.311 s, total=26.132 s; sync files=4, longest=0.135 s, average=0.078 s; distance=587732 kB, estimate=639686 kB; lsn=53/B02451C8, redo lsn=53/901F5860
2026-10-10 08:18:17.830 UTC [33]  LOG:  checkpoints are occurring too frequently (26 seconds apart)
2026-10-10 08:18:17.830 UTC [33]  HINT:  Consider increasing the configuration parameter "max_wal_size".
2026-10-10 08:18:17.830 UTC [33]  LOG:  checkpoint starting: wal
2026-10-10 08:18:18.272 UTC [1849] hel1435-S4-desktop-R250000-b0-explain-r1 LOG:  duration: 1917.724 ms  plan:
	Query Text: DELETE FROM output_snapshot_history WHERE output_id = ANY($1) AND id IN (
	             SELECT id FROM (
	               SELECT id, age_class, bucket,
	                      row_number() OVER w AS recency,
	                      lag(age_class) OVER w AS prev_class,
	                      lag(bucket) OVER w AS prev_bucket
	               FROM (
	                 SELECT id, output_id, captured_at,
	                        CASE WHEN extract(epoch FROM ($2::timestamptz - captured_at)) < $3 THEN 0
	                             WHEN extract(epoch FROM ($4::timestamptz - captured_at)) < $5 THEN 1
	                             ELSE 2 END AS age_class,
	                        floor(extract(epoch FROM captured_at) /
	                          CASE WHEN extract(epoch FROM ($6::timestamptz - captured_at)) < $7 THEN $8
	                               WHEN extract(epoch FROM ($9::timestamptz - captured_at)) < $10 THEN $11
	                               ELSE $12 END) AS bucket
	                 FROM output_snapshot_history
	                 WHERE output_id = ANY($13)
	               ) classed
	               WINDOW w AS (PARTITION BY output_id ORDER BY captured_at DESC, id DESC)
	             ) ranked
	             WHERE recency > $14 AND prev_class = age_class AND prev_bucket = bucket)
	Query Parameters: $1 = '{o0,o1,o10,o100,o101,o102,o103,o104,o105,o106}', $2 = '2026-10-10 01:00:00-07', $3 = '86400', $4 = '2026-10-10 01:00:00-07', $5 = '604800', $6 = '2026-10-10 01:00:00-07', $7 = '86400', $8 = '300', $9 = '2026-10-10 01:00:00-07', $10 = '604800', $11 = '3600', $12 = '86400', $13 = '{o0,o1,o10,o100,o101,o102,o103,o104,o105,o106}', $14 = '102'
	Delete on output_snapshot_history  (cost=442479.86..442496.37 rows=0 width=0) (actual time=1917.720..1917.723 rows=0 loops=1)
	  Buffers: shared hit=833167 read=248172 dirtied=152675 written=141326, temp read=3415 written=3425
	  WAL: records=202380 fpi=54243 bytes=438200631
	  ->  Nested Loop  (cost=442479.86..442496.37 rows=1 width=46) (actual time=614.671..1638.286 rows=202380 loops=1)
	        Buffers: shared hit=630787 read=248172 written=141326, temp read=3415 written=3425
	        ->  Unique  (cost=442479.40..442479.41 rows=2 width=56) (actual time=614.612..656.508 rows=202380 loops=1)
	              Buffers: shared hit=26 read=69413 written=1279, temp read=3415 written=3425
	              ->  Sort  (cost=442479.40..442479.41 rows=2 width=56) (actual time=614.612..642.516 rows=202380 loops=1)
	                    Sort Key: ranked.id
	                    Sort Method: external merge  Disk: 19432kB
	                    Buffers: shared hit=26 read=69413 written=1279, temp read=3415 written=3425
	                    ->  Subquery Scan on ranked  (cost=411170.39..442479.39 rows=2 width=56) (actual time=313.245..575.617 rows=202380 loops=1)
	                          Filter: ((ranked.recency > 102) AND (ranked.prev_class = ranked.age_class) AND (ranked.prev_bucket = ranked.bucket))
	                          Rows Removed by Filter: 4990
	                          Buffers: shared hit=23 read=69413 written=1279, temp read=986 written=990
	                          ->  WindowAgg  (cost=411170.39..438096.13 rows=250472 width=108) (actual time=312.957..542.478 rows=207370 loops=1)
	                                Buffers: shared hit=23 read=69413 written=1279, temp read=986 written=990
	                                ->  Sort  (cost=411170.39..411796.57 rows=250472 width=28) (actual time=312.891..328.611 rows=207370 loops=1)
	                                      Sort Key: output_snapshot_history_1.output_id, output_snapshot_history_1.captured_at DESC, output_snapshot_history_1.id DESC
	                                      Sort Method: external merge  Disk: 7888kB
	                                      Buffers: shared hit=23 read=69413 written=1279, temp read=986 written=990
	                                      ->  Bitmap Heap Scan on output_snapshot_history output_snapshot_history_1  (cost=8673.49..382714.70 rows=250472 width=28) (actual time=40.595..233.639 rows=207370 loops=1)
	                                            Recheck Cond: (output_id = ANY ('{o0,o1,o10,o100,o101,o102,o103,o104,o105,o106}'::text[]))
	                                            Rows Removed by Index Recheck: 483786
	                                            Heap Blocks: exact=33719 lossy=33982
	                                            Buffers: shared hit=17 read=69413 written=1279
	                                            ->  Bitmap Index Scan on idx_output_snapshot_history_output_captured  (cost=0.00..8610.85 rows=250472 width=0) (actual time=19.308..19.309 rows=249240 loops=1)
	                                                  Index Cond: (output_id = ANY ('{o0,o1,o10,o100,o101,o102,o103,o104,o105,o106}'::text[]))
	                                                  Buffers: shared hit=17 read=1712 written=147
	        ->  Index Scan using output_snapshot_history_pkey on output_snapshot_history  (cost=0.46..8.48 rows=1 width=22) (actual time=0.005..0.005 rows=1 loops=202380)
	              Index Cond: (id = ranked.id)
	              Filter: (output_id = ANY ('{o0,o1,o10,o100,o101,o102,o103,o104,o105,o106}'::text[]))
	              Buffers: shared hit=630761 read=178759 written=140047
	JIT:
	  Functions: 24
	  Options: Inlining false, Optimization false, Expressions true, Deforming true
	  Timing: Generation 0.565 ms, Inlining 0.000 ms, Optimization 0.313 ms, Emission 4.990 ms, Total 5.868 ms
2026-10-10 08:18:18.274 UTC [1849] hel1435-S4-desktop-R250000-b0-explain-r1 LOG:  temporary file: path "base/pgsql_tmp/pgsql_tmp1849.1", size 19898368
2026-10-10 08:18:18.274 UTC [1849] hel1435-S4-desktop-R250000-b0-explain-r1 STATEMENT:  DELETE FROM output_snapshot_history WHERE output_id = ANY($1) AND id IN (
	             SELECT id FROM (
	               SELECT id, age_class, bucket,
	                      row_number() OVER w AS recency,
	                      lag(age_class) OVER w AS prev_class,
	                      lag(bucket) OVER w AS prev_bucket
	               FROM (
	                 SELECT id, output_id, captured_at,
	                        CASE WHEN extract(epoch FROM ($2::timestamptz - captured_at)) < $3 THEN 0
	                             WHEN extract(epoch FROM ($4::timestamptz - captured_at)) < $5 THEN 1
	                             ELSE 2 END AS age_class,
	                        floor(extract(epoch FROM captured_at) /
	                          CASE WHEN extract(epoch FROM ($6::timestamptz - captured_at)) < $7 THEN $8
	                               WHEN extract(epoch FROM ($9::timestamptz - captured_at)) < $10 THEN $11
	                               ELSE $12 END) AS bucket
	                 FROM output_snapshot_history
	                 WHERE output_id = ANY($13)
	               ) classed
	               WINDOW w AS (PARTITION BY output_id ORDER BY captured_at DESC, id DESC)
	             ) ranked
	             WHERE recency > $14 AND prev_class = age_class AND prev_bucket = bucket)
2026-10-10 08:18:18.276 UTC [1849] hel1435-S4-desktop-R250000-b0-explain-r1 LOG:  temporary file: path "base/pgsql_tmp/pgsql_tmp1849.0", size 8077312
2026-10-10 08:18:18.276 UTC [1849] hel1435-S4-desktop-R250000-b0-explain-r1 STATEMENT:  DELETE FROM output_snapshot_history WHERE output_id = ANY($1) AND id IN (
	             SELECT id FROM (
	               SELECT id, age_class, bucket,
	                      row_number() OVER w AS recency,
	                      lag(age_class) OVER w AS prev_class,
	                      lag(bucket) OVER w AS prev_bucket
	               FROM (
	                 SELECT id, output_id, captured_at,
	                        CASE WHEN extract(epoch FROM ($2::timestamptz - captured_at)) < $3 THEN 0
	                             WHEN extract(epoch FROM ($4::timestamptz - captured_at)) < $5 THEN 1
	                             ELSE 2 END AS age_class,
	                        floor(extract(epoch FROM captured_at) /
	                          CASE WHEN extract(epoch FROM ($6::timestamptz - captured_at)) < $7 THEN $8
	                               WHEN extract(epoch FROM ($9::timestamptz - captured_at)) < $10 THEN $11
	                               ELSE $12 END) AS bucket
	                 FROM output_snapshot_history
	                 WHERE output_id = ANY($13)
	               ) classed
	               WINDOW w AS (PARTITION BY output_id ORDER BY captured_at DESC, id DESC)
	             ) ranked
	             WHERE recency > $14 AND prev_class = age_class AND prev_bucket = bucket)
2026-10-10 08:18:18.699 UTC [1852] hel1435-S4-desktop-R250000-b0-explain-r2 LOG:  duration: 52.581 ms  plan:
	Query Text: SELECT count(*) FROM (SELECT 1 FROM output_snapshot_history WHERE output_id = $1 LIMIT $2) x
	Query Parameters: $1 = 'o0', $2 = '250001'
	Aggregate  (cost=904.60..904.61 rows=1 width=8) (actual time=52.574..52.575 rows=1 loops=1)
	  Buffers: shared read=15683 written=1609
	  ->  Limit  (cost=0.43..707.87 rows=15739 width=4) (actual time=0.031..51.762 rows=15852 loops=1)
	        Buffers: shared read=15683 written=1609
	        ->  Index Only Scan using idx_output_snapshot_history_output_captured on output_snapshot_history  (cost=0.43..707.87 rows=15739 width=4) (actual time=0.031..50.863 rows=15852 loops=1)
	              Index Cond: (output_id = 'o0'::text)
	              Heap Fetches: 15563
	              Buffers: shared read=15683 written=1609
2026-10-10 08:18:18.706 UTC [1852] hel1435-S4-desktop-R250000-b0-explain-r2 LOG:  duration: 6.461 ms  plan:
	Query Text: SELECT count(*) FROM (SELECT 1 FROM output_snapshot_history WHERE output_id = $1 LIMIT $2) x
	Query Parameters: $1 = 'o1', $2 = '234149'
	Aggregate  (cost=904.60..904.61 rows=1 width=8) (actual time=6.459..6.459 rows=1 loops=1)
	  Buffers: shared hit=15575 read=108 written=13
	  ->  Limit  (cost=0.43..707.87 rows=15739 width=4) (actual time=0.014..6.046 rows=15852 loops=1)
	        Buffers: shared hit=15575 read=108 written=13
	        ->  Index Only Scan using idx_output_snapshot_history_output_captured on output_snapshot_history  (cost=0.43..707.87 rows=15739 width=4) (actual time=0.013..5.438 rows=15852 loops=1)
	              Index Cond: (output_id = 'o1'::text)
	              Heap Fetches: 15563
	              Buffers: shared hit=15575 read=108 written=13
2026-10-10 08:18:18.729 UTC [1852] hel1435-S4-desktop-R250000-b0-explain-r2 LOG:  duration: 23.012 ms  plan:
	Query Text: SELECT count(*) FROM (SELECT 1 FROM output_snapshot_history WHERE output_id = $1 LIMIT $2) x
	Query Parameters: $1 = 'o10', $2 = '218297'
	Aggregate  (cost=904.60..904.61 rows=1 width=8) (actual time=23.008..23.009 rows=1 loops=1)
	  Buffers: shared hit=6792 read=8890 written=50
	  ->  Limit  (cost=0.43..707.87 rows=15739 width=4) (actual time=0.022..22.387 rows=15852 loops=1)
	        Buffers: shared hit=6792 read=8890 written=50
	        ->  Index Only Scan using idx_output_snapshot_history_output_captured on output_snapshot_history  (cost=0.43..707.87 rows=15739 width=4) (actual time=0.022..21.626 rows=15852 loops=1)
	              Index Cond: (output_id = 'o10'::text)
	              Heap Fetches: 15563
	              Buffers: shared hit=6792 read=8890 written=50
2026-10-10 08:18:18.788 UTC [1852] hel1435-S4-desktop-R250000-b0-explain-r2 LOG:  duration: 58.532 ms  plan:
	Query Text: SELECT count(*) FROM (SELECT 1 FROM output_snapshot_history WHERE output_id = $1 LIMIT $2) x
	Query Parameters: $1 = 'o100', $2 = '202445'
	Aggregate  (cost=1548.27..1548.28 rows=1 width=8) (actual time=58.525..58.526 rows=1 loops=1)
	  Buffers: shared hit=6 read=28499
	  ->  Limit  (cost=0.43..1211.67 rows=26928 width=4) (actual time=0.028..57.119 rows=28812 loops=1)
	        Buffers: shared hit=6 read=28499
	        ->  Index Only Scan using idx_output_snapshot_history_output_captured on output_snapshot_history  (cost=0.43..1211.67 rows=26928 width=4) (actual time=0.027..55.480 rows=28812 loops=1)
	              Index Cond: (output_id = 'o100'::text)
	              Heap Fetches: 28295
	              Buffers: shared hit=6 read=28499
2026-10-10 08:18:18.848 UTC [1852] hel1435-S4-desktop-R250000-b0-explain-r2 LOG:  duration: 59.174 ms  plan:
	Query Text: SELECT count(*) FROM (SELECT 1 FROM output_snapshot_history WHERE output_id = $1 LIMIT $2) x
	Query Parameters: $1 = 'o101', $2 = '173633'
	Aggregate  (cost=1646.07..1646.08 rows=1 width=8) (actual time=59.167..59.168 rows=1 loops=1)
	  Buffers: shared hit=1 read=28504
	  ->  Limit  (cost=0.43..1288.72 rows=28588 width=4) (actual time=0.025..57.676 rows=28812 loops=1)
	        Buffers: shared hit=1 read=28504
	        ->  Index Only Scan using idx_output_snapshot_history_output_captured on output_snapshot_history  (cost=0.43..1288.72 rows=28588 width=4) (actual time=0.024..56.028 rows=28812 loops=1)
	              Index Cond: (output_id = 'o101'::text)
	              Heap Fetches: 28295
	              Buffers: shared hit=1 read=28504
2026-10-10 08:18:18.908 UTC [1852] hel1435-S4-desktop-R250000-b0-explain-r2 LOG:  duration: 58.930 ms  plan:
	Query Text: SELECT count(*) FROM (SELECT 1 FROM output_snapshot_history WHERE output_id = $1 LIMIT $2) x
	Query Parameters: $1 = 'o102', $2 = '144821'
	Aggregate  (cost=2025.27..2025.28 rows=1 width=8) (actual time=58.925..58.926 rows=1 loops=1)
	  Buffers: shared hit=1 read=28503
	  ->  Limit  (cost=0.43..1584.92 rows=35228 width=4) (actual time=0.022..57.476 rows=28812 loops=1)
	        Buffers: shared hit=1 read=28503
	        ->  Index Only Scan using idx_output_snapshot_history_output_captured on output_snapshot_history  (cost=0.43..1584.92 rows=35228 width=4) (actual time=0.021..55.837 rows=28812 loops=1)
	              Index Cond: (output_id = 'o102'::text)
	              Heap Fetches: 28295
	              Buffers: shared hit=1 read=28503
2026-10-10 08:18:18.967 UTC [1852] hel1435-S4-desktop-R250000-b0-explain-r2 LOG:  duration: 58.796 ms  plan:
	Query Text: SELECT count(*) FROM (SELECT 1 FROM output_snapshot_history WHERE output_id = $1 LIMIT $2) x
	Query Parameters: $1 = 'o103', $2 = '116009'
	Aggregate  (cost=1730.35..1730.36 rows=1 width=8) (actual time=58.790..58.791 rows=1 loops=1)
	  Buffers: shared read=28505
	  ->  Limit  (cost=0.43..1354.55 rows=30064 width=4) (actual time=0.021..57.303 rows=28812 loops=1)
	        Buffers: shared read=28505
	        ->  Index Only Scan using idx_output_snapshot_history_output_captured on output_snapshot_history  (cost=0.43..1354.55 rows=30064 width=4) (actual time=0.021..55.664 rows=28812 loops=1)
	              Index Cond: (output_id = 'o103'::text)
	              Heap Fetches: 28295
	              Buffers: shared read=28505
2026-10-10 08:18:19.029 UTC [1852] hel1435-S4-desktop-R250000-b0-explain-r2 LOG:  duration: 60.593 ms  plan:
	Query Text: SELECT count(*) FROM (SELECT 1 FROM output_snapshot_history WHERE output_id = $1 LIMIT $2) x
	Query Parameters: $1 = 'o104', $2 = '87197'
	Aggregate  (cost=1464.02..1464.03 rows=1 width=8) (actual time=60.587..60.588 rows=1 loops=1)
	  Buffers: shared hit=1 read=28504
	  ->  Limit  (cost=0.43..1145.86 rows=25453 width=4) (actual time=0.021..59.109 rows=28812 loops=1)
	        Buffers: shared hit=1 read=28504
	        ->  Index Only Scan using idx_output_snapshot_history_output_captured on output_snapshot_history  (cost=0.43..1145.86 rows=25453 width=4) (actual time=0.021..57.444 rows=28812 loops=1)
	              Index Cond: (output_id = 'o104'::text)
	              Heap Fetches: 28295
	              Buffers: shared hit=1 read=28504
2026-10-10 08:18:19.091 UTC [1852] hel1435-S4-desktop-R250000-b0-explain-r2 LOG:  duration: 61.483 ms  plan:
	Query Text: SELECT count(*) FROM (SELECT 1 FROM output_snapshot_history WHERE output_id = $1 LIMIT $2) x
	Query Parameters: $1 = 'o105', $2 = '58385'
	Aggregate  (cost=1529.20..1529.21 rows=1 width=8) (actual time=61.476..61.477 rows=1 loops=1)
	  Buffers: shared hit=1 read=28503
	  ->  Limit  (cost=0.43..1197.21 rows=26559 width=4) (actual time=0.021..59.983 rows=28812 loops=1)
	        Buffers: shared hit=1 read=28503
	        ->  Index Only Scan using idx_output_snapshot_history_output_captured on output_snapshot_history  (cost=0.43..1197.21 rows=26559 width=4) (actual time=0.020..58.311 rows=28812 loops=1)
	              Index Cond: (output_id = 'o105'::text)
	              Heap Fetches: 28295
	              Buffers: shared hit=1 read=28503
2026-10-10 08:18:19.152 UTC [1852] hel1435-S4-desktop-R250000-b0-explain-r2 LOG:  duration: 60.232 ms  plan:
	Query Text: SELECT count(*) FROM (SELECT 1 FROM output_snapshot_history WHERE output_id = $1 LIMIT $2) x
	Query Parameters: $1 = 'o106', $2 = '29573'
	Aggregate  (cost=106.54..106.55 rows=1 width=8) (actual time=60.226..60.227 rows=1 loops=1)
	  Buffers: shared read=28504
	  ->  Limit  (cost=0.43..83.49 rows=1844 width=4) (actual time=0.033..58.761 rows=28812 loops=1)
	        Buffers: shared read=28504
	        ->  Index Only Scan using idx_output_snapshot_history_output_captured on output_snapshot_history  (cost=0.43..831.20 rows=18444 width=4) (actual time=0.032..57.181 rows=28812 loops=1)
	              Index Cond: (output_id = ($1)::text)
	              Heap Fetches: 28295
	              Buffers: shared read=28504
2026-10-10 08:18:19.795 UTC [1852] hel1435-S4-desktop-R250000-b0-explain-r2 LOG:  duration: 628.180 ms  plan:
	Query Text: DELETE FROM output_snapshot_history h
	             USING pipelines p, users u
	             WHERE h.output_id = ANY($1) AND h.captured_at < $2
	               AND h.pipeline_id = p.id AND p.owner_id = u.id
	               AND h.captured_at < COALESCE(($3::timestamptz[])[array_position($4::text[], u.tier)], $5)
	Query Parameters: $1 = '{o0,o1,o10,o100,o101,o102,o103,o104,o105,o106}', $2 = '2026-09-10 01:00:00-07', $3 = '{"2026-09-10 01:00:00-07","2026-07-12 01:00:00-07","2025-10-10 01:00:00-07"}', $4 = '{free,beta,owner}', $5 = '2026-09-10 01:00:00-07'
	Delete on output_snapshot_history h  (cost=5.83..239105.92 rows=0 width=0) (actual time=628.176..628.179 rows=0 loops=1)
	  Buffers: shared hit=46526 read=161217 dirtied=14941 written=13254
	  WAL: records=41870 fpi=14941 bytes=119951237
	  ->  Hash Join  (cost=5.83..239105.92 rows=44171 width=18) (actual time=5.974..569.297 rows=41870 loops=1)
	        Hash Cond: (p.owner_id = u.id)
	        Join Filter: (h.captured_at < COALESCE(('{"2026-09-10 01:00:00-07","2026-07-12 01:00:00-07","2025-10-10 01:00:00-07"}'::timestamp with time zone[])[array_position('{free,beta,owner}'::text[], u.tier)], '2026-09-10 01:00:00-07'::timestamp with time zone))
	        Rows Removed by Join Filter: 120960
	        Buffers: shared hit=4656 read=161217 written=13254
	        ->  Hash Join  (cost=3.71..238741.71 rows=132514 width=36) (actual time=0.048..539.657 rows=162830 loops=1)
	              Hash Cond: (h.pipeline_id = p.id)
	              Buffers: shared hit=4656 read=161216 written=13254
	              ->  Index Scan using idx_output_snapshot_history_captured_at on output_snapshot_history h  (cost=0.46..238375.87 rows=132514 width=17) (actual time=0.023..522.201 rows=162830 loops=1)
	                    Index Cond: (captured_at < '2026-09-10 01:00:00-07'::timestamp with time zone)
	                    Filter: (output_id = ANY ('{o0,o1,o10,o100,o101,o102,o103,o104,o105,o106}'::text[]))
	                    Rows Removed by Filter: 2778079
	                    Buffers: shared hit=4656 read=161215 written=13254
	              ->  Hash  (cost=2.00..2.00 rows=100 width=25) (actual time=0.018..0.019 rows=100 loops=1)
	                    Buckets: 1024  Batches: 1  Memory Usage: 14kB
	                    Buffers: shared read=1
	                    ->  Seq Scan on pipelines p  (cost=0.00..2.00 rows=100 width=25) (actual time=0.006..0.011 rows=100 loops=1)
	                          Buffers: shared read=1
	        ->  Hash  (cost=1.50..1.50 rows=50 width=27) (actual time=5.909..5.909 rows=50 loops=1)
	              Buckets: 1024  Batches: 1  Memory Usage: 11kB
	              Buffers: shared read=1
	              ->  Seq Scan on users u  (cost=0.00..1.50 rows=50 width=27) (actual time=5.892..5.896 rows=50 loops=1)
	                    Buffers: shared read=1
	JIT:
	  Functions: 24
	  Options: Inlining false, Optimization false, Expressions true, Deforming true
	  Timing: Generation 0.536 ms, Inlining 0.000 ms, Optimization 0.339 ms, Emission 5.558 ms, Total 6.433 ms
2026-10-10 08:18:21.031 UTC [33]  LOG:  checkpoint complete: wrote 594 buffers (3.6%); 0 WAL file(s) added, 1 removed, 32 recycled; write=3.031 s, sync=0.130 s, total=3.202 s; sync files=4, longest=0.068 s, average=0.033 s; distance=538789 kB, estimate=629597 kB; lsn=53/D00BCE18, redo lsn=53/B101EE40
2026-10-10 08:18:21.413 UTC [1852] hel1435-S4-desktop-R250000-b0-explain-r2 LOG:  duration: 1615.791 ms  plan:
	Query Text: DELETE FROM output_snapshot_history WHERE output_id = ANY($1) AND id IN (
	             SELECT id FROM (
	               SELECT id, age_class, bucket,
	                      row_number() OVER w AS recency,
	                      lag(age_class) OVER w AS prev_class,
	                      lag(bucket) OVER w AS prev_bucket
	               FROM (
	                 SELECT id, output_id, captured_at,
	                        CASE WHEN extract(epoch FROM ($2::timestamptz - captured_at)) < $3 THEN 0
	                             WHEN extract(epoch FROM ($4::timestamptz - captured_at)) < $5 THEN 1
	                             ELSE 2 END AS age_class,
	                        floor(extract(epoch FROM captured_at) /
	                          CASE WHEN extract(epoch FROM ($6::timestamptz - captured_at)) < $7 THEN $8
	                               WHEN extract(epoch FROM ($9::timestamptz - captured_at)) < $10 THEN $11
	                               ELSE $12 END) AS bucket
	                 FROM output_snapshot_history
	                 WHERE output_id = ANY($13)
	               ) classed
	               WINDOW w AS (PARTITION BY output_id ORDER BY captured_at DESC, id DESC)
	             ) ranked
	             WHERE recency > $14 AND prev_class = age_class AND prev_bucket = bucket)
	Query Parameters: $1 = '{o0,o1,o10,o100,o101,o102,o103,o104,o105,o106}', $2 = '2026-10-10 01:00:00-07', $3 = '86400', $4 = '2026-10-10 01:00:00-07', $5 = '604800', $6 = '2026-10-10 01:00:00-07', $7 = '86400', $8 = '300', $9 = '2026-10-10 01:00:00-07', $10 = '604800', $11 = '3600', $12 = '86400', $13 = '{o0,o1,o10,o100,o101,o102,o103,o104,o105,o106}', $14 = '102'
	Delete on output_snapshot_history  (cost=442479.86..442496.37 rows=0 width=0) (actual time=1615.786..1615.789 rows=0 loops=1)
	  Buffers: shared hit=833172 read=248167 dirtied=152633 written=142005, temp read=3415 written=3425
	  WAL: records=202380 fpi=17285 bytes=147082465
	  ->  Nested Loop  (cost=442479.86..442496.37 rows=1 width=46) (actual time=618.551..1515.489 rows=202380 loops=1)
	        Buffers: shared hit=630792 read=248167 written=142005, temp read=3415 written=3425
	        ->  Unique  (cost=442479.40..442479.41 rows=2 width=56) (actual time=618.494..660.328 rows=202380 loops=1)
	              Buffers: shared hit=26 read=69413 written=1279, temp read=3415 written=3425
	              ->  Sort  (cost=442479.40..442479.41 rows=2 width=56) (actual time=618.494..645.994 rows=202380 loops=1)
	                    Sort Key: ranked.id
	                    Sort Method: external merge  Disk: 19432kB
	                    Buffers: shared hit=26 read=69413 written=1279, temp read=3415 written=3425
	                    ->  Subquery Scan on ranked  (cost=411170.39..442479.39 rows=2 width=56) (actual time=314.640..579.944 rows=202380 loops=1)
	                          Filter: ((ranked.recency > 102) AND (ranked.prev_class = ranked.age_class) AND (ranked.prev_bucket = ranked.bucket))
	                          Rows Removed by Filter: 4990
	                          Buffers: shared hit=23 read=69413 written=1279, temp read=986 written=990
	                          ->  WindowAgg  (cost=411170.39..438096.13 rows=250472 width=108) (actual time=314.359..547.181 rows=207370 loops=1)
	                                Buffers: shared hit=23 read=69413 written=1279, temp read=986 written=990
	                                ->  Sort  (cost=411170.39..411796.57 rows=250472 width=28) (actual time=314.298..329.970 rows=207370 loops=1)
	                                      Sort Key: output_snapshot_history_1.output_id, output_snapshot_history_1.captured_at DESC, output_snapshot_history_1.id DESC
	                                      Sort Method: external merge  Disk: 7888kB
	                                      Buffers: shared hit=23 read=69413 written=1279, temp read=986 written=990
	                                      ->  Bitmap Heap Scan on output_snapshot_history output_snapshot_history_1  (cost=8673.49..382714.70 rows=250472 width=28) (actual time=40.961..235.521 rows=207370 loops=1)
	                                            Recheck Cond: (output_id = ANY ('{o0,o1,o10,o100,o101,o102,o103,o104,o105,o106}'::text[]))
	                                            Rows Removed by Index Recheck: 483786
	                                            Heap Blocks: exact=33719 lossy=33982
	                                            Buffers: shared hit=17 read=69413 written=1279
	                                            ->  Bitmap Index Scan on idx_output_snapshot_history_output_captured  (cost=0.00..8610.85 rows=250472 width=0) (actual time=16.532..16.532 rows=249240 loops=1)
	                                                  Index Cond: (output_id = ANY ('{o0,o1,o10,o100,o101,o102,o103,o104,o105,o106}'::text[]))
	                                                  Buffers: shared hit=17 read=1712 written=147
	        ->  Index Scan using output_snapshot_history_pkey on output_snapshot_history  (cost=0.46..8.48 rows=1 width=22) (actual time=0.004..0.004 rows=1 loops=202380)
	              Index Cond: (id = ranked.id)
	              Filter: (output_id = ANY ('{o0,o1,o10,o100,o101,o102,o103,o104,o105,o106}'::text[]))
	              Buffers: shared hit=630766 read=178754 written=140726
	JIT:
	  Functions: 24
	  Options: Inlining false, Optimization false, Expressions true, Deforming true
	  Timing: Generation 0.540 ms, Inlining 0.000 ms, Optimization 0.352 ms, Emission 5.160 ms, Total 6.052 ms
2026-10-10 08:18:21.415 UTC [1852] hel1435-S4-desktop-R250000-b0-explain-r2 LOG:  temporary file: path "base/pgsql_tmp/pgsql_tmp1852.1", size 19898368
2026-10-10 08:18:21.415 UTC [1852] hel1435-S4-desktop-R250000-b0-explain-r2 STATEMENT:  DELETE FROM output_snapshot_history WHERE output_id = ANY($1) AND id IN (
	             SELECT id FROM (
	               SELECT id, age_class, bucket,
	                      row_number() OVER w AS recency,
	                      lag(age_class) OVER w AS prev_class,
	                      lag(bucket) OVER w AS prev_bucket
	               FROM (
	                 SELECT id, output_id, captured_at,
	                        CASE WHEN extract(epoch FROM ($2::timestamptz - captured_at)) < $3 THEN 0
	                             WHEN extract(epoch FROM ($4::timestamptz - captured_at)) < $5 THEN 1
	                             ELSE 2 END AS age_class,
	                        floor(extract(epoch FROM captured_at) /
	                          CASE WHEN extract(epoch FROM ($6::timestamptz - captured_at)) < $7 THEN $8
	                               WHEN extract(epoch FROM ($9::timestamptz - captured_at)) < $10 THEN $11
	                               ELSE $12 END) AS bucket
	                 FROM output_snapshot_history
	                 WHERE output_id = ANY($13)
	               ) classed
	               WINDOW w AS (PARTITION BY output_id ORDER BY captured_at DESC, id DESC)
	             ) ranked
	             WHERE recency > $14 AND prev_class = age_class AND prev_bucket = bucket)
2026-10-10 08:18:21.416 UTC [1852] hel1435-S4-desktop-R250000-b0-explain-r2 LOG:  temporary file: path "base/pgsql_tmp/pgsql_tmp1852.0", size 8077312
2026-10-10 08:18:21.416 UTC [1852] hel1435-S4-desktop-R250000-b0-explain-r2 STATEMENT:  DELETE FROM output_snapshot_history WHERE output_id = ANY($1) AND id IN (
	             SELECT id FROM (
	               SELECT id, age_class, bucket,
	                      row_number() OVER w AS recency,
	                      lag(age_class) OVER w AS prev_class,
	                      lag(bucket) OVER w AS prev_bucket
	               FROM (
	                 SELECT id, output_id, captured_at,
	                        CASE WHEN extract(epoch FROM ($2::timestamptz - captured_at)) < $3 THEN 0
	                             WHEN extract(epoch FROM ($4::timestamptz - captured_at)) < $5 THEN 1
	                             ELSE 2 END AS age_class,
	                        floor(extract(epoch FROM captured_at) /
	                          CASE WHEN extract(epoch FROM ($6::timestamptz - captured_at)) < $7 THEN $8
	                               WHEN extract(epoch FROM ($9::timestamptz - captured_at)) < $10 THEN $11
	                               ELSE $12 END) AS bucket
	                 FROM output_snapshot_history
	                 WHERE output_id = ANY($13)
	               ) classed
	               WINDOW w AS (PARTITION BY output_id ORDER BY captured_at DESC, id DESC)
	             ) ranked
	             WHERE recency > $14 AND prev_class = age_class AND prev_bucket = bucket)
2026-10-10 08:18:21.837 UTC [1855] hel1435-S4-desktop-R250000-b0-explain-r3 LOG:  duration: 53.603 ms  plan:
	Query Text: SELECT count(*) FROM (SELECT 1 FROM output_snapshot_history WHERE output_id = $1 LIMIT $2) x
	Query Parameters: $1 = 'o0', $2 = '250001'
	Aggregate  (cost=904.60..904.61 rows=1 width=8) (actual time=53.595..53.596 rows=1 loops=1)
	  Buffers: shared read=15683 written=1710
	  ->  Limit  (cost=0.43..707.87 rows=15739 width=4) (actual time=0.031..52.758 rows=15852 loops=1)
	        Buffers: shared read=15683 written=1710
	        ->  Index Only Scan using idx_output_snapshot_history_output_captured on output_snapshot_history  (cost=0.43..707.87 rows=15739 width=4) (actual time=0.031..51.820 rows=15852 loops=1)
	              Index Cond: (output_id = 'o0'::text)
	              Heap Fetches: 15563
	              Buffers: shared read=15683 written=1710
2026-10-10 08:18:21.844 UTC [1855] hel1435-S4-desktop-R250000-b0-explain-r3 LOG:  duration: 6.704 ms  plan:
	Query Text: SELECT count(*) FROM (SELECT 1 FROM output_snapshot_history WHERE output_id = $1 LIMIT $2) x
	Query Parameters: $1 = 'o1', $2 = '234149'
	Aggregate  (cost=904.60..904.61 rows=1 width=8) (actual time=6.701..6.701 rows=1 loops=1)
	  Buffers: shared hit=15575 read=108 written=7
	  ->  Limit  (cost=0.43..707.87 rows=15739 width=4) (actual time=0.014..6.277 rows=15852 loops=1)
	        Buffers: shared hit=15575 read=108 written=7
	        ->  Index Only Scan using idx_output_snapshot_history_output_captured on output_snapshot_history  (cost=0.43..707.87 rows=15739 width=4) (actual time=0.014..5.664 rows=15852 loops=1)
	              Index Cond: (output_id = 'o1'::text)
	              Heap Fetches: 15563
	              Buffers: shared hit=15575 read=108 written=7
2026-10-10 08:18:21.868 UTC [1855] hel1435-S4-desktop-R250000-b0-explain-r3 LOG:  duration: 23.694 ms  plan:
	Query Text: SELECT count(*) FROM (SELECT 1 FROM output_snapshot_history WHERE output_id = $1 LIMIT $2) x
	Query Parameters: $1 = 'o10', $2 = '218297'
	Aggregate  (cost=904.60..904.61 rows=1 width=8) (actual time=23.688..23.689 rows=1 loops=1)
	  Buffers: shared hit=6792 read=8890 written=57
	  ->  Limit  (cost=0.43..707.87 rows=15739 width=4) (actual time=0.023..23.064 rows=15852 loops=1)
	        Buffers: shared hit=6792 read=8890 written=57
	        ->  Index Only Scan using idx_output_snapshot_history_output_captured on output_snapshot_history  (cost=0.43..707.87 rows=15739 width=4) (actual time=0.023..22.302 rows=15852 loops=1)
	              Index Cond: (output_id = 'o10'::text)
	              Heap Fetches: 15563
	              Buffers: shared hit=6792 read=8890 written=57
2026-10-10 08:18:21.931 UTC [1855] hel1435-S4-desktop-R250000-b0-explain-r3 LOG:  duration: 62.360 ms  plan:
	Query Text: SELECT count(*) FROM (SELECT 1 FROM output_snapshot_history WHERE output_id = $1 LIMIT $2) x
	Query Parameters: $1 = 'o100', $2 = '202445'
	Aggregate  (cost=1548.27..1548.28 rows=1 width=8) (actual time=62.352..62.353 rows=1 loops=1)
	  Buffers: shared hit=5 read=28500
	  ->  Limit  (cost=0.43..1211.67 rows=26928 width=4) (actual time=0.026..60.926 rows=28812 loops=1)
	        Buffers: shared hit=5 read=28500
	        ->  Index Only Scan using idx_output_snapshot_history_output_captured on output_snapshot_history  (cost=0.43..1211.67 rows=26928 width=4) (actual time=0.025..59.288 rows=28812 loops=1)
	              Index Cond: (output_id = 'o100'::text)
	              Heap Fetches: 28295
	              Buffers: shared hit=5 read=28500
2026-10-10 08:18:21.999 UTC [1855] hel1435-S4-desktop-R250000-b0-explain-r3 LOG:  duration: 67.343 ms  plan:
	Query Text: SELECT count(*) FROM (SELECT 1 FROM output_snapshot_history WHERE output_id = $1 LIMIT $2) x
	Query Parameters: $1 = 'o101', $2 = '173633'
	Aggregate  (cost=1646.07..1646.08 rows=1 width=8) (actual time=67.334..67.335 rows=1 loops=1)
	  Buffers: shared hit=1 read=28504
	  ->  Limit  (cost=0.43..1288.72 rows=28588 width=4) (actual time=0.024..65.780 rows=28812 loops=1)
	        Buffers: shared hit=1 read=28504
	        ->  Index Only Scan using idx_output_snapshot_history_output_captured on output_snapshot_history  (cost=0.43..1288.72 rows=28588 width=4) (actual time=0.024..64.103 rows=28812 loops=1)
	              Index Cond: (output_id = 'o101'::text)
	              Heap Fetches: 28295
	              Buffers: shared hit=1 read=28504
2026-10-10 08:18:22.068 UTC [1855] hel1435-S4-desktop-R250000-b0-explain-r3 LOG:  duration: 67.846 ms  plan:
	Query Text: SELECT count(*) FROM (SELECT 1 FROM output_snapshot_history WHERE output_id = $1 LIMIT $2) x
	Query Parameters: $1 = 'o102', $2 = '144821'
	Aggregate  (cost=2025.27..2025.28 rows=1 width=8) (actual time=67.839..67.840 rows=1 loops=1)
	  Buffers: shared hit=1 read=28503
	  ->  Limit  (cost=0.43..1584.92 rows=35228 width=4) (actual time=0.024..66.320 rows=28812 loops=1)
	        Buffers: shared hit=1 read=28503
	        ->  Index Only Scan using idx_output_snapshot_history_output_captured on output_snapshot_history  (cost=0.43..1584.92 rows=35228 width=4) (actual time=0.024..64.670 rows=28812 loops=1)
	              Index Cond: (output_id = 'o102'::text)
	              Heap Fetches: 28295
	              Buffers: shared hit=1 read=28503
2026-10-10 08:18:22.129 UTC [1855] hel1435-S4-desktop-R250000-b0-explain-r3 LOG:  duration: 60.671 ms  plan:
	Query Text: SELECT count(*) FROM (SELECT 1 FROM output_snapshot_history WHERE output_id = $1 LIMIT $2) x
	Query Parameters: $1 = 'o103', $2 = '116009'
	Aggregate  (cost=1730.35..1730.36 rows=1 width=8) (actual time=60.665..60.665 rows=1 loops=1)
	  Buffers: shared read=28505
	  ->  Limit  (cost=0.43..1354.55 rows=30064 width=4) (actual time=0.023..59.165 rows=28812 loops=1)
	        Buffers: shared read=28505
	        ->  Index Only Scan using idx_output_snapshot_history_output_captured on output_snapshot_history  (cost=0.43..1354.55 rows=30064 width=4) (actual time=0.022..57.521 rows=28812 loops=1)
	              Index Cond: (output_id = 'o103'::text)
	              Heap Fetches: 28295
	              Buffers: shared read=28505
2026-10-10 08:18:22.190 UTC [1855] hel1435-S4-desktop-R250000-b0-explain-r3 LOG:  duration: 60.106 ms  plan:
	Query Text: SELECT count(*) FROM (SELECT 1 FROM output_snapshot_history WHERE output_id = $1 LIMIT $2) x
	Query Parameters: $1 = 'o104', $2 = '87197'
	Aggregate  (cost=1464.02..1464.03 rows=1 width=8) (actual time=60.100..60.101 rows=1 loops=1)
	  Buffers: shared hit=1 read=28504
	  ->  Limit  (cost=0.43..1145.86 rows=25453 width=4) (actual time=0.026..58.600 rows=28812 loops=1)
	        Buffers: shared hit=1 read=28504
	        ->  Index Only Scan using idx_output_snapshot_history_output_captured on output_snapshot_history  (cost=0.43..1145.86 rows=25453 width=4) (actual time=0.026..56.957 rows=28812 loops=1)
	              Index Cond: (output_id = 'o104'::text)
	              Heap Fetches: 28295
	              Buffers: shared hit=1 read=28504
2026-10-10 08:18:22.251 UTC [1855] hel1435-S4-desktop-R250000-b0-explain-r3 LOG:  duration: 60.003 ms  plan:
	Query Text: SELECT count(*) FROM (SELECT 1 FROM output_snapshot_history WHERE output_id = $1 LIMIT $2) x
	Query Parameters: $1 = 'o105', $2 = '58385'
	Aggregate  (cost=1529.20..1529.21 rows=1 width=8) (actual time=59.997..59.998 rows=1 loops=1)
	  Buffers: shared hit=1 read=28503
	  ->  Limit  (cost=0.43..1197.21 rows=26559 width=4) (actual time=0.022..58.497 rows=28812 loops=1)
	        Buffers: shared hit=1 read=28503
	        ->  Index Only Scan using idx_output_snapshot_history_output_captured on output_snapshot_history  (cost=0.43..1197.21 rows=26559 width=4) (actual time=0.022..56.855 rows=28812 loops=1)
	              Index Cond: (output_id = 'o105'::text)
	              Heap Fetches: 28295
	              Buffers: shared hit=1 read=28503
2026-10-10 08:18:22.311 UTC [1855] hel1435-S4-desktop-R250000-b0-explain-r3 LOG:  duration: 59.639 ms  plan:
	Query Text: SELECT count(*) FROM (SELECT 1 FROM output_snapshot_history WHERE output_id = $1 LIMIT $2) x
	Query Parameters: $1 = 'o106', $2 = '29573'
	Aggregate  (cost=106.54..106.55 rows=1 width=8) (actual time=59.631..59.633 rows=1 loops=1)
	  Buffers: shared read=28504
	  ->  Limit  (cost=0.43..83.49 rows=1844 width=4) (actual time=0.036..58.179 rows=28812 loops=1)
	        Buffers: shared read=28504
	        ->  Index Only Scan using idx_output_snapshot_history_output_captured on output_snapshot_history  (cost=0.43..831.20 rows=18444 width=4) (actual time=0.034..56.596 rows=28812 loops=1)
	              Index Cond: (output_id = ($1)::text)
	              Heap Fetches: 28295
	              Buffers: shared read=28504
2026-10-10 08:18:22.898 UTC [1855] hel1435-S4-desktop-R250000-b0-explain-r3 LOG:  duration: 573.265 ms  plan:
	Query Text: DELETE FROM output_snapshot_history h
	             USING pipelines p, users u
	             WHERE h.output_id = ANY($1) AND h.captured_at < $2
	               AND h.pipeline_id = p.id AND p.owner_id = u.id
	               AND h.captured_at < COALESCE(($3::timestamptz[])[array_position($4::text[], u.tier)], $5)
	Query Parameters: $1 = '{o0,o1,o10,o100,o101,o102,o103,o104,o105,o106}', $2 = '2026-09-10 01:00:00-07', $3 = '{"2026-09-10 01:00:00-07","2026-07-12 01:00:00-07","2025-10-10 01:00:00-07"}', $4 = '{free,beta,owner}', $5 = '2026-09-10 01:00:00-07'
	Delete on output_snapshot_history h  (cost=5.83..239105.92 rows=0 width=0) (actual time=573.261..573.264 rows=0 loops=1)
	  Buffers: shared hit=46526 read=161217 dirtied=14941 written=13354
	  WAL: records=41870 bytes=2260980
	  ->  Hash Join  (cost=5.83..239105.92 rows=44171 width=18) (actual time=5.944..563.039 rows=41870 loops=1)
	        Hash Cond: (p.owner_id = u.id)
	        Join Filter: (h.captured_at < COALESCE(('{"2026-09-10 01:00:00-07","2026-07-12 01:00:00-07","2025-10-10 01:00:00-07"}'::timestamp with time zone[])[array_position('{free,beta,owner}'::text[], u.tier)], '2026-09-10 01:00:00-07'::timestamp with time zone))
	        Rows Removed by Join Filter: 120960
	        Buffers: shared hit=4656 read=161217 written=13354
	        ->  Hash Join  (cost=3.71..238741.71 rows=132514 width=36) (actual time=0.048..533.571 rows=162830 loops=1)
	              Hash Cond: (h.pipeline_id = p.id)
	              Buffers: shared hit=4656 read=161216 written=13354
	              ->  Index Scan using idx_output_snapshot_history_captured_at on output_snapshot_history h  (cost=0.46..238375.87 rows=132514 width=17) (actual time=0.024..516.596 rows=162830 loops=1)
	                    Index Cond: (captured_at < '2026-09-10 01:00:00-07'::timestamp with time zone)
	                    Filter: (output_id = ANY ('{o0,o1,o10,o100,o101,o102,o103,o104,o105,o106}'::text[]))
	                    Rows Removed by Filter: 2778079
	                    Buffers: shared hit=4656 read=161215 written=13354
	              ->  Hash  (cost=2.00..2.00 rows=100 width=25) (actual time=0.019..0.020 rows=100 loops=1)
	                    Buckets: 1024  Batches: 1  Memory Usage: 14kB
	                    Buffers: shared read=1
	                    ->  Seq Scan on pipelines p  (cost=0.00..2.00 rows=100 width=25) (actual time=0.006..0.011 rows=100 loops=1)
	                          Buffers: shared read=1
	        ->  Hash  (cost=1.50..1.50 rows=50 width=27) (actual time=5.879..5.880 rows=50 loops=1)
	              Buckets: 1024  Batches: 1  Memory Usage: 11kB
	              Buffers: shared read=1
	              ->  Seq Scan on users u  (cost=0.00..1.50 rows=50 width=27) (actual time=5.865..5.868 rows=50 loops=1)
	                    Buffers: shared read=1
	JIT:
	  Functions: 24
	  Options: Inlining false, Optimization false, Expressions true, Deforming true
	  Timing: Generation 0.527 ms, Inlining 0.000 ms, Optimization 0.350 ms, Emission 5.520 ms, Total 6.398 ms
2026-10-10 08:18:24.318 UTC [33]  LOG:  checkpoints are occurring too frequently (7 seconds apart)
2026-10-10 08:18:24.318 UTC [33]  HINT:  Consider increasing the configuration parameter "max_wal_size".
2026-10-10 08:18:24.318 UTC [33]  LOG:  checkpoint starting: wal
2026-10-10 08:18:24.488 UTC [1855] hel1435-S4-desktop-R250000-b0-explain-r3 LOG:  duration: 1587.154 ms  plan:
	Query Text: DELETE FROM output_snapshot_history WHERE output_id = ANY($1) AND id IN (
	             SELECT id FROM (
	               SELECT id, age_class, bucket,
	                      row_number() OVER w AS recency,
	                      lag(age_class) OVER w AS prev_class,
	                      lag(bucket) OVER w AS prev_bucket
	               FROM (
	                 SELECT id, output_id, captured_at,
	                        CASE WHEN extract(epoch FROM ($2::timestamptz - captured_at)) < $3 THEN 0
	                             WHEN extract(epoch FROM ($4::timestamptz - captured_at)) < $5 THEN 1
	                             ELSE 2 END AS age_class,
	                        floor(extract(epoch FROM captured_at) /
	                          CASE WHEN extract(epoch FROM ($6::timestamptz - captured_at)) < $7 THEN $8
	                               WHEN extract(epoch FROM ($9::timestamptz - captured_at)) < $10 THEN $11
	                               ELSE $12 END) AS bucket
	                 FROM output_snapshot_history
	                 WHERE output_id = ANY($13)
	               ) classed
	               WINDOW w AS (PARTITION BY output_id ORDER BY captured_at DESC, id DESC)
	             ) ranked
	             WHERE recency > $14 AND prev_class = age_class AND prev_bucket = bucket)
	Query Parameters: $1 = '{o0,o1,o10,o100,o101,o102,o103,o104,o105,o106}', $2 = '2026-10-10 01:00:00-07', $3 = '86400', $4 = '2026-10-10 01:00:00-07', $5 = '604800', $6 = '2026-10-10 01:00:00-07', $7 = '86400', $8 = '300', $9 = '2026-10-10 01:00:00-07', $10 = '604800', $11 = '3600', $12 = '86400', $13 = '{o0,o1,o10,o100,o101,o102,o103,o104,o105,o106}', $14 = '102'
	Delete on output_snapshot_history  (cost=442479.86..442496.37 rows=0 width=0) (actual time=1587.150..1587.153 rows=0 loops=1)
	  Buffers: shared hit=833175 read=248164 dirtied=152675 written=141763, temp read=3415 written=3425
	  WAL: records=202380 fpi=16532 bytes=141151084
	  ->  Nested Loop  (cost=442479.86..442496.37 rows=1 width=46) (actual time=605.951..1461.529 rows=202380 loops=1)
	        Buffers: shared hit=630795 read=248164 written=141763, temp read=3415 written=3425
	        ->  Unique  (cost=442479.40..442479.41 rows=2 width=56) (actual time=605.896..647.405 rows=202380 loops=1)
	              Buffers: shared hit=26 read=69413 written=1379, temp read=3415 written=3425
	              ->  Sort  (cost=442479.40..442479.41 rows=2 width=56) (actual time=605.895..633.366 rows=202380 loops=1)
	                    Sort Key: ranked.id
	                    Sort Method: external merge  Disk: 19432kB
	                    Buffers: shared hit=26 read=69413 written=1379, temp read=3415 written=3425
	                    ->  Subquery Scan on ranked  (cost=411170.39..442479.39 rows=2 width=56) (actual time=305.560..568.763 rows=202380 loops=1)
	                          Filter: ((ranked.recency > 102) AND (ranked.prev_class = ranked.age_class) AND (ranked.prev_bucket = ranked.bucket))
	                          Rows Removed by Filter: 4990
	                          Buffers: shared hit=23 read=69413 written=1379, temp read=986 written=990
	                          ->  WindowAgg  (cost=411170.39..438096.13 rows=250472 width=108) (actual time=305.283..536.013 rows=207370 loops=1)
	                                Buffers: shared hit=23 read=69413 written=1379, temp read=986 written=990
	                                ->  Sort  (cost=411170.39..411796.57 rows=250472 width=28) (actual time=305.221..320.657 rows=207370 loops=1)
	                                      Sort Key: output_snapshot_history_1.output_id, output_snapshot_history_1.captured_at DESC, output_snapshot_history_1.id DESC
	                                      Sort Method: external merge  Disk: 7888kB
	                                      Buffers: shared hit=23 read=69413 written=1379, temp read=986 written=990
	                                      ->  Bitmap Heap Scan on output_snapshot_history output_snapshot_history_1  (cost=8673.49..382714.70 rows=250472 width=28) (actual time=37.127..228.008 rows=207370 loops=1)
	                                            Recheck Cond: (output_id = ANY ('{o0,o1,o10,o100,o101,o102,o103,o104,o105,o106}'::text[]))
	                                            Rows Removed by Index Recheck: 483786
	                                            Heap Blocks: exact=33719 lossy=33982
	                                            Buffers: shared hit=17 read=69413 written=1379
	                                            ->  Bitmap Index Scan on idx_output_snapshot_history_output_captured  (cost=0.00..8610.85 rows=250472 width=0) (actual time=16.001..16.001 rows=249240 loops=1)
	                                                  Index Cond: (output_id = ANY ('{o0,o1,o10,o100,o101,o102,o103,o104,o105,o106}'::text[]))
	                                                  Buffers: shared hit=17 read=1712 written=147
	        ->  Index Scan using output_snapshot_history_pkey on output_snapshot_history  (cost=0.46..8.48 rows=1 width=22) (actual time=0.004..0.004 rows=1 loops=202380)
	              Index Cond: (id = ranked.id)
	              Filter: (output_id = ANY ('{o0,o1,o10,o100,o101,o102,o103,o104,o105,o106}'::text[]))
	              Buffers: shared hit=630769 read=178751 written=140384
	JIT:
	  Functions: 24
	  Options: Inlining false, Optimization false, Expressions true, Deforming true
	  Timing: Generation 0.541 ms, Inlining 0.000 ms, Optimization 0.314 ms, Emission 5.122 ms, Total 5.977 ms
2026-10-10 08:18:24.490 UTC [1855] hel1435-S4-desktop-R250000-b0-explain-r3 LOG:  temporary file: path "base/pgsql_tmp/pgsql_tmp1855.1", size 19898368
2026-10-10 08:18:24.490 UTC [1855] hel1435-S4-desktop-R250000-b0-explain-r3 STATEMENT:  DELETE FROM output_snapshot_history WHERE output_id = ANY($1) AND id IN (
	             SELECT id FROM (
	               SELECT id, age_class, bucket,
	                      row_number() OVER w AS recency,
	                      lag(age_class) OVER w AS prev_class,
	                      lag(bucket) OVER w AS prev_bucket
	               FROM (
	                 SELECT id, output_id, captured_at,
	                        CASE WHEN extract(epoch FROM ($2::timestamptz - captured_at)) < $3 THEN 0
	                             WHEN extract(epoch FROM ($4::timestamptz - captured_at)) < $5 THEN 1
	                             ELSE 2 END AS age_class,
	                        floor(extract(epoch FROM captured_at) /
	                          CASE WHEN extract(epoch FROM ($6::timestamptz - captured_at)) < $7 THEN $8
	                               WHEN extract(epoch FROM ($9::timestamptz - captured_at)) < $10 THEN $11
	                               ELSE $12 END) AS bucket
	                 FROM output_snapshot_history
	                 WHERE output_id = ANY($13)
	               ) classed
	               WINDOW w AS (PARTITION BY output_id ORDER BY captured_at DESC, id DESC)
	             ) ranked
	             WHERE recency > $14 AND prev_class = age_class AND prev_bucket = bucket)
2026-10-10 08:18:24.491 UTC [1855] hel1435-S4-desktop-R250000-b0-explain-r3 LOG:  temporary file: path "base/pgsql_tmp/pgsql_tmp1855.0", size 8077312
2026-10-10 08:18:24.491 UTC [1855] hel1435-S4-desktop-R250000-b0-explain-r3 STATEMENT:  DELETE FROM output_snapshot_history WHERE output_id = ANY($1) AND id IN (
	             SELECT id FROM (
	               SELECT id, age_class, bucket,
	                      row_number() OVER w AS recency,
	                      lag(age_class) OVER w AS prev_class,
	                      lag(bucket) OVER w AS prev_bucket
	               FROM (
	                 SELECT id, output_id, captured_at,
	                        CASE WHEN extract(epoch FROM ($2::timestamptz - captured_at)) < $3 THEN 0
	                             WHEN extract(epoch FROM ($4::timestamptz - captured_at)) < $5 THEN 1
	                             ELSE 2 END AS age_class,
	                        floor(extract(epoch FROM captured_at) /
	                          CASE WHEN extract(epoch FROM ($6::timestamptz - captured_at)) < $7 THEN $8
	                               WHEN extract(epoch FROM ($9::timestamptz - captured_at)) < $10 THEN $11
	                               ELSE $12 END) AS bucket
	                 FROM output_snapshot_history
	                 WHERE output_id = ANY($13)
	               ) classed
	               WINDOW w AS (PARTITION BY output_id ORDER BY captured_at DESC, id DESC)
	             ) ranked
	             WHERE recency > $14 AND prev_class = age_class AND prev_bucket = bucket)
2026-10-10 08:18:27.576 UTC [33]  LOG:  checkpoint complete: wrote 553 buffers (3.4%); 0 WAL file(s) added, 1 removed, 32 recycled; write=2.987 s, sync=0.241 s, total=3.259 s; sync files=4, longest=0.161 s, average=0.061 s; distance=540563 kB, estimate=620693 kB; lsn=53/F1849400, redo lsn=53/D2003D78
2026-10-10 08:18:27.705 UTC [1858] hel1435-S4-desktop-R250000-b0-timed-r1 LOG:  temporary file: path "base/pgsql_tmp/pgsql_tmp1858.1", size 19898368
2026-10-10 08:18:27.705 UTC [1858] hel1435-S4-desktop-R250000-b0-timed-r1 STATEMENT:  DELETE FROM output_snapshot_history WHERE output_id = ANY($1) AND id IN (
	             SELECT id FROM (
	               SELECT id, age_class, bucket,
	                      row_number() OVER w AS recency,
	                      lag(age_class) OVER w AS prev_class,
	                      lag(bucket) OVER w AS prev_bucket
	               FROM (
	                 SELECT id, output_id, captured_at,
	                        CASE WHEN extract(epoch FROM ($2::timestamptz - captured_at)) < $3 THEN 0
	                             WHEN extract(epoch FROM ($4::timestamptz - captured_at)) < $5 THEN 1
	                             ELSE 2 END AS age_class,
	                        floor(extract(epoch FROM captured_at) /
	                          CASE WHEN extract(epoch FROM ($6::timestamptz - captured_at)) < $7 THEN $8
	                               WHEN extract(epoch FROM ($9::timestamptz - captured_at)) < $10 THEN $11
	                               ELSE $12 END) AS bucket
	                 FROM output_snapshot_history
	                 WHERE output_id = ANY($13)
	               ) classed
	               WINDOW w AS (PARTITION BY output_id ORDER BY captured_at DESC, id DESC)
	             ) ranked
	             WHERE recency > $14 AND prev_class = age_class AND prev_bucket = bucket)
2026-10-10 08:18:27.705 UTC [1858] hel1435-S4-desktop-R250000-b0-timed-r1 LOG:  temporary file: path "base/pgsql_tmp/pgsql_tmp1858.0", size 8077312
2026-10-10 08:18:27.705 UTC [1858] hel1435-S4-desktop-R250000-b0-timed-r1 STATEMENT:  DELETE FROM output_snapshot_history WHERE output_id = ANY($1) AND id IN (
	             SELECT id FROM (
	               SELECT id, age_class, bucket,
	                      row_number() OVER w AS recency,
	                      lag(age_class) OVER w AS prev_class,
	                      lag(bucket) OVER w AS prev_bucket
	               FROM (
	                 SELECT id, output_id, captured_at,
	                        CASE WHEN extract(epoch FROM ($2::timestamptz - captured_at)) < $3 THEN 0
	                             WHEN extract(epoch FROM ($4::timestamptz - captured_at)) < $5 THEN 1
	                             ELSE 2 END AS age_class,
	                        floor(extract(epoch FROM captured_at) /
	                          CASE WHEN extract(epoch FROM ($6::timestamptz - captured_at)) < $7 THEN $8
	                               WHEN extract(epoch FROM ($9::timestamptz - captured_at)) < $10 THEN $11
	                               ELSE $12 END) AS bucket
	                 FROM output_snapshot_history
	                 WHERE output_id = ANY($13)
	               ) classed
	               WINDOW w AS (PARTITION BY output_id ORDER BY captured_at DESC, id DESC)
	             ) ranked
	             WHERE recency > $14 AND prev_class = age_class AND prev_bucket = bucket)
2026-10-10 08:18:30.613 UTC [1861] hel1435-S4-desktop-R250000-b0-timed-r2 LOG:  temporary file: path "base/pgsql_tmp/pgsql_tmp1861.1", size 19898368
2026-10-10 08:18:30.613 UTC [1861] hel1435-S4-desktop-R250000-b0-timed-r2 STATEMENT:  DELETE FROM output_snapshot_history WHERE output_id = ANY($1) AND id IN (
	             SELECT id FROM (
	               SELECT id, age_class, bucket,
	                      row_number() OVER w AS recency,
	                      lag(age_class) OVER w AS prev_class,
	                      lag(bucket) OVER w AS prev_bucket
	               FROM (
	                 SELECT id, output_id, captured_at,
	                        CASE WHEN extract(epoch FROM ($2::timestamptz - captured_at)) < $3 THEN 0
	                             WHEN extract(epoch FROM ($4::timestamptz - captured_at)) < $5 THEN 1
	                             ELSE 2 END AS age_class,
	                        floor(extract(epoch FROM captured_at) /
	                          CASE WHEN extract(epoch FROM ($6::timestamptz - captured_at)) < $7 THEN $8
	                               WHEN extract(epoch FROM ($9::timestamptz - captured_at)) < $10 THEN $11
	                               ELSE $12 END) AS bucket
	                 FROM output_snapshot_history
	                 WHERE output_id = ANY($13)
	               ) classed
	               WINDOW w AS (PARTITION BY output_id ORDER BY captured_at DESC, id DESC)
	             ) ranked
	             WHERE recency > $14 AND prev_class = age_class AND prev_bucket = bucket)
2026-10-10 08:18:30.614 UTC [1861] hel1435-S4-desktop-R250000-b0-timed-r2 LOG:  temporary file: path "base/pgsql_tmp/pgsql_tmp1861.0", size 8077312
2026-10-10 08:18:30.614 UTC [1861] hel1435-S4-desktop-R250000-b0-timed-r2 STATEMENT:  DELETE FROM output_snapshot_history WHERE output_id = ANY($1) AND id IN (
	             SELECT id FROM (
	               SELECT id, age_class, bucket,
	                      row_number() OVER w AS recency,
	                      lag(age_class) OVER w AS prev_class,
	                      lag(bucket) OVER w AS prev_bucket
	               FROM (
	                 SELECT id, output_id, captured_at,
	                        CASE WHEN extract(epoch FROM ($2::timestamptz - captured_at)) < $3 THEN 0
	                             WHEN extract(epoch FROM ($4::timestamptz - captured_at)) < $5 THEN 1
	                             ELSE 2 END AS age_class,
	                        floor(extract(epoch FROM captured_at) /
	                          CASE WHEN extract(epoch FROM ($6::timestamptz - captured_at)) < $7 THEN $8
	                               WHEN extract(epoch FROM ($9::timestamptz - captured_at)) < $10 THEN $11
	                               ELSE $12 END) AS bucket
	                 FROM output_snapshot_history
	                 WHERE output_id = ANY($13)
	               ) classed
	               WINDOW w AS (PARTITION BY output_id ORDER BY captured_at DESC, id DESC)
	             ) ranked
	             WHERE recency > $14 AND prev_class = age_class AND prev_bucket = bucket)
2026-10-10 08:18:31.701 UTC [33]  LOG:  checkpoints are occurring too frequently (7 seconds apart)
2026-10-10 08:18:31.701 UTC [33]  HINT:  Consider increasing the configuration parameter "max_wal_size".
2026-10-10 08:18:31.701 UTC [33]  LOG:  checkpoint starting: wal
2026-10-10 08:18:33.754 UTC [1864] hel1435-S4-desktop-R250000-b0-timed-r3 LOG:  temporary file: path "base/pgsql_tmp/pgsql_tmp1864.1", size 19898368
2026-10-10 08:18:33.754 UTC [1864] hel1435-S4-desktop-R250000-b0-timed-r3 STATEMENT:  DELETE FROM output_snapshot_history WHERE output_id = ANY($1) AND id IN (
	             SELECT id FROM (
	               SELECT id, age_class, bucket,
	                      row_number() OVER w AS recency,
	                      lag(age_class) OVER w AS prev_class,
	                      lag(bucket) OVER w AS prev_bucket
	               FROM (
	                 SELECT id, output_id, captured_at,
	                        CASE WHEN extract(epoch FROM ($2::timestamptz - captured_at)) < $3 THEN 0
	                             WHEN extract(epoch FROM ($4::timestamptz - captured_at)) < $5 THEN 1
	                             ELSE 2 END AS age_class,
	                        floor(extract(epoch FROM captured_at) /
	                          CASE WHEN extract(epoch FROM ($6::timestamptz - captured_at)) < $7 THEN $8
	                               WHEN extract(epoch FROM ($9::timestamptz - captured_at)) < $10 THEN $11
	                               ELSE $12 END) AS bucket
	                 FROM output_snapshot_history
	                 WHERE output_id = ANY($13)
	               ) classed
	               WINDOW w AS (PARTITION BY output_id ORDER BY captured_at DESC, id DESC)
	             ) ranked
	             WHERE recency > $14 AND prev_class = age_class AND prev_bucket = bucket)
2026-10-10 08:18:33.756 UTC [1864] hel1435-S4-desktop-R250000-b0-timed-r3 LOG:  temporary file: path "base/pgsql_tmp/pgsql_tmp1864.0", size 8077312
2026-10-10 08:18:33.756 UTC [1864] hel1435-S4-desktop-R250000-b0-timed-r3 STATEMENT:  DELETE FROM output_snapshot_history WHERE output_id = ANY($1) AND id IN (
	             SELECT id FROM (
	               SELECT id, age_class, bucket,
	                      row_number() OVER w AS recency,
	                      lag(age_class) OVER w AS prev_class,
	                      lag(bucket) OVER w AS prev_bucket
	               FROM (
	                 SELECT id, output_id, captured_at,
	                        CASE WHEN extract(epoch FROM ($2::timestamptz - captured_at)) < $3 THEN 0
	                             WHEN extract(epoch FROM ($4::timestamptz - captured_at)) < $5 THEN 1
	                             ELSE 2 END AS age_class,
	                        floor(extract(epoch FROM captured_at) /
	                          CASE WHEN extract(epoch FROM ($6::timestamptz - captured_at)) < $7 THEN $8
	                               WHEN extract(epoch FROM ($9::timestamptz - captured_at)) < $10 THEN $11
	                               ELSE $12 END) AS bucket
	                 FROM output_snapshot_history
	                 WHERE output_id = ANY($13)
	               ) classed
	               WINDOW w AS (PARTITION BY output_id ORDER BY captured_at DESC, id DESC)
	             ) ranked
	             WHERE recency > $14 AND prev_class = age_class AND prev_bucket = bucket)
2026-10-10 08:18:34.011 UTC [1867] hel1435-S4-desktop-R250000-b7-explain-r1 LOG:  duration: 40.920 ms  plan:
	Query Text: SELECT count(*) FROM (SELECT 1 FROM output_snapshot_history WHERE output_id = $1 LIMIT $2) x
	Query Parameters: $1 = 'o184', $2 = '250001'
	Aggregate  (cost=904.60..904.61 rows=1 width=8) (actual time=40.913..40.914 rows=1 loops=1)
	  Buffers: shared hit=3006 read=12509
	  ->  Limit  (cost=0.43..707.87 rows=15739 width=4) (actual time=0.033..40.121 rows=15852 loops=1)
	        Buffers: shared hit=3006 read=12509
	        ->  Index Only Scan using idx_output_snapshot_history_output_captured on output_snapshot_history  (cost=0.43..707.87 rows=15739 width=4) (actual time=0.033..39.216 rows=15852 loops=1)
	              Index Cond: (output_id = 'o184'::text)
	              Heap Fetches: 15395
	              Buffers: shared hit=3006 read=12509
2026-10-10 08:18:34.024 UTC [1867] hel1435-S4-desktop-R250000-b7-explain-r1 LOG:  duration: 12.501 ms  plan:
	Query Text: SELECT count(*) FROM (SELECT 1 FROM output_snapshot_history WHERE output_id = $1 LIMIT $2) x
	Query Parameters: $1 = 'o185', $2 = '234149'
	Aggregate  (cost=904.60..904.61 rows=1 width=8) (actual time=12.498..12.499 rows=1 loops=1)
	  Buffers: shared hit=12499 read=3015
	  ->  Limit  (cost=0.43..707.87 rows=15739 width=4) (actual time=0.019..12.000 rows=15852 loops=1)
	        Buffers: shared hit=12499 read=3015
	        ->  Index Only Scan using idx_output_snapshot_history_output_captured on output_snapshot_history  (cost=0.43..707.87 rows=15739 width=4) (actual time=0.018..11.338 rows=15852 loops=1)
	              Index Cond: (output_id = 'o185'::text)
	              Heap Fetches: 15395
	              Buffers: shared hit=12499 read=3015
2026-10-10 08:18:34.036 UTC [1867] hel1435-S4-desktop-R250000-b7-explain-r1 LOG:  duration: 11.744 ms  plan:
	Query Text: SELECT count(*) FROM (SELECT 1 FROM output_snapshot_history WHERE output_id = $1 LIMIT $2) x
	Query Parameters: $1 = 'o186', $2 = '218297'
	Aggregate  (cost=904.60..904.61 rows=1 width=8) (actual time=11.741..11.742 rows=1 loops=1)
	  Buffers: shared hit=12699 read=2815
	  ->  Limit  (cost=0.43..707.87 rows=15739 width=4) (actual time=0.014..11.256 rows=15852 loops=1)
	        Buffers: shared hit=12699 read=2815
	        ->  Index Only Scan using idx_output_snapshot_history_output_captured on output_snapshot_history  (cost=0.43..707.87 rows=15739 width=4) (actual time=0.014..10.600 rows=15852 loops=1)
	              Index Cond: (output_id = 'o186'::text)
	              Heap Fetches: 15395
	              Buffers: shared hit=12699 read=2815
2026-10-10 08:18:34.043 UTC [1867] hel1435-S4-desktop-R250000-b7-explain-r1 LOG:  duration: 6.856 ms  plan:
	Query Text: SELECT count(*) FROM (SELECT 1 FROM output_snapshot_history WHERE output_id = $1 LIMIT $2) x
	Query Parameters: $1 = 'o187', $2 = '202445'
	Aggregate  (cost=904.60..904.61 rows=1 width=8) (actual time=6.854..6.854 rows=1 loops=1)
	  Buffers: shared hit=15155 read=359
	  ->  Limit  (cost=0.43..707.87 rows=15739 width=4) (actual time=0.020..6.429 rows=15852 loops=1)
	        Buffers: shared hit=15155 read=359
	        ->  Index Only Scan using idx_output_snapshot_history_output_captured on output_snapshot_history  (cost=0.43..707.87 rows=15739 width=4) (actual time=0.020..5.817 rows=15852 loops=1)
	              Index Cond: (output_id = 'o187'::text)
	              Heap Fetches: 15395
	              Buffers: shared hit=15155 read=359
2026-10-10 08:18:34.050 UTC [1867] hel1435-S4-desktop-R250000-b7-explain-r1 LOG:  duration: 6.181 ms  plan:
	Query Text: SELECT count(*) FROM (SELECT 1 FROM output_snapshot_history WHERE output_id = $1 LIMIT $2) x
	Query Parameters: $1 = 'o188', $2 = '186593'
	Aggregate  (cost=904.60..904.61 rows=1 width=8) (actual time=6.179..6.179 rows=1 loops=1)
	  Buffers: shared hit=15406 read=108
	  ->  Limit  (cost=0.43..707.87 rows=15739 width=4) (actual time=0.015..5.755 rows=15852 loops=1)
	        Buffers: shared hit=15406 read=108
	        ->  Index Only Scan using idx_output_snapshot_history_output_captured on output_snapshot_history  (cost=0.43..707.87 rows=15739 width=4) (actual time=0.015..5.148 rows=15852 loops=1)
	              Index Cond: (output_id = 'o188'::text)
	              Heap Fetches: 15395
	              Buffers: shared hit=15406 read=108
2026-10-10 08:18:34.064 UTC [1867] hel1435-S4-desktop-R250000-b7-explain-r1 LOG:  duration: 14.102 ms  plan:
	Query Text: SELECT count(*) FROM (SELECT 1 FROM output_snapshot_history WHERE output_id = $1 LIMIT $2) x
	Query Parameters: $1 = 'o189', $2 = '170741'
	Aggregate  (cost=904.60..904.61 rows=1 width=8) (actual time=14.099..14.100 rows=1 loops=1)
	  Buffers: shared hit=11186 read=4329
	  ->  Limit  (cost=0.43..707.87 rows=15739 width=4) (actual time=0.013..13.583 rows=15852 loops=1)
	        Buffers: shared hit=11186 read=4329
	        ->  Index Only Scan using idx_output_snapshot_history_output_captured on output_snapshot_history  (cost=0.43..707.87 rows=15739 width=4) (actual time=0.013..12.905 rows=15852 loops=1)
	              Index Cond: (output_id = 'o189'::text)
	              Heap Fetches: 15395
	              Buffers: shared hit=11186 read=4329
2026-10-10 08:18:34.097 UTC [1867] hel1435-S4-desktop-R250000-b7-explain-r1 LOG:  duration: 32.836 ms  plan:
	Query Text: SELECT count(*) FROM (SELECT 1 FROM output_snapshot_history WHERE output_id = $1 LIMIT $2) x
	Query Parameters: $1 = 'o19', $2 = '154889'
	Aggregate  (cost=904.60..904.61 rows=1 width=8) (actual time=32.830..32.831 rows=1 loops=1)
	  Buffers: shared hit=11 read=15505
	  ->  Limit  (cost=0.43..707.87 rows=15739 width=4) (actual time=0.016..32.036 rows=15852 loops=1)
	        Buffers: shared hit=11 read=15505
	        ->  Index Only Scan using idx_output_snapshot_history_output_captured on output_snapshot_history  (cost=0.43..707.87 rows=15739 width=4) (actual time=0.015..31.132 rows=15852 loops=1)
	              Index Cond: (output_id = 'o19'::text)
	              Heap Fetches: 15396
	              Buffers: shared hit=11 read=15505
2026-10-10 08:18:34.131 UTC [1867] hel1435-S4-desktop-R250000-b7-explain-r1 LOG:  duration: 33.380 ms  plan:
	Query Text: SELECT count(*) FROM (SELECT 1 FROM output_snapshot_history WHERE output_id = $1 LIMIT $2) x
	Query Parameters: $1 = 'o190', $2 = '139037'
	Aggregate  (cost=904.60..904.61 rows=1 width=8) (actual time=33.374..33.375 rows=1 loops=1)
	  Buffers: shared hit=10 read=15505
	  ->  Limit  (cost=0.43..707.87 rows=15739 width=4) (actual time=0.017..32.570 rows=15852 loops=1)
	        Buffers: shared hit=10 read=15505
	        ->  Index Only Scan using idx_output_snapshot_history_output_captured on output_snapshot_history  (cost=0.43..707.87 rows=15739 width=4) (actual time=0.016..31.659 rows=15852 loops=1)
	              Index Cond: (output_id = 'o190'::text)
	              Heap Fetches: 15395
	              Buffers: shared hit=10 read=15505
2026-10-10 08:18:34.141 UTC [1867] hel1435-S4-desktop-R250000-b7-explain-r1 LOG:  duration: 9.643 ms  plan:
	Query Text: SELECT count(*) FROM (SELECT 1 FROM output_snapshot_history WHERE output_id = $1 LIMIT $2) x
	Query Parameters: $1 = 'o191', $2 = '123185'
	Aggregate  (cost=904.60..904.61 rows=1 width=8) (actual time=9.641..9.641 rows=1 loops=1)
	  Buffers: shared hit=13805 read=1709
	  ->  Limit  (cost=0.43..707.87 rows=15739 width=4) (actual time=0.017..9.186 rows=15852 loops=1)
	        Buffers: shared hit=13805 read=1709
	        ->  Index Only Scan using idx_output_snapshot_history_output_captured on output_snapshot_history  (cost=0.43..707.87 rows=15739 width=4) (actual time=0.017..8.550 rows=15852 loops=1)
	              Index Cond: (output_id = 'o191'::text)
	              Heap Fetches: 15395
	              Buffers: shared hit=13805 read=1709
2026-10-10 08:18:34.156 UTC [1867] hel1435-S4-desktop-R250000-b7-explain-r1 LOG:  duration: 13.757 ms  plan:
	Query Text: SELECT count(*) FROM (SELECT 1 FROM output_snapshot_history WHERE output_id = $1 LIMIT $2) x
	Query Parameters: $1 = 'o192', $2 = '107333'
	Aggregate  (cost=106.54..106.55 rows=1 width=8) (actual time=13.754..13.754 rows=1 loops=1)
	  Buffers: shared hit=11346 read=4168
	  ->  Limit  (cost=0.43..83.49 rows=1844 width=4) (actual time=0.018..13.233 rows=15852 loops=1)
	        Buffers: shared hit=11346 read=4168
	        ->  Index Only Scan using idx_output_snapshot_history_output_captured on output_snapshot_history  (cost=0.43..831.20 rows=18444 width=4) (actual time=0.018..12.554 rows=15852 loops=1)
	              Index Cond: (output_id = ($1)::text)
	              Heap Fetches: 15395
	              Buffers: shared hit=11346 read=4168
2026-10-10 08:18:34.162 UTC [1867] hel1435-S4-desktop-R250000-b7-explain-r1 LOG:  duration: 6.310 ms  plan:
	Query Text: SELECT count(*) FROM (SELECT 1 FROM output_snapshot_history WHERE output_id = $1 LIMIT $2) x
	Query Parameters: $1 = 'o193', $2 = '91481'
	Aggregate  (cost=106.54..106.55 rows=1 width=8) (actual time=6.308..6.309 rows=1 loops=1)
	  Buffers: shared hit=15392 read=122
	  ->  Limit  (cost=0.43..83.49 rows=1844 width=4) (actual time=0.018..5.904 rows=15852 loops=1)
	        Buffers: shared hit=15392 read=122
	        ->  Index Only Scan using idx_output_snapshot_history_output_captured on output_snapshot_history  (cost=0.43..831.20 rows=18444 width=4) (actual time=0.017..5.300 rows=15852 loops=1)
	              Index Cond: (output_id = ($1)::text)
	              Heap Fetches: 15395
	              Buffers: shared hit=15392 read=122
2026-10-10 08:18:34.168 UTC [1867] hel1435-S4-desktop-R250000-b7-explain-r1 LOG:  duration: 5.969 ms  plan:
	Query Text: SELECT count(*) FROM (SELECT 1 FROM output_snapshot_history WHERE output_id = $1 LIMIT $2) x
	Query Parameters: $1 = 'o194', $2 = '75629'
	Aggregate  (cost=106.54..106.55 rows=1 width=8) (actual time=5.967..5.968 rows=1 loops=1)
	  Buffers: shared hit=15406 read=108
	  ->  Limit  (cost=0.43..83.49 rows=1844 width=4) (actual time=0.014..5.559 rows=15852 loops=1)
	        Buffers: shared hit=15406 read=108
	        ->  Index Only Scan using idx_output_snapshot_history_output_captured on output_snapshot_history  (cost=0.43..831.20 rows=18444 width=4) (actual time=0.013..4.958 rows=15852 loops=1)
	              Index Cond: (output_id = ($1)::text)
	              Heap Fetches: 15395
	              Buffers: shared hit=15406 read=108
2026-10-10 08:18:34.182 UTC [1867] hel1435-S4-desktop-R250000-b7-explain-r1 LOG:  duration: 13.248 ms  plan:
	Query Text: SELECT count(*) FROM (SELECT 1 FROM output_snapshot_history WHERE output_id = $1 LIMIT $2) x
	Query Parameters: $1 = 'o195', $2 = '59777'
	Aggregate  (cost=106.54..106.55 rows=1 width=8) (actual time=13.246..13.247 rows=1 loops=1)
	  Buffers: shared hit=11566 read=3949
	  ->  Limit  (cost=0.43..83.49 rows=1844 width=4) (actual time=0.015..12.742 rows=15852 loops=1)
	        Buffers: shared hit=11566 read=3949
	        ->  Index Only Scan using idx_output_snapshot_history_output_captured on output_snapshot_history  (cost=0.43..831.20 rows=18444 width=4) (actual time=0.015..12.073 rows=15852 loops=1)
	              Index Cond: (output_id = ($1)::text)
	              Heap Fetches: 15395
	              Buffers: shared hit=11566 read=3949
2026-10-10 08:18:34.192 UTC [1867] hel1435-S4-desktop-R250000-b7-explain-r1 LOG:  duration: 10.384 ms  plan:
	Query Text: SELECT count(*) FROM (SELECT 1 FROM output_snapshot_history WHERE output_id = $1 LIMIT $2) x
	Query Parameters: $1 = 'o196', $2 = '43925'
	Aggregate  (cost=106.54..106.55 rows=1 width=8) (actual time=10.382..10.382 rows=1 loops=1)
	  Buffers: shared hit=13145 read=2370
	  ->  Limit  (cost=0.43..83.49 rows=1844 width=4) (actual time=0.013..9.917 rows=15852 loops=1)
	        Buffers: shared hit=13145 read=2370
	        ->  Index Only Scan using idx_output_snapshot_history_output_captured on output_snapshot_history  (cost=0.43..831.20 rows=18444 width=4) (actual time=0.013..9.271 rows=15852 loops=1)
	              Index Cond: (output_id = ($1)::text)
	              Heap Fetches: 15395
	              Buffers: shared hit=13145 read=2370
2026-10-10 08:18:34.207 UTC [1867] hel1435-S4-desktop-R250000-b7-explain-r1 LOG:  duration: 13.798 ms  plan:
	Query Text: SELECT count(*) FROM (SELECT 1 FROM output_snapshot_history WHERE output_id = $1 LIMIT $2) x
	Query Parameters: $1 = 'o197', $2 = '28073'
	Aggregate  (cost=106.54..106.55 rows=1 width=8) (actual time=13.796..13.797 rows=1 loops=1)
	  Buffers: shared hit=11258 read=4257
	  ->  Limit  (cost=0.43..83.49 rows=1844 width=4) (actual time=0.013..13.281 rows=15852 loops=1)
	        Buffers: shared hit=11258 read=4257
	        ->  Index Only Scan using idx_output_snapshot_history_output_captured on output_snapshot_history  (cost=0.43..831.20 rows=18444 width=4) (actual time=0.013..12.604 rows=15852 loops=1)
	              Index Cond: (output_id = ($1)::text)
	              Heap Fetches: 15395
	              Buffers: shared hit=11258 read=4257
2026-10-10 08:18:34.233 UTC [1867] hel1435-S4-desktop-R250000-b7-explain-r1 LOG:  duration: 25.048 ms  plan:
	Query Text: SELECT count(*) FROM (SELECT 1 FROM output_snapshot_history WHERE output_id = $1 LIMIT $2) x
	Query Parameters: $1 = 'o198', $2 = '12221'
	Aggregate  (cost=106.54..106.55 rows=1 width=8) (actual time=25.047..25.047 rows=1 loops=1)
	  Buffers: shared hit=10956 read=901
	  ->  Limit  (cost=0.43..83.49 rows=1844 width=4) (actual time=0.014..24.695 rows=12221 loops=1)
	        Buffers: shared hit=10956 read=901
	        ->  Index Only Scan using idx_output_snapshot_history_output_captured on output_snapshot_history  (cost=0.43..831.20 rows=18444 width=4) (actual time=0.014..24.194 rows=12221 loops=1)
	              Index Cond: (output_id = ($1)::text)
	              Heap Fetches: 11764
	              Buffers: shared hit=10956 read=901
2026-10-10 08:18:34.731 UTC [33]  LOG:  checkpoint complete: wrote 3 buffers (0.0%); 0 WAL file(s) added, 4 removed, 29 recycled; write=2.700 s, sync=0.292 s, total=3.031 s; sync files=4, longest=0.134 s, average=0.073 s; distance=540660 kB, estimate=612690 kB; lsn=54/153DB478, redo lsn=53/F3000F10
2026-10-10 08:18:34.731 UTC [33]  LOG:  checkpoints are occurring too frequently (3 seconds apart)
2026-10-10 08:18:34.731 UTC [33]  HINT:  Consider increasing the configuration parameter "max_wal_size".
2026-10-10 08:18:34.731 UTC [33]  LOG:  checkpoint starting: wal
2026-10-10 08:18:35.079 UTC [1867] hel1435-S4-desktop-R250000-b7-explain-r1 LOG:  duration: 833.674 ms  plan:
	Query Text: DELETE FROM output_snapshot_history h
	             USING pipelines p, users u
	             WHERE h.output_id = ANY($1) AND h.captured_at < $2
	               AND h.pipeline_id = p.id AND p.owner_id = u.id
	               AND h.captured_at < COALESCE(($3::timestamptz[])[array_position($4::text[], u.tier)], $5)
	Query Parameters: $1 = '{o184,o185,o186,o187,o188,o189,o19,o190,o191,o192,o193,o194,o195,o196,o197}', $2 = '2026-09-10 01:00:00-07', $3 = '{"2026-09-10 01:00:00-07","2026-07-12 01:00:00-07","2025-10-10 01:00:00-07"}', $4 = '{free,beta,owner}', $5 = '2026-09-10 01:00:00-07'
	Delete on output_snapshot_history h  (cost=1543.09..133254.24 rows=0 width=0) (actual time=833.670..833.673 rows=0 loops=1)
	  Buffers: shared hit=95006 read=35674 dirtied=22942 written=5870
	  WAL: records=108165 fpi=25253 bytes=204758791
	  ->  Hash Join  (cost=1543.09..133254.24 rows=41635 width=18) (actual time=97.499..580.186 rows=108165 loops=1)
	        Hash Cond: ((h.pipeline_id = p.id) AND (u.id = p.owner_id))
	        Buffers: shared hit=2445 read=20070
	        ->  Nested Loop  (cost=1539.59..122316.37 rows=2081767 width=31) (actual time=8.764..364.139 rows=4110270 loops=1)
	              Buffers: shared hit=2445 read=20069
	              ->  Index Scan using users_pkey on users u  (cost=0.14..12.89 rows=50 width=27) (actual time=0.009..0.102 rows=50 loops=1)
	                    Buffers: shared hit=1 read=1
	              ->  Memoize  (cost=1539.45..24463.23 rows=41635 width=17) (actual time=0.181..3.227 rows=82205 loops=50)
	                    Cache Key: COALESCE(('{"2026-09-10 01:00:00-07","2026-07-12 01:00:00-07","2025-10-10 01:00:00-07"}'::timestamp with time zone[])[array_position('{free,beta,owner}'::text[], u.tier)], '2026-09-10 01:00:00-07'::timestamp with time zone)
	                    Cache Mode: binary
	                    Hits: 47  Misses: 3  Evictions: 0  Overflows: 0  Memory Usage: 5916kB
	                    Buffers: shared hit=2444 read=20068
	                    ->  Bitmap Heap Scan on output_snapshot_history h  (cost=1539.44..24463.22 rows=41635 width=17) (actual time=2.954..21.932 rows=36055 loops=3)
	                          Recheck Cond: ((output_id = ANY ('{o184,o185,o186,o187,o188,o189,o19,o190,o191,o192,o193,o194,o195,o196,o197}'::text[])) AND (captured_at < COALESCE(('{"2026-09-10 01:00:00-07","2026-07-12 01:00:00-07","2025-10-10 01:00:00-07"}'::timestamp with time zone[])[array_position('{free,beta,owner}'::text[], u.tier)], '2026-09-10 01:00:00-07'::timestamp with time zone)) AND (captured_at < '2026-09-10 01:00:00-07'::timestamp with time zone))
	                          Heap Blocks: exact=21632
	                          Buffers: shared hit=2444 read=20068
	                          ->  Bitmap Index Scan on idx_output_snapshot_history_output_captured  (cost=0.00..1528.99 rows=41635 width=0) (actual time=2.410..2.411 rows=36055 loops=3)
	                                Index Cond: ((output_id = ANY ('{o184,o185,o186,o187,o188,o189,o19,o190,o191,o192,o193,o194,o195,o196,o197}'::text[])) AND (captured_at < COALESCE(('{"2026-09-10 01:00:00-07","2026-07-12 01:00:00-07","2025-10-10 01:00:00-07"}'::timestamp with time zone[])[array_position('{free,beta,owner}'::text[], u.tier)], '2026-09-10 01:00:00-07'::timestamp with time zone)) AND (captured_at < '2026-09-10 01:00:00-07'::timestamp with time zone))
	                                Buffers: shared hit=148 read=729
	        ->  Hash  (cost=2.00..2.00 rows=100 width=25) (actual time=5.582..5.583 rows=100 loops=1)
	              Buckets: 1024  Batches: 1  Memory Usage: 14kB
	              Buffers: shared read=1
	              ->  Seq Scan on pipelines p  (cost=0.00..2.00 rows=100 width=25) (actual time=5.558..5.563 rows=100 loops=1)
	                    Buffers: shared read=1
	JIT:
	  Functions: 22
	  Options: Inlining false, Optimization false, Expressions true, Deforming true
	  Timing: Generation 0.524 ms, Inlining 0.000 ms, Optimization 0.348 ms, Emission 5.236 ms, Total 6.109 ms
2026-10-10 08:18:35.965 UTC [1867] hel1435-S4-desktop-R250000-b7-explain-r1 LOG:  duration: 883.659 ms  plan:
	Query Text: DELETE FROM output_snapshot_history WHERE output_id = ANY($1) AND id IN (
	             SELECT id FROM (
	               SELECT id, age_class, bucket,
	                      row_number() OVER w AS recency,
	                      lag(age_class) OVER w AS prev_class,
	                      lag(bucket) OVER w AS prev_bucket
	               FROM (
	                 SELECT id, output_id, captured_at,
	                        CASE WHEN extract(epoch FROM ($2::timestamptz - captured_at)) < $3 THEN 0
	                             WHEN extract(epoch FROM ($4::timestamptz - captured_at)) < $5 THEN 1
	                             ELSE 2 END AS age_class,
	                        floor(extract(epoch FROM captured_at) /
	                          CASE WHEN extract(epoch FROM ($6::timestamptz - captured_at)) < $7 THEN $8
	                               WHEN extract(epoch FROM ($9::timestamptz - captured_at)) < $10 THEN $11
	                               ELSE $12 END) AS bucket
	                 FROM output_snapshot_history
	                 WHERE output_id = ANY($13)
	               ) classed
	               WINDOW w AS (PARTITION BY output_id ORDER BY captured_at DESC, id DESC)
	             ) ranked
	             WHERE recency > $14 AND prev_class = age_class AND prev_bucket = bucket)
	Query Parameters: $1 = '{o184,o185,o186,o187,o188,o189,o19,o190,o191,o192,o193,o194,o195,o196,o197}', $2 = '2026-10-10 01:00:00-07', $3 = '86400', $4 = '2026-10-10 01:00:00-07', $5 = '604800', $6 = '2026-10-10 01:00:00-07', $7 = '86400', $8 = '300', $9 = '2026-10-10 01:00:00-07', $10 = '604800', $11 = '3600', $12 = '86400', $13 = '{o184,o185,o186,o187,o188,o189,o19,o190,o191,o192,o193,o194,o195,o196,o197}', $14 = '102'
	Delete on output_snapshot_history  (cost=433267.39..433283.92 rows=0 width=0) (actual time=883.654..883.658 rows=0 loops=1)
	  Buffers: shared hit=551712 read=108428 dirtied=49888 written=55737, temp read=2093 written=2099
	  WAL: records=122760 fpi=21769 bytes=178103453
	  ->  Nested Loop  (cost=433267.39..433283.92 rows=1 width=46) (actual time=390.653..783.438 rows=122760 loops=1)
	        Buffers: shared hit=428952 read=108428 written=55737, temp read=2093 written=2099
	        ->  Unique  (cost=433266.92..433266.93 rows=2 width=56) (actual time=390.606..414.861 rows=122760 loops=1)
	              Buffers: shared hit=10339 read=36001 written=15357, temp read=2093 written=2099
	              ->  Sort  (cost=433266.92..433266.93 rows=2 width=56) (actual time=390.606..406.544 rows=122760 loops=1)
	                    Sort Key: ranked.id
	                    Sort Method: external merge  Disk: 11792kB
	                    Buffers: shared hit=10339 read=36001 written=15357, temp read=2093 written=2099
	                    ->  Subquery Scan on ranked  (cost=403755.41..433266.91 rows=2 width=56) (actual time=207.740..367.846 rows=122760 loops=1)
	                          Filter: ((ranked.recency > 102) AND (ranked.prev_class = ranked.age_class) AND (ranked.prev_bucket = ranked.bucket))
	                          Rows Removed by Filter: 6855
	                          Buffers: shared hit=10339 read=35998 written=15357, temp read=619 written=621
	                          ->  WindowAgg  (cost=403755.41..429135.30 rows=236092 width=108) (actual time=207.468..348.389 rows=129615 loops=1)
	                                Buffers: shared hit=10339 read=35998 written=15357, temp read=619 written=621
	                                ->  Sort  (cost=403755.41..404345.64 rows=236092 width=28) (actual time=207.409..216.273 rows=129615 loops=1)
	                                      Sort Key: output_snapshot_history_1.output_id, output_snapshot_history_1.captured_at DESC, output_snapshot_history_1.id DESC
	                                      Sort Method: external merge  Disk: 4952kB
	                                      Buffers: shared hit=10339 read=35998 written=15357, temp read=619 written=621
	                                      ->  Bitmap Heap Scan on output_snapshot_history output_snapshot_history_1  (cost=8184.19..377036.39 rows=236092 width=28) (actual time=73.124..154.575 rows=129615 loops=1)
	                                            Recheck Cond: (output_id = ANY ('{o184,o185,o186,o187,o188,o189,o19,o190,o191,o192,o193,o194,o195,o196,o197}'::text[]))
	                                            Heap Blocks: exact=44674
	                                            Buffers: shared hit=10333 read=35998 written=15357
	                                            ->  Bitmap Index Scan on idx_output_snapshot_history_output_captured  (cost=0.00..8125.12 rows=236092 width=0) (actual time=16.638..16.639 rows=237780 loops=1)
	                                                  Index Cond: (output_id = ANY ('{o184,o185,o186,o187,o188,o189,o19,o190,o191,o192,o193,o194,o195,o196,o197}'::text[]))
	                                                  Buffers: shared hit=48 read=1609 written=1583
	        ->  Index Scan using output_snapshot_history_pkey on output_snapshot_history  (cost=0.47..8.49 rows=1 width=22) (actual time=0.003..0.003 rows=1 loops=122760)
	              Index Cond: (id = ranked.id)
	              Filter: (output_id = ANY ('{o184,o185,o186,o187,o188,o189,o19,o190,o191,o192,o193,o194,o195,o196,o197}'::text[]))
	              Buffers: shared hit=418613 read=72427 written=40380
	JIT:
	  Functions: 24
	  Options: Inlining false, Optimization false, Expressions true, Deforming true
	  Timing: Generation 0.522 ms, Inlining 0.000 ms, Optimization 0.331 ms, Emission 5.023 ms, Total 5.875 ms
2026-10-10 08:18:35.966 UTC [1867] hel1435-S4-desktop-R250000-b7-explain-r1 LOG:  temporary file: path "base/pgsql_tmp/pgsql_tmp1867.1", size 12075008
2026-10-10 08:18:35.966 UTC [1867] hel1435-S4-desktop-R250000-b7-explain-r1 STATEMENT:  DELETE FROM output_snapshot_history WHERE output_id = ANY($1) AND id IN (
	             SELECT id FROM (
	               SELECT id, age_class, bucket,
	                      row_number() OVER w AS recency,
	                      lag(age_class) OVER w AS prev_class,
	                      lag(bucket) OVER w AS prev_bucket
	               FROM (
	                 SELECT id, output_id, captured_at,
	                        CASE WHEN extract(epoch FROM ($2::timestamptz - captured_at)) < $3 THEN 0
	                             WHEN extract(epoch FROM ($4::timestamptz - captured_at)) < $5 THEN 1
	                             ELSE 2 END AS age_class,
	                        floor(extract(epoch FROM captured_at) /
	                          CASE WHEN extract(epoch FROM ($6::timestamptz - captured_at)) < $7 THEN $8
	                               WHEN extract(epoch FROM ($9::timestamptz - captured_at)) < $10 THEN $11
	                               ELSE $12 END) AS bucket
	                 FROM output_snapshot_history
	                 WHERE output_id = ANY($13)
	               ) classed
	               WINDOW w AS (PARTITION BY output_id ORDER BY captured_at DESC, id DESC)
	             ) ranked
	             WHERE recency > $14 AND prev_class = age_class AND prev_bucket = bucket)
2026-10-10 08:18:35.967 UTC [1867] hel1435-S4-desktop-R250000-b7-explain-r1 LOG:  temporary file: path "base/pgsql_tmp/pgsql_tmp1867.0", size 5070848
2026-10-10 08:18:35.967 UTC [1867] hel1435-S4-desktop-R250000-b7-explain-r1 STATEMENT:  DELETE FROM output_snapshot_history WHERE output_id = ANY($1) AND id IN (
	             SELECT id FROM (
	               SELECT id, age_class, bucket,
	                      row_number() OVER w AS recency,
	                      lag(age_class) OVER w AS prev_class,
	                      lag(bucket) OVER w AS prev_bucket
	               FROM (
	                 SELECT id, output_id, captured_at,
	                        CASE WHEN extract(epoch FROM ($2::timestamptz - captured_at)) < $3 THEN 0
	                             WHEN extract(epoch FROM ($4::timestamptz - captured_at)) < $5 THEN 1
	                             ELSE 2 END AS age_class,
	                        floor(extract(epoch FROM captured_at) /
	                          CASE WHEN extract(epoch FROM ($6::timestamptz - captured_at)) < $7 THEN $8
	                               WHEN extract(epoch FROM ($9::timestamptz - captured_at)) < $10 THEN $11
	                               ELSE $12 END) AS bucket
	                 FROM output_snapshot_history
	                 WHERE output_id = ANY($13)
	               ) classed
	               WINDOW w AS (PARTITION BY output_id ORDER BY captured_at DESC, id DESC)
	             ) ranked
	             WHERE recency > $14 AND prev_class = age_class AND prev_bucket = bucket)
2026-10-10 08:18:36.201 UTC [1870] hel1435-S4-desktop-R250000-b7-explain-r2 LOG:  duration: 43.350 ms  plan:
	Query Text: SELECT count(*) FROM (SELECT 1 FROM output_snapshot_history WHERE output_id = $1 LIMIT $2) x
	Query Parameters: $1 = 'o184', $2 = '250001'
	Aggregate  (cost=904.60..904.61 rows=1 width=8) (actual time=43.344..43.344 rows=1 loops=1)
	  Buffers: shared hit=2879 read=12636 written=2944
	  ->  Limit  (cost=0.43..707.87 rows=15739 width=4) (actual time=0.039..42.576 rows=15852 loops=1)
	        Buffers: shared hit=2879 read=12636 written=2944
	        ->  Index Only Scan using idx_output_snapshot_history_output_captured on output_snapshot_history  (cost=0.43..707.87 rows=15739 width=4) (actual time=0.038..41.694 rows=15852 loops=1)
	              Index Cond: (output_id = 'o184'::text)
	              Heap Fetches: 15395
	              Buffers: shared hit=2879 read=12636 written=2944
2026-10-10 08:18:36.214 UTC [1870] hel1435-S4-desktop-R250000-b7-explain-r2 LOG:  duration: 13.494 ms  plan:
	Query Text: SELECT count(*) FROM (SELECT 1 FROM output_snapshot_history WHERE output_id = $1 LIMIT $2) x
	Query Parameters: $1 = 'o185', $2 = '234149'
	Aggregate  (cost=904.60..904.61 rows=1 width=8) (actual time=13.491..13.492 rows=1 loops=1)
	  Buffers: shared hit=12523 read=2991 written=527
	  ->  Limit  (cost=0.43..707.87 rows=15739 width=4) (actual time=0.025..13.009 rows=15852 loops=1)
	        Buffers: shared hit=12523 read=2991 written=527
	        ->  Index Only Scan using idx_output_snapshot_history_output_captured on output_snapshot_history  (cost=0.43..707.87 rows=15739 width=4) (actual time=0.025..12.350 rows=15852 loops=1)
	              Index Cond: (output_id = 'o185'::text)
	              Heap Fetches: 15395
	              Buffers: shared hit=12523 read=2991 written=527
2026-10-10 08:18:36.226 UTC [1870] hel1435-S4-desktop-R250000-b7-explain-r2 LOG:  duration: 11.342 ms  plan:
	Query Text: SELECT count(*) FROM (SELECT 1 FROM output_snapshot_history WHERE output_id = $1 LIMIT $2) x
	Query Parameters: $1 = 'o186', $2 = '218297'
	Aggregate  (cost=904.60..904.61 rows=1 width=8) (actual time=11.340..11.340 rows=1 loops=1)
	  Buffers: shared hit=12856 read=2658
	  ->  Limit  (cost=0.43..707.87 rows=15739 width=4) (actual time=0.014..10.868 rows=15852 loops=1)
	        Buffers: shared hit=12856 read=2658
	        ->  Index Only Scan using idx_output_snapshot_history_output_captured on output_snapshot_history  (cost=0.43..707.87 rows=15739 width=4) (actual time=0.014..10.218 rows=15852 loops=1)
	              Index Cond: (output_id = 'o186'::text)
	              Heap Fetches: 15395
	              Buffers: shared hit=12856 read=2658
2026-10-10 08:18:36.233 UTC [1870] hel1435-S4-desktop-R250000-b7-explain-r2 LOG:  duration: 6.830 ms  plan:
	Query Text: SELECT count(*) FROM (SELECT 1 FROM output_snapshot_history WHERE output_id = $1 LIMIT $2) x
	Query Parameters: $1 = 'o187', $2 = '202445'
	Aggregate  (cost=904.60..904.61 rows=1 width=8) (actual time=6.828..6.828 rows=1 loops=1)
	  Buffers: shared hit=15150 read=364
	  ->  Limit  (cost=0.43..707.87 rows=15739 width=4) (actual time=0.015..6.411 rows=15852 loops=1)
	        Buffers: shared hit=15150 read=364
	        ->  Index Only Scan using idx_output_snapshot_history_output_captured on output_snapshot_history  (cost=0.43..707.87 rows=15739 width=4) (actual time=0.015..5.800 rows=15852 loops=1)
	              Index Cond: (output_id = 'o187'::text)
	              Heap Fetches: 15395
	              Buffers: shared hit=15150 read=364
2026-10-10 08:18:36.240 UTC [1870] hel1435-S4-desktop-R250000-b7-explain-r2 LOG:  duration: 6.053 ms  plan:
	Query Text: SELECT count(*) FROM (SELECT 1 FROM output_snapshot_history WHERE output_id = $1 LIMIT $2) x
	Query Parameters: $1 = 'o188', $2 = '186593'
	Aggregate  (cost=904.60..904.61 rows=1 width=8) (actual time=6.052..6.052 rows=1 loops=1)
	  Buffers: shared hit=15406 read=108
	  ->  Limit  (cost=0.43..707.87 rows=15739 width=4) (actual time=0.016..5.643 rows=15852 loops=1)
	        Buffers: shared hit=15406 read=108
	        ->  Index Only Scan using idx_output_snapshot_history_output_captured on output_snapshot_history  (cost=0.43..707.87 rows=15739 width=4) (actual time=0.016..5.041 rows=15852 loops=1)
	              Index Cond: (output_id = 'o188'::text)
	              Heap Fetches: 15395
	              Buffers: shared hit=15406 read=108
2026-10-10 08:18:36.254 UTC [1870] hel1435-S4-desktop-R250000-b7-explain-r2 LOG:  duration: 14.135 ms  plan:
	Query Text: SELECT count(*) FROM (SELECT 1 FROM output_snapshot_history WHERE output_id = $1 LIMIT $2) x
	Query Parameters: $1 = 'o189', $2 = '170741'
	Aggregate  (cost=904.60..904.61 rows=1 width=8) (actual time=14.132..14.133 rows=1 loops=1)
	  Buffers: shared hit=11127 read=4388
	  ->  Limit  (cost=0.43..707.87 rows=15739 width=4) (actual time=0.013..13.608 rows=15852 loops=1)
	        Buffers: shared hit=11127 read=4388
	        ->  Index Only Scan using idx_output_snapshot_history_output_captured on output_snapshot_history  (cost=0.43..707.87 rows=15739 width=4) (actual time=0.012..12.932 rows=15852 loops=1)
	              Index Cond: (output_id = 'o189'::text)
	              Heap Fetches: 15395
	              Buffers: shared hit=11127 read=4388
2026-10-10 08:18:36.287 UTC [1870] hel1435-S4-desktop-R250000-b7-explain-r2 LOG:  duration: 32.688 ms  plan:
	Query Text: SELECT count(*) FROM (SELECT 1 FROM output_snapshot_history WHERE output_id = $1 LIMIT $2) x
	Query Parameters: $1 = 'o19', $2 = '154889'
	Aggregate  (cost=904.60..904.61 rows=1 width=8) (actual time=32.681..32.682 rows=1 loops=1)
	  Buffers: shared hit=11 read=15505
	  ->  Limit  (cost=0.43..707.87 rows=15739 width=4) (actual time=0.015..31.865 rows=15852 loops=1)
	        Buffers: shared hit=11 read=15505
	        ->  Index Only Scan using idx_output_snapshot_history_output_captured on output_snapshot_history  (cost=0.43..707.87 rows=15739 width=4) (actual time=0.015..30.968 rows=15852 loops=1)
	              Index Cond: (output_id = 'o19'::text)
	              Heap Fetches: 15396
	              Buffers: shared hit=11 read=15505
2026-10-10 08:18:36.321 UTC [1870] hel1435-S4-desktop-R250000-b7-explain-r2 LOG:  duration: 33.387 ms  plan:
	Query Text: SELECT count(*) FROM (SELECT 1 FROM output_snapshot_history WHERE output_id = $1 LIMIT $2) x
	Query Parameters: $1 = 'o190', $2 = '139037'
	Aggregate  (cost=904.60..904.61 rows=1 width=8) (actual time=33.382..33.382 rows=1 loops=1)
	  Buffers: shared hit=10 read=15505
	  ->  Limit  (cost=0.43..707.87 rows=15739 width=4) (actual time=0.018..32.558 rows=15852 loops=1)
	        Buffers: shared hit=10 read=15505
	        ->  Index Only Scan using idx_output_snapshot_history_output_captured on output_snapshot_history  (cost=0.43..707.87 rows=15739 width=4) (actual time=0.018..31.665 rows=15852 loops=1)
	              Index Cond: (output_id = 'o190'::text)
	              Heap Fetches: 15395
	              Buffers: shared hit=10 read=15505
2026-10-10 08:18:36.331 UTC [1870] hel1435-S4-desktop-R250000-b7-explain-r2 LOG:  duration: 9.637 ms  plan:
	Query Text: SELECT count(*) FROM (SELECT 1 FROM output_snapshot_history WHERE output_id = $1 LIMIT $2) x
	Query Parameters: $1 = 'o191', $2 = '123185'
	Aggregate  (cost=904.60..904.61 rows=1 width=8) (actual time=9.634..9.635 rows=1 loops=1)
	  Buffers: shared hit=13805 read=1709
	  ->  Limit  (cost=0.43..707.87 rows=15739 width=4) (actual time=0.018..9.180 rows=15852 loops=1)
	        Buffers: shared hit=13805 read=1709
	        ->  Index Only Scan using idx_output_snapshot_history_output_captured on output_snapshot_history  (cost=0.43..707.87 rows=15739 width=4) (actual time=0.017..8.540 rows=15852 loops=1)
	              Index Cond: (output_id = 'o191'::text)
	              Heap Fetches: 15395
	              Buffers: shared hit=13805 read=1709
2026-10-10 08:18:36.345 UTC [1870] hel1435-S4-desktop-R250000-b7-explain-r2 LOG:  duration: 13.736 ms  plan:
	Query Text: SELECT count(*) FROM (SELECT 1 FROM output_snapshot_history WHERE output_id = $1 LIMIT $2) x
	Query Parameters: $1 = 'o192', $2 = '107333'
	Aggregate  (cost=106.54..106.55 rows=1 width=8) (actual time=13.733..13.733 rows=1 loops=1)
	  Buffers: shared hit=11359 read=4155
	  ->  Limit  (cost=0.43..83.49 rows=1844 width=4) (actual time=0.022..13.197 rows=15852 loops=1)
	        Buffers: shared hit=11359 read=4155
	        ->  Index Only Scan using idx_output_snapshot_history_output_captured on output_snapshot_history  (cost=0.43..831.20 rows=18444 width=4) (actual time=0.022..12.525 rows=15852 loops=1)
	              Index Cond: (output_id = ($1)::text)
	              Heap Fetches: 15395
	              Buffers: shared hit=11359 read=4155
2026-10-10 08:18:36.352 UTC [1870] hel1435-S4-desktop-R250000-b7-explain-r2 LOG:  duration: 6.255 ms  plan:
	Query Text: SELECT count(*) FROM (SELECT 1 FROM output_snapshot_history WHERE output_id = $1 LIMIT $2) x
	Query Parameters: $1 = 'o193', $2 = '91481'
	Aggregate  (cost=106.54..106.55 rows=1 width=8) (actual time=6.254..6.254 rows=1 loops=1)
	  Buffers: shared hit=15388 read=126
	  ->  Limit  (cost=0.43..83.49 rows=1844 width=4) (actual time=0.018..5.846 rows=15852 loops=1)
	        Buffers: shared hit=15388 read=126
	        ->  Index Only Scan using idx_output_snapshot_history_output_captured on output_snapshot_history  (cost=0.43..831.20 rows=18444 width=4) (actual time=0.018..5.240 rows=15852 loops=1)
	              Index Cond: (output_id = ($1)::text)
	              Heap Fetches: 15395
	              Buffers: shared hit=15388 read=126
2026-10-10 08:18:36.358 UTC [1870] hel1435-S4-desktop-R250000-b7-explain-r2 LOG:  duration: 5.995 ms  plan:
	Query Text: SELECT count(*) FROM (SELECT 1 FROM output_snapshot_history WHERE output_id = $1 LIMIT $2) x
	Query Parameters: $1 = 'o194', $2 = '75629'
	Aggregate  (cost=106.54..106.55 rows=1 width=8) (actual time=5.994..5.994 rows=1 loops=1)
	  Buffers: shared hit=15406 read=108
	  ->  Limit  (cost=0.43..83.49 rows=1844 width=4) (actual time=0.016..5.580 rows=15852 loops=1)
	        Buffers: shared hit=15406 read=108
	        ->  Index Only Scan using idx_output_snapshot_history_output_captured on output_snapshot_history  (cost=0.43..831.20 rows=18444 width=4) (actual time=0.015..4.976 rows=15852 loops=1)
	              Index Cond: (output_id = ($1)::text)
	              Heap Fetches: 15395
	              Buffers: shared hit=15406 read=108
2026-10-10 08:18:36.372 UTC [1870] hel1435-S4-desktop-R250000-b7-explain-r2 LOG:  duration: 13.275 ms  plan:
	Query Text: SELECT count(*) FROM (SELECT 1 FROM output_snapshot_history WHERE output_id = $1 LIMIT $2) x
	Query Parameters: $1 = 'o195', $2 = '59777'
	Aggregate  (cost=106.54..106.55 rows=1 width=8) (actual time=13.272..13.273 rows=1 loops=1)
	  Buffers: shared hit=11566 read=3949
	  ->  Limit  (cost=0.43..83.49 rows=1844 width=4) (actual time=0.015..12.762 rows=15852 loops=1)
	        Buffers: shared hit=11566 read=3949
	        ->  Index Only Scan using idx_output_snapshot_history_output_captured on output_snapshot_history  (cost=0.43..831.20 rows=18444 width=4) (actual time=0.014..12.096 rows=15852 loops=1)
	              Index Cond: (output_id = ($1)::text)
	              Heap Fetches: 15395
	              Buffers: shared hit=11566 read=3949
2026-10-10 08:18:36.382 UTC [1870] hel1435-S4-desktop-R250000-b7-explain-r2 LOG:  duration: 10.336 ms  plan:
	Query Text: SELECT count(*) FROM (SELECT 1 FROM output_snapshot_history WHERE output_id = $1 LIMIT $2) x
	Query Parameters: $1 = 'o196', $2 = '43925'
	Aggregate  (cost=106.54..106.55 rows=1 width=8) (actual time=10.334..10.334 rows=1 loops=1)
	  Buffers: shared hit=13145 read=2370
	  ->  Limit  (cost=0.43..83.49 rows=1844 width=4) (actual time=0.014..9.866 rows=15852 loops=1)
	        Buffers: shared hit=13145 read=2370
	        ->  Index Only Scan using idx_output_snapshot_history_output_captured on output_snapshot_history  (cost=0.43..831.20 rows=18444 width=4) (actual time=0.013..9.223 rows=15852 loops=1)
	              Index Cond: (output_id = ($1)::text)
	              Heap Fetches: 15395
	              Buffers: shared hit=13145 read=2370
2026-10-10 08:18:36.396 UTC [1870] hel1435-S4-desktop-R250000-b7-explain-r2 LOG:  duration: 13.760 ms  plan:
	Query Text: SELECT count(*) FROM (SELECT 1 FROM output_snapshot_history WHERE output_id = $1 LIMIT $2) x
	Query Parameters: $1 = 'o197', $2 = '28073'
	Aggregate  (cost=106.54..106.55 rows=1 width=8) (actual time=13.758..13.758 rows=1 loops=1)
	  Buffers: shared hit=11207 read=4308
	  ->  Limit  (cost=0.43..83.49 rows=1844 width=4) (actual time=0.012..13.238 rows=15852 loops=1)
	        Buffers: shared hit=11207 read=4308
	        ->  Index Only Scan using idx_output_snapshot_history_output_captured on output_snapshot_history  (cost=0.43..831.20 rows=18444 width=4) (actual time=0.012..12.558 rows=15852 loops=1)
	              Index Cond: (output_id = ($1)::text)
	              Heap Fetches: 15395
	              Buffers: shared hit=11207 read=4308
2026-10-10 08:18:36.403 UTC [1870] hel1435-S4-desktop-R250000-b7-explain-r2 LOG:  duration: 6.261 ms  plan:
	Query Text: SELECT count(*) FROM (SELECT 1 FROM output_snapshot_history WHERE output_id = $1 LIMIT $2) x
	Query Parameters: $1 = 'o198', $2 = '12221'
	Aggregate  (cost=106.54..106.55 rows=1 width=8) (actual time=6.259..6.260 rows=1 loops=1)
	  Buffers: shared hit=10937 read=920
	  ->  Limit  (cost=0.43..83.49 rows=1844 width=4) (actual time=0.014..5.921 rows=12221 loops=1)
	        Buffers: shared hit=10937 read=920
	        ->  Index Only Scan using idx_output_snapshot_history_output_captured on output_snapshot_history  (cost=0.43..831.20 rows=18444 width=4) (actual time=0.014..5.444 rows=12221 loops=1)
	              Index Cond: (output_id = ($1)::text)
	              Heap Fetches: 11764
	              Buffers: shared hit=10937 read=920
2026-10-10 08:18:37.113 UTC [1870] hel1435-S4-desktop-R250000-b7-explain-r2 LOG:  duration: 697.639 ms  plan:
	Query Text: DELETE FROM output_snapshot_history h
	             USING pipelines p, users u
	             WHERE h.output_id = ANY($1) AND h.captured_at < $2
	               AND h.pipeline_id = p.id AND p.owner_id = u.id
	               AND h.captured_at < COALESCE(($3::timestamptz[])[array_position($4::text[], u.tier)], $5)
	Query Parameters: $1 = '{o184,o185,o186,o187,o188,o189,o19,o190,o191,o192,o193,o194,o195,o196,o197}', $2 = '2026-09-10 01:00:00-07', $3 = '{"2026-09-10 01:00:00-07","2026-07-12 01:00:00-07","2025-10-10 01:00:00-07"}', $4 = '{free,beta,owner}', $5 = '2026-09-10 01:00:00-07'
	Delete on output_snapshot_history h  (cost=1543.09..133254.24 rows=0 width=0) (actual time=697.636..697.638 rows=0 loops=1)
	  Buffers: shared hit=95050 read=35630 dirtied=22336 written=5895
	  WAL: records=108165 fpi=9606 bytes=81507372
	  ->  Hash Join  (cost=1543.09..133254.24 rows=41635 width=18) (actual time=97.414..571.090 rows=108165 loops=1)
	        Hash Cond: ((h.pipeline_id = p.id) AND (u.id = p.owner_id))
	        Buffers: shared hit=2469 read=20046
	        ->  Nested Loop  (cost=1539.59..122316.37 rows=2081767 width=31) (actual time=8.695..359.196 rows=4110270 loops=1)
	              Buffers: shared hit=2469 read=20045
	              ->  Index Scan using users_pkey on users u  (cost=0.14..12.89 rows=50 width=27) (actual time=0.009..0.069 rows=50 loops=1)
	                    Buffers: shared hit=1 read=1
	              ->  Memoize  (cost=1539.45..24463.23 rows=41635 width=17) (actual time=0.179..3.195 rows=82205 loops=50)
	                    Cache Key: COALESCE(('{"2026-09-10 01:00:00-07","2026-07-12 01:00:00-07","2025-10-10 01:00:00-07"}'::timestamp with time zone[])[array_position('{free,beta,owner}'::text[], u.tier)], '2026-09-10 01:00:00-07'::timestamp with time zone)
	                    Cache Mode: binary
	                    Hits: 47  Misses: 3  Evictions: 0  Overflows: 0  Memory Usage: 5916kB
	                    Buffers: shared hit=2468 read=20044
	                    ->  Bitmap Heap Scan on output_snapshot_history h  (cost=1539.44..24463.22 rows=41635 width=17) (actual time=2.929..22.065 rows=36055 loops=3)
	                          Recheck Cond: ((output_id = ANY ('{o184,o185,o186,o187,o188,o189,o19,o190,o191,o192,o193,o194,o195,o196,o197}'::text[])) AND (captured_at < COALESCE(('{"2026-09-10 01:00:00-07","2026-07-12 01:00:00-07","2025-10-10 01:00:00-07"}'::timestamp with time zone[])[array_position('{free,beta,owner}'::text[], u.tier)], '2026-09-10 01:00:00-07'::timestamp with time zone)) AND (captured_at < '2026-09-10 01:00:00-07'::timestamp with time zone))
	                          Heap Blocks: exact=21632
	                          Buffers: shared hit=2468 read=20044
	                          ->  Bitmap Index Scan on idx_output_snapshot_history_output_captured  (cost=0.00..1528.99 rows=41635 width=0) (actual time=2.391..2.391 rows=36055 loops=3)
	                                Index Cond: ((output_id = ANY ('{o184,o185,o186,o187,o188,o189,o19,o190,o191,o192,o193,o194,o195,o196,o197}'::text[])) AND (captured_at < COALESCE(('{"2026-09-10 01:00:00-07","2026-07-12 01:00:00-07","2025-10-10 01:00:00-07"}'::timestamp with time zone[])[array_position('{free,beta,owner}'::text[], u.tier)], '2026-09-10 01:00:00-07'::timestamp with time zone)) AND (captured_at < '2026-09-10 01:00:00-07'::timestamp with time zone))
	                                Buffers: shared hit=148 read=729
	        ->  Hash  (cost=2.00..2.00 rows=100 width=25) (actual time=5.645..5.646 rows=100 loops=1)
	              Buckets: 1024  Batches: 1  Memory Usage: 14kB
	              Buffers: shared read=1
	              ->  Seq Scan on pipelines p  (cost=0.00..2.00 rows=100 width=25) (actual time=5.620..5.626 rows=100 loops=1)
	                    Buffers: shared read=1
	JIT:
	  Functions: 22
	  Options: Inlining false, Optimization false, Expressions true, Deforming true
	  Timing: Generation 0.522 ms, Inlining 0.000 ms, Optimization 0.333 ms, Emission 5.313 ms, Total 6.168 ms
2026-10-10 08:18:37.901 UTC [1870] hel1435-S4-desktop-R250000-b7-explain-r2 LOG:  duration: 785.326 ms  plan:
	Query Text: DELETE FROM output_snapshot_history WHERE output_id = ANY($1) AND id IN (
	             SELECT id FROM (
	               SELECT id, age_class, bucket,
	                      row_number() OVER w AS recency,
	                      lag(age_class) OVER w AS prev_class,
	                      lag(bucket) OVER w AS prev_bucket
	               FROM (
	                 SELECT id, output_id, captured_at,
	                        CASE WHEN extract(epoch FROM ($2::timestamptz - captured_at)) < $3 THEN 0
	                             WHEN extract(epoch FROM ($4::timestamptz - captured_at)) < $5 THEN 1
	                             ELSE 2 END AS age_class,
	                        floor(extract(epoch FROM captured_at) /
	                          CASE WHEN extract(epoch FROM ($6::timestamptz - captured_at)) < $7 THEN $8
	                               WHEN extract(epoch FROM ($9::timestamptz - captured_at)) < $10 THEN $11
	                               ELSE $12 END) AS bucket
	                 FROM output_snapshot_history
	                 WHERE output_id = ANY($13)
	               ) classed
	               WINDOW w AS (PARTITION BY output_id ORDER BY captured_at DESC, id DESC)
	             ) ranked
	             WHERE recency > $14 AND prev_class = age_class AND prev_bucket = bucket)
	Query Parameters: $1 = '{o184,o185,o186,o187,o188,o189,o19,o190,o191,o192,o193,o194,o195,o196,o197}', $2 = '2026-10-10 01:00:00-07', $3 = '86400', $4 = '2026-10-10 01:00:00-07', $5 = '604800', $6 = '2026-10-10 01:00:00-07', $7 = '86400', $8 = '300', $9 = '2026-10-10 01:00:00-07', $10 = '604800', $11 = '3600', $12 = '86400', $13 = '{o184,o185,o186,o187,o188,o189,o19,o190,o191,o192,o193,o194,o195,o196,o197}', $14 = '102'
	Delete on output_snapshot_history  (cost=433267.39..433283.92 rows=0 width=0) (actual time=785.321..785.325 rows=0 loops=1)
	  Buffers: shared hit=551715 read=108425 dirtied=49898 written=56631, temp read=2093 written=2099
	  WAL: records=122760 bytes=6629040
	  ->  Nested Loop  (cost=433267.39..433283.92 rows=1 width=46) (actual time=395.665..756.719 rows=122760 loops=1)
	        Buffers: shared hit=428955 read=108425 written=56631, temp read=2093 written=2099
	        ->  Unique  (cost=433266.92..433266.93 rows=2 width=56) (actual time=395.615..418.832 rows=122760 loops=1)
	              Buffers: shared hit=10340 read=36000 written=16241, temp read=2093 written=2099
	              ->  Sort  (cost=433266.92..433266.93 rows=2 width=56) (actual time=395.614..410.302 rows=122760 loops=1)
	                    Sort Key: ranked.id
	                    Sort Method: external merge  Disk: 11792kB
	                    Buffers: shared hit=10340 read=36000 written=16241, temp read=2093 written=2099
	                    ->  Subquery Scan on ranked  (cost=403755.41..433266.91 rows=2 width=56) (actual time=210.228..373.348 rows=122760 loops=1)
	                          Filter: ((ranked.recency > 102) AND (ranked.prev_class = ranked.age_class) AND (ranked.prev_bucket = ranked.bucket))
	                          Rows Removed by Filter: 6855
	                          Buffers: shared hit=10340 read=35997 written=16241, temp read=619 written=621
	                          ->  WindowAgg  (cost=403755.41..429135.30 rows=236092 width=108) (actual time=209.943..353.677 rows=129615 loops=1)
	                                Buffers: shared hit=10340 read=35997 written=16241, temp read=619 written=621
	                                ->  Sort  (cost=403755.41..404345.64 rows=236092 width=28) (actual time=209.880..218.903 rows=129615 loops=1)
	                                      Sort Key: output_snapshot_history_1.output_id, output_snapshot_history_1.captured_at DESC, output_snapshot_history_1.id DESC
	                                      Sort Method: external merge  Disk: 4952kB
	                                      Buffers: shared hit=10340 read=35997 written=16241, temp read=619 written=621
	                                      ->  Bitmap Heap Scan on output_snapshot_history output_snapshot_history_1  (cost=8184.19..377036.39 rows=236092 width=28) (actual time=75.882..157.730 rows=129615 loops=1)
	                                            Recheck Cond: (output_id = ANY ('{o184,o185,o186,o187,o188,o189,o19,o190,o191,o192,o193,o194,o195,o196,o197}'::text[]))
	                                            Heap Blocks: exact=44674
	                                            Buffers: shared hit=10334 read=35997 written=16241
	                                            ->  Bitmap Index Scan on idx_output_snapshot_history_output_captured  (cost=0.00..8125.12 rows=236092 width=0) (actual time=16.260..16.260 rows=237780 loops=1)
	                                                  Index Cond: (output_id = ANY ('{o184,o185,o186,o187,o188,o189,o19,o190,o191,o192,o193,o194,o195,o196,o197}'::text[]))
	                                                  Buffers: shared hit=48 read=1609 written=1583
	        ->  Index Scan using output_snapshot_history_pkey on output_snapshot_history  (cost=0.47..8.49 rows=1 width=22) (actual time=0.003..0.003 rows=1 loops=122760)
	              Index Cond: (id = ranked.id)
	              Filter: (output_id = ANY ('{o184,o185,o186,o187,o188,o189,o19,o190,o191,o192,o193,o194,o195,o196,o197}'::text[]))
	              Buffers: shared hit=418615 read=72425 written=40390
	JIT:
	  Functions: 24
	  Options: Inlining false, Optimization false, Expressions true, Deforming true
	  Timing: Generation 0.523 ms, Inlining 0.000 ms, Optimization 0.328 ms, Emission 4.987 ms, Total 5.838 ms
2026-10-10 08:18:37.903 UTC [1870] hel1435-S4-desktop-R250000-b7-explain-r2 LOG:  temporary file: path "base/pgsql_tmp/pgsql_tmp1870.1", size 12075008
2026-10-10 08:18:37.903 UTC [1870] hel1435-S4-desktop-R250000-b7-explain-r2 STATEMENT:  DELETE FROM output_snapshot_history WHERE output_id = ANY($1) AND id IN (
	             SELECT id FROM (
	               SELECT id, age_class, bucket,
	                      row_number() OVER w AS recency,
	                      lag(age_class) OVER w AS prev_class,
	                      lag(bucket) OVER w AS prev_bucket
	               FROM (
	                 SELECT id, output_id, captured_at,
	                        CASE WHEN extract(epoch FROM ($2::timestamptz - captured_at)) < $3 THEN 0
	                             WHEN extract(epoch FROM ($4::timestamptz - captured_at)) < $5 THEN 1
	                             ELSE 2 END AS age_class,
	                        floor(extract(epoch FROM captured_at) /
	                          CASE WHEN extract(epoch FROM ($6::timestamptz - captured_at)) < $7 THEN $8
	                               WHEN extract(epoch FROM ($9::timestamptz - captured_at)) < $10 THEN $11
	                               ELSE $12 END) AS bucket
	                 FROM output_snapshot_history
	                 WHERE output_id = ANY($13)
	               ) classed
	               WINDOW w AS (PARTITION BY output_id ORDER BY captured_at DESC, id DESC)
	             ) ranked
	             WHERE recency > $14 AND prev_class = age_class AND prev_bucket = bucket)
2026-10-10 08:18:37.903 UTC [1870] hel1435-S4-desktop-R250000-b7-explain-r2 LOG:  temporary file: path "base/pgsql_tmp/pgsql_tmp1870.0", size 5070848
2026-10-10 08:18:37.903 UTC [1870] hel1435-S4-desktop-R250000-b7-explain-r2 STATEMENT:  DELETE FROM output_snapshot_history WHERE output_id = ANY($1) AND id IN (
	             SELECT id FROM (
	               SELECT id, age_class, bucket,
	                      row_number() OVER w AS recency,
	                      lag(age_class) OVER w AS prev_class,
	                      lag(bucket) OVER w AS prev_bucket
	               FROM (
	                 SELECT id, output_id, captured_at,
	                        CASE WHEN extract(epoch FROM ($2::timestamptz - captured_at)) < $3 THEN 0
	                             WHEN extract(epoch FROM ($4::timestamptz - captured_at)) < $5 THEN 1
	                             ELSE 2 END AS age_class,
	                        floor(extract(epoch FROM captured_at) /
	                          CASE WHEN extract(epoch FROM ($6::timestamptz - captured_at)) < $7 THEN $8
	                               WHEN extract(epoch FROM ($9::timestamptz - captured_at)) < $10 THEN $11
	                               ELSE $12 END) AS bucket
	                 FROM output_snapshot_history
	                 WHERE output_id = ANY($13)
	               ) classed
	               WINDOW w AS (PARTITION BY output_id ORDER BY captured_at DESC, id DESC)
	             ) ranked
	             WHERE recency > $14 AND prev_class = age_class AND prev_bucket = bucket)
2026-10-10 08:18:38.137 UTC [1873] hel1435-S4-desktop-R250000-b7-explain-r3 LOG:  duration: 43.302 ms  plan:
	Query Text: SELECT count(*) FROM (SELECT 1 FROM output_snapshot_history WHERE output_id = $1 LIMIT $2) x
	Query Parameters: $1 = 'o184', $2 = '250001'
	Aggregate  (cost=904.60..904.61 rows=1 width=8) (actual time=43.294..43.295 rows=1 loops=1)
	  Buffers: shared hit=2857 read=12658 written=3033
	  ->  Limit  (cost=0.43..707.87 rows=15739 width=4) (actual time=0.029..42.517 rows=15852 loops=1)
	        Buffers: shared hit=2857 read=12658 written=3033
	        ->  Index Only Scan using idx_output_snapshot_history_output_captured on output_snapshot_history  (cost=0.43..707.87 rows=15739 width=4) (actual time=0.028..41.643 rows=15852 loops=1)
	              Index Cond: (output_id = 'o184'::text)
	              Heap Fetches: 15395
	              Buffers: shared hit=2857 read=12658 written=3033
2026-10-10 08:18:38.151 UTC [1873] hel1435-S4-desktop-R250000-b7-explain-r3 LOG:  duration: 13.447 ms  plan:
	Query Text: SELECT count(*) FROM (SELECT 1 FROM output_snapshot_history WHERE output_id = $1 LIMIT $2) x
	Query Parameters: $1 = 'o185', $2 = '234149'
	Aggregate  (cost=904.60..904.61 rows=1 width=8) (actual time=13.444..13.444 rows=1 loops=1)
	  Buffers: shared hit=12519 read=2995 written=534
	  ->  Limit  (cost=0.43..707.87 rows=15739 width=4) (actual time=0.024..12.956 rows=15852 loops=1)
	        Buffers: shared hit=12519 read=2995 written=534
	        ->  Index Only Scan using idx_output_snapshot_history_output_captured on output_snapshot_history  (cost=0.43..707.87 rows=15739 width=4) (actual time=0.023..12.291 rows=15852 loops=1)
	              Index Cond: (output_id = 'o185'::text)
	              Heap Fetches: 15395
	              Buffers: shared hit=12519 read=2995 written=534
2026-10-10 08:18:38.162 UTC [1873] hel1435-S4-desktop-R250000-b7-explain-r3 LOG:  duration: 11.307 ms  plan:
	Query Text: SELECT count(*) FROM (SELECT 1 FROM output_snapshot_history WHERE output_id = $1 LIMIT $2) x
	Query Parameters: $1 = 'o186', $2 = '218297'
	Aggregate  (cost=904.60..904.61 rows=1 width=8) (actual time=11.304..11.304 rows=1 loops=1)
	  Buffers: shared hit=12896 read=2618
	  ->  Limit  (cost=0.43..707.87 rows=15739 width=4) (actual time=0.019..10.831 rows=15852 loops=1)
	        Buffers: shared hit=12896 read=2618
	        ->  Index Only Scan using idx_output_snapshot_history_output_captured on output_snapshot_history  (cost=0.43..707.87 rows=15739 width=4) (actual time=0.019..10.181 rows=15852 loops=1)
	              Index Cond: (output_id = 'o186'::text)
	              Heap Fetches: 15395
	              Buffers: shared hit=12896 read=2618
2026-10-10 08:18:38.170 UTC [1873] hel1435-S4-desktop-R250000-b7-explain-r3 LOG:  duration: 6.969 ms  plan:
	Query Text: SELECT count(*) FROM (SELECT 1 FROM output_snapshot_history WHERE output_id = $1 LIMIT $2) x
	Query Parameters: $1 = 'o187', $2 = '202445'
	Aggregate  (cost=904.60..904.61 rows=1 width=8) (actual time=6.967..6.967 rows=1 loops=1)
	  Buffers: shared hit=15128 read=386
	  ->  Limit  (cost=0.43..707.87 rows=15739 width=4) (actual time=0.015..6.548 rows=15852 loops=1)
	        Buffers: shared hit=15128 read=386
	        ->  Index Only Scan using idx_output_snapshot_history_output_captured on output_snapshot_history  (cost=0.43..707.87 rows=15739 width=4) (actual time=0.014..5.935 rows=15852 loops=1)
	              Index Cond: (output_id = 'o187'::text)
	              Heap Fetches: 15395
	              Buffers: shared hit=15128 read=386
2026-10-10 08:18:38.176 UTC [1873] hel1435-S4-desktop-R250000-b7-explain-r3 LOG:  duration: 6.083 ms  plan:
	Query Text: SELECT count(*) FROM (SELECT 1 FROM output_snapshot_history WHERE output_id = $1 LIMIT $2) x
	Query Parameters: $1 = 'o188', $2 = '186593'
	Aggregate  (cost=904.60..904.61 rows=1 width=8) (actual time=6.081..6.082 rows=1 loops=1)
	  Buffers: shared hit=15406 read=108
	  ->  Limit  (cost=0.43..707.87 rows=15739 width=4) (actual time=0.015..5.670 rows=15852 loops=1)
	        Buffers: shared hit=15406 read=108
	        ->  Index Only Scan using idx_output_snapshot_history_output_captured on output_snapshot_history  (cost=0.43..707.87 rows=15739 width=4) (actual time=0.015..5.068 rows=15852 loops=1)
	              Index Cond: (output_id = 'o188'::text)
	              Heap Fetches: 15395
	              Buffers: shared hit=15406 read=108
2026-10-10 08:18:38.191 UTC [1873] hel1435-S4-desktop-R250000-b7-explain-r3 LOG:  duration: 14.220 ms  plan:
	Query Text: SELECT count(*) FROM (SELECT 1 FROM output_snapshot_history WHERE output_id = $1 LIMIT $2) x
	Query Parameters: $1 = 'o189', $2 = '170741'
	Aggregate  (cost=904.60..904.61 rows=1 width=8) (actual time=14.217..14.217 rows=1 loops=1)
	  Buffers: shared hit=11136 read=4379
	  ->  Limit  (cost=0.43..707.87 rows=15739 width=4) (actual time=0.012..13.690 rows=15852 loops=1)
	        Buffers: shared hit=11136 read=4379
	        ->  Index Only Scan using idx_output_snapshot_history_output_captured on output_snapshot_history  (cost=0.43..707.87 rows=15739 width=4) (actual time=0.011..13.009 rows=15852 loops=1)
	              Index Cond: (output_id = 'o189'::text)
	              Heap Fetches: 15395
	              Buffers: shared hit=11136 read=4379
2026-10-10 08:18:38.224 UTC [1873] hel1435-S4-desktop-R250000-b7-explain-r3 LOG:  duration: 32.896 ms  plan:
	Query Text: SELECT count(*) FROM (SELECT 1 FROM output_snapshot_history WHERE output_id = $1 LIMIT $2) x
	Query Parameters: $1 = 'o19', $2 = '154889'
	Aggregate  (cost=904.60..904.61 rows=1 width=8) (actual time=32.891..32.892 rows=1 loops=1)
	  Buffers: shared hit=11 read=15505
	  ->  Limit  (cost=0.43..707.87 rows=15739 width=4) (actual time=0.015..32.064 rows=15852 loops=1)
	        Buffers: shared hit=11 read=15505
	        ->  Index Only Scan using idx_output_snapshot_history_output_captured on output_snapshot_history  (cost=0.43..707.87 rows=15739 width=4) (actual time=0.015..31.159 rows=15852 loops=1)
	              Index Cond: (output_id = 'o19'::text)
	              Heap Fetches: 15396
	              Buffers: shared hit=11 read=15505
2026-10-10 08:18:38.258 UTC [1873] hel1435-S4-desktop-R250000-b7-explain-r3 LOG:  duration: 33.237 ms  plan:
	Query Text: SELECT count(*) FROM (SELECT 1 FROM output_snapshot_history WHERE output_id = $1 LIMIT $2) x
	Query Parameters: $1 = 'o190', $2 = '139037'
	Aggregate  (cost=904.60..904.61 rows=1 width=8) (actual time=33.232..33.233 rows=1 loops=1)
	  Buffers: shared hit=10 read=15505
	  ->  Limit  (cost=0.43..707.87 rows=15739 width=4) (actual time=0.019..32.416 rows=15852 loops=1)
	        Buffers: shared hit=10 read=15505
	        ->  Index Only Scan using idx_output_snapshot_history_output_captured on output_snapshot_history  (cost=0.43..707.87 rows=15739 width=4) (actual time=0.018..31.512 rows=15852 loops=1)
	              Index Cond: (output_id = 'o190'::text)
	              Heap Fetches: 15395
	              Buffers: shared hit=10 read=15505
2026-10-10 08:18:38.268 UTC [1873] hel1435-S4-desktop-R250000-b7-explain-r3 LOG:  duration: 9.590 ms  plan:
	Query Text: SELECT count(*) FROM (SELECT 1 FROM output_snapshot_history WHERE output_id = $1 LIMIT $2) x
	Query Parameters: $1 = 'o191', $2 = '123185'
	Aggregate  (cost=904.60..904.61 rows=1 width=8) (actual time=9.588..9.588 rows=1 loops=1)
	  Buffers: shared hit=13805 read=1709
	  ->  Limit  (cost=0.43..707.87 rows=15739 width=4) (actual time=0.017..9.127 rows=15852 loops=1)
	        Buffers: shared hit=13805 read=1709
	        ->  Index Only Scan using idx_output_snapshot_history_output_captured on output_snapshot_history  (cost=0.43..707.87 rows=15739 width=4) (actual time=0.017..8.486 rows=15852 loops=1)
	              Index Cond: (output_id = 'o191'::text)
	              Heap Fetches: 15395
	              Buffers: shared hit=13805 read=1709
2026-10-10 08:18:38.282 UTC [1873] hel1435-S4-desktop-R250000-b7-explain-r3 LOG:  duration: 13.770 ms  plan:
	Query Text: SELECT count(*) FROM (SELECT 1 FROM output_snapshot_history WHERE output_id = $1 LIMIT $2) x
	Query Parameters: $1 = 'o192', $2 = '107333'
	Aggregate  (cost=106.54..106.55 rows=1 width=8) (actual time=13.768..13.768 rows=1 loops=1)
	  Buffers: shared hit=11350 read=4164
	  ->  Limit  (cost=0.43..83.49 rows=1844 width=4) (actual time=0.023..13.232 rows=15852 loops=1)
	        Buffers: shared hit=11350 read=4164
	        ->  Index Only Scan using idx_output_snapshot_history_output_captured on output_snapshot_history  (cost=0.43..831.20 rows=18444 width=4) (actual time=0.023..12.556 rows=15852 loops=1)
	              Index Cond: (output_id = ($1)::text)
	              Heap Fetches: 15395
	              Buffers: shared hit=11350 read=4164
2026-10-10 08:18:38.288 UTC [1873] hel1435-S4-desktop-R250000-b7-explain-r3 LOG:  duration: 6.288 ms  plan:
	Query Text: SELECT count(*) FROM (SELECT 1 FROM output_snapshot_history WHERE output_id = $1 LIMIT $2) x
	Query Parameters: $1 = 'o193', $2 = '91481'
	Aggregate  (cost=106.54..106.55 rows=1 width=8) (actual time=6.286..6.287 rows=1 loops=1)
	  Buffers: shared hit=15389 read=125
	  ->  Limit  (cost=0.43..83.49 rows=1844 width=4) (actual time=0.017..5.870 rows=15852 loops=1)
	        Buffers: shared hit=15389 read=125
	        ->  Index Only Scan using idx_output_snapshot_history_output_captured on output_snapshot_history  (cost=0.43..831.20 rows=18444 width=4) (actual time=0.016..5.260 rows=15852 loops=1)
	              Index Cond: (output_id = ($1)::text)
	              Heap Fetches: 15395
	              Buffers: shared hit=15389 read=125
2026-10-10 08:18:38.294 UTC [1873] hel1435-S4-desktop-R250000-b7-explain-r3 LOG:  duration: 5.939 ms  plan:
	Query Text: SELECT count(*) FROM (SELECT 1 FROM output_snapshot_history WHERE output_id = $1 LIMIT $2) x
	Query Parameters: $1 = 'o194', $2 = '75629'
	Aggregate  (cost=106.54..106.55 rows=1 width=8) (actual time=5.938..5.938 rows=1 loops=1)
	  Buffers: shared hit=15406 read=108
	  ->  Limit  (cost=0.43..83.49 rows=1844 width=4) (actual time=0.015..5.529 rows=15852 loops=1)
	        Buffers: shared hit=15406 read=108
	        ->  Index Only Scan using idx_output_snapshot_history_output_captured on output_snapshot_history  (cost=0.43..831.20 rows=18444 width=4) (actual time=0.015..4.927 rows=15852 loops=1)
	              Index Cond: (output_id = ($1)::text)
	              Heap Fetches: 15395
	              Buffers: shared hit=15406 read=108
2026-10-10 08:18:38.308 UTC [1873] hel1435-S4-desktop-R250000-b7-explain-r3 LOG:  duration: 13.246 ms  plan:
	Query Text: SELECT count(*) FROM (SELECT 1 FROM output_snapshot_history WHERE output_id = $1 LIMIT $2) x
	Query Parameters: $1 = 'o195', $2 = '59777'
	Aggregate  (cost=106.54..106.55 rows=1 width=8) (actual time=13.244..13.245 rows=1 loops=1)
	  Buffers: shared hit=11566 read=3949
	  ->  Limit  (cost=0.43..83.49 rows=1844 width=4) (actual time=0.014..12.729 rows=15852 loops=1)
	        Buffers: shared hit=11566 read=3949
	        ->  Index Only Scan using idx_output_snapshot_history_output_captured on output_snapshot_history  (cost=0.43..831.20 rows=18444 width=4) (actual time=0.013..12.062 rows=15852 loops=1)
	              Index Cond: (output_id = ($1)::text)
	              Heap Fetches: 15395
	              Buffers: shared hit=11566 read=3949
2026-10-10 08:18:38.318 UTC [1873] hel1435-S4-desktop-R250000-b7-explain-r3 LOG:  duration: 10.264 ms  plan:
	Query Text: SELECT count(*) FROM (SELECT 1 FROM output_snapshot_history WHERE output_id = $1 LIMIT $2) x
	Query Parameters: $1 = 'o196', $2 = '43925'
	Aggregate  (cost=106.54..106.55 rows=1 width=8) (actual time=10.263..10.263 rows=1 loops=1)
	  Buffers: shared hit=13145 read=2370
	  ->  Limit  (cost=0.43..83.49 rows=1844 width=4) (actual time=0.012..9.792 rows=15852 loops=1)
	        Buffers: shared hit=13145 read=2370
	        ->  Index Only Scan using idx_output_snapshot_history_output_captured on output_snapshot_history  (cost=0.43..831.20 rows=18444 width=4) (actual time=0.011..9.149 rows=15852 loops=1)
	              Index Cond: (output_id = ($1)::text)
	              Heap Fetches: 15395
	              Buffers: shared hit=13145 read=2370
2026-10-10 08:18:38.332 UTC [1873] hel1435-S4-desktop-R250000-b7-explain-r3 LOG:  duration: 13.682 ms  plan:
	Query Text: SELECT count(*) FROM (SELECT 1 FROM output_snapshot_history WHERE output_id = $1 LIMIT $2) x
	Query Parameters: $1 = 'o197', $2 = '28073'
	Aggregate  (cost=106.54..106.55 rows=1 width=8) (actual time=13.681..13.681 rows=1 loops=1)
	  Buffers: shared hit=11204 read=4311
	  ->  Limit  (cost=0.43..83.49 rows=1844 width=4) (actual time=0.011..13.159 rows=15852 loops=1)
	        Buffers: shared hit=11204 read=4311
	        ->  Index Only Scan using idx_output_snapshot_history_output_captured on output_snapshot_history  (cost=0.43..831.20 rows=18444 width=4) (actual time=0.011..12.482 rows=15852 loops=1)
	              Index Cond: (output_id = ($1)::text)
	              Heap Fetches: 15395
	              Buffers: shared hit=11204 read=4311
2026-10-10 08:18:38.339 UTC [1873] hel1435-S4-desktop-R250000-b7-explain-r3 LOG:  duration: 6.208 ms  plan:
	Query Text: SELECT count(*) FROM (SELECT 1 FROM output_snapshot_history WHERE output_id = $1 LIMIT $2) x
	Query Parameters: $1 = 'o198', $2 = '12221'
	Aggregate  (cost=106.54..106.55 rows=1 width=8) (actual time=6.207..6.207 rows=1 loops=1)
	  Buffers: shared hit=10943 read=914
	  ->  Limit  (cost=0.43..83.49 rows=1844 width=4) (actual time=0.021..5.864 rows=12221 loops=1)
	        Buffers: shared hit=10943 read=914
	        ->  Index Only Scan using idx_output_snapshot_history_output_captured on output_snapshot_history  (cost=0.43..831.20 rows=18444 width=4) (actual time=0.021..5.385 rows=12221 loops=1)
	              Index Cond: (output_id = ($1)::text)
	              Heap Fetches: 11764
	              Buffers: shared hit=10943 read=914
2026-10-10 08:18:38.999 UTC [1873] hel1435-S4-desktop-R250000-b7-explain-r3 LOG:  duration: 647.340 ms  plan:
	Query Text: DELETE FROM output_snapshot_history h
	             USING pipelines p, users u
	             WHERE h.output_id = ANY($1) AND h.captured_at < $2
	               AND h.pipeline_id = p.id AND p.owner_id = u.id
	               AND h.captured_at < COALESCE(($3::timestamptz[])[array_position($4::text[], u.tier)], $5)
	Query Parameters: $1 = '{o184,o185,o186,o187,o188,o189,o19,o190,o191,o192,o193,o194,o195,o196,o197}', $2 = '2026-09-10 01:00:00-07', $3 = '{"2026-09-10 01:00:00-07","2026-07-12 01:00:00-07","2025-10-10 01:00:00-07"}', $4 = '{free,beta,owner}', $5 = '2026-09-10 01:00:00-07'
	Delete on output_snapshot_history h  (cost=1543.09..133254.24 rows=0 width=0) (actual time=647.336..647.339 rows=0 loops=1)
	  Buffers: shared hit=95050 read=35630 dirtied=22336 written=5895
	  WAL: records=108165 bytes=5840910
	  ->  Hash Join  (cost=1543.09..133254.24 rows=41635 width=18) (actual time=97.825..574.520 rows=108165 loops=1)
	        Hash Cond: ((h.pipeline_id = p.id) AND (u.id = p.owner_id))
	        Buffers: shared hit=2467 read=20048
	        ->  Nested Loop  (cost=1539.59..122316.37 rows=2081767 width=31) (actual time=8.673..361.536 rows=4110270 loops=1)
	              Buffers: shared hit=2467 read=20047
	              ->  Index Scan using users_pkey on users u  (cost=0.14..12.89 rows=50 width=27) (actual time=0.009..0.082 rows=50 loops=1)
	                    Buffers: shared hit=1 read=1
	              ->  Memoize  (cost=1539.45..24463.23 rows=41635 width=17) (actual time=0.179..3.211 rows=82205 loops=50)
	                    Cache Key: COALESCE(('{"2026-09-10 01:00:00-07","2026-07-12 01:00:00-07","2025-10-10 01:00:00-07"}'::timestamp with time zone[])[array_position('{free,beta,owner}'::text[], u.tier)], '2026-09-10 01:00:00-07'::timestamp with time zone)
	                    Cache Mode: binary
	                    Hits: 47  Misses: 3  Evictions: 0  Overflows: 0  Memory Usage: 5916kB
	                    Buffers: shared hit=2466 read=20046
	                    ->  Bitmap Heap Scan on output_snapshot_history h  (cost=1539.44..24463.22 rows=41635 width=17) (actual time=2.920..22.198 rows=36055 loops=3)
	                          Recheck Cond: ((output_id = ANY ('{o184,o185,o186,o187,o188,o189,o19,o190,o191,o192,o193,o194,o195,o196,o197}'::text[])) AND (captured_at < COALESCE(('{"2026-09-10 01:00:00-07","2026-07-12 01:00:00-07","2025-10-10 01:00:00-07"}'::timestamp with time zone[])[array_position('{free,beta,owner}'::text[], u.tier)], '2026-09-10 01:00:00-07'::timestamp with time zone)) AND (captured_at < '2026-09-10 01:00:00-07'::timestamp with time zone))
	                          Heap Blocks: exact=21632
	                          Buffers: shared hit=2466 read=20046
	                          ->  Bitmap Index Scan on idx_output_snapshot_history_output_captured  (cost=0.00..1528.99 rows=41635 width=0) (actual time=2.381..2.381 rows=36055 loops=3)
	                                Index Cond: ((output_id = ANY ('{o184,o185,o186,o187,o188,o189,o19,o190,o191,o192,o193,o194,o195,o196,o197}'::text[])) AND (captured_at < COALESCE(('{"2026-09-10 01:00:00-07","2026-07-12 01:00:00-07","2025-10-10 01:00:00-07"}'::timestamp with time zone[])[array_position('{free,beta,owner}'::text[], u.tier)], '2026-09-10 01:00:00-07'::timestamp with time zone)) AND (captured_at < '2026-09-10 01:00:00-07'::timestamp with time zone))
	                                Buffers: shared hit=148 read=729
	        ->  Hash  (cost=2.00..2.00 rows=100 width=25) (actual time=5.572..5.572 rows=100 loops=1)
	              Buckets: 1024  Batches: 1  Memory Usage: 14kB
	              Buffers: shared read=1
	              ->  Seq Scan on pipelines p  (cost=0.00..2.00 rows=100 width=25) (actual time=5.548..5.554 rows=100 loops=1)
	                    Buffers: shared read=1
	JIT:
	  Functions: 22
	  Options: Inlining false, Optimization false, Expressions true, Deforming true
	  Timing: Generation 0.530 ms, Inlining 0.000 ms, Optimization 0.327 ms, Emission 5.246 ms, Total 6.104 ms
2026-10-10 08:18:39.786 UTC [1873] hel1435-S4-desktop-R250000-b7-explain-r3 LOG:  duration: 785.063 ms  plan:
	Query Text: DELETE FROM output_snapshot_history WHERE output_id = ANY($1) AND id IN (
	             SELECT id FROM (
	               SELECT id, age_class, bucket,
	                      row_number() OVER w AS recency,
	                      lag(age_class) OVER w AS prev_class,
	                      lag(bucket) OVER w AS prev_bucket
	               FROM (
	                 SELECT id, output_id, captured_at,
	                        CASE WHEN extract(epoch FROM ($2::timestamptz - captured_at)) < $3 THEN 0
	                             WHEN extract(epoch FROM ($4::timestamptz - captured_at)) < $5 THEN 1
	                             ELSE 2 END AS age_class,
	                        floor(extract(epoch FROM captured_at) /
	                          CASE WHEN extract(epoch FROM ($6::timestamptz - captured_at)) < $7 THEN $8
	                               WHEN extract(epoch FROM ($9::timestamptz - captured_at)) < $10 THEN $11
	                               ELSE $12 END) AS bucket
	                 FROM output_snapshot_history
	                 WHERE output_id = ANY($13)
	               ) classed
	               WINDOW w AS (PARTITION BY output_id ORDER BY captured_at DESC, id DESC)
	             ) ranked
	             WHERE recency > $14 AND prev_class = age_class AND prev_bucket = bucket)
	Query Parameters: $1 = '{o184,o185,o186,o187,o188,o189,o19,o190,o191,o192,o193,o194,o195,o196,o197}', $2 = '2026-10-10 01:00:00-07', $3 = '86400', $4 = '2026-10-10 01:00:00-07', $5 = '604800', $6 = '2026-10-10 01:00:00-07', $7 = '86400', $8 = '300', $9 = '2026-10-10 01:00:00-07', $10 = '604800', $11 = '3600', $12 = '86400', $13 = '{o184,o185,o186,o187,o188,o189,o19,o190,o191,o192,o193,o194,o195,o196,o197}', $14 = '102'
	Delete on output_snapshot_history  (cost=433267.39..433283.92 rows=0 width=0) (actual time=785.055..785.061 rows=0 loops=1)
	  Buffers: shared hit=551714 read=108426 dirtied=49915 written=56695, temp read=2093 written=2099
	  WAL: records=122760 bytes=6629040
	  ->  Nested Loop  (cost=433267.39..433283.92 rows=1 width=46) (actual time=390.066..756.196 rows=122760 loops=1)
	        Buffers: shared hit=428954 read=108426 written=56695, temp read=2093 written=2099
	        ->  Unique  (cost=433266.92..433266.93 rows=2 width=56) (actual time=390.014..413.049 rows=122760 loops=1)
	              Buffers: shared hit=10340 read=36000 written=16241, temp read=2093 written=2099
	              ->  Sort  (cost=433266.92..433266.93 rows=2 width=56) (actual time=390.013..404.792 rows=122760 loops=1)
	                    Sort Key: ranked.id
	                    Sort Method: external merge  Disk: 11792kB
	                    Buffers: shared hit=10340 read=36000 written=16241, temp read=2093 written=2099
	                    ->  Subquery Scan on ranked  (cost=403755.41..433266.91 rows=2 width=56) (actual time=204.807..367.703 rows=122760 loops=1)
	                          Filter: ((ranked.recency > 102) AND (ranked.prev_class = ranked.age_class) AND (ranked.prev_bucket = ranked.bucket))
	                          Rows Removed by Filter: 6855
	                          Buffers: shared hit=10340 read=35997 written=16241, temp read=619 written=621
	                          ->  WindowAgg  (cost=403755.41..429135.30 rows=236092 width=108) (actual time=204.531..348.202 rows=129615 loops=1)
	                                Buffers: shared hit=10340 read=35997 written=16241, temp read=619 written=621
	                                ->  Sort  (cost=403755.41..404345.64 rows=236092 width=28) (actual time=204.471..213.436 rows=129615 loops=1)
	                                      Sort Key: output_snapshot_history_1.output_id, output_snapshot_history_1.captured_at DESC, output_snapshot_history_1.id DESC
	                                      Sort Method: external merge  Disk: 4952kB
	                                      Buffers: shared hit=10340 read=35997 written=16241, temp read=619 written=621
	                                      ->  Bitmap Heap Scan on output_snapshot_history output_snapshot_history_1  (cost=8184.19..377036.39 rows=236092 width=28) (actual time=70.796..151.663 rows=129615 loops=1)
	                                            Recheck Cond: (output_id = ANY ('{o184,o185,o186,o187,o188,o189,o19,o190,o191,o192,o193,o194,o195,o196,o197}'::text[]))
	                                            Heap Blocks: exact=44674
	                                            Buffers: shared hit=10334 read=35997 written=16241
	                                            ->  Bitmap Index Scan on idx_output_snapshot_history_output_captured  (cost=0.00..8125.12 rows=236092 width=0) (actual time=16.750..16.751 rows=237780 loops=1)
	                                                  Index Cond: (output_id = ANY ('{o184,o185,o186,o187,o188,o189,o19,o190,o191,o192,o193,o194,o195,o196,o197}'::text[]))
	                                                  Buffers: shared hit=48 read=1609 written=1583
	        ->  Index Scan using output_snapshot_history_pkey on output_snapshot_history  (cost=0.47..8.49 rows=1 width=22) (actual time=0.003..0.003 rows=1 loops=122760)
	              Index Cond: (id = ranked.id)
	              Filter: (output_id = ANY ('{o184,o185,o186,o187,o188,o189,o19,o190,o191,o192,o193,o194,o195,o196,o197}'::text[]))
	              Buffers: shared hit=418614 read=72426 written=40454
	JIT:
	  Functions: 24
	  Options: Inlining false, Optimization false, Expressions true, Deforming true
	  Timing: Generation 0.515 ms, Inlining 0.000 ms, Optimization 0.328 ms, Emission 4.964 ms, Total 5.806 ms
2026-10-10 08:18:39.788 UTC [1873] hel1435-S4-desktop-R250000-b7-explain-r3 LOG:  temporary file: path "base/pgsql_tmp/pgsql_tmp1873.1", size 12075008
2026-10-10 08:18:39.788 UTC [1873] hel1435-S4-desktop-R250000-b7-explain-r3 STATEMENT:  DELETE FROM output_snapshot_history WHERE output_id = ANY($1) AND id IN (
	             SELECT id FROM (
	               SELECT id, age_class, bucket,
	                      row_number() OVER w AS recency,
	                      lag(age_class) OVER w AS prev_class,
	                      lag(bucket) OVER w AS prev_bucket
	               FROM (
	                 SELECT id, output_id, captured_at,
	                        CASE WHEN extract(epoch FROM ($2::timestamptz - captured_at)) < $3 THEN 0
	                             WHEN extract(epoch FROM ($4::timestamptz - captured_at)) < $5 THEN 1
	                             ELSE 2 END AS age_class,
	                        floor(extract(epoch FROM captured_at) /
	                          CASE WHEN extract(epoch FROM ($6::timestamptz - captured_at)) < $7 THEN $8
	                               WHEN extract(epoch FROM ($9::timestamptz - captured_at)) < $10 THEN $11
	                               ELSE $12 END) AS bucket
	                 FROM output_snapshot_history
	                 WHERE output_id = ANY($13)
	               ) classed
	               WINDOW w AS (PARTITION BY output_id ORDER BY captured_at DESC, id DESC)
	             ) ranked
	             WHERE recency > $14 AND prev_class = age_class AND prev_bucket = bucket)
2026-10-10 08:18:39.788 UTC [1873] hel1435-S4-desktop-R250000-b7-explain-r3 LOG:  temporary file: path "base/pgsql_tmp/pgsql_tmp1873.0", size 5070848
2026-10-10 08:18:39.788 UTC [1873] hel1435-S4-desktop-R250000-b7-explain-r3 STATEMENT:  DELETE FROM output_snapshot_history WHERE output_id = ANY($1) AND id IN (
	             SELECT id FROM (
	               SELECT id, age_class, bucket,
	                      row_number() OVER w AS recency,
	                      lag(age_class) OVER w AS prev_class,
	                      lag(bucket) OVER w AS prev_bucket
	               FROM (
	                 SELECT id, output_id, captured_at,
	                        CASE WHEN extract(epoch FROM ($2::timestamptz - captured_at)) < $3 THEN 0
	                             WHEN extract(epoch FROM ($4::timestamptz - captured_at)) < $5 THEN 1
	                             ELSE 2 END AS age_class,
	                        floor(extract(epoch FROM captured_at) /
	                          CASE WHEN extract(epoch FROM ($6::timestamptz - captured_at)) < $7 THEN $8
	                               WHEN extract(epoch FROM ($9::timestamptz - captured_at)) < $10 THEN $11
	                               ELSE $12 END) AS bucket
	                 FROM output_snapshot_history
	                 WHERE output_id = ANY($13)
	               ) classed
	               WINDOW w AS (PARTITION BY output_id ORDER BY captured_at DESC, id DESC)
	             ) ranked
	             WHERE recency > $14 AND prev_class = age_class AND prev_bucket = bucket)
2026-10-10 08:18:41.346 UTC [1876] hel1435-S4-desktop-R250000-b7-timed-r1 LOG:  temporary file: path "base/pgsql_tmp/pgsql_tmp1876.1", size 12075008
2026-10-10 08:18:41.346 UTC [1876] hel1435-S4-desktop-R250000-b7-timed-r1 STATEMENT:  DELETE FROM output_snapshot_history WHERE output_id = ANY($1) AND id IN (
	             SELECT id FROM (
	               SELECT id, age_class, bucket,
	                      row_number() OVER w AS recency,
	                      lag(age_class) OVER w AS prev_class,
	                      lag(bucket) OVER w AS prev_bucket
	               FROM (
	                 SELECT id, output_id, captured_at,
	                        CASE WHEN extract(epoch FROM ($2::timestamptz - captured_at)) < $3 THEN 0
	                             WHEN extract(epoch FROM ($4::timestamptz - captured_at)) < $5 THEN 1
	                             ELSE 2 END AS age_class,
	                        floor(extract(epoch FROM captured_at) /
	                          CASE WHEN extract(epoch FROM ($6::timestamptz - captured_at)) < $7 THEN $8
	                               WHEN extract(epoch FROM ($9::timestamptz - captured_at)) < $10 THEN $11
	                               ELSE $12 END) AS bucket
	                 FROM output_snapshot_history
	                 WHERE output_id = ANY($13)
	               ) classed
	               WINDOW w AS (PARTITION BY output_id ORDER BY captured_at DESC, id DESC)
	             ) ranked
	             WHERE recency > $14 AND prev_class = age_class AND prev_bucket = bucket)
2026-10-10 08:18:41.347 UTC [1876] hel1435-S4-desktop-R250000-b7-timed-r1 LOG:  temporary file: path "base/pgsql_tmp/pgsql_tmp1876.0", size 5070848
2026-10-10 08:18:41.347 UTC [1876] hel1435-S4-desktop-R250000-b7-timed-r1 STATEMENT:  DELETE FROM output_snapshot_history WHERE output_id = ANY($1) AND id IN (
	             SELECT id FROM (
	               SELECT id, age_class, bucket,
	                      row_number() OVER w AS recency,
	                      lag(age_class) OVER w AS prev_class,
	                      lag(bucket) OVER w AS prev_bucket
	               FROM (
	                 SELECT id, output_id, captured_at,
	                        CASE WHEN extract(epoch FROM ($2::timestamptz - captured_at)) < $3 THEN 0
	                             WHEN extract(epoch FROM ($4::timestamptz - captured_at)) < $5 THEN 1
	                             ELSE 2 END AS age_class,
	                        floor(extract(epoch FROM captured_at) /
	                          CASE WHEN extract(epoch FROM ($6::timestamptz - captured_at)) < $7 THEN $8
	                               WHEN extract(epoch FROM ($9::timestamptz - captured_at)) < $10 THEN $11
	                               ELSE $12 END) AS bucket
	                 FROM output_snapshot_history
	                 WHERE output_id = ANY($13)
	               ) classed
	               WINDOW w AS (PARTITION BY output_id ORDER BY captured_at DESC, id DESC)
	             ) ranked
	             WHERE recency > $14 AND prev_class = age_class AND prev_bucket = bucket)
2026-10-10 08:18:42.893 UTC [1879] hel1435-S4-desktop-R250000-b7-timed-r2 LOG:  temporary file: path "base/pgsql_tmp/pgsql_tmp1879.1", size 12075008
2026-10-10 08:18:42.893 UTC [1879] hel1435-S4-desktop-R250000-b7-timed-r2 STATEMENT:  DELETE FROM output_snapshot_history WHERE output_id = ANY($1) AND id IN (
	             SELECT id FROM (
	               SELECT id, age_class, bucket,
	                      row_number() OVER w AS recency,
	                      lag(age_class) OVER w AS prev_class,
	                      lag(bucket) OVER w AS prev_bucket
	               FROM (
	                 SELECT id, output_id, captured_at,
	                        CASE WHEN extract(epoch FROM ($2::timestamptz - captured_at)) < $3 THEN 0
	                             WHEN extract(epoch FROM ($4::timestamptz - captured_at)) < $5 THEN 1
	                             ELSE 2 END AS age_class,
	                        floor(extract(epoch FROM captured_at) /
	                          CASE WHEN extract(epoch FROM ($6::timestamptz - captured_at)) < $7 THEN $8
	                               WHEN extract(epoch FROM ($9::timestamptz - captured_at)) < $10 THEN $11
	                               ELSE $12 END) AS bucket
	                 FROM output_snapshot_history
	                 WHERE output_id = ANY($13)
	               ) classed
	               WINDOW w AS (PARTITION BY output_id ORDER BY captured_at DESC, id DESC)
	             ) ranked
	             WHERE recency > $14 AND prev_class = age_class AND prev_bucket = bucket)
2026-10-10 08:18:42.894 UTC [1879] hel1435-S4-desktop-R250000-b7-timed-r2 LOG:  temporary file: path "base/pgsql_tmp/pgsql_tmp1879.0", size 5070848
2026-10-10 08:18:42.894 UTC [1879] hel1435-S4-desktop-R250000-b7-timed-r2 STATEMENT:  DELETE FROM output_snapshot_history WHERE output_id = ANY($1) AND id IN (
	             SELECT id FROM (
	               SELECT id, age_class, bucket,
	                      row_number() OVER w AS recency,
	                      lag(age_class) OVER w AS prev_class,
	                      lag(bucket) OVER w AS prev_bucket
	               FROM (
	                 SELECT id, output_id, captured_at,
	                        CASE WHEN extract(epoch FROM ($2::timestamptz - captured_at)) < $3 THEN 0
	                             WHEN extract(epoch FROM ($4::timestamptz - captured_at)) < $5 THEN 1
	                             ELSE 2 END AS age_class,
	                        floor(extract(epoch FROM captured_at) /
	                          CASE WHEN extract(epoch FROM ($6::timestamptz - captured_at)) < $7 THEN $8
	                               WHEN extract(epoch FROM ($9::timestamptz - captured_at)) < $10 THEN $11
	                               ELSE $12 END) AS bucket
	                 FROM output_snapshot_history
	                 WHERE output_id = ANY($13)
	               ) classed
	               WINDOW w AS (PARTITION BY output_id ORDER BY captured_at DESC, id DESC)
	             ) ranked
	             WHERE recency > $14 AND prev_class = age_class AND prev_bucket = bucket)
2026-10-10 08:18:44.434 UTC [1882] hel1435-S4-desktop-R250000-b7-timed-r3 LOG:  temporary file: path "base/pgsql_tmp/pgsql_tmp1882.1", size 12075008
2026-10-10 08:18:44.434 UTC [1882] hel1435-S4-desktop-R250000-b7-timed-r3 STATEMENT:  DELETE FROM output_snapshot_history WHERE output_id = ANY($1) AND id IN (
	             SELECT id FROM (
	               SELECT id, age_class, bucket,
	                      row_number() OVER w AS recency,
	                      lag(age_class) OVER w AS prev_class,
	                      lag(bucket) OVER w AS prev_bucket
	               FROM (
	                 SELECT id, output_id, captured_at,
	                        CASE WHEN extract(epoch FROM ($2::timestamptz - captured_at)) < $3 THEN 0
	                             WHEN extract(epoch FROM ($4::timestamptz - captured_at)) < $5 THEN 1
	                             ELSE 2 END AS age_class,
	                        floor(extract(epoch FROM captured_at) /
	                          CASE WHEN extract(epoch FROM ($6::timestamptz - captured_at)) < $7 THEN $8
	                               WHEN extract(epoch FROM ($9::timestamptz - captured_at)) < $10 THEN $11
	                               ELSE $12 END) AS bucket
	                 FROM output_snapshot_history
	                 WHERE output_id = ANY($13)
	               ) classed
	               WINDOW w AS (PARTITION BY output_id ORDER BY captured_at DESC, id DESC)
	             ) ranked
	             WHERE recency > $14 AND prev_class = age_class AND prev_bucket = bucket)
2026-10-10 08:18:44.434 UTC [1882] hel1435-S4-desktop-R250000-b7-timed-r3 LOG:  temporary file: path "base/pgsql_tmp/pgsql_tmp1882.0", size 5070848
2026-10-10 08:18:44.434 UTC [1882] hel1435-S4-desktop-R250000-b7-timed-r3 STATEMENT:  DELETE FROM output_snapshot_history WHERE output_id = ANY($1) AND id IN (
	             SELECT id FROM (
	               SELECT id, age_class, bucket,
	                      row_number() OVER w AS recency,
	                      lag(age_class) OVER w AS prev_class,
	                      lag(bucket) OVER w AS prev_bucket
	               FROM (
	                 SELECT id, output_id, captured_at,
	                        CASE WHEN extract(epoch FROM ($2::timestamptz - captured_at)) < $3 THEN 0
	                             WHEN extract(epoch FROM ($4::timestamptz - captured_at)) < $5 THEN 1
	                             ELSE 2 END AS age_class,
	                        floor(extract(epoch FROM captured_at) /
	                          CASE WHEN extract(epoch FROM ($6::timestamptz - captured_at)) < $7 THEN $8
	                               WHEN extract(epoch FROM ($9::timestamptz - captured_at)) < $10 THEN $11
	                               ELSE $12 END) AS bucket
	                 FROM output_snapshot_history
	                 WHERE output_id = ANY($13)
	               ) classed
	               WINDOW w AS (PARTITION BY output_id ORDER BY captured_at DESC, id DESC)
	             ) ranked
	             WHERE recency > $14 AND prev_class = age_class AND prev_bucket = bucket)
2026-10-10 08:18:44.707 UTC [1886] hel1435-S4-desktop-R250000-b14-explain-r1 LOG:  duration: 33.284 ms  plan:
	Query Text: SELECT count(*) FROM (SELECT 1 FROM output_snapshot_history WHERE output_id = $1 LIMIT $2) x
	Query Parameters: $1 = 'o259', $2 = '250001'
	Aggregate  (cost=904.60..904.61 rows=1 width=8) (actual time=33.277..33.278 rows=1 loops=1)
	  Buffers: shared hit=5197 read=10318
	  ->  Limit  (cost=0.43..707.87 rows=15739 width=4) (actual time=0.060..32.544 rows=15852 loops=1)
	        Buffers: shared hit=5197 read=10318
	        ->  Index Only Scan using idx_output_snapshot_history_output_captured on output_snapshot_history  (cost=0.43..707.87 rows=15739 width=4) (actual time=0.060..31.689 rows=15852 loops=1)
	              Index Cond: (output_id = 'o259'::text)
	              Heap Fetches: 15395
	              Buffers: shared hit=5197 read=10318
2026-10-10 08:18:44.740 UTC [1886] hel1435-S4-desktop-R250000-b14-explain-r1 LOG:  duration: 32.681 ms  plan:
	Query Text: SELECT count(*) FROM (SELECT 1 FROM output_snapshot_history WHERE output_id = $1 LIMIT $2) x
	Query Parameters: $1 = 'o26', $2 = '234149'
	Aggregate  (cost=904.60..904.61 rows=1 width=8) (actual time=32.674..32.675 rows=1 loops=1)
	  Buffers: shared hit=11 read=15504
	  ->  Limit  (cost=0.43..707.87 rows=15739 width=4) (actual time=0.015..31.886 rows=15852 loops=1)
	        Buffers: shared hit=11 read=15504
	        ->  Index Only Scan using idx_output_snapshot_history_output_captured on output_snapshot_history  (cost=0.43..707.87 rows=15739 width=4) (actual time=0.015..30.989 rows=15852 loops=1)
	              Index Cond: (output_id = 'o26'::text)
	              Heap Fetches: 15395
	              Buffers: shared hit=11 read=15504
2026-10-10 08:18:44.773 UTC [1886] hel1435-S4-desktop-R250000-b14-explain-r1 LOG:  duration: 33.130 ms  plan:
	Query Text: SELECT count(*) FROM (SELECT 1 FROM output_snapshot_history WHERE output_id = $1 LIMIT $2) x
	Query Parameters: $1 = 'o260', $2 = '218297'
	Aggregate  (cost=904.60..904.61 rows=1 width=8) (actual time=33.124..33.125 rows=1 loops=1)
	  Buffers: shared hit=11 read=15503
	  ->  Limit  (cost=0.43..707.87 rows=15739 width=4) (actual time=0.017..32.327 rows=15852 loops=1)
	        Buffers: shared hit=11 read=15503
	        ->  Index Only Scan using idx_output_snapshot_history_output_captured on output_snapshot_history  (cost=0.43..707.87 rows=15739 width=4) (actual time=0.016..31.428 rows=15852 loops=1)
	              Index Cond: (output_id = 'o260'::text)
	              Heap Fetches: 15395
	              Buffers: shared hit=11 read=15503
2026-10-10 08:18:44.787 UTC [1886] hel1435-S4-desktop-R250000-b14-explain-r1 LOG:  duration: 13.365 ms  plan:
	Query Text: SELECT count(*) FROM (SELECT 1 FROM output_snapshot_history WHERE output_id = $1 LIMIT $2) x
	Query Parameters: $1 = 'o261', $2 = '202445'
	Aggregate  (cost=904.60..904.61 rows=1 width=8) (actual time=13.362..13.363 rows=1 loops=1)
	  Buffers: shared hit=11806 read=3708
	  ->  Limit  (cost=0.43..707.87 rows=15739 width=4) (actual time=0.018..12.857 rows=15852 loops=1)
	        Buffers: shared hit=11806 read=3708
	        ->  Index Only Scan using idx_output_snapshot_history_output_captured on output_snapshot_history  (cost=0.43..707.87 rows=15739 width=4) (actual time=0.017..12.187 rows=15852 loops=1)
	              Index Cond: (output_id = 'o261'::text)
	              Heap Fetches: 15395
	              Buffers: shared hit=11806 read=3708
2026-10-10 08:18:44.799 UTC [1886] hel1435-S4-desktop-R250000-b14-explain-r1 LOG:  duration: 11.419 ms  plan:
	Query Text: SELECT count(*) FROM (SELECT 1 FROM output_snapshot_history WHERE output_id = $1 LIMIT $2) x
	Query Parameters: $1 = 'o262', $2 = '186593'
	Aggregate  (cost=904.60..904.61 rows=1 width=8) (actual time=11.416..11.417 rows=1 loops=1)
	  Buffers: shared hit=12720 read=2794
	  ->  Limit  (cost=0.43..707.87 rows=15739 width=4) (actual time=0.017..10.935 rows=15852 loops=1)
	        Buffers: shared hit=12720 read=2794
	        ->  Index Only Scan using idx_output_snapshot_history_output_captured on output_snapshot_history  (cost=0.43..707.87 rows=15739 width=4) (actual time=0.017..10.273 rows=15852 loops=1)
	              Index Cond: (output_id = 'o262'::text)
	              Heap Fetches: 15395
	              Buffers: shared hit=12720 read=2794
2026-10-10 08:18:44.814 UTC [1886] hel1435-S4-desktop-R250000-b14-explain-r1 LOG:  duration: 14.438 ms  plan:
	Query Text: SELECT count(*) FROM (SELECT 1 FROM output_snapshot_history WHERE output_id = $1 LIMIT $2) x
	Query Parameters: $1 = 'o263', $2 = '170741'
	Aggregate  (cost=904.60..904.61 rows=1 width=8) (actual time=14.436..14.436 rows=1 loops=1)
	  Buffers: shared hit=10988 read=4526
	  ->  Limit  (cost=0.43..707.87 rows=15739 width=4) (actual time=0.015..13.915 rows=15853 loops=1)
	        Buffers: shared hit=10988 read=4526
	        ->  Index Only Scan using idx_output_snapshot_history_output_captured on output_snapshot_history  (cost=0.43..707.87 rows=15739 width=4) (actual time=0.015..13.226 rows=15853 loops=1)
	              Index Cond: (output_id = 'o263'::text)
	              Heap Fetches: 15396
	              Buffers: shared hit=10988 read=4526
2026-10-10 08:18:44.826 UTC [1886] hel1435-S4-desktop-R250000-b14-explain-r1 LOG:  duration: 11.999 ms  plan:
	Query Text: SELECT count(*) FROM (SELECT 1 FROM output_snapshot_history WHERE output_id = $1 LIMIT $2) x
	Query Parameters: $1 = 'o264', $2 = '154888'
	Aggregate  (cost=904.60..904.61 rows=1 width=8) (actual time=11.997..11.998 rows=1 loops=1)
	  Buffers: shared hit=12113 read=3402
	  ->  Limit  (cost=0.43..707.87 rows=15739 width=4) (actual time=0.013..11.505 rows=15852 loops=1)
	        Buffers: shared hit=12113 read=3402
	        ->  Index Only Scan using idx_output_snapshot_history_output_captured on output_snapshot_history  (cost=0.43..707.87 rows=15739 width=4) (actual time=0.012..10.844 rows=15852 loops=1)
	              Index Cond: (output_id = 'o264'::text)
	              Heap Fetches: 15395
	              Buffers: shared hit=12113 read=3402
2026-10-10 08:18:44.836 UTC [1886] hel1435-S4-desktop-R250000-b14-explain-r1 LOG:  duration: 10.009 ms  plan:
	Query Text: SELECT count(*) FROM (SELECT 1 FROM output_snapshot_history WHERE output_id = $1 LIMIT $2) x
	Query Parameters: $1 = 'o265', $2 = '139036'
	Aggregate  (cost=904.60..904.61 rows=1 width=8) (actual time=10.006..10.006 rows=1 loops=1)
	  Buffers: shared hit=13671 read=1844
	  ->  Limit  (cost=0.43..707.87 rows=15739 width=4) (actual time=0.012..9.533 rows=15852 loops=1)
	        Buffers: shared hit=13671 read=1844
	        ->  Index Only Scan using idx_output_snapshot_history_output_captured on output_snapshot_history  (cost=0.43..707.87 rows=15739 width=4) (actual time=0.012..8.879 rows=15852 loops=1)
	              Index Cond: (output_id = 'o265'::text)
	              Heap Fetches: 15395
	              Buffers: shared hit=13671 read=1844
2026-10-10 08:18:44.843 UTC [1886] hel1435-S4-desktop-R250000-b14-explain-r1 LOG:  duration: 6.411 ms  plan:
	Query Text: SELECT count(*) FROM (SELECT 1 FROM output_snapshot_history WHERE output_id = $1 LIMIT $2) x
	Query Parameters: $1 = 'o266', $2 = '123184'
	Aggregate  (cost=904.60..904.61 rows=1 width=8) (actual time=6.408..6.409 rows=1 loops=1)
	  Buffers: shared hit=15407 read=108
	  ->  Limit  (cost=0.43..707.87 rows=15739 width=4) (actual time=0.014..5.995 rows=15852 loops=1)
	        Buffers: shared hit=15407 read=108
	        ->  Index Only Scan using idx_output_snapshot_history_output_captured on output_snapshot_history  (cost=0.43..707.87 rows=15739 width=4) (actual time=0.014..5.389 rows=15852 loops=1)
	              Index Cond: (output_id = 'o266'::text)
	              Heap Fetches: 15395
	              Buffers: shared hit=15407 read=108
2026-10-10 08:18:44.862 UTC [1886] hel1435-S4-desktop-R250000-b14-explain-r1 LOG:  duration: 18.469 ms  plan:
	Query Text: SELECT count(*) FROM (SELECT 1 FROM output_snapshot_history WHERE output_id = $1 LIMIT $2) x
	Query Parameters: $1 = 'o267', $2 = '107332'
	Aggregate  (cost=106.54..106.55 rows=1 width=8) (actual time=18.463..18.463 rows=1 loops=1)
	  Buffers: shared hit=9251 read=6264
	  ->  Limit  (cost=0.43..83.49 rows=1844 width=4) (actual time=0.016..17.855 rows=15852 loops=1)
	        Buffers: shared hit=9251 read=6264
	        ->  Index Only Scan using idx_output_snapshot_history_output_captured on output_snapshot_history  (cost=0.43..831.20 rows=18444 width=4) (actual time=0.015..17.116 rows=15852 loops=1)
	              Index Cond: (output_id = ($1)::text)
	              Heap Fetches: 15395
	              Buffers: shared hit=9251 read=6264
2026-10-10 08:18:44.877 UTC [1886] hel1435-S4-desktop-R250000-b14-explain-r1 LOG:  duration: 14.823 ms  plan:
	Query Text: SELECT count(*) FROM (SELECT 1 FROM output_snapshot_history WHERE output_id = $1 LIMIT $2) x
	Query Parameters: $1 = 'o268', $2 = '91480'
	Aggregate  (cost=106.54..106.55 rows=1 width=8) (actual time=14.816..14.817 rows=1 loops=1)
	  Buffers: shared hit=12782 read=2733
	  ->  Limit  (cost=0.43..83.49 rows=1844 width=4) (actual time=0.024..14.189 rows=15852 loops=1)
	        Buffers: shared hit=12782 read=2733
	        ->  Index Only Scan using idx_output_snapshot_history_output_captured on output_snapshot_history  (cost=0.43..831.20 rows=18444 width=4) (actual time=0.022..13.405 rows=15852 loops=1)
	              Index Cond: (output_id = ($1)::text)
	              Heap Fetches: 15395
	              Buffers: shared hit=12782 read=2733
2026-10-10 08:18:44.893 UTC [1886] hel1435-S4-desktop-R250000-b14-explain-r1 LOG:  duration: 15.470 ms  plan:
	Query Text: SELECT count(*) FROM (SELECT 1 FROM output_snapshot_history WHERE output_id = $1 LIMIT $2) x
	Query Parameters: $1 = 'o269', $2 = '75628'
	Aggregate  (cost=106.54..106.55 rows=1 width=8) (actual time=15.465..15.465 rows=1 loops=1)
	  Buffers: shared hit=11668 read=3846
	  ->  Limit  (cost=0.43..83.49 rows=1844 width=4) (actual time=0.022..14.966 rows=15852 loops=1)
	        Buffers: shared hit=11668 read=3846
	        ->  Index Only Scan using idx_output_snapshot_history_output_captured on output_snapshot_history  (cost=0.43..831.20 rows=18444 width=4) (actual time=0.021..14.289 rows=15852 loops=1)
	              Index Cond: (output_id = ($1)::text)
	              Heap Fetches: 15395
	              Buffers: shared hit=11668 read=3846
2026-10-10 08:18:44.928 UTC [1886] hel1435-S4-desktop-R250000-b14-explain-r1 LOG:  duration: 34.989 ms  plan:
	Query Text: SELECT count(*) FROM (SELECT 1 FROM output_snapshot_history WHERE output_id = $1 LIMIT $2) x
	Query Parameters: $1 = 'o27', $2 = '59776'
	Aggregate  (cost=106.54..106.55 rows=1 width=8) (actual time=34.982..34.983 rows=1 loops=1)
	  Buffers: shared hit=8 read=15506
	  ->  Limit  (cost=0.43..83.49 rows=1844 width=4) (actual time=0.021..34.187 rows=15852 loops=1)
	        Buffers: shared hit=8 read=15506
	        ->  Index Only Scan using idx_output_snapshot_history_output_captured on output_snapshot_history  (cost=0.43..831.20 rows=18444 width=4) (actual time=0.020..33.294 rows=15852 loops=1)
	              Index Cond: (output_id = ($1)::text)
	              Heap Fetches: 15395
	              Buffers: shared hit=8 read=15506
2026-10-10 08:18:44.965 UTC [1886] hel1435-S4-desktop-R250000-b14-explain-r1 LOG:  duration: 35.858 ms  plan:
	Query Text: SELECT count(*) FROM (SELECT 1 FROM output_snapshot_history WHERE output_id = $1 LIMIT $2) x
	Query Parameters: $1 = 'o270', $2 = '43924'
	Aggregate  (cost=106.54..106.55 rows=1 width=8) (actual time=35.851..35.852 rows=1 loops=1)
	  Buffers: shared hit=10 read=15504
	  ->  Limit  (cost=0.43..83.49 rows=1844 width=4) (actual time=0.021..35.003 rows=15852 loops=1)
	        Buffers: shared hit=10 read=15504
	        ->  Index Only Scan using idx_output_snapshot_history_output_captured on output_snapshot_history  (cost=0.43..831.20 rows=18444 width=4) (actual time=0.020..34.048 rows=15852 loops=1)
	              Index Cond: (output_id = ($1)::text)
	              Heap Fetches: 15395
	              Buffers: shared hit=10 read=15504
2026-10-10 08:18:44.971 UTC [1886] hel1435-S4-desktop-R250000-b14-explain-r1 LOG:  duration: 6.394 ms  plan:
	Query Text: SELECT count(*) FROM (SELECT 1 FROM output_snapshot_history WHERE output_id = $1 LIMIT $2) x
	Query Parameters: $1 = 'o271', $2 = '28072'
	Aggregate  (cost=106.54..106.55 rows=1 width=8) (actual time=6.393..6.393 rows=1 loops=1)
	  Buffers: shared hit=15404 read=110
	  ->  Limit  (cost=0.43..83.49 rows=1844 width=4) (actual time=0.023..5.985 rows=15852 loops=1)
	        Buffers: shared hit=15404 read=110
	        ->  Index Only Scan using idx_output_snapshot_history_output_captured on output_snapshot_history  (cost=0.43..831.20 rows=18444 width=4) (actual time=0.022..5.382 rows=15852 loops=1)
	              Index Cond: (output_id = ($1)::text)
	              Heap Fetches: 15395
	              Buffers: shared hit=15404 read=110
2026-10-10 08:18:44.977 UTC [1886] hel1435-S4-desktop-R250000-b14-explain-r1 LOG:  duration: 4.793 ms  plan:
	Query Text: SELECT count(*) FROM (SELECT 1 FROM output_snapshot_history WHERE output_id = $1 LIMIT $2) x
	Query Parameters: $1 = 'o272', $2 = '12220'
	Aggregate  (cost=106.54..106.55 rows=1 width=8) (actual time=4.792..4.792 rows=1 loops=1)
	  Buffers: shared hit=11771 read=85
	  ->  Limit  (cost=0.43..83.49 rows=1844 width=4) (actual time=0.019..4.425 rows=12220 loops=1)
	        Buffers: shared hit=11771 read=85
	        ->  Index Only Scan using idx_output_snapshot_history_output_captured on output_snapshot_history  (cost=0.43..831.20 rows=18444 width=4) (actual time=0.018..3.927 rows=12220 loops=1)
	              Index Cond: (output_id = ($1)::text)
	              Heap Fetches: 11763
	              Buffers: shared hit=11771 read=85
2026-10-10 08:18:45.742 UTC [33]  LOG:  checkpoint complete: wrote 1417 buffers (8.6%); 0 WAL file(s) added, 5 removed, 30 recycled; write=10.786 s, sync=0.194 s, total=11.012 s; sync files=4, longest=0.116 s, average=0.049 s; distance=581152 kB, estimate=609536 kB; lsn=54/37048260, redo lsn=54/167891C8
2026-10-10 08:18:45.743 UTC [33]  LOG:  checkpoints are occurring too frequently (11 seconds apart)
2026-10-10 08:18:45.743 UTC [33]  HINT:  Consider increasing the configuration parameter "max_wal_size".
2026-10-10 08:18:45.785 UTC [1886] hel1435-S4-desktop-R250000-b14-explain-r1 LOG:  duration: 795.643 ms  plan:
	Query Text: DELETE FROM output_snapshot_history h
	             USING pipelines p, users u
	             WHERE h.output_id = ANY($1) AND h.captured_at < $2
	               AND h.pipeline_id = p.id AND p.owner_id = u.id
	               AND h.captured_at < COALESCE(($3::timestamptz[])[array_position($4::text[], u.tier)], $5)
	Query Parameters: $1 = '{o259,o26,o260,o261,o262,o263,o264,o265,o266,o267,o268,o269,o27,o270,o271}', $2 = '2026-09-10 01:00:00-07', $3 = '{"2026-09-10 01:00:00-07","2026-07-12 01:00:00-07","2025-10-10 01:00:00-07"}', $4 = '{free,beta,owner}', $5 = '2026-09-10 01:00:00-07'
	Delete on output_snapshot_history h  (cost=1543.09..133254.24 rows=0 width=0) (actual time=795.639..795.641 rows=0 loops=1)
	  Buffers: shared hit=97344 read=31741 dirtied=22540 written=5963
	  WAL: records=108166 fpi=15229 bytes=125799797
	  ->  Hash Join  (cost=1543.09..133254.24 rows=41635 width=18) (actual time=104.860..576.856 rows=108166 loops=1)
	        Hash Cond: ((h.pipeline_id = p.id) AND (u.id = p.owner_id))
	        Buffers: shared hit=4467 read=16452
	        ->  Nested Loop  (cost=1539.59..122316.37 rows=2081767 width=31) (actual time=8.628..358.123 rows=4110308 loops=1)
	              Buffers: shared hit=4467 read=16451
	              ->  Index Scan using users_pkey on users u  (cost=0.14..12.89 rows=50 width=27) (actual time=0.009..0.079 rows=50 loops=1)
	                    Buffers: shared hit=1 read=1
	              ->  Memoize  (cost=1539.45..24463.23 rows=41635 width=17) (actual time=0.178..3.115 rows=82206 loops=50)
	                    Cache Key: COALESCE(('{"2026-09-10 01:00:00-07","2026-07-12 01:00:00-07","2025-10-10 01:00:00-07"}'::timestamp with time zone[])[array_position('{free,beta,owner}'::text[], u.tier)], '2026-09-10 01:00:00-07'::timestamp with time zone)
	                    Cache Mode: binary
	                    Hits: 47  Misses: 3  Evictions: 0  Overflows: 0  Memory Usage: 5916kB
	                    Buffers: shared hit=4466 read=16450
	                    ->  Bitmap Heap Scan on output_snapshot_history h  (cost=1539.44..24463.22 rows=41635 width=17) (actual time=2.906..20.173 rows=36055 loops=3)
	                          Recheck Cond: ((output_id = ANY ('{o259,o26,o260,o261,o262,o263,o264,o265,o266,o267,o268,o269,o27,o270,o271}'::text[])) AND (captured_at < COALESCE(('{"2026-09-10 01:00:00-07","2026-07-12 01:00:00-07","2025-10-10 01:00:00-07"}'::timestamp with time zone[])[array_position('{free,beta,owner}'::text[], u.tier)], '2026-09-10 01:00:00-07'::timestamp with time zone)) AND (captured_at < '2026-09-10 01:00:00-07'::timestamp with time zone))
	                          Heap Blocks: exact=20037
	                          Buffers: shared hit=4466 read=16450
	                          ->  Bitmap Index Scan on idx_output_snapshot_history_output_captured  (cost=0.00..1528.99 rows=41635 width=0) (actual time=2.406..2.406 rows=36055 loops=3)
	                                Index Cond: ((output_id = ANY ('{o259,o26,o260,o261,o262,o263,o264,o265,o266,o267,o268,o269,o27,o270,o271}'::text[])) AND (captured_at < COALESCE(('{"2026-09-10 01:00:00-07","2026-07-12 01:00:00-07","2025-10-10 01:00:00-07"}'::timestamp with time zone[])[array_position('{free,beta,owner}'::text[], u.tier)], '2026-09-10 01:00:00-07'::timestamp with time zone)) AND (captured_at < '2026-09-10 01:00:00-07'::timestamp with time zone))
	                                Buffers: shared hit=138 read=738
	        ->  Hash  (cost=2.00..2.00 rows=100 width=25) (actual time=5.559..5.560 rows=100 loops=1)
	              Buckets: 1024  Batches: 1  Memory Usage: 14kB
	              Buffers: shared read=1
	              ->  Seq Scan on pipelines p  (cost=0.00..2.00 rows=100 width=25) (actual time=5.535..5.540 rows=100 loops=1)
	                    Buffers: shared read=1
	JIT:
	  Functions: 22
	  Options: Inlining false, Optimization false, Expressions true, Deforming true
	  Timing: Generation 0.526 ms, Inlining 0.000 ms, Optimization 0.325 ms, Emission 5.237 ms, Total 6.089 ms
2026-10-10 08:18:46.210 UTC [33]  LOG:  checkpoints are occurring too frequently (1 second apart)
2026-10-10 08:18:46.210 UTC [33]  HINT:  Consider increasing the configuration parameter "max_wal_size".
2026-10-10 08:18:46.210 UTC [33]  LOG:  checkpoint starting: wal
2026-10-10 08:18:46.724 UTC [1886] hel1435-S4-desktop-R250000-b14-explain-r1 LOG:  duration: 936.389 ms  plan:
	Query Text: DELETE FROM output_snapshot_history WHERE output_id = ANY($1) AND id IN (
	             SELECT id FROM (
	               SELECT id, age_class, bucket,
	                      row_number() OVER w AS recency,
	                      lag(age_class) OVER w AS prev_class,
	                      lag(bucket) OVER w AS prev_bucket
	               FROM (
	                 SELECT id, output_id, captured_at,
	                        CASE WHEN extract(epoch FROM ($2::timestamptz - captured_at)) < $3 THEN 0
	                             WHEN extract(epoch FROM ($4::timestamptz - captured_at)) < $5 THEN 1
	                             ELSE 2 END AS age_class,
	                        floor(extract(epoch FROM captured_at) /
	                          CASE WHEN extract(epoch FROM ($6::timestamptz - captured_at)) < $7 THEN $8
	                               WHEN extract(epoch FROM ($9::timestamptz - captured_at)) < $10 THEN $11
	                               ELSE $12 END) AS bucket
	                 FROM output_snapshot_history
	                 WHERE output_id = ANY($13)
	               ) classed
	               WINDOW w AS (PARTITION BY output_id ORDER BY captured_at DESC, id DESC)
	             ) ranked
	             WHERE recency > $14 AND prev_class = age_class AND prev_bucket = bucket)
	Query Parameters: $1 = '{o259,o26,o260,o261,o262,o263,o264,o265,o266,o267,o268,o269,o27,o270,o271}', $2 = '2026-10-10 01:00:00-07', $3 = '86400', $4 = '2026-10-10 01:00:00-07', $5 = '604800', $6 = '2026-10-10 01:00:00-07', $7 = '86400', $8 = '300', $9 = '2026-10-10 01:00:00-07', $10 = '604800', $11 = '3600', $12 = '86400', $13 = '{o259,o26,o260,o261,o262,o263,o264,o265,o266,o267,o268,o269,o27,o270,o271}', $14 = '102'
	Delete on output_snapshot_history  (cost=433267.39..433283.92 rows=0 width=0) (actual time=936.385..936.388 rows=0 loops=1)
	  Buffers: shared hit=541950 read=119475 dirtied=57020 written=62855, temp read=2092 written=2098
	  WAL: records=122760 fpi=27023 bytes=219489211
	  ->  Nested Loop  (cost=433267.39..433283.92 rows=1 width=46) (actual time=403.699..818.069 rows=122760 loops=1)
	        Buffers: shared hit=419190 read=119475 written=62855, temp read=2092 written=2098
	        ->  Unique  (cost=433266.92..433266.93 rows=2 width=56) (actual time=403.645..427.366 rows=122760 loops=1)
	              Buffers: shared hit=8107 read=39518 written=16194, temp read=2092 written=2098
	              ->  Sort  (cost=433266.92..433266.93 rows=2 width=56) (actual time=403.644..419.206 rows=122760 loops=1)
	                    Sort Key: ranked.id
	                    Sort Method: external merge  Disk: 11792kB
	                    Buffers: shared hit=8107 read=39518 written=16194, temp read=2092 written=2098
	                    ->  Subquery Scan on ranked  (cost=403755.41..433266.91 rows=2 width=56) (actual time=218.232..381.222 rows=122760 loops=1)
	                          Filter: ((ranked.recency > 102) AND (ranked.prev_class = ranked.age_class) AND (ranked.prev_bucket = ranked.bucket))
	                          Rows Removed by Filter: 6855
	                          Buffers: shared hit=8107 read=39515 written=16191, temp read=618 written=620
	                          ->  WindowAgg  (cost=403755.41..429135.30 rows=236092 width=108) (actual time=217.956..361.830 rows=129615 loops=1)
	                                Buffers: shared hit=8107 read=39515 written=16191, temp read=618 written=620
	                                ->  Sort  (cost=403755.41..404345.64 rows=236092 width=28) (actual time=217.898..227.754 rows=129615 loops=1)
	                                      Sort Key: output_snapshot_history_1.output_id, output_snapshot_history_1.captured_at DESC, output_snapshot_history_1.id DESC
	                                      Sort Method: external merge  Disk: 4944kB
	                                      Buffers: shared hit=8107 read=39515 written=16191, temp read=618 written=620
	                                      ->  Bitmap Heap Scan on output_snapshot_history output_snapshot_history_1  (cost=8184.19..377036.39 rows=236092 width=28) (actual time=78.745..164.988 rows=129615 loops=1)
	                                            Recheck Cond: (output_id = ANY ('{o259,o26,o260,o261,o262,o263,o264,o265,o266,o267,o268,o269,o27,o270,o271}'::text[]))
	                                            Heap Blocks: exact=45959
	                                            Buffers: shared hit=8101 read=39515 written=16191
	                                            ->  Bitmap Index Scan on idx_output_snapshot_history_output_captured  (cost=0.00..8125.12 rows=236092 width=0) (actual time=16.859..16.859 rows=237781 loops=1)
	                                                  Index Cond: (output_id = ANY ('{o259,o26,o260,o261,o262,o263,o264,o265,o266,o267,o268,o269,o27,o270,o271}'::text[]))
	                                                  Buffers: shared hit=34 read=1623 written=1623
	        ->  Index Scan using output_snapshot_history_pkey on output_snapshot_history  (cost=0.47..8.49 rows=1 width=22) (actual time=0.003..0.003 rows=1 loops=122760)
	              Index Cond: (id = ranked.id)
	              Filter: (output_id = ANY ('{o259,o26,o260,o261,o262,o263,o264,o265,o266,o267,o268,o269,o27,o270,o271}'::text[]))
	              Buffers: shared hit=411083 read=79957 written=46661
	JIT:
	  Functions: 24
	  Options: Inlining false, Optimization false, Expressions true, Deforming true
	  Timing: Generation 0.510 ms, Inlining 0.000 ms, Optimization 0.327 ms, Emission 5.114 ms, Total 5.951 ms
2026-10-10 08:18:46.726 UTC [1886] hel1435-S4-desktop-R250000-b14-explain-r1 LOG:  temporary file: path "base/pgsql_tmp/pgsql_tmp1886.1", size 12075008
2026-10-10 08:18:46.726 UTC [1886] hel1435-S4-desktop-R250000-b14-explain-r1 STATEMENT:  DELETE FROM output_snapshot_history WHERE output_id = ANY($1) AND id IN (
	             SELECT id FROM (
	               SELECT id, age_class, bucket,
	                      row_number() OVER w AS recency,
	                      lag(age_class) OVER w AS prev_class,
	                      lag(bucket) OVER w AS prev_bucket
	               FROM (
	                 SELECT id, output_id, captured_at,
	                        CASE WHEN extract(epoch FROM ($2::timestamptz - captured_at)) < $3 THEN 0
	                             WHEN extract(epoch FROM ($4::timestamptz - captured_at)) < $5 THEN 1
	                             ELSE 2 END AS age_class,
	                        floor(extract(epoch FROM captured_at) /
	                          CASE WHEN extract(epoch FROM ($6::timestamptz - captured_at)) < $7 THEN $8
	                               WHEN extract(epoch FROM ($9::timestamptz - captured_at)) < $10 THEN $11
	                               ELSE $12 END) AS bucket
	                 FROM output_snapshot_history
	                 WHERE output_id = ANY($13)
	               ) classed
	               WINDOW w AS (PARTITION BY output_id ORDER BY captured_at DESC, id DESC)
	             ) ranked
	             WHERE recency > $14 AND prev_class = age_class AND prev_bucket = bucket)
2026-10-10 08:18:46.726 UTC [1886] hel1435-S4-desktop-R250000-b14-explain-r1 LOG:  temporary file: path "base/pgsql_tmp/pgsql_tmp1886.0", size 5062656
2026-10-10 08:18:46.726 UTC [1886] hel1435-S4-desktop-R250000-b14-explain-r1 STATEMENT:  DELETE FROM output_snapshot_history WHERE output_id = ANY($1) AND id IN (
	             SELECT id FROM (
	               SELECT id, age_class, bucket,
	                      row_number() OVER w AS recency,
	                      lag(age_class) OVER w AS prev_class,
	                      lag(bucket) OVER w AS prev_bucket
	               FROM (
	                 SELECT id, output_id, captured_at,
	                        CASE WHEN extract(epoch FROM ($2::timestamptz - captured_at)) < $3 THEN 0
	                             WHEN extract(epoch FROM ($4::timestamptz - captured_at)) < $5 THEN 1
	                             ELSE 2 END AS age_class,
	                        floor(extract(epoch FROM captured_at) /
	                          CASE WHEN extract(epoch FROM ($6::timestamptz - captured_at)) < $7 THEN $8
	                               WHEN extract(epoch FROM ($9::timestamptz - captured_at)) < $10 THEN $11
	                               ELSE $12 END) AS bucket
	                 FROM output_snapshot_history
	                 WHERE output_id = ANY($13)
	               ) classed
	               WINDOW w AS (PARTITION BY output_id ORDER BY captured_at DESC, id DESC)
	             ) ranked
	             WHERE recency > $14 AND prev_class = age_class AND prev_bucket = bucket)
2026-10-10 08:18:46.976 UTC [1889] hel1435-S4-desktop-R250000-b14-explain-r2 LOG:  duration: 34.728 ms  plan:
	Query Text: SELECT count(*) FROM (SELECT 1 FROM output_snapshot_history WHERE output_id = $1 LIMIT $2) x
	Query Parameters: $1 = 'o259', $2 = '250001'
	Aggregate  (cost=904.60..904.61 rows=1 width=8) (actual time=34.720..34.721 rows=1 loops=1)
	  Buffers: shared hit=5197 read=10318 written=69
	  ->  Limit  (cost=0.43..707.87 rows=15739 width=4) (actual time=0.028..33.992 rows=15852 loops=1)
	        Buffers: shared hit=5197 read=10318 written=69
	        ->  Index Only Scan using idx_output_snapshot_history_output_captured on output_snapshot_history  (cost=0.43..707.87 rows=15739 width=4) (actual time=0.027..33.118 rows=15852 loops=1)
	              Index Cond: (output_id = 'o259'::text)
	              Heap Fetches: 15395
	              Buffers: shared hit=5197 read=10318 written=69
2026-10-10 08:18:47.013 UTC [1889] hel1435-S4-desktop-R250000-b14-explain-r2 LOG:  duration: 35.806 ms  plan:
	Query Text: SELECT count(*) FROM (SELECT 1 FROM output_snapshot_history WHERE output_id = $1 LIMIT $2) x
	Query Parameters: $1 = 'o26', $2 = '234149'
	Aggregate  (cost=904.60..904.61 rows=1 width=8) (actual time=35.797..35.798 rows=1 loops=1)
	  Buffers: shared hit=11 read=15504
	  ->  Limit  (cost=0.43..707.87 rows=15739 width=4) (actual time=0.028..35.003 rows=15852 loops=1)
	        Buffers: shared hit=11 read=15504
	        ->  Index Only Scan using idx_output_snapshot_history_output_captured on output_snapshot_history  (cost=0.43..707.87 rows=15739 width=4) (actual time=0.027..34.082 rows=15852 loops=1)
	              Index Cond: (output_id = 'o26'::text)
	              Heap Fetches: 15395
	              Buffers: shared hit=11 read=15504
2026-10-10 08:18:47.049 UTC [1889] hel1435-S4-desktop-R250000-b14-explain-r2 LOG:  duration: 35.838 ms  plan:
	Query Text: SELECT count(*) FROM (SELECT 1 FROM output_snapshot_history WHERE output_id = $1 LIMIT $2) x
	Query Parameters: $1 = 'o260', $2 = '218297'
	Aggregate  (cost=904.60..904.61 rows=1 width=8) (actual time=35.830..35.831 rows=1 loops=1)
	  Buffers: shared hit=11 read=15503
	  ->  Limit  (cost=0.43..707.87 rows=15739 width=4) (actual time=0.027..35.009 rows=15852 loops=1)
	        Buffers: shared hit=11 read=15503
	        ->  Index Only Scan using idx_output_snapshot_history_output_captured on output_snapshot_history  (cost=0.43..707.87 rows=15739 width=4) (actual time=0.027..34.051 rows=15852 loops=1)
	              Index Cond: (output_id = 'o260'::text)
	              Heap Fetches: 15395
	              Buffers: shared hit=11 read=15503
2026-10-10 08:18:47.063 UTC [1889] hel1435-S4-desktop-R250000-b14-explain-r2 LOG:  duration: 14.086 ms  plan:
	Query Text: SELECT count(*) FROM (SELECT 1 FROM output_snapshot_history WHERE output_id = $1 LIMIT $2) x
	Query Parameters: $1 = 'o261', $2 = '202445'
	Aggregate  (cost=904.60..904.61 rows=1 width=8) (actual time=14.083..14.084 rows=1 loops=1)
	  Buffers: shared hit=11806 read=3708
	  ->  Limit  (cost=0.43..707.87 rows=15739 width=4) (actual time=0.020..13.580 rows=15852 loops=1)
	        Buffers: shared hit=11806 read=3708
	        ->  Index Only Scan using idx_output_snapshot_history_output_captured on output_snapshot_history  (cost=0.43..707.87 rows=15739 width=4) (actual time=0.020..12.907 rows=15852 loops=1)
	              Index Cond: (output_id = 'o261'::text)
	              Heap Fetches: 15395
	              Buffers: shared hit=11806 read=3708
2026-10-10 08:18:47.075 UTC [1889] hel1435-S4-desktop-R250000-b14-explain-r2 LOG:  duration: 11.556 ms  plan:
	Query Text: SELECT count(*) FROM (SELECT 1 FROM output_snapshot_history WHERE output_id = $1 LIMIT $2) x
	Query Parameters: $1 = 'o262', $2 = '186593'
	Aggregate  (cost=904.60..904.61 rows=1 width=8) (actual time=11.553..11.554 rows=1 loops=1)
	  Buffers: shared hit=12760 read=2754
	  ->  Limit  (cost=0.43..707.87 rows=15739 width=4) (actual time=0.019..11.074 rows=15852 loops=1)
	        Buffers: shared hit=12760 read=2754
	        ->  Index Only Scan using idx_output_snapshot_history_output_captured on output_snapshot_history  (cost=0.43..707.87 rows=15739 width=4) (actual time=0.018..10.426 rows=15852 loops=1)
	              Index Cond: (output_id = 'o262'::text)
	              Heap Fetches: 15395
	              Buffers: shared hit=12760 read=2754
2026-10-10 08:18:47.090 UTC [1889] hel1435-S4-desktop-R250000-b14-explain-r2 LOG:  duration: 14.643 ms  plan:
	Query Text: SELECT count(*) FROM (SELECT 1 FROM output_snapshot_history WHERE output_id = $1 LIMIT $2) x
	Query Parameters: $1 = 'o263', $2 = '170741'
	Aggregate  (cost=904.60..904.61 rows=1 width=8) (actual time=14.641..14.642 rows=1 loops=1)
	  Buffers: shared hit=10946 read=4568
	  ->  Limit  (cost=0.43..707.87 rows=15739 width=4) (actual time=0.014..14.111 rows=15853 loops=1)
	        Buffers: shared hit=10946 read=4568
	        ->  Index Only Scan using idx_output_snapshot_history_output_captured on output_snapshot_history  (cost=0.43..707.87 rows=15739 width=4) (actual time=0.014..13.429 rows=15853 loops=1)
	              Index Cond: (output_id = 'o263'::text)
	              Heap Fetches: 15396
	              Buffers: shared hit=10946 read=4568
2026-10-10 08:18:47.103 UTC [1889] hel1435-S4-desktop-R250000-b14-explain-r2 LOG:  duration: 12.170 ms  plan:
	Query Text: SELECT count(*) FROM (SELECT 1 FROM output_snapshot_history WHERE output_id = $1 LIMIT $2) x
	Query Parameters: $1 = 'o264', $2 = '154888'
	Aggregate  (cost=904.60..904.61 rows=1 width=8) (actual time=12.168..12.168 rows=1 loops=1)
	  Buffers: shared hit=12112 read=3403
	  ->  Limit  (cost=0.43..707.87 rows=15739 width=4) (actual time=0.016..11.672 rows=15852 loops=1)
	        Buffers: shared hit=12112 read=3403
	        ->  Index Only Scan using idx_output_snapshot_history_output_captured on output_snapshot_history  (cost=0.43..707.87 rows=15739 width=4) (actual time=0.016..11.005 rows=15852 loops=1)
	              Index Cond: (output_id = 'o264'::text)
	              Heap Fetches: 15395
	              Buffers: shared hit=12112 read=3403
2026-10-10 08:18:47.113 UTC [1889] hel1435-S4-desktop-R250000-b14-explain-r2 LOG:  duration: 9.871 ms  plan:
	Query Text: SELECT count(*) FROM (SELECT 1 FROM output_snapshot_history WHERE output_id = $1 LIMIT $2) x
	Query Parameters: $1 = 'o265', $2 = '139036'
	Aggregate  (cost=904.60..904.61 rows=1 width=8) (actual time=9.868..9.869 rows=1 loops=1)
	  Buffers: shared hit=13677 read=1838
	  ->  Limit  (cost=0.43..707.87 rows=15739 width=4) (actual time=0.018..9.377 rows=15852 loops=1)
	        Buffers: shared hit=13677 read=1838
	        ->  Index Only Scan using idx_output_snapshot_history_output_captured on output_snapshot_history  (cost=0.43..707.87 rows=15739 width=4) (actual time=0.017..8.692 rows=15852 loops=1)
	              Index Cond: (output_id = 'o265'::text)
	              Heap Fetches: 15395
	              Buffers: shared hit=13677 read=1838
2026-10-10 08:18:47.119 UTC [1889] hel1435-S4-desktop-R250000-b14-explain-r2 LOG:  duration: 5.839 ms  plan:
	Query Text: SELECT count(*) FROM (SELECT 1 FROM output_snapshot_history WHERE output_id = $1 LIMIT $2) x
	Query Parameters: $1 = 'o266', $2 = '123184'
	Aggregate  (cost=904.60..904.61 rows=1 width=8) (actual time=5.837..5.838 rows=1 loops=1)
	  Buffers: shared hit=15407 read=108
	  ->  Limit  (cost=0.43..707.87 rows=15739 width=4) (actual time=0.011..5.414 rows=15852 loops=1)
	        Buffers: shared hit=15407 read=108
	        ->  Index Only Scan using idx_output_snapshot_history_output_captured on output_snapshot_history  (cost=0.43..707.87 rows=15739 width=4) (actual time=0.011..4.805 rows=15852 loops=1)
	              Index Cond: (output_id = 'o266'::text)
	              Heap Fetches: 15395
	              Buffers: shared hit=15407 read=108
2026-10-10 08:18:47.136 UTC [1889] hel1435-S4-desktop-R250000-b14-explain-r2 LOG:  duration: 16.942 ms  plan:
	Query Text: SELECT count(*) FROM (SELECT 1 FROM output_snapshot_history WHERE output_id = $1 LIMIT $2) x
	Query Parameters: $1 = 'o267', $2 = '107332'
	Aggregate  (cost=106.54..106.55 rows=1 width=8) (actual time=16.939..16.939 rows=1 loops=1)
	  Buffers: shared hit=9240 read=6275
	  ->  Limit  (cost=0.43..83.49 rows=1844 width=4) (actual time=0.020..16.353 rows=15852 loops=1)
	        Buffers: shared hit=9240 read=6275
	        ->  Index Only Scan using idx_output_snapshot_history_output_captured on output_snapshot_history  (cost=0.43..831.20 rows=18444 width=4) (actual time=0.019..15.641 rows=15852 loops=1)
	              Index Cond: (output_id = ($1)::text)
	              Heap Fetches: 15395
	              Buffers: shared hit=9240 read=6275
2026-10-10 08:18:47.147 UTC [1889] hel1435-S4-desktop-R250000-b14-explain-r2 LOG:  duration: 10.715 ms  plan:
	Query Text: SELECT count(*) FROM (SELECT 1 FROM output_snapshot_history WHERE output_id = $1 LIMIT $2) x
	Query Parameters: $1 = 'o268', $2 = '91480'
	Aggregate  (cost=106.54..106.55 rows=1 width=8) (actual time=10.713..10.713 rows=1 loops=1)
	  Buffers: shared hit=12803 read=2712
	  ->  Limit  (cost=0.43..83.49 rows=1844 width=4) (actual time=0.016..10.229 rows=15852 loops=1)
	        Buffers: shared hit=12803 read=2712
	        ->  Index Only Scan using idx_output_snapshot_history_output_captured on output_snapshot_history  (cost=0.43..831.20 rows=18444 width=4) (actual time=0.015..9.573 rows=15852 loops=1)
	              Index Cond: (output_id = ($1)::text)
	              Heap Fetches: 15395
	              Buffers: shared hit=12803 read=2712
2026-10-10 08:18:47.160 UTC [1889] hel1435-S4-desktop-R250000-b14-explain-r2 LOG:  duration: 12.705 ms  plan:
	Query Text: SELECT count(*) FROM (SELECT 1 FROM output_snapshot_history WHERE output_id = $1 LIMIT $2) x
	Query Parameters: $1 = 'o269', $2 = '75628'
	Aggregate  (cost=106.54..106.55 rows=1 width=8) (actual time=12.703..12.703 rows=1 loops=1)
	  Buffers: shared hit=11659 read=3855
	  ->  Limit  (cost=0.43..83.49 rows=1844 width=4) (actual time=0.026..12.184 rows=15852 loops=1)
	        Buffers: shared hit=11659 read=3855
	        ->  Index Only Scan using idx_output_snapshot_history_output_captured on output_snapshot_history  (cost=0.43..831.20 rows=18444 width=4) (actual time=0.025..11.516 rows=15852 loops=1)
	              Index Cond: (output_id = ($1)::text)
	              Heap Fetches: 15395
	              Buffers: shared hit=11659 read=3855
2026-10-10 08:18:47.193 UTC [1889] hel1435-S4-desktop-R250000-b14-explain-r2 LOG:  duration: 32.489 ms  plan:
	Query Text: SELECT count(*) FROM (SELECT 1 FROM output_snapshot_history WHERE output_id = $1 LIMIT $2) x
	Query Parameters: $1 = 'o27', $2 = '59776'
	Aggregate  (cost=106.54..106.55 rows=1 width=8) (actual time=32.483..32.484 rows=1 loops=1)
	  Buffers: shared hit=8 read=15506
	  ->  Limit  (cost=0.43..83.49 rows=1844 width=4) (actual time=0.026..31.655 rows=15852 loops=1)
	        Buffers: shared hit=8 read=15506
	        ->  Index Only Scan using idx_output_snapshot_history_output_captured on output_snapshot_history  (cost=0.43..831.20 rows=18444 width=4) (actual time=0.026..30.773 rows=15852 loops=1)
	              Index Cond: (output_id = ($1)::text)
	              Heap Fetches: 15395
	              Buffers: shared hit=8 read=15506
2026-10-10 08:18:47.226 UTC [1889] hel1435-S4-desktop-R250000-b14-explain-r2 LOG:  duration: 32.345 ms  plan:
	Query Text: SELECT count(*) FROM (SELECT 1 FROM output_snapshot_history WHERE output_id = $1 LIMIT $2) x
	Query Parameters: $1 = 'o270', $2 = '43924'
	Aggregate  (cost=106.54..106.55 rows=1 width=8) (actual time=32.341..32.342 rows=1 loops=1)
	  Buffers: shared hit=10 read=15504
	  ->  Limit  (cost=0.43..83.49 rows=1844 width=4) (actual time=0.020..31.532 rows=15852 loops=1)
	        Buffers: shared hit=10 read=15504
	        ->  Index Only Scan using idx_output_snapshot_history_output_captured on output_snapshot_history  (cost=0.43..831.20 rows=18444 width=4) (actual time=0.019..30.662 rows=15852 loops=1)
	              Index Cond: (output_id = ($1)::text)
	              Heap Fetches: 15395
	              Buffers: shared hit=10 read=15504
2026-10-10 08:18:47.231 UTC [1889] hel1435-S4-desktop-R250000-b14-explain-r2 LOG:  duration: 5.733 ms  plan:
	Query Text: SELECT count(*) FROM (SELECT 1 FROM output_snapshot_history WHERE output_id = $1 LIMIT $2) x
	Query Parameters: $1 = 'o271', $2 = '28072'
	Aggregate  (cost=106.54..106.55 rows=1 width=8) (actual time=5.732..5.732 rows=1 loops=1)
	  Buffers: shared hit=15404 read=110
	  ->  Limit  (cost=0.43..83.49 rows=1844 width=4) (actual time=0.020..5.322 rows=15852 loops=1)
	        Buffers: shared hit=15404 read=110
	        ->  Index Only Scan using idx_output_snapshot_history_output_captured on output_snapshot_history  (cost=0.43..831.20 rows=18444 width=4) (actual time=0.019..4.716 rows=15852 loops=1)
	              Index Cond: (output_id = ($1)::text)
	              Heap Fetches: 15395
	              Buffers: shared hit=15404 read=110
2026-10-10 08:18:47.237 UTC [1889] hel1435-S4-desktop-R250000-b14-explain-r2 LOG:  duration: 4.723 ms  plan:
	Query Text: SELECT count(*) FROM (SELECT 1 FROM output_snapshot_history WHERE output_id = $1 LIMIT $2) x
	Query Parameters: $1 = 'o272', $2 = '12220'
	Aggregate  (cost=106.54..106.55 rows=1 width=8) (actual time=4.721..4.722 rows=1 loops=1)
	  Buffers: shared hit=11771 read=85
	  ->  Limit  (cost=0.43..83.49 rows=1844 width=4) (actual time=0.014..4.355 rows=12220 loops=1)
	        Buffers: shared hit=11771 read=85
	        ->  Index Only Scan using idx_output_snapshot_history_output_captured on output_snapshot_history  (cost=0.43..831.20 rows=18444 width=4) (actual time=0.014..3.818 rows=12220 loops=1)
	              Index Cond: (output_id = ($1)::text)
	              Heap Fetches: 11763
	              Buffers: shared hit=11771 read=85
2026-10-10 08:18:47.997 UTC [1889] hel1435-S4-desktop-R250000-b14-explain-r2 LOG:  duration: 747.146 ms  plan:
	Query Text: DELETE FROM output_snapshot_history h
	             USING pipelines p, users u
	             WHERE h.output_id = ANY($1) AND h.captured_at < $2
	               AND h.pipeline_id = p.id AND p.owner_id = u.id
	               AND h.captured_at < COALESCE(($3::timestamptz[])[array_position($4::text[], u.tier)], $5)
	Query Parameters: $1 = '{o259,o26,o260,o261,o262,o263,o264,o265,o266,o267,o268,o269,o27,o270,o271}', $2 = '2026-09-10 01:00:00-07', $3 = '{"2026-09-10 01:00:00-07","2026-07-12 01:00:00-07","2025-10-10 01:00:00-07"}', $4 = '{free,beta,owner}', $5 = '2026-09-10 01:00:00-07'
	Delete on output_snapshot_history h  (cost=1543.09..133254.24 rows=0 width=0) (actual time=747.142..747.145 rows=0 loops=1)
	  Buffers: shared hit=97343 read=31742 dirtied=22514 written=5963
	  WAL: records=108166 fpi=20037 bytes=163672413
	  ->  Hash Join  (cost=1543.09..133254.24 rows=41635 width=18) (actual time=104.045..570.332 rows=108166 loops=1)
	        Hash Cond: ((h.pipeline_id = p.id) AND (u.id = p.owner_id))
	        Buffers: shared hit=4467 read=16452
	        ->  Nested Loop  (cost=1539.59..122316.37 rows=2081767 width=31) (actual time=8.423..354.578 rows=4110308 loops=1)
	              Buffers: shared hit=4467 read=16451
	              ->  Index Scan using users_pkey on users u  (cost=0.14..12.89 rows=50 width=27) (actual time=0.009..0.079 rows=50 loops=1)
	                    Buffers: shared hit=1 read=1
	              ->  Memoize  (cost=1539.45..24463.23 rows=41635 width=17) (actual time=0.174..3.084 rows=82206 loops=50)
	                    Cache Key: COALESCE(('{"2026-09-10 01:00:00-07","2026-07-12 01:00:00-07","2025-10-10 01:00:00-07"}'::timestamp with time zone[])[array_position('{free,beta,owner}'::text[], u.tier)], '2026-09-10 01:00:00-07'::timestamp with time zone)
	                    Cache Mode: binary
	                    Hits: 47  Misses: 3  Evictions: 0  Overflows: 0  Memory Usage: 5916kB
	                    Buffers: shared hit=4466 read=16450
	                    ->  Bitmap Heap Scan on output_snapshot_history h  (cost=1539.44..24463.22 rows=41635 width=17) (actual time=2.838..20.104 rows=36055 loops=3)
	                          Recheck Cond: ((output_id = ANY ('{o259,o26,o260,o261,o262,o263,o264,o265,o266,o267,o268,o269,o27,o270,o271}'::text[])) AND (captured_at < COALESCE(('{"2026-09-10 01:00:00-07","2026-07-12 01:00:00-07","2025-10-10 01:00:00-07"}'::timestamp with time zone[])[array_position('{free,beta,owner}'::text[], u.tier)], '2026-09-10 01:00:00-07'::timestamp with time zone)) AND (captured_at < '2026-09-10 01:00:00-07'::timestamp with time zone))
	                          Heap Blocks: exact=20037
	                          Buffers: shared hit=4466 read=16450
	                          ->  Bitmap Index Scan on idx_output_snapshot_history_output_captured  (cost=0.00..1528.99 rows=41635 width=0) (actual time=2.338..2.338 rows=36055 loops=3)
	                                Index Cond: ((output_id = ANY ('{o259,o26,o260,o261,o262,o263,o264,o265,o266,o267,o268,o269,o27,o270,o271}'::text[])) AND (captured_at < COALESCE(('{"2026-09-10 01:00:00-07","2026-07-12 01:00:00-07","2025-10-10 01:00:00-07"}'::timestamp with time zone[])[array_position('{free,beta,owner}'::text[], u.tier)], '2026-09-10 01:00:00-07'::timestamp with time zone)) AND (captured_at < '2026-09-10 01:00:00-07'::timestamp with time zone))
	                                Buffers: shared hit=138 read=738
	        ->  Hash  (cost=2.00..2.00 rows=100 width=25) (actual time=5.446..5.446 rows=100 loops=1)
	              Buckets: 1024  Batches: 1  Memory Usage: 14kB
	              Buffers: shared read=1
	              ->  Seq Scan on pipelines p  (cost=0.00..2.00 rows=100 width=25) (actual time=5.425..5.430 rows=100 loops=1)
	                    Buffers: shared read=1
	JIT:
	  Functions: 22
	  Options: Inlining false, Optimization false, Expressions true, Deforming true
	  Timing: Generation 0.522 ms, Inlining 0.000 ms, Optimization 0.312 ms, Emission 5.138 ms, Total 5.972 ms
2026-10-10 08:18:48.828 UTC [1889] hel1435-S4-desktop-R250000-b14-explain-r2 LOG:  duration: 828.574 ms  plan:
	Query Text: DELETE FROM output_snapshot_history WHERE output_id = ANY($1) AND id IN (
	             SELECT id FROM (
	               SELECT id, age_class, bucket,
	                      row_number() OVER w AS recency,
	                      lag(age_class) OVER w AS prev_class,
	                      lag(bucket) OVER w AS prev_bucket
	               FROM (
	                 SELECT id, output_id, captured_at,
	                        CASE WHEN extract(epoch FROM ($2::timestamptz - captured_at)) < $3 THEN 0
	                             WHEN extract(epoch FROM ($4::timestamptz - captured_at)) < $5 THEN 1
	                             ELSE 2 END AS age_class,
	                        floor(extract(epoch FROM captured_at) /
	                          CASE WHEN extract(epoch FROM ($6::timestamptz - captured_at)) < $7 THEN $8
	                               WHEN extract(epoch FROM ($9::timestamptz - captured_at)) < $10 THEN $11
	                               ELSE $12 END) AS bucket
	                 FROM output_snapshot_history
	                 WHERE output_id = ANY($13)
	               ) classed
	               WINDOW w AS (PARTITION BY output_id ORDER BY captured_at DESC, id DESC)
	             ) ranked
	             WHERE recency > $14 AND prev_class = age_class AND prev_bucket = bucket)
	Query Parameters: $1 = '{o259,o26,o260,o261,o262,o263,o264,o265,o266,o267,o268,o269,o27,o270,o271}', $2 = '2026-10-10 01:00:00-07', $3 = '86400', $4 = '2026-10-10 01:00:00-07', $5 = '604800', $6 = '2026-10-10 01:00:00-07', $7 = '86400', $8 = '300', $9 = '2026-10-10 01:00:00-07', $10 = '604800', $11 = '3600', $12 = '86400', $13 = '{o259,o26,o260,o261,o262,o263,o264,o265,o266,o267,o268,o269,o27,o270,o271}', $14 = '102'
	Delete on output_snapshot_history  (cost=433267.39..433283.92 rows=0 width=0) (actual time=828.569..828.572 rows=0 loops=1)
	  Buffers: shared hit=541956 read=119469 dirtied=56724 written=63268, temp read=2092 written=2098
	  WAL: records=122760 fpi=146 bytes=7779082
	  ->  Nested Loop  (cost=433267.39..433283.92 rows=1 width=46) (actual time=403.267..799.882 rows=122760 loops=1)
	        Buffers: shared hit=419196 read=119469 written=63268, temp read=2092 written=2098
	        ->  Unique  (cost=433266.92..433266.93 rows=2 width=56) (actual time=403.214..426.691 rows=122760 loops=1)
	              Buffers: shared hit=8112 read=39513 written=16194, temp read=2092 written=2098
	              ->  Sort  (cost=433266.92..433266.93 rows=2 width=56) (actual time=403.214..418.401 rows=122760 loops=1)
	                    Sort Key: ranked.id
	                    Sort Method: external merge  Disk: 11792kB
	                    Buffers: shared hit=8112 read=39513 written=16194, temp read=2092 written=2098
	                    ->  Subquery Scan on ranked  (cost=403755.41..433266.91 rows=2 width=56) (actual time=218.157..380.450 rows=122760 loops=1)
	                          Filter: ((ranked.recency > 102) AND (ranked.prev_class = ranked.age_class) AND (ranked.prev_bucket = ranked.bucket))
	                          Rows Removed by Filter: 6855
	                          Buffers: shared hit=8112 read=39510 written=16191, temp read=618 written=620
	                          ->  WindowAgg  (cost=403755.41..429135.30 rows=236092 width=108) (actual time=217.884..360.786 rows=129615 loops=1)
	                                Buffers: shared hit=8112 read=39510 written=16191, temp read=618 written=620
	                                ->  Sort  (cost=403755.41..404345.64 rows=236092 width=28) (actual time=217.823..226.869 rows=129615 loops=1)
	                                      Sort Key: output_snapshot_history_1.output_id, output_snapshot_history_1.captured_at DESC, output_snapshot_history_1.id DESC
	                                      Sort Method: external merge  Disk: 4944kB
	                                      Buffers: shared hit=8112 read=39510 written=16191, temp read=618 written=620
	                                      ->  Bitmap Heap Scan on output_snapshot_history output_snapshot_history_1  (cost=8184.19..377036.39 rows=236092 width=28) (actual time=81.438..166.458 rows=129615 loops=1)
	                                            Recheck Cond: (output_id = ANY ('{o259,o26,o260,o261,o262,o263,o264,o265,o266,o267,o268,o269,o27,o270,o271}'::text[]))
	                                            Heap Blocks: exact=45959
	                                            Buffers: shared hit=8106 read=39510 written=16191
	                                            ->  Bitmap Index Scan on idx_output_snapshot_history_output_captured  (cost=0.00..8125.12 rows=236092 width=0) (actual time=16.444..16.444 rows=237781 loops=1)
	                                                  Index Cond: (output_id = ANY ('{o259,o26,o260,o261,o262,o263,o264,o265,o266,o267,o268,o269,o27,o270,o271}'::text[]))
	                                                  Buffers: shared hit=34 read=1623 written=1623
	        ->  Index Scan using output_snapshot_history_pkey on output_snapshot_history  (cost=0.47..8.49 rows=1 width=22) (actual time=0.003..0.003 rows=1 loops=122760)
	              Index Cond: (id = ranked.id)
	              Filter: (output_id = ANY ('{o259,o26,o260,o261,o262,o263,o264,o265,o266,o267,o268,o269,o27,o270,o271}'::text[]))
	              Buffers: shared hit=411084 read=79956 written=47074
	JIT:
	  Functions: 24
	  Options: Inlining false, Optimization false, Expressions true, Deforming true
	  Timing: Generation 0.513 ms, Inlining 0.000 ms, Optimization 0.329 ms, Emission 5.594 ms, Total 6.436 ms
2026-10-10 08:18:48.829 UTC [1889] hel1435-S4-desktop-R250000-b14-explain-r2 LOG:  temporary file: path "base/pgsql_tmp/pgsql_tmp1889.1", size 12075008
2026-10-10 08:18:48.829 UTC [1889] hel1435-S4-desktop-R250000-b14-explain-r2 STATEMENT:  DELETE FROM output_snapshot_history WHERE output_id = ANY($1) AND id IN (
	             SELECT id FROM (
	               SELECT id, age_class, bucket,
	                      row_number() OVER w AS recency,
	                      lag(age_class) OVER w AS prev_class,
	                      lag(bucket) OVER w AS prev_bucket
	               FROM (
	                 SELECT id, output_id, captured_at,
	                        CASE WHEN extract(epoch FROM ($2::timestamptz - captured_at)) < $3 THEN 0
	                             WHEN extract(epoch FROM ($4::timestamptz - captured_at)) < $5 THEN 1
	                             ELSE 2 END AS age_class,
	                        floor(extract(epoch FROM captured_at) /
	                          CASE WHEN extract(epoch FROM ($6::timestamptz - captured_at)) < $7 THEN $8
	                               WHEN extract(epoch FROM ($9::timestamptz - captured_at)) < $10 THEN $11
	                               ELSE $12 END) AS bucket
	                 FROM output_snapshot_history
	                 WHERE output_id = ANY($13)
	               ) classed
	               WINDOW w AS (PARTITION BY output_id ORDER BY captured_at DESC, id DESC)
	             ) ranked
	             WHERE recency > $14 AND prev_class = age_class AND prev_bucket = bucket)
2026-10-10 08:18:48.830 UTC [1889] hel1435-S4-desktop-R250000-b14-explain-r2 LOG:  temporary file: path "base/pgsql_tmp/pgsql_tmp1889.0", size 5062656
2026-10-10 08:18:48.830 UTC [1889] hel1435-S4-desktop-R250000-b14-explain-r2 STATEMENT:  DELETE FROM output_snapshot_history WHERE output_id = ANY($1) AND id IN (
	             SELECT id FROM (
	               SELECT id, age_class, bucket,
	                      row_number() OVER w AS recency,
	                      lag(age_class) OVER w AS prev_class,
	                      lag(bucket) OVER w AS prev_bucket
	               FROM (
	                 SELECT id, output_id, captured_at,
	                        CASE WHEN extract(epoch FROM ($2::timestamptz - captured_at)) < $3 THEN 0
	                             WHEN extract(epoch FROM ($4::timestamptz - captured_at)) < $5 THEN 1
	                             ELSE 2 END AS age_class,
	                        floor(extract(epoch FROM captured_at) /
	                          CASE WHEN extract(epoch FROM ($6::timestamptz - captured_at)) < $7 THEN $8
	                               WHEN extract(epoch FROM ($9::timestamptz - captured_at)) < $10 THEN $11
	                               ELSE $12 END) AS bucket
	                 FROM output_snapshot_history
	                 WHERE output_id = ANY($13)
	               ) classed
	               WINDOW w AS (PARTITION BY output_id ORDER BY captured_at DESC, id DESC)
	             ) ranked
	             WHERE recency > $14 AND prev_class = age_class AND prev_bucket = bucket)
2026-10-10 08:18:49.080 UTC [1892] hel1435-S4-desktop-R250000-b14-explain-r3 LOG:  duration: 34.742 ms  plan:
	Query Text: SELECT count(*) FROM (SELECT 1 FROM output_snapshot_history WHERE output_id = $1 LIMIT $2) x
	Query Parameters: $1 = 'o259', $2 = '250001'
	Aggregate  (cost=904.60..904.61 rows=1 width=8) (actual time=34.733..34.734 rows=1 loops=1)
	  Buffers: shared hit=5197 read=10318 written=69
	  ->  Limit  (cost=0.43..707.87 rows=15739 width=4) (actual time=0.028..34.009 rows=15852 loops=1)
	        Buffers: shared hit=5197 read=10318 written=69
	        ->  Index Only Scan using idx_output_snapshot_history_output_captured on output_snapshot_history  (cost=0.43..707.87 rows=15739 width=4) (actual time=0.028..33.160 rows=15852 loops=1)
	              Index Cond: (output_id = 'o259'::text)
	              Heap Fetches: 15395
	              Buffers: shared hit=5197 read=10318 written=69
2026-10-10 08:18:49.117 UTC [1892] hel1435-S4-desktop-R250000-b14-explain-r3 LOG:  duration: 36.234 ms  plan:
	Query Text: SELECT count(*) FROM (SELECT 1 FROM output_snapshot_history WHERE output_id = $1 LIMIT $2) x
	Query Parameters: $1 = 'o26', $2 = '234149'
	Aggregate  (cost=904.60..904.61 rows=1 width=8) (actual time=36.225..36.226 rows=1 loops=1)
	  Buffers: shared hit=11 read=15504
	  ->  Limit  (cost=0.43..707.87 rows=15739 width=4) (actual time=0.018..35.406 rows=15852 loops=1)
	        Buffers: shared hit=11 read=15504
	        ->  Index Only Scan using idx_output_snapshot_history_output_captured on output_snapshot_history  (cost=0.43..707.87 rows=15739 width=4) (actual time=0.017..34.454 rows=15852 loops=1)
	              Index Cond: (output_id = 'o26'::text)
	              Heap Fetches: 15395
	              Buffers: shared hit=11 read=15504
2026-10-10 08:18:49.152 UTC [1892] hel1435-S4-desktop-R250000-b14-explain-r3 LOG:  duration: 34.700 ms  plan:
	Query Text: SELECT count(*) FROM (SELECT 1 FROM output_snapshot_history WHERE output_id = $1 LIMIT $2) x
	Query Parameters: $1 = 'o260', $2 = '218297'
	Aggregate  (cost=904.60..904.61 rows=1 width=8) (actual time=34.692..34.693 rows=1 loops=1)
	  Buffers: shared hit=11 read=15503
	  ->  Limit  (cost=0.43..707.87 rows=15739 width=4) (actual time=0.023..33.900 rows=15852 loops=1)
	        Buffers: shared hit=11 read=15503
	        ->  Index Only Scan using idx_output_snapshot_history_output_captured on output_snapshot_history  (cost=0.43..707.87 rows=15739 width=4) (actual time=0.023..32.987 rows=15852 loops=1)
	              Index Cond: (output_id = 'o260'::text)
	              Heap Fetches: 15395
	              Buffers: shared hit=11 read=15503
2026-10-10 08:18:49.166 UTC [1892] hel1435-S4-desktop-R250000-b14-explain-r3 LOG:  duration: 14.264 ms  plan:
	Query Text: SELECT count(*) FROM (SELECT 1 FROM output_snapshot_history WHERE output_id = $1 LIMIT $2) x
	Query Parameters: $1 = 'o261', $2 = '202445'
	Aggregate  (cost=904.60..904.61 rows=1 width=8) (actual time=14.261..14.261 rows=1 loops=1)
	  Buffers: shared hit=11806 read=3708
	  ->  Limit  (cost=0.43..707.87 rows=15739 width=4) (actual time=0.018..13.744 rows=15852 loops=1)
	        Buffers: shared hit=11806 read=3708
	        ->  Index Only Scan using idx_output_snapshot_history_output_captured on output_snapshot_history  (cost=0.43..707.87 rows=15739 width=4) (actual time=0.018..13.054 rows=15852 loops=1)
	              Index Cond: (output_id = 'o261'::text)
	              Heap Fetches: 15395
	              Buffers: shared hit=11806 read=3708
2026-10-10 08:18:49.178 UTC [1892] hel1435-S4-desktop-R250000-b14-explain-r3 LOG:  duration: 11.866 ms  plan:
	Query Text: SELECT count(*) FROM (SELECT 1 FROM output_snapshot_history WHERE output_id = $1 LIMIT $2) x
	Query Parameters: $1 = 'o262', $2 = '186593'
	Aggregate  (cost=904.60..904.61 rows=1 width=8) (actual time=11.864..11.864 rows=1 loops=1)
	  Buffers: shared hit=12756 read=2758
	  ->  Limit  (cost=0.43..707.87 rows=15739 width=4) (actual time=0.018..11.381 rows=15852 loops=1)
	        Buffers: shared hit=12756 read=2758
	        ->  Index Only Scan using idx_output_snapshot_history_output_captured on output_snapshot_history  (cost=0.43..707.87 rows=15739 width=4) (actual time=0.018..10.730 rows=15852 loops=1)
	              Index Cond: (output_id = 'o262'::text)
	              Heap Fetches: 15395
	              Buffers: shared hit=12756 read=2758
2026-10-10 08:18:49.194 UTC [1892] hel1435-S4-desktop-R250000-b14-explain-r3 LOG:  duration: 14.862 ms  plan:
	Query Text: SELECT count(*) FROM (SELECT 1 FROM output_snapshot_history WHERE output_id = $1 LIMIT $2) x
	Query Parameters: $1 = 'o263', $2 = '170741'
	Aggregate  (cost=904.60..904.61 rows=1 width=8) (actual time=14.859..14.860 rows=1 loops=1)
	  Buffers: shared hit=10949 read=4565
	  ->  Limit  (cost=0.43..707.87 rows=15739 width=4) (actual time=0.016..14.324 rows=15853 loops=1)
	        Buffers: shared hit=10949 read=4565
	        ->  Index Only Scan using idx_output_snapshot_history_output_captured on output_snapshot_history  (cost=0.43..707.87 rows=15739 width=4) (actual time=0.016..13.641 rows=15853 loops=1)
	              Index Cond: (output_id = 'o263'::text)
	              Heap Fetches: 15396
	              Buffers: shared hit=10949 read=4565
2026-10-10 08:18:49.206 UTC [1892] hel1435-S4-desktop-R250000-b14-explain-r3 LOG:  duration: 12.401 ms  plan:
	Query Text: SELECT count(*) FROM (SELECT 1 FROM output_snapshot_history WHERE output_id = $1 LIMIT $2) x
	Query Parameters: $1 = 'o264', $2 = '154888'
	Aggregate  (cost=904.60..904.61 rows=1 width=8) (actual time=12.399..12.400 rows=1 loops=1)
	  Buffers: shared hit=12113 read=3402
	  ->  Limit  (cost=0.43..707.87 rows=15739 width=4) (actual time=0.014..11.898 rows=15852 loops=1)
	        Buffers: shared hit=12113 read=3402
	        ->  Index Only Scan using idx_output_snapshot_history_output_captured on output_snapshot_history  (cost=0.43..707.87 rows=15739 width=4) (actual time=0.013..11.233 rows=15852 loops=1)
	              Index Cond: (output_id = 'o264'::text)
	              Heap Fetches: 15395
	              Buffers: shared hit=12113 read=3402
2026-10-10 08:18:49.216 UTC [1892] hel1435-S4-desktop-R250000-b14-explain-r3 LOG:  duration: 9.562 ms  plan:
	Query Text: SELECT count(*) FROM (SELECT 1 FROM output_snapshot_history WHERE output_id = $1 LIMIT $2) x
	Query Parameters: $1 = 'o265', $2 = '139036'
	Aggregate  (cost=904.60..904.61 rows=1 width=8) (actual time=9.560..9.560 rows=1 loops=1)
	  Buffers: shared hit=13683 read=1832
	  ->  Limit  (cost=0.43..707.87 rows=15739 width=4) (actual time=0.013..9.104 rows=15852 loops=1)
	        Buffers: shared hit=13683 read=1832
	        ->  Index Only Scan using idx_output_snapshot_history_output_captured on output_snapshot_history  (cost=0.43..707.87 rows=15739 width=4) (actual time=0.013..8.470 rows=15852 loops=1)
	              Index Cond: (output_id = 'o265'::text)
	              Heap Fetches: 15395
	              Buffers: shared hit=13683 read=1832
2026-10-10 08:18:49.222 UTC [1892] hel1435-S4-desktop-R250000-b14-explain-r3 LOG:  duration: 6.256 ms  plan:
	Query Text: SELECT count(*) FROM (SELECT 1 FROM output_snapshot_history WHERE output_id = $1 LIMIT $2) x
	Query Parameters: $1 = 'o266', $2 = '123184'
	Aggregate  (cost=904.60..904.61 rows=1 width=8) (actual time=6.255..6.255 rows=1 loops=1)
	  Buffers: shared hit=15407 read=108
	  ->  Limit  (cost=0.43..707.87 rows=15739 width=4) (actual time=0.011..5.842 rows=15852 loops=1)
	        Buffers: shared hit=15407 read=108
	        ->  Index Only Scan using idx_output_snapshot_history_output_captured on output_snapshot_history  (cost=0.43..707.87 rows=15739 width=4) (actual time=0.011..5.240 rows=15852 loops=1)
	              Index Cond: (output_id = 'o266'::text)
	              Heap Fetches: 15395
	              Buffers: shared hit=15407 read=108
2026-10-10 08:18:49.240 UTC [1892] hel1435-S4-desktop-R250000-b14-explain-r3 LOG:  duration: 17.472 ms  plan:
	Query Text: SELECT count(*) FROM (SELECT 1 FROM output_snapshot_history WHERE output_id = $1 LIMIT $2) x
	Query Parameters: $1 = 'o267', $2 = '107332'
	Aggregate  (cost=106.54..106.55 rows=1 width=8) (actual time=17.468..17.469 rows=1 loops=1)
	  Buffers: shared hit=9241 read=6274
	  ->  Limit  (cost=0.43..83.49 rows=1844 width=4) (actual time=0.022..16.851 rows=15852 loops=1)
	        Buffers: shared hit=9241 read=6274
	        ->  Index Only Scan using idx_output_snapshot_history_output_captured on output_snapshot_history  (cost=0.43..831.20 rows=18444 width=4) (actual time=0.021..16.124 rows=15852 loops=1)
	              Index Cond: (output_id = ($1)::text)
	              Heap Fetches: 15395
	              Buffers: shared hit=9241 read=6274
2026-10-10 08:18:49.252 UTC [1892] hel1435-S4-desktop-R250000-b14-explain-r3 LOG:  duration: 11.125 ms  plan:
	Query Text: SELECT count(*) FROM (SELECT 1 FROM output_snapshot_history WHERE output_id = $1 LIMIT $2) x
	Query Parameters: $1 = 'o268', $2 = '91480'
	Aggregate  (cost=106.54..106.55 rows=1 width=8) (actual time=11.123..11.123 rows=1 loops=1)
	  Buffers: shared hit=12804 read=2711
	  ->  Limit  (cost=0.43..83.49 rows=1844 width=4) (actual time=0.021..10.644 rows=15852 loops=1)
	        Buffers: shared hit=12804 read=2711
	        ->  Index Only Scan using idx_output_snapshot_history_output_captured on output_snapshot_history  (cost=0.43..831.20 rows=18444 width=4) (actual time=0.020..9.995 rows=15852 loops=1)
	              Index Cond: (output_id = ($1)::text)
	              Heap Fetches: 15395
	              Buffers: shared hit=12804 read=2711
2026-10-10 08:18:49.265 UTC [1892] hel1435-S4-desktop-R250000-b14-explain-r3 LOG:  duration: 13.120 ms  plan:
	Query Text: SELECT count(*) FROM (SELECT 1 FROM output_snapshot_history WHERE output_id = $1 LIMIT $2) x
	Query Parameters: $1 = 'o269', $2 = '75628'
	Aggregate  (cost=106.54..106.55 rows=1 width=8) (actual time=13.118..13.118 rows=1 loops=1)
	  Buffers: shared hit=11652 read=3862
	  ->  Limit  (cost=0.43..83.49 rows=1844 width=4) (actual time=0.017..12.610 rows=15852 loops=1)
	        Buffers: shared hit=11652 read=3862
	        ->  Index Only Scan using idx_output_snapshot_history_output_captured on output_snapshot_history  (cost=0.43..831.20 rows=18444 width=4) (actual time=0.017..11.943 rows=15852 loops=1)
	              Index Cond: (output_id = ($1)::text)
	              Heap Fetches: 15395
	              Buffers: shared hit=11652 read=3862
2026-10-10 08:18:49.298 UTC [1892] hel1435-S4-desktop-R250000-b14-explain-r3 LOG:  duration: 32.575 ms  plan:
	Query Text: SELECT count(*) FROM (SELECT 1 FROM output_snapshot_history WHERE output_id = $1 LIMIT $2) x
	Query Parameters: $1 = 'o27', $2 = '59776'
	Aggregate  (cost=106.54..106.55 rows=1 width=8) (actual time=32.570..32.570 rows=1 loops=1)
	  Buffers: shared hit=8 read=15506
	  ->  Limit  (cost=0.43..83.49 rows=1844 width=4) (actual time=0.017..31.755 rows=15852 loops=1)
	        Buffers: shared hit=8 read=15506
	        ->  Index Only Scan using idx_output_snapshot_history_output_captured on output_snapshot_history  (cost=0.43..831.20 rows=18444 width=4) (actual time=0.017..30.888 rows=15852 loops=1)
	              Index Cond: (output_id = ($1)::text)
	              Heap Fetches: 15395
	              Buffers: shared hit=8 read=15506
2026-10-10 08:18:49.331 UTC [1892] hel1435-S4-desktop-R250000-b14-explain-r3 LOG:  duration: 33.222 ms  plan:
	Query Text: SELECT count(*) FROM (SELECT 1 FROM output_snapshot_history WHERE output_id = $1 LIMIT $2) x
	Query Parameters: $1 = 'o270', $2 = '43924'
	Aggregate  (cost=106.54..106.55 rows=1 width=8) (actual time=33.214..33.215 rows=1 loops=1)
	  Buffers: shared hit=11 read=15503
	  ->  Limit  (cost=0.43..83.49 rows=1844 width=4) (actual time=0.022..32.399 rows=15852 loops=1)
	        Buffers: shared hit=11 read=15503
	        ->  Index Only Scan using idx_output_snapshot_history_output_captured on output_snapshot_history  (cost=0.43..831.20 rows=18444 width=4) (actual time=0.021..31.532 rows=15852 loops=1)
	              Index Cond: (output_id = ($1)::text)
	              Heap Fetches: 15395
	              Buffers: shared hit=11 read=15503
2026-10-10 08:18:49.338 UTC [1892] hel1435-S4-desktop-R250000-b14-explain-r3 LOG:  duration: 6.097 ms  plan:
	Query Text: SELECT count(*) FROM (SELECT 1 FROM output_snapshot_history WHERE output_id = $1 LIMIT $2) x
	Query Parameters: $1 = 'o271', $2 = '28072'
	Aggregate  (cost=106.54..106.55 rows=1 width=8) (actual time=6.095..6.096 rows=1 loops=1)
	  Buffers: shared hit=15403 read=111
	  ->  Limit  (cost=0.43..83.49 rows=1844 width=4) (actual time=0.026..5.678 rows=15852 loops=1)
	        Buffers: shared hit=15403 read=111
	        ->  Index Only Scan using idx_output_snapshot_history_output_captured on output_snapshot_history  (cost=0.43..831.20 rows=18444 width=4) (actual time=0.025..5.075 rows=15852 loops=1)
	              Index Cond: (output_id = ($1)::text)
	              Heap Fetches: 15395
	              Buffers: shared hit=15403 read=111
2026-10-10 08:18:49.343 UTC [1892] hel1435-S4-desktop-R250000-b14-explain-r3 LOG:  duration: 4.382 ms  plan:
	Query Text: SELECT count(*) FROM (SELECT 1 FROM output_snapshot_history WHERE output_id = $1 LIMIT $2) x
	Query Parameters: $1 = 'o272', $2 = '12220'
	Aggregate  (cost=106.54..106.55 rows=1 width=8) (actual time=4.380..4.381 rows=1 loops=1)
	  Buffers: shared hit=11771 read=85
	  ->  Limit  (cost=0.43..83.49 rows=1844 width=4) (actual time=0.014..4.061 rows=12220 loops=1)
	        Buffers: shared hit=11771 read=85
	        ->  Index Only Scan using idx_output_snapshot_history_output_captured on output_snapshot_history  (cost=0.43..831.20 rows=18444 width=4) (actual time=0.014..3.592 rows=12220 loops=1)
	              Index Cond: (output_id = ($1)::text)
	              Heap Fetches: 11763
	              Buffers: shared hit=11771 read=85
2026-10-10 08:18:50.007 UTC [1892] hel1435-S4-desktop-R250000-b14-explain-r3 LOG:  duration: 651.168 ms  plan:
	Query Text: DELETE FROM output_snapshot_history h
	             USING pipelines p, users u
	             WHERE h.output_id = ANY($1) AND h.captured_at < $2
	               AND h.pipeline_id = p.id AND p.owner_id = u.id
	               AND h.captured_at < COALESCE(($3::timestamptz[])[array_position($4::text[], u.tier)], $5)
	Query Parameters: $1 = '{o259,o26,o260,o261,o262,o263,o264,o265,o266,o267,o268,o269,o27,o270,o271}', $2 = '2026-09-10 01:00:00-07', $3 = '{"2026-09-10 01:00:00-07","2026-07-12 01:00:00-07","2025-10-10 01:00:00-07"}', $4 = '{free,beta,owner}', $5 = '2026-09-10 01:00:00-07'
	Delete on output_snapshot_history h  (cost=1543.09..133254.24 rows=0 width=0) (actual time=651.164..651.167 rows=0 loops=1)
	  Buffers: shared hit=97342 read=31743 dirtied=22514 written=5963
	  WAL: records=108166 bytes=5840964
	  ->  Hash Join  (cost=1543.09..133254.24 rows=41635 width=18) (actual time=105.537..568.295 rows=108166 loops=1)
	        Hash Cond: ((h.pipeline_id = p.id) AND (u.id = p.owner_id))
	        Buffers: shared hit=4466 read=16453
	        ->  Nested Loop  (cost=1539.59..122316.37 rows=2081767 width=31) (actual time=8.733..354.518 rows=4110308 loops=1)
	              Buffers: shared hit=4466 read=16452
	              ->  Index Scan using users_pkey on users u  (cost=0.14..12.89 rows=50 width=27) (actual time=0.009..0.057 rows=50 loops=1)
	                    Buffers: shared hit=1 read=1
	              ->  Memoize  (cost=1539.45..24463.23 rows=41635 width=17) (actual time=0.180..3.099 rows=82206 loops=50)
	                    Cache Key: COALESCE(('{"2026-09-10 01:00:00-07","2026-07-12 01:00:00-07","2025-10-10 01:00:00-07"}'::timestamp with time zone[])[array_position('{free,beta,owner}'::text[], u.tier)], '2026-09-10 01:00:00-07'::timestamp with time zone)
	                    Cache Mode: binary
	                    Hits: 47  Misses: 3  Evictions: 0  Overflows: 0  Memory Usage: 5916kB
	                    Buffers: shared hit=4465 read=16451
	                    ->  Bitmap Heap Scan on output_snapshot_history h  (cost=1539.44..24463.22 rows=41635 width=17) (actual time=2.942..20.466 rows=36055 loops=3)
	                          Recheck Cond: ((output_id = ANY ('{o259,o26,o260,o261,o262,o263,o264,o265,o266,o267,o268,o269,o27,o270,o271}'::text[])) AND (captured_at < COALESCE(('{"2026-09-10 01:00:00-07","2026-07-12 01:00:00-07","2025-10-10 01:00:00-07"}'::timestamp with time zone[])[array_position('{free,beta,owner}'::text[], u.tier)], '2026-09-10 01:00:00-07'::timestamp with time zone)) AND (captured_at < '2026-09-10 01:00:00-07'::timestamp with time zone))
	                          Heap Blocks: exact=20037
	                          Buffers: shared hit=4465 read=16451
	                          ->  Bitmap Index Scan on idx_output_snapshot_history_output_captured  (cost=0.00..1528.99 rows=41635 width=0) (actual time=2.441..2.441 rows=36055 loops=3)
	                                Index Cond: ((output_id = ANY ('{o259,o26,o260,o261,o262,o263,o264,o265,o266,o267,o268,o269,o27,o270,o271}'::text[])) AND (captured_at < COALESCE(('{"2026-09-10 01:00:00-07","2026-07-12 01:00:00-07","2025-10-10 01:00:00-07"}'::timestamp with time zone[])[array_position('{free,beta,owner}'::text[], u.tier)], '2026-09-10 01:00:00-07'::timestamp with time zone)) AND (captured_at < '2026-09-10 01:00:00-07'::timestamp with time zone))
	                                Buffers: shared hit=138 read=738
	        ->  Hash  (cost=2.00..2.00 rows=100 width=25) (actual time=5.675..5.675 rows=100 loops=1)
	              Buckets: 1024  Batches: 1  Memory Usage: 14kB
	              Buffers: shared read=1
	              ->  Seq Scan on pipelines p  (cost=0.00..2.00 rows=100 width=25) (actual time=5.648..5.655 rows=100 loops=1)
	                    Buffers: shared read=1
	JIT:
	  Functions: 22
	  Options: Inlining false, Optimization false, Expressions true, Deforming true
	  Timing: Generation 0.529 ms, Inlining 0.000 ms, Optimization 0.333 ms, Emission 5.339 ms, Total 6.201 ms
2026-10-10 08:18:50.841 UTC [1892] hel1435-S4-desktop-R250000-b14-explain-r3 LOG:  duration: 831.580 ms  plan:
	Query Text: DELETE FROM output_snapshot_history WHERE output_id = ANY($1) AND id IN (
	             SELECT id FROM (
	               SELECT id, age_class, bucket,
	                      row_number() OVER w AS recency,
	                      lag(age_class) OVER w AS prev_class,
	                      lag(bucket) OVER w AS prev_bucket
	               FROM (
	                 SELECT id, output_id, captured_at,
	                        CASE WHEN extract(epoch FROM ($2::timestamptz - captured_at)) < $3 THEN 0
	                             WHEN extract(epoch FROM ($4::timestamptz - captured_at)) < $5 THEN 1
	                             ELSE 2 END AS age_class,
	                        floor(extract(epoch FROM captured_at) /
	                          CASE WHEN extract(epoch FROM ($6::timestamptz - captured_at)) < $7 THEN $8
	                               WHEN extract(epoch FROM ($9::timestamptz - captured_at)) < $10 THEN $11
	                               ELSE $12 END) AS bucket
	                 FROM output_snapshot_history
	                 WHERE output_id = ANY($13)
	               ) classed
	               WINDOW w AS (PARTITION BY output_id ORDER BY captured_at DESC, id DESC)
	             ) ranked
	             WHERE recency > $14 AND prev_class = age_class AND prev_bucket = bucket)
	Query Parameters: $1 = '{o259,o26,o260,o261,o262,o263,o264,o265,o266,o267,o268,o269,o27,o270,o271}', $2 = '2026-10-10 01:00:00-07', $3 = '86400', $4 = '2026-10-10 01:00:00-07', $5 = '604800', $6 = '2026-10-10 01:00:00-07', $7 = '86400', $8 = '300', $9 = '2026-10-10 01:00:00-07', $10 = '604800', $11 = '3600', $12 = '86400', $13 = '{o259,o26,o260,o261,o262,o263,o264,o265,o266,o267,o268,o269,o27,o270,o271}', $14 = '102'
	Delete on output_snapshot_history  (cost=433267.39..433283.92 rows=0 width=0) (actual time=831.576..831.579 rows=0 loops=1)
	  Buffers: shared hit=541952 read=119473 dirtied=56738 written=63281, temp read=2092 written=2098
	  WAL: records=122760 bytes=6629040
	  ->  Nested Loop  (cost=433267.39..433283.92 rows=1 width=46) (actual time=404.365..802.306 rows=122760 loops=1)
	        Buffers: shared hit=419192 read=119473 written=63281, temp read=2092 written=2098
	        ->  Unique  (cost=433266.92..433266.93 rows=2 width=56) (actual time=404.312..427.574 rows=122760 loops=1)
	              Buffers: shared hit=8111 read=39514 written=16194, temp read=2092 written=2098
	              ->  Sort  (cost=433266.92..433266.93 rows=2 width=56) (actual time=404.311..419.354 rows=122760 loops=1)
	                    Sort Key: ranked.id
	                    Sort Method: external merge  Disk: 11792kB
	                    Buffers: shared hit=8111 read=39514 written=16194, temp read=2092 written=2098
	                    ->  Subquery Scan on ranked  (cost=403755.41..433266.91 rows=2 width=56) (actual time=219.357..381.539 rows=122760 loops=1)
	                          Filter: ((ranked.recency > 102) AND (ranked.prev_class = ranked.age_class) AND (ranked.prev_bucket = ranked.bucket))
	                          Rows Removed by Filter: 6855
	                          Buffers: shared hit=8111 read=39511 written=16191, temp read=618 written=620
	                          ->  WindowAgg  (cost=403755.41..429135.30 rows=236092 width=108) (actual time=219.081..361.980 rows=129615 loops=1)
	                                Buffers: shared hit=8111 read=39511 written=16191, temp read=618 written=620
	                                ->  Sort  (cost=403755.41..404345.64 rows=236092 width=28) (actual time=219.020..228.026 rows=129615 loops=1)
	                                      Sort Key: output_snapshot_history_1.output_id, output_snapshot_history_1.captured_at DESC, output_snapshot_history_1.id DESC
	                                      Sort Method: external merge  Disk: 4944kB
	                                      Buffers: shared hit=8111 read=39511 written=16191, temp read=618 written=620
	                                      ->  Bitmap Heap Scan on output_snapshot_history output_snapshot_history_1  (cost=8184.19..377036.39 rows=236092 width=28) (actual time=82.239..167.052 rows=129615 loops=1)
	                                            Recheck Cond: (output_id = ANY ('{o259,o26,o260,o261,o262,o263,o264,o265,o266,o267,o268,o269,o27,o270,o271}'::text[]))
	                                            Heap Blocks: exact=45959
	                                            Buffers: shared hit=8105 read=39511 written=16191
	                                            ->  Bitmap Index Scan on idx_output_snapshot_history_output_captured  (cost=0.00..8125.12 rows=236092 width=0) (actual time=16.750..16.751 rows=237781 loops=1)
	                                                  Index Cond: (output_id = ANY ('{o259,o26,o260,o261,o262,o263,o264,o265,o266,o267,o268,o269,o27,o270,o271}'::text[]))
	                                                  Buffers: shared hit=34 read=1623 written=1623
	        ->  Index Scan using output_snapshot_history_pkey on output_snapshot_history  (cost=0.47..8.49 rows=1 width=22) (actual time=0.003..0.003 rows=1 loops=122760)
	              Index Cond: (id = ranked.id)
	              Filter: (output_id = ANY ('{o259,o26,o260,o261,o262,o263,o264,o265,o266,o267,o268,o269,o27,o270,o271}'::text[]))
	              Buffers: shared hit=411081 read=79959 written=47087
	JIT:
	  Functions: 24
	  Options: Inlining false, Optimization false, Expressions true, Deforming true
	  Timing: Generation 0.522 ms, Inlining 0.000 ms, Optimization 0.331 ms, Emission 4.970 ms, Total 5.823 ms
2026-10-10 08:18:50.842 UTC [1892] hel1435-S4-desktop-R250000-b14-explain-r3 LOG:  temporary file: path "base/pgsql_tmp/pgsql_tmp1892.1", size 12075008
2026-10-10 08:18:50.842 UTC [1892] hel1435-S4-desktop-R250000-b14-explain-r3 STATEMENT:  DELETE FROM output_snapshot_history WHERE output_id = ANY($1) AND id IN (
	             SELECT id FROM (
	               SELECT id, age_class, bucket,
	                      row_number() OVER w AS recency,
	                      lag(age_class) OVER w AS prev_class,
	                      lag(bucket) OVER w AS prev_bucket
	               FROM (
	                 SELECT id, output_id, captured_at,
	                        CASE WHEN extract(epoch FROM ($2::timestamptz - captured_at)) < $3 THEN 0
	                             WHEN extract(epoch FROM ($4::timestamptz - captured_at)) < $5 THEN 1
	                             ELSE 2 END AS age_class,
	                        floor(extract(epoch FROM captured_at) /
	                          CASE WHEN extract(epoch FROM ($6::timestamptz - captured_at)) < $7 THEN $8
	                               WHEN extract(epoch FROM ($9::timestamptz - captured_at)) < $10 THEN $11
	                               ELSE $12 END) AS bucket
	                 FROM output_snapshot_history
	                 WHERE output_id = ANY($13)
	               ) classed
	               WINDOW w AS (PARTITION BY output_id ORDER BY captured_at DESC, id DESC)
	             ) ranked
	             WHERE recency > $14 AND prev_class = age_class AND prev_bucket = bucket)
2026-10-10 08:18:50.843 UTC [1892] hel1435-S4-desktop-R250000-b14-explain-r3 LOG:  temporary file: path "base/pgsql_tmp/pgsql_tmp1892.0", size 5062656
2026-10-10 08:18:50.843 UTC [1892] hel1435-S4-desktop-R250000-b14-explain-r3 STATEMENT:  DELETE FROM output_snapshot_history WHERE output_id = ANY($1) AND id IN (
	             SELECT id FROM (
	               SELECT id, age_class, bucket,
	                      row_number() OVER w AS recency,
	                      lag(age_class) OVER w AS prev_class,
	                      lag(bucket) OVER w AS prev_bucket
	               FROM (
	                 SELECT id, output_id, captured_at,
	                        CASE WHEN extract(epoch FROM ($2::timestamptz - captured_at)) < $3 THEN 0
	                             WHEN extract(epoch FROM ($4::timestamptz - captured_at)) < $5 THEN 1
	                             ELSE 2 END AS age_class,
	                        floor(extract(epoch FROM captured_at) /
	                          CASE WHEN extract(epoch FROM ($6::timestamptz - captured_at)) < $7 THEN $8
	                               WHEN extract(epoch FROM ($9::timestamptz - captured_at)) < $10 THEN $11
	                               ELSE $12 END) AS bucket
	                 FROM output_snapshot_history
	                 WHERE output_id = ANY($13)
	               ) classed
	               WINDOW w AS (PARTITION BY output_id ORDER BY captured_at DESC, id DESC)
	             ) ranked
	             WHERE recency > $14 AND prev_class = age_class AND prev_bucket = bucket)
2026-10-10 08:18:52.499 UTC [1895] hel1435-S4-desktop-R250000-b14-timed-r1 LOG:  temporary file: path "base/pgsql_tmp/pgsql_tmp1895.1", size 12075008
2026-10-10 08:18:52.499 UTC [1895] hel1435-S4-desktop-R250000-b14-timed-r1 STATEMENT:  DELETE FROM output_snapshot_history WHERE output_id = ANY($1) AND id IN (
	             SELECT id FROM (
	               SELECT id, age_class, bucket,
	                      row_number() OVER w AS recency,
	                      lag(age_class) OVER w AS prev_class,
	                      lag(bucket) OVER w AS prev_bucket
	               FROM (
	                 SELECT id, output_id, captured_at,
	                        CASE WHEN extract(epoch FROM ($2::timestamptz - captured_at)) < $3 THEN 0
	                             WHEN extract(epoch FROM ($4::timestamptz - captured_at)) < $5 THEN 1
	                             ELSE 2 END AS age_class,
	                        floor(extract(epoch FROM captured_at) /
	                          CASE WHEN extract(epoch FROM ($6::timestamptz - captured_at)) < $7 THEN $8
	                               WHEN extract(epoch FROM ($9::timestamptz - captured_at)) < $10 THEN $11
	                               ELSE $12 END) AS bucket
	                 FROM output_snapshot_history
	                 WHERE output_id = ANY($13)
	               ) classed
	               WINDOW w AS (PARTITION BY output_id ORDER BY captured_at DESC, id DESC)
	             ) ranked
	             WHERE recency > $14 AND prev_class = age_class AND prev_bucket = bucket)
2026-10-10 08:18:52.500 UTC [1895] hel1435-S4-desktop-R250000-b14-timed-r1 LOG:  temporary file: path "base/pgsql_tmp/pgsql_tmp1895.0", size 5062656
2026-10-10 08:18:52.500 UTC [1895] hel1435-S4-desktop-R250000-b14-timed-r1 STATEMENT:  DELETE FROM output_snapshot_history WHERE output_id = ANY($1) AND id IN (
	             SELECT id FROM (
	               SELECT id, age_class, bucket,
	                      row_number() OVER w AS recency,
	                      lag(age_class) OVER w AS prev_class,
	                      lag(bucket) OVER w AS prev_bucket
	               FROM (
	                 SELECT id, output_id, captured_at,
	                        CASE WHEN extract(epoch FROM ($2::timestamptz - captured_at)) < $3 THEN 0
	                             WHEN extract(epoch FROM ($4::timestamptz - captured_at)) < $5 THEN 1
	                             ELSE 2 END AS age_class,
	                        floor(extract(epoch FROM captured_at) /
	                          CASE WHEN extract(epoch FROM ($6::timestamptz - captured_at)) < $7 THEN $8
	                               WHEN extract(epoch FROM ($9::timestamptz - captured_at)) < $10 THEN $11
	                               ELSE $12 END) AS bucket
	                 FROM output_snapshot_history
	                 WHERE output_id = ANY($13)
	               ) classed
	               WINDOW w AS (PARTITION BY output_id ORDER BY captured_at DESC, id DESC)
	             ) ranked
	             WHERE recency > $14 AND prev_class = age_class AND prev_bucket = bucket)
2026-10-10 08:18:54.157 UTC [1898] hel1435-S4-desktop-R250000-b14-timed-r2 LOG:  temporary file: path "base/pgsql_tmp/pgsql_tmp1898.1", size 12075008
2026-10-10 08:18:54.157 UTC [1898] hel1435-S4-desktop-R250000-b14-timed-r2 STATEMENT:  DELETE FROM output_snapshot_history WHERE output_id = ANY($1) AND id IN (
	             SELECT id FROM (
	               SELECT id, age_class, bucket,
	                      row_number() OVER w AS recency,
	                      lag(age_class) OVER w AS prev_class,
	                      lag(bucket) OVER w AS prev_bucket
	               FROM (
	                 SELECT id, output_id, captured_at,
	                        CASE WHEN extract(epoch FROM ($2::timestamptz - captured_at)) < $3 THEN 0
	                             WHEN extract(epoch FROM ($4::timestamptz - captured_at)) < $5 THEN 1
	                             ELSE 2 END AS age_class,
	                        floor(extract(epoch FROM captured_at) /
	                          CASE WHEN extract(epoch FROM ($6::timestamptz - captured_at)) < $7 THEN $8
	                               WHEN extract(epoch FROM ($9::timestamptz - captured_at)) < $10 THEN $11
	                               ELSE $12 END) AS bucket
	                 FROM output_snapshot_history
	                 WHERE output_id = ANY($13)
	               ) classed
	               WINDOW w AS (PARTITION BY output_id ORDER BY captured_at DESC, id DESC)
	             ) ranked
	             WHERE recency > $14 AND prev_class = age_class AND prev_bucket = bucket)
2026-10-10 08:18:54.157 UTC [1898] hel1435-S4-desktop-R250000-b14-timed-r2 LOG:  temporary file: path "base/pgsql_tmp/pgsql_tmp1898.0", size 5062656
2026-10-10 08:18:54.157 UTC [1898] hel1435-S4-desktop-R250000-b14-timed-r2 STATEMENT:  DELETE FROM output_snapshot_history WHERE output_id = ANY($1) AND id IN (
	             SELECT id FROM (
	               SELECT id, age_class, bucket,
	                      row_number() OVER w AS recency,
	                      lag(age_class) OVER w AS prev_class,
	                      lag(bucket) OVER w AS prev_bucket
	               FROM (
	                 SELECT id, output_id, captured_at,
	                        CASE WHEN extract(epoch FROM ($2::timestamptz - captured_at)) < $3 THEN 0
	                             WHEN extract(epoch FROM ($4::timestamptz - captured_at)) < $5 THEN 1
	                             ELSE 2 END AS age_class,
	                        floor(extract(epoch FROM captured_at) /
	                          CASE WHEN extract(epoch FROM ($6::timestamptz - captured_at)) < $7 THEN $8
	                               WHEN extract(epoch FROM ($9::timestamptz - captured_at)) < $10 THEN $11
	                               ELSE $12 END) AS bucket
	                 FROM output_snapshot_history
	                 WHERE output_id = ANY($13)
	               ) classed
	               WINDOW w AS (PARTITION BY output_id ORDER BY captured_at DESC, id DESC)
	             ) ranked
	             WHERE recency > $14 AND prev_class = age_class AND prev_bucket = bucket)
2026-10-10 08:18:55.792 UTC [1901] hel1435-S4-desktop-R250000-b14-timed-r3 LOG:  temporary file: path "base/pgsql_tmp/pgsql_tmp1901.1", size 12075008
2026-10-10 08:18:55.792 UTC [1901] hel1435-S4-desktop-R250000-b14-timed-r3 STATEMENT:  DELETE FROM output_snapshot_history WHERE output_id = ANY($1) AND id IN (
	             SELECT id FROM (
	               SELECT id, age_class, bucket,
	                      row_number() OVER w AS recency,
	                      lag(age_class) OVER w AS prev_class,
	                      lag(bucket) OVER w AS prev_bucket
	               FROM (
	                 SELECT id, output_id, captured_at,
	                        CASE WHEN extract(epoch FROM ($2::timestamptz - captured_at)) < $3 THEN 0
	                             WHEN extract(epoch FROM ($4::timestamptz - captured_at)) < $5 THEN 1
	                             ELSE 2 END AS age_class,
	                        floor(extract(epoch FROM captured_at) /
	                          CASE WHEN extract(epoch FROM ($6::timestamptz - captured_at)) < $7 THEN $8
	                               WHEN extract(epoch FROM ($9::timestamptz - captured_at)) < $10 THEN $11
	                               ELSE $12 END) AS bucket
	                 FROM output_snapshot_history
	                 WHERE output_id = ANY($13)
	               ) classed
	               WINDOW w AS (PARTITION BY output_id ORDER BY captured_at DESC, id DESC)
	             ) ranked
	             WHERE recency > $14 AND prev_class = age_class AND prev_bucket = bucket)
2026-10-10 08:18:55.792 UTC [1901] hel1435-S4-desktop-R250000-b14-timed-r3 LOG:  temporary file: path "base/pgsql_tmp/pgsql_tmp1901.0", size 5062656
2026-10-10 08:18:55.792 UTC [1901] hel1435-S4-desktop-R250000-b14-timed-r3 STATEMENT:  DELETE FROM output_snapshot_history WHERE output_id = ANY($1) AND id IN (
	             SELECT id FROM (
	               SELECT id, age_class, bucket,
	                      row_number() OVER w AS recency,
	                      lag(age_class) OVER w AS prev_class,
	                      lag(bucket) OVER w AS prev_bucket
	               FROM (
	                 SELECT id, output_id, captured_at,
	                        CASE WHEN extract(epoch FROM ($2::timestamptz - captured_at)) < $3 THEN 0
	                             WHEN extract(epoch FROM ($4::timestamptz - captured_at)) < $5 THEN 1
	                             ELSE 2 END AS age_class,
	                        floor(extract(epoch FROM captured_at) /
	                          CASE WHEN extract(epoch FROM ($6::timestamptz - captured_at)) < $7 THEN $8
	                               WHEN extract(epoch FROM ($9::timestamptz - captured_at)) < $10 THEN $11
	                               ELSE $12 END) AS bucket
	                 FROM output_snapshot_history
	                 WHERE output_id = ANY($13)
	               ) classed
	               WINDOW w AS (PARTITION BY output_id ORDER BY captured_at DESC, id DESC)
	             ) ranked
	             WHERE recency > $14 AND prev_class = age_class AND prev_bucket = bucket)
2026-10-10 08:18:56.230 UTC [1904] hel1435-S4-desktop-R250000-b22-explain-r1 LOG:  duration: 79.201 ms  plan:
	Query Text: SELECT count(*) FROM (SELECT 1 FROM output_snapshot_history WHERE output_id = $1 LIMIT $2) x
	Query Parameters: $1 = 'o92', $2 = '250001'
	Aggregate  (cost=1632.55..1632.56 rows=1 width=8) (actual time=79.193..79.193 rows=1 loops=1)
	  Buffers: shared hit=1 read=28564 written=1741
	  ->  Limit  (cost=0.43..1277.50 rows=28404 width=4) (actual time=0.031..77.645 rows=28812 loops=1)
	        Buffers: shared hit=1 read=28564 written=1741
	        ->  Index Only Scan using idx_output_snapshot_history_output_captured on output_snapshot_history  (cost=0.43..1277.50 rows=28404 width=4) (actual time=0.031..76.009 rows=28812 loops=1)
	              Index Cond: (output_id = 'o92'::text)
	              Heap Fetches: 28355
	              Buffers: shared hit=1 read=28564 written=1741
2026-10-10 08:18:56.290 UTC [1904] hel1435-S4-desktop-R250000-b22-explain-r1 LOG:  duration: 59.543 ms  plan:
	Query Text: SELECT count(*) FROM (SELECT 1 FROM output_snapshot_history WHERE output_id = $1 LIMIT $2) x
	Query Parameters: $1 = 'o93', $2 = '221189'
	Aggregate  (cost=1571.34..1571.35 rows=1 width=8) (actual time=59.538..59.539 rows=1 loops=1)
	  Buffers: shared hit=1 read=28549
	  ->  Limit  (cost=0.43..1230.13 rows=27297 width=4) (actual time=0.019..58.025 rows=28812 loops=1)
	        Buffers: shared hit=1 read=28549
	        ->  Index Only Scan using idx_output_snapshot_history_output_captured on output_snapshot_history  (cost=0.43..1230.13 rows=27297 width=4) (actual time=0.018..56.399 rows=28812 loops=1)
	              Index Cond: (output_id = 'o93'::text)
	              Heap Fetches: 28341
	              Buffers: shared hit=1 read=28549
2026-10-10 08:18:56.349 UTC [1904] hel1435-S4-desktop-R250000-b22-explain-r1 LOG:  duration: 58.664 ms  plan:
	Query Text: SELECT count(*) FROM (SELECT 1 FROM output_snapshot_history WHERE output_id = $1 LIMIT $2) x
	Query Parameters: $1 = 'o94', $2 = '192377'
	Aggregate  (cost=1856.74..1856.75 rows=1 width=8) (actual time=58.658..58.659 rows=1 loops=1)
	  Buffers: shared read=28542
	  ->  Limit  (cost=0.43..1453.28 rows=32277 width=4) (actual time=0.022..57.151 rows=28812 loops=1)
	        Buffers: shared read=28542
	        ->  Index Only Scan using idx_output_snapshot_history_output_captured on output_snapshot_history  (cost=0.43..1453.28 rows=32277 width=4) (actual time=0.021..55.535 rows=28812 loops=1)
	              Index Cond: (output_id = 'o94'::text)
	              Heap Fetches: 28332
	              Buffers: shared read=28542
2026-10-10 08:18:56.409 UTC [1904] hel1435-S4-desktop-R250000-b22-explain-r1 LOG:  duration: 59.088 ms  plan:
	Query Text: SELECT count(*) FROM (SELECT 1 FROM output_snapshot_history WHERE output_id = $1 LIMIT $2) x
	Query Parameters: $1 = 'o95', $2 = '163565'
	Aggregate  (cost=1538.75..1538.76 rows=1 width=8) (actual time=59.081..59.082 rows=1 loops=1)
	  Buffers: shared hit=1 read=28541
	  ->  Limit  (cost=0.43..1204.45 rows=26744 width=4) (actual time=0.020..57.550 rows=28812 loops=1)
	        Buffers: shared hit=1 read=28541
	        ->  Index Only Scan using idx_output_snapshot_history_output_captured on output_snapshot_history  (cost=0.43..1204.45 rows=26744 width=4) (actual time=0.019..55.934 rows=28812 loops=1)
	              Index Cond: (output_id = 'o95'::text)
	              Heap Fetches: 28332
	              Buffers: shared hit=1 read=28541
2026-10-10 08:18:56.470 UTC [1904] hel1435-S4-desktop-R250000-b22-explain-r1 LOG:  duration: 60.125 ms  plan:
	Query Text: SELECT count(*) FROM (SELECT 1 FROM output_snapshot_history WHERE output_id = $1 LIMIT $2) x
	Query Parameters: $1 = 'o96', $2 = '134753'
	Aggregate  (cost=1398.81..1398.82 rows=1 width=8) (actual time=60.117..60.118 rows=1 loops=1)
	  Buffers: shared hit=1 read=28504
	  ->  Limit  (cost=0.43..1094.49 rows=24346 width=4) (actual time=0.033..58.676 rows=28812 loops=1)
	        Buffers: shared hit=1 read=28504
	        ->  Index Only Scan using idx_output_snapshot_history_output_captured on output_snapshot_history  (cost=0.43..1094.49 rows=24346 width=4) (actual time=0.032..57.042 rows=28812 loops=1)
	              Index Cond: (output_id = 'o96'::text)
	              Heap Fetches: 28295
	              Buffers: shared hit=1 read=28504
2026-10-10 08:18:56.530 UTC [1904] hel1435-S4-desktop-R250000-b22-explain-r1 LOG:  duration: 60.404 ms  plan:
	Query Text: SELECT count(*) FROM (SELECT 1 FROM output_snapshot_history WHERE output_id = $1 LIMIT $2) x
	Query Parameters: $1 = 'o97', $2 = '105941'
	Aggregate  (cost=1557.82..1557.83 rows=1 width=8) (actual time=60.398..60.399 rows=1 loops=1)
	  Buffers: shared hit=1 read=28504
	  ->  Limit  (cost=0.43..1218.91 rows=27113 width=4) (actual time=0.021..58.961 rows=28812 loops=1)
	        Buffers: shared hit=1 read=28504
	        ->  Index Only Scan using idx_output_snapshot_history_output_captured on output_snapshot_history  (cost=0.43..1218.91 rows=27113 width=4) (actual time=0.021..57.330 rows=28812 loops=1)
	              Index Cond: (output_id = 'o97'::text)
	              Heap Fetches: 28295
	              Buffers: shared hit=1 read=28504
2026-10-10 08:18:56.591 UTC [1904] hel1435-S4-desktop-R250000-b22-explain-r1 LOG:  duration: 60.367 ms  plan:
	Query Text: SELECT count(*) FROM (SELECT 1 FROM output_snapshot_history WHERE output_id = $1 LIMIT $2) x
	Query Parameters: $1 = 'o98', $2 = '77129'
	Aggregate  (cost=1506.16..1506.17 rows=1 width=8) (actual time=60.362..60.363 rows=1 loops=1)
	  Buffers: shared hit=1 read=28504
	  ->  Limit  (cost=0.43..1178.77 rows=26191 width=4) (actual time=0.021..58.920 rows=28812 loops=1)
	        Buffers: shared hit=1 read=28504
	        ->  Index Only Scan using idx_output_snapshot_history_output_captured on output_snapshot_history  (cost=0.43..1178.77 rows=26191 width=4) (actual time=0.020..57.299 rows=28812 loops=1)
	              Index Cond: (output_id = 'o98'::text)
	              Heap Fetches: 28295
	              Buffers: shared hit=1 read=28504
2026-10-10 08:18:56.652 UTC [1904] hel1435-S4-desktop-R250000-b22-explain-r1 LOG:  duration: 59.730 ms  plan:
	Query Text: SELECT count(*) FROM (SELECT 1 FROM output_snapshot_history WHERE output_id = $1 LIMIT $2) x
	Query Parameters: $1 = 'o99', $2 = '48317'
	Aggregate  (cost=1697.73..1697.74 rows=1 width=8) (actual time=59.725..59.726 rows=1 loops=1)
	  Buffers: shared hit=1 read=28504
	  ->  Limit  (cost=0.43..1328.86 rows=29510 width=4) (actual time=0.021..58.292 rows=28812 loops=1)
	        Buffers: shared hit=1 read=28504
	        ->  Index Only Scan using idx_output_snapshot_history_output_captured on output_snapshot_history  (cost=0.43..1328.86 rows=29510 width=4) (actual time=0.020..56.664 rows=28812 loops=1)
	              Index Cond: (output_id = 'o99'::text)
	              Heap Fetches: 28295
	              Buffers: shared hit=1 read=28504
2026-10-10 08:19:01.820 UTC [1904] hel1435-S4-desktop-R250000-b22-explain-r1 LOG:  duration: 5155.623 ms  plan:
	Query Text: DELETE FROM output_snapshot_history h
	             USING pipelines p, users u
	             WHERE h.output_id = ANY($1) AND h.captured_at < $2
	               AND h.pipeline_id = p.id AND p.owner_id = u.id
	               AND h.captured_at < COALESCE(($3::timestamptz[])[array_position($4::text[], u.tier)], $5)
	Query Parameters: $1 = '{o92,o93,o94,o95,o96,o97,o98,o99}', $2 = '2026-09-10 01:00:00-07', $3 = '{"2026-09-10 01:00:00-07","2026-07-12 01:00:00-07","2025-10-10 01:00:00-07"}', $4 = '{free,beta,owner}', $5 = '2026-09-10 01:00:00-07'
	Delete on output_snapshot_history h  (cost=1428.64..131134.69 rows=0 width=0) (actual time=5155.619..5155.622 rows=0 loops=1)
	  Buffers: shared hit=69148 read=1142094 dirtied=7050 written=7050
	  WAL: records=23128 fpi=4159 bytes=34009355
	  ->  Hash Join  (cost=1428.64..131134.69 rows=39130 width=18) (actual time=3454.150..5122.449 rows=23128 loops=1)
	        Hash Cond: ((h.pipeline_id = p.id) AND (u.id = p.owner_id))
	        Buffers: shared hit=46020 read=1142094 written=7050
	        ->  Nested Loop  (cost=1425.14..120854.86 rows=1956483 width=31) (actual time=13.585..4760.663 rows=6363264 loops=1)
	              Buffers: shared hit=46020 read=1142093 written=7050
	              ->  Index Scan using users_pkey on users u  (cost=0.14..12.89 rows=50 width=27) (actual time=0.011..0.121 rows=50 loops=1)
	                    Buffers: shared hit=1 read=1
	              ->  Memoize  (cost=1425.00..24488.06 rows=39130 width=17) (actual time=9.866..88.428 rows=127265 loops=50)
	                    Cache Key: COALESCE(('{"2026-09-10 01:00:00-07","2026-07-12 01:00:00-07","2025-10-10 01:00:00-07"}'::timestamp with time zone[])[array_position('{free,beta,owner}'::text[], u.tier)], '2026-09-10 01:00:00-07'::timestamp with time zone)
	                    Cache Mode: binary
	                    Hits: 2  Misses: 48  Evictions: 47  Overflows: 38  Memory Usage: 8193kB
	                    Buffers: shared hit=46019 read=1142092 written=7050
	                    ->  Bitmap Heap Scan on output_snapshot_history h  (cost=1424.99..24488.05 rows=39130 width=17) (actual time=10.268..75.216 rows=132086 loops=48)
	                          Recheck Cond: ((output_id = ANY ('{o92,o93,o94,o95,o96,o97,o98,o99}'::text[])) AND (captured_at < COALESCE(('{"2026-09-10 01:00:00-07","2026-07-12 01:00:00-07","2025-10-10 01:00:00-07"}'::timestamp with time zone[])[array_position('{free,beta,owner}'::text[], u.tier)], '2026-09-10 01:00:00-07'::timestamp with time zone)) AND (captured_at < '2026-09-10 01:00:00-07'::timestamp with time zone))
	                          Heap Blocks: exact=1143535
	                          Buffers: shared hit=46019 read=1142092 written=7050
	                          ->  Bitmap Index Scan on idx_output_snapshot_history_output_captured  (cost=0.00..1415.20 rows=39130 width=0) (actual time=8.344..8.344 rows=132086 loops=48)
	                                Index Cond: ((output_id = ANY ('{o92,o93,o94,o95,o96,o97,o98,o99}'::text[])) AND (captured_at < COALESCE(('{"2026-09-10 01:00:00-07","2026-07-12 01:00:00-07","2025-10-10 01:00:00-07"}'::timestamp with time zone[])[array_position('{free,beta,owner}'::text[], u.tier)], '2026-09-10 01:00:00-07'::timestamp with time zone)) AND (captured_at < '2026-09-10 01:00:00-07'::timestamp with time zone))
	                                Buffers: shared hit=1924 read=42649
	        ->  Hash  (cost=2.00..2.00 rows=100 width=25) (actual time=5.599..5.599 rows=100 loops=1)
	              Buckets: 1024  Batches: 1  Memory Usage: 14kB
	              Buffers: shared read=1
	              ->  Seq Scan on pipelines p  (cost=0.00..2.00 rows=100 width=25) (actual time=5.571..5.577 rows=100 loops=1)
	                    Buffers: shared read=1
	JIT:
	  Functions: 22
	  Options: Inlining false, Optimization false, Expressions true, Deforming true
	  Timing: Generation 0.530 ms, Inlining 0.000 ms, Optimization 0.326 ms, Emission 5.270 ms, Total 6.126 ms
2026-10-10 08:19:02.504 UTC [33]  LOG:  checkpoint complete: wrote 610 buffers (3.7%); 0 WAL file(s) added, 4 removed, 30 recycled; write=16.244 s, sync=0.018 s, total=16.294 s; sync files=4, longest=0.017 s, average=0.005 s; distance=553606 kB, estimate=603943 kB; lsn=54/595E0368, redo lsn=54/3842AA60
2026-10-10 08:19:02.504 UTC [33]  LOG:  checkpoints are occurring too frequently (16 seconds apart)
2026-10-10 08:19:02.504 UTC [33]  HINT:  Consider increasing the configuration parameter "max_wal_size".
2026-10-10 08:19:02.504 UTC [33]  LOG:  checkpoint starting: wal
2026-10-10 08:19:03.476 UTC [1904] hel1435-S4-desktop-R250000-b22-explain-r1 LOG:  duration: 1653.534 ms  plan:
	Query Text: DELETE FROM output_snapshot_history WHERE output_id = ANY($1) AND id IN (
	             SELECT id FROM (
	               SELECT id, age_class, bucket,
	                      row_number() OVER w AS recency,
	                      lag(age_class) OVER w AS prev_class,
	                      lag(bucket) OVER w AS prev_bucket
	               FROM (
	                 SELECT id, output_id, captured_at,
	                        CASE WHEN extract(epoch FROM ($2::timestamptz - captured_at)) < $3 THEN 0
	                             WHEN extract(epoch FROM ($4::timestamptz - captured_at)) < $5 THEN 1
	                             ELSE 2 END AS age_class,
	                        floor(extract(epoch FROM captured_at) /
	                          CASE WHEN extract(epoch FROM ($6::timestamptz - captured_at)) < $7 THEN $8
	                               WHEN extract(epoch FROM ($9::timestamptz - captured_at)) < $10 THEN $11
	                               ELSE $12 END) AS bucket
	                 FROM output_snapshot_history
	                 WHERE output_id = ANY($13)
	               ) classed
	               WINDOW w AS (PARTITION BY output_id ORDER BY captured_at DESC, id DESC)
	             ) ranked
	             WHERE recency > $14 AND prev_class = age_class AND prev_bucket = bucket)
	Query Parameters: $1 = '{o92,o93,o94,o95,o96,o97,o98,o99}', $2 = '2026-10-10 01:00:00-07', $3 = '86400', $4 = '2026-10-10 01:00:00-07', $5 = '604800', $6 = '2026-10-10 01:00:00-07', $7 = '86400', $8 = '300', $9 = '2026-10-10 01:00:00-07', $10 = '604800', $11 = '3600', $12 = '86400', $13 = '{o92,o93,o94,o95,o96,o97,o98,o99}', $14 = '102'
	Delete on output_snapshot_history  (cost=445725.22..445741.71 rows=0 width=0) (actual time=1653.530..1653.533 rows=0 loops=1)
	  Buffers: shared hit=854535 read=206743 dirtied=140885 written=128145, temp read=3405 written=3415
	  WAL: records=203232 fpi=53352 bytes=431228232
	  ->  Nested Loop  (cost=445725.22..445741.71 rows=1 width=46) (actual time=504.586..1364.386 rows=203232 loops=1)
	        Buffers: shared hit=651303 read=206743 written=128145, temp read=3405 written=3415
	        ->  Unique  (cost=445724.78..445724.79 rows=2 width=56) (actual time=504.530..545.540 rows=203232 loops=1)
	              Buffers: shared hit=4352 read=40766, temp read=3405 written=3415
	              ->  Sort  (cost=445724.78..445724.79 rows=2 width=56) (actual time=504.529..531.594 rows=203232 loops=1)
	                    Sort Key: ranked.id
	                    Sort Method: external merge  Disk: 19512kB
	                    Buffers: shared hit=4352 read=40766, temp read=3405 written=3415
	                    ->  Subquery Scan on ranked  (cost=417989.52..445724.77 rows=2 width=56) (actual time=204.241..467.804 rows=203232 loops=1)
	                          Filter: ((ranked.recency > 102) AND (ranked.prev_class = ranked.age_class) AND (ranked.prev_bucket = ranked.bucket))
	                          Rows Removed by Filter: 4136
	                          Buffers: shared hit=4352 read=40763, temp read=966 written=970
	                          ->  WindowAgg  (cost=417989.52..441841.84 rows=221882 width=108) (actual time=203.958..436.037 rows=207368 loops=1)
	                                Buffers: shared hit=4352 read=40763, temp read=966 written=970
	                                ->  Sort  (cost=417989.52..418544.23 rows=221882 width=28) (actual time=203.896..221.130 rows=207368 loops=1)
	                                      Sort Key: output_snapshot_history_1.output_id, output_snapshot_history_1.captured_at DESC, output_snapshot_history_1.id DESC
	                                      Sort Method: external merge  Disk: 7728kB
	                                      Buffers: shared hit=4352 read=40763, temp read=966 written=970
	                                      ->  Bitmap Heap Scan on output_snapshot_history output_snapshot_history_1  (cost=7715.03..392977.53 rows=221882 width=28) (actual time=22.632..130.920 rows=207368 loops=1)
	                                            Recheck Cond: (output_id = ANY ('{o92,o93,o94,o95,o96,o97,o98,o99}'::text[]))
	                                            Heap Blocks: exact=43510
	                                            Buffers: shared hit=4346 read=40763
	                                            ->  Bitmap Index Scan on idx_output_snapshot_history_output_captured  (cost=0.00..7659.56 rows=221882 width=0) (actual time=11.835..11.835 rows=230496 loops=1)
	                                                  Index Cond: (output_id = ANY ('{o92,o93,o94,o95,o96,o97,o98,o99}'::text[]))
	                                                  Buffers: shared hit=187 read=1412
	        ->  Index Scan using output_snapshot_history_pkey on output_snapshot_history  (cost=0.43..8.46 rows=1 width=22) (actual time=0.004..0.004 rows=1 loops=203232)
	              Index Cond: (id = ranked.id)
	              Filter: (output_id = ANY ('{o92,o93,o94,o95,o96,o97,o98,o99}'::text[]))
	              Buffers: shared hit=646951 read=165977 written=128145
	JIT:
	  Functions: 24
	  Options: Inlining false, Optimization false, Expressions true, Deforming true
	  Timing: Generation 0.625 ms, Inlining 0.000 ms, Optimization 0.322 ms, Emission 5.098 ms, Total 6.046 ms
2026-10-10 08:19:03.479 UTC [1904] hel1435-S4-desktop-R250000-b22-explain-r1 LOG:  temporary file: path "base/pgsql_tmp/pgsql_tmp1904.1", size 19980288
2026-10-10 08:19:03.479 UTC [1904] hel1435-S4-desktop-R250000-b22-explain-r1 STATEMENT:  DELETE FROM output_snapshot_history WHERE output_id = ANY($1) AND id IN (
	             SELECT id FROM (
	               SELECT id, age_class, bucket,
	                      row_number() OVER w AS recency,
	                      lag(age_class) OVER w AS prev_class,
	                      lag(bucket) OVER w AS prev_bucket
	               FROM (
	                 SELECT id, output_id, captured_at,
	                        CASE WHEN extract(epoch FROM ($2::timestamptz - captured_at)) < $3 THEN 0
	                             WHEN extract(epoch FROM ($4::timestamptz - captured_at)) < $5 THEN 1
	                             ELSE 2 END AS age_class,
	                        floor(extract(epoch FROM captured_at) /
	                          CASE WHEN extract(epoch FROM ($6::timestamptz - captured_at)) < $7 THEN $8
	                               WHEN extract(epoch FROM ($9::timestamptz - captured_at)) < $10 THEN $11
	                               ELSE $12 END) AS bucket
	                 FROM output_snapshot_history
	                 WHERE output_id = ANY($13)
	               ) classed
	               WINDOW w AS (PARTITION BY output_id ORDER BY captured_at DESC, id DESC)
	             ) ranked
	             WHERE recency > $14 AND prev_class = age_class AND prev_bucket = bucket)
2026-10-10 08:19:03.479 UTC [1904] hel1435-S4-desktop-R250000-b22-explain-r1 LOG:  temporary file: path "base/pgsql_tmp/pgsql_tmp1904.0", size 7913472
2026-10-10 08:19:03.479 UTC [1904] hel1435-S4-desktop-R250000-b22-explain-r1 STATEMENT:  DELETE FROM output_snapshot_history WHERE output_id = ANY($1) AND id IN (
	             SELECT id FROM (
	               SELECT id, age_class, bucket,
	                      row_number() OVER w AS recency,
	                      lag(age_class) OVER w AS prev_class,
	                      lag(bucket) OVER w AS prev_bucket
	               FROM (
	                 SELECT id, output_id, captured_at,
	                        CASE WHEN extract(epoch FROM ($2::timestamptz - captured_at)) < $3 THEN 0
	                             WHEN extract(epoch FROM ($4::timestamptz - captured_at)) < $5 THEN 1
	                             ELSE 2 END AS age_class,
	                        floor(extract(epoch FROM captured_at) /
	                          CASE WHEN extract(epoch FROM ($6::timestamptz - captured_at)) < $7 THEN $8
	                               WHEN extract(epoch FROM ($9::timestamptz - captured_at)) < $10 THEN $11
	                               ELSE $12 END) AS bucket
	                 FROM output_snapshot_history
	                 WHERE output_id = ANY($13)
	               ) classed
	               WINDOW w AS (PARTITION BY output_id ORDER BY captured_at DESC, id DESC)
	             ) ranked
	             WHERE recency > $14 AND prev_class = age_class AND prev_bucket = bucket)
2026-10-10 08:19:03.885 UTC [1907] hel1435-S4-desktop-R250000-b22-explain-r2 LOG:  duration: 79.133 ms  plan:
	Query Text: SELECT count(*) FROM (SELECT 1 FROM output_snapshot_history WHERE output_id = $1 LIMIT $2) x
	Query Parameters: $1 = 'o92', $2 = '250001'
	Aggregate  (cost=1632.55..1632.56 rows=1 width=8) (actual time=79.126..79.127 rows=1 loops=1)
	  Buffers: shared hit=1 read=28564 written=1742
	  ->  Limit  (cost=0.43..1277.50 rows=28404 width=4) (actual time=0.026..77.580 rows=28812 loops=1)
	        Buffers: shared hit=1 read=28564 written=1742
	        ->  Index Only Scan using idx_output_snapshot_history_output_captured on output_snapshot_history  (cost=0.43..1277.50 rows=28404 width=4) (actual time=0.026..75.944 rows=28812 loops=1)
	              Index Cond: (output_id = 'o92'::text)
	              Heap Fetches: 28355
	              Buffers: shared hit=1 read=28564 written=1742
2026-10-10 08:19:03.946 UTC [1907] hel1435-S4-desktop-R250000-b22-explain-r2 LOG:  duration: 60.102 ms  plan:
	Query Text: SELECT count(*) FROM (SELECT 1 FROM output_snapshot_history WHERE output_id = $1 LIMIT $2) x
	Query Parameters: $1 = 'o93', $2 = '221189'
	Aggregate  (cost=1571.34..1571.35 rows=1 width=8) (actual time=60.094..60.095 rows=1 loops=1)
	  Buffers: shared hit=1 read=28549
	  ->  Limit  (cost=0.43..1230.13 rows=27297 width=4) (actual time=0.019..58.589 rows=28812 loops=1)
	        Buffers: shared hit=1 read=28549
	        ->  Index Only Scan using idx_output_snapshot_history_output_captured on output_snapshot_history  (cost=0.43..1230.13 rows=27297 width=4) (actual time=0.019..56.957 rows=28812 loops=1)
	              Index Cond: (output_id = 'o93'::text)
	              Heap Fetches: 28341
	              Buffers: shared hit=1 read=28549
2026-10-10 08:19:04.009 UTC [1907] hel1435-S4-desktop-R250000-b22-explain-r2 LOG:  duration: 61.910 ms  plan:
	Query Text: SELECT count(*) FROM (SELECT 1 FROM output_snapshot_history WHERE output_id = $1 LIMIT $2) x
	Query Parameters: $1 = 'o94', $2 = '192377'
	Aggregate  (cost=1856.74..1856.75 rows=1 width=8) (actual time=61.902..61.903 rows=1 loops=1)
	  Buffers: shared read=28542
	  ->  Limit  (cost=0.43..1453.28 rows=32277 width=4) (actual time=0.025..60.351 rows=28812 loops=1)
	        Buffers: shared read=28542
	        ->  Index Only Scan using idx_output_snapshot_history_output_captured on output_snapshot_history  (cost=0.43..1453.28 rows=32277 width=4) (actual time=0.025..58.675 rows=28812 loops=1)
	              Index Cond: (output_id = 'o94'::text)
	              Heap Fetches: 28332
	              Buffers: shared read=28542
2026-10-10 08:19:04.069 UTC [1907] hel1435-S4-desktop-R250000-b22-explain-r2 LOG:  duration: 60.356 ms  plan:
	Query Text: SELECT count(*) FROM (SELECT 1 FROM output_snapshot_history WHERE output_id = $1 LIMIT $2) x
	Query Parameters: $1 = 'o95', $2 = '163565'
	Aggregate  (cost=1538.75..1538.76 rows=1 width=8) (actual time=60.348..60.348 rows=1 loops=1)
	  Buffers: shared hit=1 read=28541
	  ->  Limit  (cost=0.43..1204.45 rows=26744 width=4) (actual time=0.023..58.843 rows=28812 loops=1)
	        Buffers: shared hit=1 read=28541
	        ->  Index Only Scan using idx_output_snapshot_history_output_captured on output_snapshot_history  (cost=0.43..1204.45 rows=26744 width=4) (actual time=0.022..57.216 rows=28812 loops=1)
	              Index Cond: (output_id = 'o95'::text)
	              Heap Fetches: 28332
	              Buffers: shared hit=1 read=28541
2026-10-10 08:19:04.129 UTC [1907] hel1435-S4-desktop-R250000-b22-explain-r2 LOG:  duration: 59.441 ms  plan:
	Query Text: SELECT count(*) FROM (SELECT 1 FROM output_snapshot_history WHERE output_id = $1 LIMIT $2) x
	Query Parameters: $1 = 'o96', $2 = '134753'
	Aggregate  (cost=1398.81..1398.82 rows=1 width=8) (actual time=59.436..59.437 rows=1 loops=1)
	  Buffers: shared hit=1 read=28504
	  ->  Limit  (cost=0.43..1094.49 rows=24346 width=4) (actual time=0.034..57.982 rows=28812 loops=1)
	        Buffers: shared hit=1 read=28504
	        ->  Index Only Scan using idx_output_snapshot_history_output_captured on output_snapshot_history  (cost=0.43..1094.49 rows=24346 width=4) (actual time=0.033..56.335 rows=28812 loops=1)
	              Index Cond: (output_id = 'o96'::text)
	              Heap Fetches: 28295
	              Buffers: shared hit=1 read=28504
2026-10-10 08:19:04.189 UTC [1907] hel1435-S4-desktop-R250000-b22-explain-r2 LOG:  duration: 59.128 ms  plan:
	Query Text: SELECT count(*) FROM (SELECT 1 FROM output_snapshot_history WHERE output_id = $1 LIMIT $2) x
	Query Parameters: $1 = 'o97', $2 = '105941'
	Aggregate  (cost=1557.82..1557.83 rows=1 width=8) (actual time=59.123..59.124 rows=1 loops=1)
	  Buffers: shared hit=1 read=28504
	  ->  Limit  (cost=0.43..1218.91 rows=27113 width=4) (actual time=0.020..57.686 rows=28812 loops=1)
	        Buffers: shared hit=1 read=28504
	        ->  Index Only Scan using idx_output_snapshot_history_output_captured on output_snapshot_history  (cost=0.43..1218.91 rows=27113 width=4) (actual time=0.020..56.053 rows=28812 loops=1)
	              Index Cond: (output_id = 'o97'::text)
	              Heap Fetches: 28295
	              Buffers: shared hit=1 read=28504
2026-10-10 08:19:04.249 UTC [1907] hel1435-S4-desktop-R250000-b22-explain-r2 LOG:  duration: 60.014 ms  plan:
	Query Text: SELECT count(*) FROM (SELECT 1 FROM output_snapshot_history WHERE output_id = $1 LIMIT $2) x
	Query Parameters: $1 = 'o98', $2 = '77129'
	Aggregate  (cost=1506.16..1506.17 rows=1 width=8) (actual time=60.008..60.009 rows=1 loops=1)
	  Buffers: shared hit=1 read=28504
	  ->  Limit  (cost=0.43..1178.77 rows=26191 width=4) (actual time=0.019..58.573 rows=28812 loops=1)
	        Buffers: shared hit=1 read=28504
	        ->  Index Only Scan using idx_output_snapshot_history_output_captured on output_snapshot_history  (cost=0.43..1178.77 rows=26191 width=4) (actual time=0.019..56.943 rows=28812 loops=1)
	              Index Cond: (output_id = 'o98'::text)
	              Heap Fetches: 28295
	              Buffers: shared hit=1 read=28504
2026-10-10 08:19:04.311 UTC [1907] hel1435-S4-desktop-R250000-b22-explain-r2 LOG:  duration: 59.881 ms  plan:
	Query Text: SELECT count(*) FROM (SELECT 1 FROM output_snapshot_history WHERE output_id = $1 LIMIT $2) x
	Query Parameters: $1 = 'o99', $2 = '48317'
	Aggregate  (cost=1697.73..1697.74 rows=1 width=8) (actual time=59.874..59.875 rows=1 loops=1)
	  Buffers: shared hit=1 read=28504
	  ->  Limit  (cost=0.43..1328.86 rows=29510 width=4) (actual time=0.023..58.419 rows=28812 loops=1)
	        Buffers: shared hit=1 read=28504
	        ->  Index Only Scan using idx_output_snapshot_history_output_captured on output_snapshot_history  (cost=0.43..1328.86 rows=29510 width=4) (actual time=0.022..56.768 rows=28812 loops=1)
	              Index Cond: (output_id = 'o99'::text)
	              Heap Fetches: 28295
	              Buffers: shared hit=1 read=28504
2026-10-10 08:19:09.489 UTC [1907] hel1435-S4-desktop-R250000-b22-explain-r2 LOG:  duration: 5165.607 ms  plan:
	Query Text: DELETE FROM output_snapshot_history h
	             USING pipelines p, users u
	             WHERE h.output_id = ANY($1) AND h.captured_at < $2
	               AND h.pipeline_id = p.id AND p.owner_id = u.id
	               AND h.captured_at < COALESCE(($3::timestamptz[])[array_position($4::text[], u.tier)], $5)
	Query Parameters: $1 = '{o92,o93,o94,o95,o96,o97,o98,o99}', $2 = '2026-09-10 01:00:00-07', $3 = '{"2026-09-10 01:00:00-07","2026-07-12 01:00:00-07","2025-10-10 01:00:00-07"}', $4 = '{free,beta,owner}', $5 = '2026-09-10 01:00:00-07'
	Delete on output_snapshot_history h  (cost=1428.64..131134.69 rows=0 width=0) (actual time=5165.603..5165.606 rows=0 loops=1)
	  Buffers: shared hit=69523 read=1141719 dirtied=7050 written=6850
	  WAL: records=23128 fpi=4159 bytes=34009355
	  ->  Hash Join  (cost=1428.64..131134.69 rows=39130 width=18) (actual time=3474.182..5137.680 rows=23128 loops=1)
	        Hash Cond: ((h.pipeline_id = p.id) AND (u.id = p.owner_id))
	        Buffers: shared hit=46395 read=1141719 written=6850
	        ->  Nested Loop  (cost=1425.14..120854.86 rows=1956483 width=31) (actual time=13.492..4779.472 rows=6363264 loops=1)
	              Buffers: shared hit=46395 read=1141718 written=6850
	              ->  Index Scan using users_pkey on users u  (cost=0.14..12.89 rows=50 width=27) (actual time=0.009..0.133 rows=50 loops=1)
	                    Buffers: shared hit=1 read=1
	              ->  Memoize  (cost=1425.00..24488.06 rows=39130 width=17) (actual time=9.881..88.798 rows=127265 loops=50)
	                    Cache Key: COALESCE(('{"2026-09-10 01:00:00-07","2026-07-12 01:00:00-07","2025-10-10 01:00:00-07"}'::timestamp with time zone[])[array_position('{free,beta,owner}'::text[], u.tier)], '2026-09-10 01:00:00-07'::timestamp with time zone)
	                    Cache Mode: binary
	                    Hits: 2  Misses: 48  Evictions: 47  Overflows: 38  Memory Usage: 8193kB
	                    Buffers: shared hit=46394 read=1141717 written=6850
	                    ->  Bitmap Heap Scan on output_snapshot_history h  (cost=1424.99..24488.05 rows=39130 width=17) (actual time=10.283..75.653 rows=132086 loops=48)
	                          Recheck Cond: ((output_id = ANY ('{o92,o93,o94,o95,o96,o97,o98,o99}'::text[])) AND (captured_at < COALESCE(('{"2026-09-10 01:00:00-07","2026-07-12 01:00:00-07","2025-10-10 01:00:00-07"}'::timestamp with time zone[])[array_position('{free,beta,owner}'::text[], u.tier)], '2026-09-10 01:00:00-07'::timestamp with time zone)) AND (captured_at < '2026-09-10 01:00:00-07'::timestamp with time zone))
	                          Heap Blocks: exact=1143535
	                          Buffers: shared hit=46394 read=1141717 written=6850
	                          ->  Bitmap Index Scan on idx_output_snapshot_history_output_captured  (cost=0.00..1415.20 rows=39130 width=0) (actual time=8.336..8.336 rows=132086 loops=48)
	                                Index Cond: ((output_id = ANY ('{o92,o93,o94,o95,o96,o97,o98,o99}'::text[])) AND (captured_at < COALESCE(('{"2026-09-10 01:00:00-07","2026-07-12 01:00:00-07","2025-10-10 01:00:00-07"}'::timestamp with time zone[])[array_position('{free,beta,owner}'::text[], u.tier)], '2026-09-10 01:00:00-07'::timestamp with time zone)) AND (captured_at < '2026-09-10 01:00:00-07'::timestamp with time zone))
	                                Buffers: shared hit=1931 read=42642
	        ->  Hash  (cost=2.00..2.00 rows=100 width=25) (actual time=5.534..5.535 rows=100 loops=1)
	              Buckets: 1024  Batches: 1  Memory Usage: 14kB
	              Buffers: shared read=1
	              ->  Seq Scan on pipelines p  (cost=0.00..2.00 rows=100 width=25) (actual time=5.509..5.515 rows=100 loops=1)
	                    Buffers: shared read=1
	JIT:
	  Functions: 22
	  Options: Inlining false, Optimization false, Expressions true, Deforming true
	  Timing: Generation 0.597 ms, Inlining 0.000 ms, Optimization 0.333 ms, Emission 5.201 ms, Total 6.132 ms
2026-10-10 08:19:10.841 UTC [1907] hel1435-S4-desktop-R250000-b22-explain-r2 LOG:  duration: 1348.961 ms  plan:
	Query Text: DELETE FROM output_snapshot_history WHERE output_id = ANY($1) AND id IN (
	             SELECT id FROM (
	               SELECT id, age_class, bucket,
	                      row_number() OVER w AS recency,
	                      lag(age_class) OVER w AS prev_class,
	                      lag(bucket) OVER w AS prev_bucket
	               FROM (
	                 SELECT id, output_id, captured_at,
	                        CASE WHEN extract(epoch FROM ($2::timestamptz - captured_at)) < $3 THEN 0
	                             WHEN extract(epoch FROM ($4::timestamptz - captured_at)) < $5 THEN 1
	                             ELSE 2 END AS age_class,
	                        floor(extract(epoch FROM captured_at) /
	                          CASE WHEN extract(epoch FROM ($6::timestamptz - captured_at)) < $7 THEN $8
	                               WHEN extract(epoch FROM ($9::timestamptz - captured_at)) < $10 THEN $11
	                               ELSE $12 END) AS bucket
	                 FROM output_snapshot_history
	                 WHERE output_id = ANY($13)
	               ) classed
	               WINDOW w AS (PARTITION BY output_id ORDER BY captured_at DESC, id DESC)
	             ) ranked
	             WHERE recency > $14 AND prev_class = age_class AND prev_bucket = bucket)
	Query Parameters: $1 = '{o92,o93,o94,o95,o96,o97,o98,o99}', $2 = '2026-10-10 01:00:00-07', $3 = '86400', $4 = '2026-10-10 01:00:00-07', $5 = '604800', $6 = '2026-10-10 01:00:00-07', $7 = '86400', $8 = '300', $9 = '2026-10-10 01:00:00-07', $10 = '604800', $11 = '3600', $12 = '86400', $13 = '{o92,o93,o94,o95,o96,o97,o98,o99}', $14 = '102'
	Delete on output_snapshot_history  (cost=445725.22..445741.71 rows=0 width=0) (actual time=1348.957..1348.960 rows=0 loops=1)
	  Buffers: shared hit=854534 read=206744 dirtied=140783 written=129074, temp read=3405 written=3415
	  WAL: records=203232 fpi=721 bytes=16653845
	  ->  Nested Loop  (cost=445725.22..445741.71 rows=1 width=46) (actual time=505.070..1297.100 rows=203232 loops=1)
	        Buffers: shared hit=651302 read=206744 written=129074, temp read=3405 written=3415
	        ->  Unique  (cost=445724.78..445724.79 rows=2 width=56) (actual time=505.014..545.314 rows=203232 loops=1)
	              Buffers: shared hit=4352 read=40766, temp read=3405 written=3415
	              ->  Sort  (cost=445724.78..445724.79 rows=2 width=56) (actual time=505.013..531.691 rows=203232 loops=1)
	                    Sort Key: ranked.id
	                    Sort Method: external merge  Disk: 19512kB
	                    Buffers: shared hit=4352 read=40766, temp read=3405 written=3415
	                    ->  Subquery Scan on ranked  (cost=417989.52..445724.77 rows=2 width=56) (actual time=203.235..466.764 rows=203232 loops=1)
	                          Filter: ((ranked.recency > 102) AND (ranked.prev_class = ranked.age_class) AND (ranked.prev_bucket = ranked.bucket))
	                          Rows Removed by Filter: 4136
	                          Buffers: shared hit=4352 read=40763, temp read=966 written=970
	                          ->  WindowAgg  (cost=417989.52..441841.84 rows=221882 width=108) (actual time=202.960..433.821 rows=207368 loops=1)
	                                Buffers: shared hit=4352 read=40763, temp read=966 written=970
	                                ->  Sort  (cost=417989.52..418544.23 rows=221882 width=28) (actual time=202.895..218.241 rows=207368 loops=1)
	                                      Sort Key: output_snapshot_history_1.output_id, output_snapshot_history_1.captured_at DESC, output_snapshot_history_1.id DESC
	                                      Sort Method: external merge  Disk: 7728kB
	                                      Buffers: shared hit=4352 read=40763, temp read=966 written=970
	                                      ->  Bitmap Heap Scan on output_snapshot_history output_snapshot_history_1  (cost=7715.03..392977.53 rows=221882 width=28) (actual time=22.380..129.965 rows=207368 loops=1)
	                                            Recheck Cond: (output_id = ANY ('{o92,o93,o94,o95,o96,o97,o98,o99}'::text[]))
	                                            Heap Blocks: exact=43510
	                                            Buffers: shared hit=4346 read=40763
	                                            ->  Bitmap Index Scan on idx_output_snapshot_history_output_captured  (cost=0.00..7659.56 rows=221882 width=0) (actual time=12.039..12.039 rows=230496 loops=1)
	                                                  Index Cond: (output_id = ANY ('{o92,o93,o94,o95,o96,o97,o98,o99}'::text[]))
	                                                  Buffers: shared hit=187 read=1412
	        ->  Index Scan using output_snapshot_history_pkey on output_snapshot_history  (cost=0.43..8.46 rows=1 width=22) (actual time=0.004..0.004 rows=1 loops=203232)
	              Index Cond: (id = ranked.id)
	              Filter: (output_id = ANY ('{o92,o93,o94,o95,o96,o97,o98,o99}'::text[]))
	              Buffers: shared hit=646950 read=165978 written=129074
	JIT:
	  Functions: 24
	  Options: Inlining false, Optimization false, Expressions true, Deforming true
	  Timing: Generation 0.530 ms, Inlining 0.000 ms, Optimization 0.308 ms, Emission 4.801 ms, Total 5.639 ms
2026-10-10 08:19:10.843 UTC [1907] hel1435-S4-desktop-R250000-b22-explain-r2 LOG:  temporary file: path "base/pgsql_tmp/pgsql_tmp1907.1", size 19980288
2026-10-10 08:19:10.843 UTC [1907] hel1435-S4-desktop-R250000-b22-explain-r2 STATEMENT:  DELETE FROM output_snapshot_history WHERE output_id = ANY($1) AND id IN (
	             SELECT id FROM (
	               SELECT id, age_class, bucket,
	                      row_number() OVER w AS recency,
	                      lag(age_class) OVER w AS prev_class,
	                      lag(bucket) OVER w AS prev_bucket
	               FROM (
	                 SELECT id, output_id, captured_at,
	                        CASE WHEN extract(epoch FROM ($2::timestamptz - captured_at)) < $3 THEN 0
	                             WHEN extract(epoch FROM ($4::timestamptz - captured_at)) < $5 THEN 1
	                             ELSE 2 END AS age_class,
	                        floor(extract(epoch FROM captured_at) /
	                          CASE WHEN extract(epoch FROM ($6::timestamptz - captured_at)) < $7 THEN $8
	                               WHEN extract(epoch FROM ($9::timestamptz - captured_at)) < $10 THEN $11
	                               ELSE $12 END) AS bucket
	                 FROM output_snapshot_history
	                 WHERE output_id = ANY($13)
	               ) classed
	               WINDOW w AS (PARTITION BY output_id ORDER BY captured_at DESC, id DESC)
	             ) ranked
	             WHERE recency > $14 AND prev_class = age_class AND prev_bucket = bucket)
2026-10-10 08:19:10.844 UTC [1907] hel1435-S4-desktop-R250000-b22-explain-r2 LOG:  temporary file: path "base/pgsql_tmp/pgsql_tmp1907.0", size 7913472
2026-10-10 08:19:10.844 UTC [1907] hel1435-S4-desktop-R250000-b22-explain-r2 STATEMENT:  DELETE FROM output_snapshot_history WHERE output_id = ANY($1) AND id IN (
	             SELECT id FROM (
	               SELECT id, age_class, bucket,
	                      row_number() OVER w AS recency,
	                      lag(age_class) OVER w AS prev_class,
	                      lag(bucket) OVER w AS prev_bucket
	               FROM (
	                 SELECT id, output_id, captured_at,
	                        CASE WHEN extract(epoch FROM ($2::timestamptz - captured_at)) < $3 THEN 0
	                             WHEN extract(epoch FROM ($4::timestamptz - captured_at)) < $5 THEN 1
	                             ELSE 2 END AS age_class,
	                        floor(extract(epoch FROM captured_at) /
	                          CASE WHEN extract(epoch FROM ($6::timestamptz - captured_at)) < $7 THEN $8
	                               WHEN extract(epoch FROM ($9::timestamptz - captured_at)) < $10 THEN $11
	                               ELSE $12 END) AS bucket
	                 FROM output_snapshot_history
	                 WHERE output_id = ANY($13)
	               ) classed
	               WINDOW w AS (PARTITION BY output_id ORDER BY captured_at DESC, id DESC)
	             ) ranked
	             WHERE recency > $14 AND prev_class = age_class AND prev_bucket = bucket)
2026-10-10 08:19:11.243 UTC [1910] hel1435-S4-desktop-R250000-b22-explain-r3 LOG:  duration: 78.209 ms  plan:
	Query Text: SELECT count(*) FROM (SELECT 1 FROM output_snapshot_history WHERE output_id = $1 LIMIT $2) x
	Query Parameters: $1 = 'o92', $2 = '250001'
	Aggregate  (cost=1632.55..1632.56 rows=1 width=8) (actual time=78.202..78.203 rows=1 loops=1)
	  Buffers: shared hit=1 read=28564 written=1742
	  ->  Limit  (cost=0.43..1277.50 rows=28404 width=4) (actual time=0.026..76.723 rows=28812 loops=1)
	        Buffers: shared hit=1 read=28564 written=1742
	        ->  Index Only Scan using idx_output_snapshot_history_output_captured on output_snapshot_history  (cost=0.43..1277.50 rows=28404 width=4) (actual time=0.026..75.082 rows=28812 loops=1)
	              Index Cond: (output_id = 'o92'::text)
	              Heap Fetches: 28355
	              Buffers: shared hit=1 read=28564 written=1742
2026-10-10 08:19:11.302 UTC [1910] hel1435-S4-desktop-R250000-b22-explain-r3 LOG:  duration: 58.858 ms  plan:
	Query Text: SELECT count(*) FROM (SELECT 1 FROM output_snapshot_history WHERE output_id = $1 LIMIT $2) x
	Query Parameters: $1 = 'o93', $2 = '221189'
	Aggregate  (cost=1571.34..1571.35 rows=1 width=8) (actual time=58.852..58.853 rows=1 loops=1)
	  Buffers: shared hit=1 read=28549
	  ->  Limit  (cost=0.43..1230.13 rows=27297 width=4) (actual time=0.022..57.401 rows=28812 loops=1)
	        Buffers: shared hit=1 read=28549
	        ->  Index Only Scan using idx_output_snapshot_history_output_captured on output_snapshot_history  (cost=0.43..1230.13 rows=27297 width=4) (actual time=0.022..55.761 rows=28812 loops=1)
	              Index Cond: (output_id = 'o93'::text)
	              Heap Fetches: 28341
	              Buffers: shared hit=1 read=28549
2026-10-10 08:19:11.361 UTC [1910] hel1435-S4-desktop-R250000-b22-explain-r3 LOG:  duration: 58.455 ms  plan:
	Query Text: SELECT count(*) FROM (SELECT 1 FROM output_snapshot_history WHERE output_id = $1 LIMIT $2) x
	Query Parameters: $1 = 'o94', $2 = '192377'
	Aggregate  (cost=1856.74..1856.75 rows=1 width=8) (actual time=58.449..58.450 rows=1 loops=1)
	  Buffers: shared read=28542
	  ->  Limit  (cost=0.43..1453.28 rows=32277 width=4) (actual time=0.019..56.950 rows=28812 loops=1)
	        Buffers: shared read=28542
	        ->  Index Only Scan using idx_output_snapshot_history_output_captured on output_snapshot_history  (cost=0.43..1453.28 rows=32277 width=4) (actual time=0.019..55.322 rows=28812 loops=1)
	              Index Cond: (output_id = 'o94'::text)
	              Heap Fetches: 28332
	              Buffers: shared read=28542
2026-10-10 08:19:11.420 UTC [1910] hel1435-S4-desktop-R250000-b22-explain-r3 LOG:  duration: 58.460 ms  plan:
	Query Text: SELECT count(*) FROM (SELECT 1 FROM output_snapshot_history WHERE output_id = $1 LIMIT $2) x
	Query Parameters: $1 = 'o95', $2 = '163565'
	Aggregate  (cost=1538.75..1538.76 rows=1 width=8) (actual time=58.454..58.455 rows=1 loops=1)
	  Buffers: shared hit=1 read=28541
	  ->  Limit  (cost=0.43..1204.45 rows=26744 width=4) (actual time=0.019..56.982 rows=28812 loops=1)
	        Buffers: shared hit=1 read=28541
	        ->  Index Only Scan using idx_output_snapshot_history_output_captured on output_snapshot_history  (cost=0.43..1204.45 rows=26744 width=4) (actual time=0.018..55.352 rows=28812 loops=1)
	              Index Cond: (output_id = 'o95'::text)
	              Heap Fetches: 28332
	              Buffers: shared hit=1 read=28541
2026-10-10 08:19:11.479 UTC [1910] hel1435-S4-desktop-R250000-b22-explain-r3 LOG:  duration: 58.306 ms  plan:
	Query Text: SELECT count(*) FROM (SELECT 1 FROM output_snapshot_history WHERE output_id = $1 LIMIT $2) x
	Query Parameters: $1 = 'o96', $2 = '134753'
	Aggregate  (cost=1398.81..1398.82 rows=1 width=8) (actual time=58.300..58.301 rows=1 loops=1)
	  Buffers: shared hit=1 read=28504
	  ->  Limit  (cost=0.43..1094.49 rows=24346 width=4) (actual time=0.024..56.855 rows=28812 loops=1)
	        Buffers: shared hit=1 read=28504
	        ->  Index Only Scan using idx_output_snapshot_history_output_captured on output_snapshot_history  (cost=0.43..1094.49 rows=24346 width=4) (actual time=0.023..55.234 rows=28812 loops=1)
	              Index Cond: (output_id = 'o96'::text)
	              Heap Fetches: 28295
	              Buffers: shared hit=1 read=28504
2026-10-10 08:19:11.538 UTC [1910] hel1435-S4-desktop-R250000-b22-explain-r3 LOG:  duration: 58.264 ms  plan:
	Query Text: SELECT count(*) FROM (SELECT 1 FROM output_snapshot_history WHERE output_id = $1 LIMIT $2) x
	Query Parameters: $1 = 'o97', $2 = '105941'
	Aggregate  (cost=1557.82..1557.83 rows=1 width=8) (actual time=58.258..58.259 rows=1 loops=1)
	  Buffers: shared hit=1 read=28504
	  ->  Limit  (cost=0.43..1218.91 rows=27113 width=4) (actual time=0.021..56.815 rows=28812 loops=1)
	        Buffers: shared hit=1 read=28504
	        ->  Index Only Scan using idx_output_snapshot_history_output_captured on output_snapshot_history  (cost=0.43..1218.91 rows=27113 width=4) (actual time=0.020..55.198 rows=28812 loops=1)
	              Index Cond: (output_id = 'o97'::text)
	              Heap Fetches: 28295
	              Buffers: shared hit=1 read=28504
2026-10-10 08:19:11.596 UTC [1910] hel1435-S4-desktop-R250000-b22-explain-r3 LOG:  duration: 58.205 ms  plan:
	Query Text: SELECT count(*) FROM (SELECT 1 FROM output_snapshot_history WHERE output_id = $1 LIMIT $2) x
	Query Parameters: $1 = 'o98', $2 = '77129'
	Aggregate  (cost=1506.16..1506.17 rows=1 width=8) (actual time=58.199..58.200 rows=1 loops=1)
	  Buffers: shared hit=1 read=28504
	  ->  Limit  (cost=0.43..1178.77 rows=26191 width=4) (actual time=0.022..56.758 rows=28812 loops=1)
	        Buffers: shared hit=1 read=28504
	        ->  Index Only Scan using idx_output_snapshot_history_output_captured on output_snapshot_history  (cost=0.43..1178.77 rows=26191 width=4) (actual time=0.022..55.140 rows=28812 loops=1)
	              Index Cond: (output_id = 'o98'::text)
	              Heap Fetches: 28295
	              Buffers: shared hit=1 read=28504
2026-10-10 08:19:11.656 UTC [1910] hel1435-S4-desktop-R250000-b22-explain-r3 LOG:  duration: 58.614 ms  plan:
	Query Text: SELECT count(*) FROM (SELECT 1 FROM output_snapshot_history WHERE output_id = $1 LIMIT $2) x
	Query Parameters: $1 = 'o99', $2 = '48317'
	Aggregate  (cost=1697.73..1697.74 rows=1 width=8) (actual time=58.608..58.608 rows=1 loops=1)
	  Buffers: shared hit=1 read=28504
	  ->  Limit  (cost=0.43..1328.86 rows=29510 width=4) (actual time=0.020..57.161 rows=28812 loops=1)
	        Buffers: shared hit=1 read=28504
	        ->  Index Only Scan using idx_output_snapshot_history_output_captured on output_snapshot_history  (cost=0.43..1328.86 rows=29510 width=4) (actual time=0.019..55.538 rows=28812 loops=1)
	              Index Cond: (output_id = 'o99'::text)
	              Heap Fetches: 28295
	              Buffers: shared hit=1 read=28504
2026-10-10 08:19:16.790 UTC [1910] hel1435-S4-desktop-R250000-b22-explain-r3 LOG:  duration: 5121.827 ms  plan:
	Query Text: DELETE FROM output_snapshot_history h
	             USING pipelines p, users u
	             WHERE h.output_id = ANY($1) AND h.captured_at < $2
	               AND h.pipeline_id = p.id AND p.owner_id = u.id
	               AND h.captured_at < COALESCE(($3::timestamptz[])[array_position($4::text[], u.tier)], $5)
	Query Parameters: $1 = '{o92,o93,o94,o95,o96,o97,o98,o99}', $2 = '2026-09-10 01:00:00-07', $3 = '{"2026-09-10 01:00:00-07","2026-07-12 01:00:00-07","2025-10-10 01:00:00-07"}', $4 = '{free,beta,owner}', $5 = '2026-09-10 01:00:00-07'
	Delete on output_snapshot_history h  (cost=1428.64..131134.69 rows=0 width=0) (actual time=5121.822..5121.826 rows=0 loops=1)
	  Buffers: shared hit=69512 read=1141730 dirtied=7050 written=7050
	  WAL: records=23128 bytes=1248912
	  ->  Hash Join  (cost=1428.64..131134.69 rows=39130 width=18) (actual time=3454.172..5116.685 rows=23128 loops=1)
	        Hash Cond: ((h.pipeline_id = p.id) AND (u.id = p.owner_id))
	        Buffers: shared hit=46384 read=1141730 written=7050
	        ->  Nested Loop  (cost=1425.14..120854.86 rows=1956483 width=31) (actual time=13.537..4755.551 rows=6363264 loops=1)
	              Buffers: shared hit=46384 read=1141729 written=7050
	              ->  Index Scan using users_pkey on users u  (cost=0.14..12.89 rows=50 width=27) (actual time=0.009..0.116 rows=50 loops=1)
	                    Buffers: shared hit=1 read=1
	              ->  Memoize  (cost=1425.00..24488.06 rows=39130 width=17) (actual time=9.906..88.343 rows=127265 loops=50)
	                    Cache Key: COALESCE(('{"2026-09-10 01:00:00-07","2026-07-12 01:00:00-07","2025-10-10 01:00:00-07"}'::timestamp with time zone[])[array_position('{free,beta,owner}'::text[], u.tier)], '2026-09-10 01:00:00-07'::timestamp with time zone)
	                    Cache Mode: binary
	                    Hits: 2  Misses: 48  Evictions: 47  Overflows: 38  Memory Usage: 8193kB
	                    Buffers: shared hit=46383 read=1141728 written=7050
	                    ->  Bitmap Heap Scan on output_snapshot_history h  (cost=1424.99..24488.05 rows=39130 width=17) (actual time=10.311..75.277 rows=132086 loops=48)
	                          Recheck Cond: ((output_id = ANY ('{o92,o93,o94,o95,o96,o97,o98,o99}'::text[])) AND (captured_at < COALESCE(('{"2026-09-10 01:00:00-07","2026-07-12 01:00:00-07","2025-10-10 01:00:00-07"}'::timestamp with time zone[])[array_position('{free,beta,owner}'::text[], u.tier)], '2026-09-10 01:00:00-07'::timestamp with time zone)) AND (captured_at < '2026-09-10 01:00:00-07'::timestamp with time zone))
	                          Heap Blocks: exact=1143535
	                          Buffers: shared hit=46383 read=1141728 written=7050
	                          ->  Bitmap Index Scan on idx_output_snapshot_history_output_captured  (cost=0.00..1415.20 rows=39130 width=0) (actual time=8.379..8.379 rows=132086 loops=48)
	                                Index Cond: ((output_id = ANY ('{o92,o93,o94,o95,o96,o97,o98,o99}'::text[])) AND (captured_at < COALESCE(('{"2026-09-10 01:00:00-07","2026-07-12 01:00:00-07","2025-10-10 01:00:00-07"}'::timestamp with time zone[])[array_position('{free,beta,owner}'::text[], u.tier)], '2026-09-10 01:00:00-07'::timestamp with time zone)) AND (captured_at < '2026-09-10 01:00:00-07'::timestamp with time zone))
	                                Buffers: shared hit=1931 read=42642
	        ->  Hash  (cost=2.00..2.00 rows=100 width=25) (actual time=5.548..5.549 rows=100 loops=1)
	              Buckets: 1024  Batches: 1  Memory Usage: 14kB
	              Buffers: shared read=1
	              ->  Seq Scan on pipelines p  (cost=0.00..2.00 rows=100 width=25) (actual time=5.524..5.530 rows=100 loops=1)
	                    Buffers: shared read=1
	JIT:
	  Functions: 22
	  Options: Inlining false, Optimization false, Expressions true, Deforming true
	  Timing: Generation 0.524 ms, Inlining 0.000 ms, Optimization 0.329 ms, Emission 5.220 ms, Total 6.073 ms
2026-10-10 08:19:18.149 UTC [1910] hel1435-S4-desktop-R250000-b22-explain-r3 LOG:  duration: 1356.717 ms  plan:
	Query Text: DELETE FROM output_snapshot_history WHERE output_id = ANY($1) AND id IN (
	             SELECT id FROM (
	               SELECT id, age_class, bucket,
	                      row_number() OVER w AS recency,
	                      lag(age_class) OVER w AS prev_class,
	                      lag(bucket) OVER w AS prev_bucket
	               FROM (
	                 SELECT id, output_id, captured_at,
	                        CASE WHEN extract(epoch FROM ($2::timestamptz - captured_at)) < $3 THEN 0
	                             WHEN extract(epoch FROM ($4::timestamptz - captured_at)) < $5 THEN 1
	                             ELSE 2 END AS age_class,
	                        floor(extract(epoch FROM captured_at) /
	                          CASE WHEN extract(epoch FROM ($6::timestamptz - captured_at)) < $7 THEN $8
	                               WHEN extract(epoch FROM ($9::timestamptz - captured_at)) < $10 THEN $11
	                               ELSE $12 END) AS bucket
	                 FROM output_snapshot_history
	                 WHERE output_id = ANY($13)
	               ) classed
	               WINDOW w AS (PARTITION BY output_id ORDER BY captured_at DESC, id DESC)
	             ) ranked
	             WHERE recency > $14 AND prev_class = age_class AND prev_bucket = bucket)
	Query Parameters: $1 = '{o92,o93,o94,o95,o96,o97,o98,o99}', $2 = '2026-10-10 01:00:00-07', $3 = '86400', $4 = '2026-10-10 01:00:00-07', $5 = '604800', $6 = '2026-10-10 01:00:00-07', $7 = '86400', $8 = '300', $9 = '2026-10-10 01:00:00-07', $10 = '604800', $11 = '3600', $12 = '86400', $13 = '{o92,o93,o94,o95,o96,o97,o98,o99}', $14 = '102'
	Delete on output_snapshot_history  (cost=445725.22..445741.71 rows=0 width=0) (actual time=1356.712..1356.716 rows=0 loops=1)
	  Buffers: shared hit=854537 read=206741 dirtied=140792 written=129083, temp read=3405 written=3415
	  WAL: records=203232 bytes=10974528
	  ->  Nested Loop  (cost=445725.22..445741.71 rows=1 width=46) (actual time=503.093..1303.261 rows=203232 loops=1)
	        Buffers: shared hit=651305 read=206741 written=129083, temp read=3405 written=3415
	        ->  Unique  (cost=445724.78..445724.79 rows=2 width=56) (actual time=503.039..543.559 rows=203232 loops=1)
	              Buffers: shared hit=4352 read=40766, temp read=3405 written=3415
	              ->  Sort  (cost=445724.78..445724.79 rows=2 width=56) (actual time=503.038..529.758 rows=203232 loops=1)
	                    Sort Key: ranked.id
	                    Sort Method: external merge  Disk: 19512kB
	                    Buffers: shared hit=4352 read=40766, temp read=3405 written=3415
	                    ->  Subquery Scan on ranked  (cost=417989.52..445724.77 rows=2 width=56) (actual time=206.751..467.186 rows=203232 loops=1)
	                          Filter: ((ranked.recency > 102) AND (ranked.prev_class = ranked.age_class) AND (ranked.prev_bucket = ranked.bucket))
	                          Rows Removed by Filter: 4136
	                          Buffers: shared hit=4352 read=40763, temp read=966 written=970
	                          ->  WindowAgg  (cost=417989.52..441841.84 rows=221882 width=108) (actual time=206.466..435.172 rows=207368 loops=1)
	                                Buffers: shared hit=4352 read=40763, temp read=966 written=970
	                                ->  Sort  (cost=417989.52..418544.23 rows=221882 width=28) (actual time=206.405..221.608 rows=207368 loops=1)
	                                      Sort Key: output_snapshot_history_1.output_id, output_snapshot_history_1.captured_at DESC, output_snapshot_history_1.id DESC
	                                      Sort Method: external merge  Disk: 7728kB
	                                      Buffers: shared hit=4352 read=40763, temp read=966 written=970
	                                      ->  Bitmap Heap Scan on output_snapshot_history output_snapshot_history_1  (cost=7715.03..392977.53 rows=221882 width=28) (actual time=22.826..132.839 rows=207368 loops=1)
	                                            Recheck Cond: (output_id = ANY ('{o92,o93,o94,o95,o96,o97,o98,o99}'::text[]))
	                                            Heap Blocks: exact=43510
	                                            Buffers: shared hit=4346 read=40763
	                                            ->  Bitmap Index Scan on idx_output_snapshot_history_output_captured  (cost=0.00..7659.56 rows=221882 width=0) (actual time=12.222..12.222 rows=230496 loops=1)
	                                                  Index Cond: (output_id = ANY ('{o92,o93,o94,o95,o96,o97,o98,o99}'::text[]))
	                                                  Buffers: shared hit=187 read=1412
	        ->  Index Scan using output_snapshot_history_pkey on output_snapshot_history  (cost=0.43..8.46 rows=1 width=22) (actual time=0.004..0.004 rows=1 loops=203232)
	              Index Cond: (id = ranked.id)
	              Filter: (output_id = ANY ('{o92,o93,o94,o95,o96,o97,o98,o99}'::text[]))
	              Buffers: shared hit=646953 read=165975 written=129083
	JIT:
	  Functions: 24
	  Options: Inlining false, Optimization false, Expressions true, Deforming true
	  Timing: Generation 0.529 ms, Inlining 0.000 ms, Optimization 0.310 ms, Emission 4.890 ms, Total 5.729 ms
2026-10-10 08:19:18.152 UTC [1910] hel1435-S4-desktop-R250000-b22-explain-r3 LOG:  temporary file: path "base/pgsql_tmp/pgsql_tmp1910.1", size 19980288
2026-10-10 08:19:18.152 UTC [1910] hel1435-S4-desktop-R250000-b22-explain-r3 STATEMENT:  DELETE FROM output_snapshot_history WHERE output_id = ANY($1) AND id IN (
	             SELECT id FROM (
	               SELECT id, age_class, bucket,
	                      row_number() OVER w AS recency,
	                      lag(age_class) OVER w AS prev_class,
	                      lag(bucket) OVER w AS prev_bucket
	               FROM (
	                 SELECT id, output_id, captured_at,
	                        CASE WHEN extract(epoch FROM ($2::timestamptz - captured_at)) < $3 THEN 0
	                             WHEN extract(epoch FROM ($4::timestamptz - captured_at)) < $5 THEN 1
	                             ELSE 2 END AS age_class,
	                        floor(extract(epoch FROM captured_at) /
	                          CASE WHEN extract(epoch FROM ($6::timestamptz - captured_at)) < $7 THEN $8
	                               WHEN extract(epoch FROM ($9::timestamptz - captured_at)) < $10 THEN $11
	                               ELSE $12 END) AS bucket
	                 FROM output_snapshot_history
	                 WHERE output_id = ANY($13)
	               ) classed
	               WINDOW w AS (PARTITION BY output_id ORDER BY captured_at DESC, id DESC)
	             ) ranked
	             WHERE recency > $14 AND prev_class = age_class AND prev_bucket = bucket)
2026-10-10 08:19:18.153 UTC [1910] hel1435-S4-desktop-R250000-b22-explain-r3 LOG:  temporary file: path "base/pgsql_tmp/pgsql_tmp1910.0", size 7913472
2026-10-10 08:19:18.153 UTC [1910] hel1435-S4-desktop-R250000-b22-explain-r3 STATEMENT:  DELETE FROM output_snapshot_history WHERE output_id = ANY($1) AND id IN (
	             SELECT id FROM (
	               SELECT id, age_class, bucket,
	                      row_number() OVER w AS recency,
	                      lag(age_class) OVER w AS prev_class,
	                      lag(bucket) OVER w AS prev_bucket
	               FROM (
	                 SELECT id, output_id, captured_at,
	                        CASE WHEN extract(epoch FROM ($2::timestamptz - captured_at)) < $3 THEN 0
	                             WHEN extract(epoch FROM ($4::timestamptz - captured_at)) < $5 THEN 1
	                             ELSE 2 END AS age_class,
	                        floor(extract(epoch FROM captured_at) /
	                          CASE WHEN extract(epoch FROM ($6::timestamptz - captured_at)) < $7 THEN $8
	                               WHEN extract(epoch FROM ($9::timestamptz - captured_at)) < $10 THEN $11
	                               ELSE $12 END) AS bucket
	                 FROM output_snapshot_history
	                 WHERE output_id = ANY($13)
	               ) classed
	               WINDOW w AS (PARTITION BY output_id ORDER BY captured_at DESC, id DESC)
	             ) ranked
	             WHERE recency > $14 AND prev_class = age_class AND prev_bucket = bucket)
2026-10-10 08:19:24.801 UTC [1914] hel1435-S4-desktop-R250000-b22-timed-r1 LOG:  temporary file: path "base/pgsql_tmp/pgsql_tmp1914.1", size 19980288
2026-10-10 08:19:24.801 UTC [1914] hel1435-S4-desktop-R250000-b22-timed-r1 STATEMENT:  DELETE FROM output_snapshot_history WHERE output_id = ANY($1) AND id IN (
	             SELECT id FROM (
	               SELECT id, age_class, bucket,
	                      row_number() OVER w AS recency,
	                      lag(age_class) OVER w AS prev_class,
	                      lag(bucket) OVER w AS prev_bucket
	               FROM (
	                 SELECT id, output_id, captured_at,
	                        CASE WHEN extract(epoch FROM ($2::timestamptz - captured_at)) < $3 THEN 0
	                             WHEN extract(epoch FROM ($4::timestamptz - captured_at)) < $5 THEN 1
	                             ELSE 2 END AS age_class,
	                        floor(extract(epoch FROM captured_at) /
	                          CASE WHEN extract(epoch FROM ($6::timestamptz - captured_at)) < $7 THEN $8
	                               WHEN extract(epoch FROM ($9::timestamptz - captured_at)) < $10 THEN $11
	                               ELSE $12 END) AS bucket
	                 FROM output_snapshot_history
	                 WHERE output_id = ANY($13)
	               ) classed
	               WINDOW w AS (PARTITION BY output_id ORDER BY captured_at DESC, id DESC)
	             ) ranked
	             WHERE recency > $14 AND prev_class = age_class AND prev_bucket = bucket)
2026-10-10 08:19:24.802 UTC [1914] hel1435-S4-desktop-R250000-b22-timed-r1 LOG:  temporary file: path "base/pgsql_tmp/pgsql_tmp1914.0", size 7913472
2026-10-10 08:19:24.802 UTC [1914] hel1435-S4-desktop-R250000-b22-timed-r1 STATEMENT:  DELETE FROM output_snapshot_history WHERE output_id = ANY($1) AND id IN (
	             SELECT id FROM (
	               SELECT id, age_class, bucket,
	                      row_number() OVER w AS recency,
	                      lag(age_class) OVER w AS prev_class,
	                      lag(bucket) OVER w AS prev_bucket
	               FROM (
	                 SELECT id, output_id, captured_at,
	                        CASE WHEN extract(epoch FROM ($2::timestamptz - captured_at)) < $3 THEN 0
	                             WHEN extract(epoch FROM ($4::timestamptz - captured_at)) < $5 THEN 1
	                             ELSE 2 END AS age_class,
	                        floor(extract(epoch FROM captured_at) /
	                          CASE WHEN extract(epoch FROM ($6::timestamptz - captured_at)) < $7 THEN $8
	                               WHEN extract(epoch FROM ($9::timestamptz - captured_at)) < $10 THEN $11
	                               ELSE $12 END) AS bucket
	                 FROM output_snapshot_history
	                 WHERE output_id = ANY($13)
	               ) classed
	               WINDOW w AS (PARTITION BY output_id ORDER BY captured_at DESC, id DESC)
	             ) ranked
	             WHERE recency > $14 AND prev_class = age_class AND prev_bucket = bucket)
2026-10-10 08:19:31.481 UTC [1917] hel1435-S4-desktop-R250000-b22-timed-r2 LOG:  temporary file: path "base/pgsql_tmp/pgsql_tmp1917.1", size 19980288
2026-10-10 08:19:31.481 UTC [1917] hel1435-S4-desktop-R250000-b22-timed-r2 STATEMENT:  DELETE FROM output_snapshot_history WHERE output_id = ANY($1) AND id IN (
	             SELECT id FROM (
	               SELECT id, age_class, bucket,
	                      row_number() OVER w AS recency,
	                      lag(age_class) OVER w AS prev_class,
	                      lag(bucket) OVER w AS prev_bucket
	               FROM (
	                 SELECT id, output_id, captured_at,
	                        CASE WHEN extract(epoch FROM ($2::timestamptz - captured_at)) < $3 THEN 0
	                             WHEN extract(epoch FROM ($4::timestamptz - captured_at)) < $5 THEN 1
	                             ELSE 2 END AS age_class,
	                        floor(extract(epoch FROM captured_at) /
	                          CASE WHEN extract(epoch FROM ($6::timestamptz - captured_at)) < $7 THEN $8
	                               WHEN extract(epoch FROM ($9::timestamptz - captured_at)) < $10 THEN $11
	                               ELSE $12 END) AS bucket
	                 FROM output_snapshot_history
	                 WHERE output_id = ANY($13)
	               ) classed
	               WINDOW w AS (PARTITION BY output_id ORDER BY captured_at DESC, id DESC)
	             ) ranked
	             WHERE recency > $14 AND prev_class = age_class AND prev_bucket = bucket)
2026-10-10 08:19:31.482 UTC [1917] hel1435-S4-desktop-R250000-b22-timed-r2 LOG:  temporary file: path "base/pgsql_tmp/pgsql_tmp1917.0", size 7913472
2026-10-10 08:19:31.482 UTC [1917] hel1435-S4-desktop-R250000-b22-timed-r2 STATEMENT:  DELETE FROM output_snapshot_history WHERE output_id = ANY($1) AND id IN (
	             SELECT id FROM (
	               SELECT id, age_class, bucket,
	                      row_number() OVER w AS recency,
	                      lag(age_class) OVER w AS prev_class,
	                      lag(bucket) OVER w AS prev_bucket
	               FROM (
	                 SELECT id, output_id, captured_at,
	                        CASE WHEN extract(epoch FROM ($2::timestamptz - captured_at)) < $3 THEN 0
	                             WHEN extract(epoch FROM ($4::timestamptz - captured_at)) < $5 THEN 1
	                             ELSE 2 END AS age_class,
	                        floor(extract(epoch FROM captured_at) /
	                          CASE WHEN extract(epoch FROM ($6::timestamptz - captured_at)) < $7 THEN $8
	                               WHEN extract(epoch FROM ($9::timestamptz - captured_at)) < $10 THEN $11
	                               ELSE $12 END) AS bucket
	                 FROM output_snapshot_history
	                 WHERE output_id = ANY($13)
	               ) classed
	               WINDOW w AS (PARTITION BY output_id ORDER BY captured_at DESC, id DESC)
	             ) ranked
	             WHERE recency > $14 AND prev_class = age_class AND prev_bucket = bucket)
2026-10-10 08:19:38.106 UTC [1920] hel1435-S4-desktop-R250000-b22-timed-r3 LOG:  temporary file: path "base/pgsql_tmp/pgsql_tmp1920.1", size 19980288
2026-10-10 08:19:38.106 UTC [1920] hel1435-S4-desktop-R250000-b22-timed-r3 STATEMENT:  DELETE FROM output_snapshot_history WHERE output_id = ANY($1) AND id IN (
	             SELECT id FROM (
	               SELECT id, age_class, bucket,
	                      row_number() OVER w AS recency,
	                      lag(age_class) OVER w AS prev_class,
	                      lag(bucket) OVER w AS prev_bucket
	               FROM (
	                 SELECT id, output_id, captured_at,
	                        CASE WHEN extract(epoch FROM ($2::timestamptz - captured_at)) < $3 THEN 0
	                             WHEN extract(epoch FROM ($4::timestamptz - captured_at)) < $5 THEN 1
	                             ELSE 2 END AS age_class,
	                        floor(extract(epoch FROM captured_at) /
	                          CASE WHEN extract(epoch FROM ($6::timestamptz - captured_at)) < $7 THEN $8
	                               WHEN extract(epoch FROM ($9::timestamptz - captured_at)) < $10 THEN $11
	                               ELSE $12 END) AS bucket
	                 FROM output_snapshot_history
	                 WHERE output_id = ANY($13)
	               ) classed
	               WINDOW w AS (PARTITION BY output_id ORDER BY captured_at DESC, id DESC)
	             ) ranked
	             WHERE recency > $14 AND prev_class = age_class AND prev_bucket = bucket)
2026-10-10 08:19:38.107 UTC [1920] hel1435-S4-desktop-R250000-b22-timed-r3 LOG:  temporary file: path "base/pgsql_tmp/pgsql_tmp1920.0", size 7913472
2026-10-10 08:19:38.107 UTC [1920] hel1435-S4-desktop-R250000-b22-timed-r3 STATEMENT:  DELETE FROM output_snapshot_history WHERE output_id = ANY($1) AND id IN (
	             SELECT id FROM (
	               SELECT id, age_class, bucket,
	                      row_number() OVER w AS recency,
	                      lag(age_class) OVER w AS prev_class,
	                      lag(bucket) OVER w AS prev_bucket
	               FROM (
	                 SELECT id, output_id, captured_at,
	                        CASE WHEN extract(epoch FROM ($2::timestamptz - captured_at)) < $3 THEN 0
	                             WHEN extract(epoch FROM ($4::timestamptz - captured_at)) < $5 THEN 1
	                             ELSE 2 END AS age_class,
	                        floor(extract(epoch FROM captured_at) /
	                          CASE WHEN extract(epoch FROM ($6::timestamptz - captured_at)) < $7 THEN $8
	                               WHEN extract(epoch FROM ($9::timestamptz - captured_at)) < $10 THEN $11
	                               ELSE $12 END) AS bucket
	                 FROM output_snapshot_history
	                 WHERE output_id = ANY($13)
	               ) classed
	               WINDOW w AS (PARTITION BY output_id ORDER BY captured_at DESC, id DESC)
	             ) ranked
	             WHERE recency > $14 AND prev_class = age_class AND prev_bucket = bucket)
