2026-10-10 08:49:34.229 UTC [1935] hel1435-S4-prod-io-base-R250000-b0-explain-r1 LOG:  duration: 106.562 ms  plan:
	Query Text: SELECT count(*) FROM (SELECT 1 FROM output_snapshot_history WHERE output_id = $1 LIMIT $2) x
	Query Parameters: $1 = 'o0', $2 = '250001'
	Aggregate  (cost=904.60..904.61 rows=1 width=8) (actual time=106.553..106.554 rows=1 loops=1)
	  Buffers: shared read=15683
	  ->  Limit  (cost=0.43..707.87 rows=15739 width=4) (actual time=0.047..105.674 rows=15852 loops=1)
	        Buffers: shared read=15683
	        ->  Index Only Scan using idx_output_snapshot_history_output_captured on output_snapshot_history  (cost=0.43..707.87 rows=15739 width=4) (actual time=0.046..104.707 rows=15852 loops=1)
	              Index Cond: (output_id = 'o0'::text)
	              Heap Fetches: 15563
	              Buffers: shared read=15683
2026-10-10 08:49:34.240 UTC [1935] hel1435-S4-prod-io-base-R250000-b0-explain-r1 LOG:  duration: 9.656 ms  plan:
	Query Text: SELECT count(*) FROM (SELECT 1 FROM output_snapshot_history WHERE output_id = $1 LIMIT $2) x
	Query Parameters: $1 = 'o1', $2 = '234149'
	Aggregate  (cost=904.60..904.61 rows=1 width=8) (actual time=9.649..9.650 rows=1 loops=1)
	  Buffers: shared hit=15575 read=108
	  ->  Limit  (cost=0.43..707.87 rows=15739 width=4) (actual time=0.020..9.107 rows=15852 loops=1)
	        Buffers: shared hit=15575 read=108
	        ->  Index Only Scan using idx_output_snapshot_history_output_captured on output_snapshot_history  (cost=0.43..707.87 rows=15739 width=4) (actual time=0.019..8.398 rows=15852 loops=1)
	              Index Cond: (output_id = 'o1'::text)
	              Heap Fetches: 15563
	              Buffers: shared hit=15575 read=108
2026-10-10 08:49:34.320 UTC [1935] hel1435-S4-prod-io-base-R250000-b0-explain-r1 LOG:  duration: 79.330 ms  plan:
	Query Text: SELECT count(*) FROM (SELECT 1 FROM output_snapshot_history WHERE output_id = $1 LIMIT $2) x
	Query Parameters: $1 = 'o10', $2 = '218297'
	Aggregate  (cost=904.60..904.61 rows=1 width=8) (actual time=79.320..79.321 rows=1 loops=1)
	  Buffers: shared hit=6792 read=8890
	  ->  Limit  (cost=0.43..707.87 rows=15739 width=4) (actual time=0.032..78.606 rows=15852 loops=1)
	        Buffers: shared hit=6792 read=8890
	        ->  Index Only Scan using idx_output_snapshot_history_output_captured on output_snapshot_history  (cost=0.43..707.87 rows=15739 width=4) (actual time=0.032..77.776 rows=15852 loops=1)
	              Index Cond: (output_id = 'o10'::text)
	              Heap Fetches: 15563
	              Buffers: shared hit=6792 read=8890
2026-10-10 08:49:34.448 UTC [1935] hel1435-S4-prod-io-base-R250000-b0-explain-r1 LOG:  duration: 127.550 ms  plan:
	Query Text: SELECT count(*) FROM (SELECT 1 FROM output_snapshot_history WHERE output_id = $1 LIMIT $2) x
	Query Parameters: $1 = 'o100', $2 = '202445'
	Aggregate  (cost=1548.27..1548.28 rows=1 width=8) (actual time=127.541..127.542 rows=1 loops=1)
	  Buffers: shared hit=4 read=28501
	  ->  Limit  (cost=0.43..1211.67 rows=26928 width=4) (actual time=0.031..125.910 rows=28812 loops=1)
	        Buffers: shared hit=4 read=28501
	        ->  Index Only Scan using idx_output_snapshot_history_output_captured on output_snapshot_history  (cost=0.43..1211.67 rows=26928 width=4) (actual time=0.030..124.129 rows=28812 loops=1)
	              Index Cond: (output_id = 'o100'::text)
	              Heap Fetches: 28295
	              Buffers: shared hit=4 read=28501
2026-10-10 08:49:34.619 UTC [1935] hel1435-S4-prod-io-base-R250000-b0-explain-r1 LOG:  duration: 169.687 ms  plan:
	Query Text: SELECT count(*) FROM (SELECT 1 FROM output_snapshot_history WHERE output_id = $1 LIMIT $2) x
	Query Parameters: $1 = 'o101', $2 = '173633'
	Aggregate  (cost=1646.07..1646.08 rows=1 width=8) (actual time=169.677..169.678 rows=1 loops=1)
	  Buffers: shared hit=1 read=28504
	  ->  Limit  (cost=0.43..1288.72 rows=28588 width=4) (actual time=0.025..168.135 rows=28812 loops=1)
	        Buffers: shared hit=1 read=28504
	        ->  Index Only Scan using idx_output_snapshot_history_output_captured on output_snapshot_history  (cost=0.43..1288.72 rows=28588 width=4) (actual time=0.025..166.340 rows=28812 loops=1)
	              Index Cond: (output_id = 'o101'::text)
	              Heap Fetches: 28295
	              Buffers: shared hit=1 read=28504
2026-10-10 08:49:34.734 UTC [1935] hel1435-S4-prod-io-base-R250000-b0-explain-r1 LOG:  duration: 114.286 ms  plan:
	Query Text: SELECT count(*) FROM (SELECT 1 FROM output_snapshot_history WHERE output_id = $1 LIMIT $2) x
	Query Parameters: $1 = 'o102', $2 = '144821'
	Aggregate  (cost=2025.27..2025.28 rows=1 width=8) (actual time=114.278..114.279 rows=1 loops=1)
	  Buffers: shared hit=1 read=28503
	  ->  Limit  (cost=0.43..1584.92 rows=35228 width=4) (actual time=0.029..112.759 rows=28812 loops=1)
	        Buffers: shared hit=1 read=28503
	        ->  Index Only Scan using idx_output_snapshot_history_output_captured on output_snapshot_history  (cost=0.43..1584.92 rows=35228 width=4) (actual time=0.029..111.072 rows=28812 loops=1)
	              Index Cond: (output_id = 'o102'::text)
	              Heap Fetches: 28295
	              Buffers: shared hit=1 read=28503
2026-10-10 08:49:34.848 UTC [1935] hel1435-S4-prod-io-base-R250000-b0-explain-r1 LOG:  duration: 112.871 ms  plan:
	Query Text: SELECT count(*) FROM (SELECT 1 FROM output_snapshot_history WHERE output_id = $1 LIMIT $2) x
	Query Parameters: $1 = 'o103', $2 = '116009'
	Aggregate  (cost=1730.35..1730.36 rows=1 width=8) (actual time=112.863..112.864 rows=1 loops=1)
	  Buffers: shared read=28505
	  ->  Limit  (cost=0.43..1354.55 rows=30064 width=4) (actual time=0.024..111.363 rows=28812 loops=1)
	        Buffers: shared read=28505
	        ->  Index Only Scan using idx_output_snapshot_history_output_captured on output_snapshot_history  (cost=0.43..1354.55 rows=30064 width=4) (actual time=0.023..109.675 rows=28812 loops=1)
	              Index Cond: (output_id = 'o103'::text)
	              Heap Fetches: 28295
	              Buffers: shared read=28505
2026-10-10 08:49:35.016 UTC [1935] hel1435-S4-prod-io-base-R250000-b0-explain-r1 LOG:  duration: 167.644 ms  plan:
	Query Text: SELECT count(*) FROM (SELECT 1 FROM output_snapshot_history WHERE output_id = $1 LIMIT $2) x
	Query Parameters: $1 = 'o104', $2 = '87197'
	Aggregate  (cost=1464.02..1464.03 rows=1 width=8) (actual time=167.636..167.637 rows=1 loops=1)
	  Buffers: shared hit=1 read=28504
	  ->  Limit  (cost=0.43..1145.86 rows=25453 width=4) (actual time=0.020..166.104 rows=28812 loops=1)
	        Buffers: shared hit=1 read=28504
	        ->  Index Only Scan using idx_output_snapshot_history_output_captured on output_snapshot_history  (cost=0.43..1145.86 rows=25453 width=4) (actual time=0.020..164.390 rows=28812 loops=1)
	              Index Cond: (output_id = 'o104'::text)
	              Heap Fetches: 28295
	              Buffers: shared hit=1 read=28504
2026-10-10 08:49:35.136 UTC [1935] hel1435-S4-prod-io-base-R250000-b0-explain-r1 LOG:  duration: 119.567 ms  plan:
	Query Text: SELECT count(*) FROM (SELECT 1 FROM output_snapshot_history WHERE output_id = $1 LIMIT $2) x
	Query Parameters: $1 = 'o105', $2 = '58385'
	Aggregate  (cost=1529.20..1529.21 rows=1 width=8) (actual time=119.559..119.560 rows=1 loops=1)
	  Buffers: shared hit=1 read=28503
	  ->  Limit  (cost=0.43..1197.21 rows=26559 width=4) (actual time=0.032..118.052 rows=28812 loops=1)
	        Buffers: shared hit=1 read=28503
	        ->  Index Only Scan using idx_output_snapshot_history_output_captured on output_snapshot_history  (cost=0.43..1197.21 rows=26559 width=4) (actual time=0.031..116.369 rows=28812 loops=1)
	              Index Cond: (output_id = 'o105'::text)
	              Heap Fetches: 28295
	              Buffers: shared hit=1 read=28503
2026-10-10 08:49:35.254 UTC [1935] hel1435-S4-prod-io-base-R250000-b0-explain-r1 LOG:  duration: 117.199 ms  plan:
	Query Text: SELECT count(*) FROM (SELECT 1 FROM output_snapshot_history WHERE output_id = $1 LIMIT $2) x
	Query Parameters: $1 = 'o106', $2 = '29573'
	Aggregate  (cost=106.54..106.55 rows=1 width=8) (actual time=117.193..117.194 rows=1 loops=1)
	  Buffers: shared read=28504
	  ->  Limit  (cost=0.43..83.49 rows=1844 width=4) (actual time=0.026..115.537 rows=28812 loops=1)
	        Buffers: shared read=28504
	        ->  Index Only Scan using idx_output_snapshot_history_output_captured on output_snapshot_history  (cost=0.43..831.20 rows=18444 width=4) (actual time=0.025..113.788 rows=28812 loops=1)
	              Index Cond: (output_id = ($1)::text)
	              Heap Fetches: 28295
	              Buffers: shared read=28504
2026-10-10 08:49:36.714 UTC [1935] hel1435-S4-prod-io-base-R250000-b0-explain-r1 LOG:  duration: 1395.789 ms  plan:
	Query Text: DELETE FROM output_snapshot_history h
	             USING pipelines p, users u
	             WHERE h.output_id = ANY($1) AND h.captured_at < $2
	               AND h.pipeline_id = p.id AND p.owner_id = u.id
	               AND h.captured_at < COALESCE(($3::timestamptz[])[array_position($4::text[], u.tier)], $5)
	Query Parameters: $1 = '{o0,o1,o10,o100,o101,o102,o103,o104,o105,o106}', $2 = '2026-09-10 01:00:00-07', $3 = '{"2026-09-10 01:00:00-07","2026-07-12 01:00:00-07","2025-10-10 01:00:00-07"}', $4 = '{free,beta,owner}', $5 = '2026-09-10 01:00:00-07'
	Delete on output_snapshot_history h  (cost=5.83..239105.92 rows=0 width=0) (actual time=1395.785..1395.788 rows=0 loops=1)
	  Buffers: shared hit=46526 read=161217 dirtied=14941 written=12954
	  WAL: records=41870 fpi=11746 bytes=94784222
	  ->  Hash Join  (cost=5.83..239105.92 rows=44171 width=18) (actual time=7.125..1276.810 rows=41870 loops=1)
	        Hash Cond: (p.owner_id = u.id)
	        Join Filter: (h.captured_at < COALESCE(('{"2026-09-10 01:00:00-07","2026-07-12 01:00:00-07","2025-10-10 01:00:00-07"}'::timestamp with time zone[])[array_position('{free,beta,owner}'::text[], u.tier)], '2026-09-10 01:00:00-07'::timestamp with time zone))
	        Rows Removed by Join Filter: 120960
	        Buffers: shared hit=4656 read=161217 written=12954
	        ->  Hash Join  (cost=3.71..238741.71 rows=132514 width=36) (actual time=0.089..1241.945 rows=162830 loops=1)
	              Hash Cond: (h.pipeline_id = p.id)
	              Buffers: shared hit=4656 read=161216 written=12954
	              ->  Index Scan using idx_output_snapshot_history_captured_at on output_snapshot_history h  (cost=0.46..238375.87 rows=132514 width=17) (actual time=0.048..1222.035 rows=162830 loops=1)
	                    Index Cond: (captured_at < '2026-09-10 01:00:00-07'::timestamp with time zone)
	                    Filter: (output_id = ANY ('{o0,o1,o10,o100,o101,o102,o103,o104,o105,o106}'::text[]))
	                    Rows Removed by Filter: 2778079
	                    Buffers: shared hit=4656 read=161215 written=12954
	              ->  Hash  (cost=2.00..2.00 rows=100 width=25) (actual time=0.029..0.031 rows=100 loops=1)
	                    Buckets: 1024  Batches: 1  Memory Usage: 14kB
	                    Buffers: shared read=1
	                    ->  Seq Scan on pipelines p  (cost=0.00..2.00 rows=100 width=25) (actual time=0.009..0.017 rows=100 loops=1)
	                          Buffers: shared read=1
	        ->  Hash  (cost=1.50..1.50 rows=50 width=27) (actual time=7.013..7.013 rows=50 loops=1)
	              Buckets: 1024  Batches: 1  Memory Usage: 11kB
	              Buffers: shared read=1
	              ->  Seq Scan on users u  (cost=0.00..1.50 rows=50 width=27) (actual time=6.982..6.991 rows=50 loops=1)
	                    Buffers: shared read=1
	JIT:
	  Functions: 24
	  Options: Inlining false, Optimization false, Expressions true, Deforming true
	  Timing: Generation 0.518 ms, Inlining 0.000 ms, Optimization 0.371 ms, Emission 6.614 ms, Total 7.504 ms
2026-10-10 08:49:39.533 UTC [33]  LOG:  checkpoint complete: wrote 347 buffers (2.1%); 0 WAL file(s) added, 1 removed, 32 recycled; write=57.299 s, sync=0.368 s, total=57.830 s; sync files=4, longest=0.239 s, average=0.092 s; distance=541366 kB, estimate=575080 kB; lsn=99/37004650, redo lsn=99/183811D8
2026-10-10 08:49:40.023 UTC [33]  LOG:  checkpoint starting: wal
2026-10-10 08:49:41.037 UTC [1935] hel1435-S4-prod-io-base-R250000-b0-explain-r1 LOG:  duration: 4318.185 ms  plan:
	Query Text: DELETE FROM output_snapshot_history WHERE output_id = ANY($1) AND id IN (
	             SELECT id FROM (
	               SELECT id, age_class, bucket,
	                      row_number() OVER w AS recency,
	                      lag(age_class) OVER w AS prev_class,
	                      lag(bucket) OVER w AS prev_bucket
	               FROM (
	                 SELECT id, output_id, captured_at,
	                        CASE WHEN extract(epoch FROM ($2::timestamptz - captured_at)) < $3 THEN 0
	                             WHEN extract(epoch FROM ($4::timestamptz - captured_at)) < $5 THEN 1
	                             ELSE 2 END AS age_class,
	                        floor(extract(epoch FROM captured_at) /
	                          CASE WHEN extract(epoch FROM ($6::timestamptz - captured_at)) < $7 THEN $8
	                               WHEN extract(epoch FROM ($9::timestamptz - captured_at)) < $10 THEN $11
	                               ELSE $12 END) AS bucket
	                 FROM output_snapshot_history
	                 WHERE output_id = ANY($13)
	               ) classed
	               WINDOW w AS (PARTITION BY output_id ORDER BY captured_at DESC, id DESC)
	             ) ranked
	             WHERE recency > $14 AND prev_class = age_class AND prev_bucket = bucket)
	Query Parameters: $1 = '{o0,o1,o10,o100,o101,o102,o103,o104,o105,o106}', $2 = '2026-10-10 01:00:00-07', $3 = '86400', $4 = '2026-10-10 01:00:00-07', $5 = '604800', $6 = '2026-10-10 01:00:00-07', $7 = '86400', $8 = '300', $9 = '2026-10-10 01:00:00-07', $10 = '604800', $11 = '3600', $12 = '86400', $13 = '{o0,o1,o10,o100,o101,o102,o103,o104,o105,o106}', $14 = '102'
	Delete on output_snapshot_history  (cost=442479.86..442496.37 rows=0 width=0) (actual time=4318.179..4318.184 rows=0 loops=1)
	  Buffers: shared hit=833159 read=248180 dirtied=152786 written=140312, temp read=3415 written=3425
	  WAL: records=202380 fpi=54403 bytes=439460951
	  ->  Nested Loop  (cost=442479.86..442496.37 rows=1 width=46) (actual time=1402.282..3712.908 rows=202380 loops=1)
	        Buffers: shared hit=630779 read=248180 written=140312, temp read=3415 written=3425
	        ->  Unique  (cost=442479.40..442479.41 rows=2 width=56) (actual time=1402.212..1500.413 rows=202380 loops=1)
	              Buffers: shared hit=26 read=69413 written=1279, temp read=3415 written=3425
	              ->  Sort  (cost=442479.40..442479.41 rows=2 width=56) (actual time=1402.211..1483.957 rows=202380 loops=1)
	                    Sort Key: ranked.id
	                    Sort Method: external merge  Disk: 19432kB
	                    Buffers: shared hit=26 read=69413 written=1279, temp read=3415 written=3425
	                    ->  Subquery Scan on ranked  (cost=411170.39..442479.39 rows=2 width=56) (actual time=713.121..1352.556 rows=202380 loops=1)
	                          Filter: ((ranked.recency > 102) AND (ranked.prev_class = ranked.age_class) AND (ranked.prev_bucket = ranked.bucket))
	                          Rows Removed by Filter: 4990
	                          Buffers: shared hit=23 read=69413 written=1279, temp read=986 written=990
	                          ->  WindowAgg  (cost=411170.39..438096.13 rows=250472 width=108) (actual time=712.846..1268.741 rows=207370 loops=1)
	                                Buffers: shared hit=23 read=69413 written=1279, temp read=986 written=990
	                                ->  Sort  (cost=411170.39..411796.57 rows=250472 width=28) (actual time=712.773..730.365 rows=207370 loops=1)
	                                      Sort Key: output_snapshot_history_1.output_id, output_snapshot_history_1.captured_at DESC, output_snapshot_history_1.id DESC
	                                      Sort Method: external merge  Disk: 7888kB
	                                      Buffers: shared hit=23 read=69413 written=1279, temp read=986 written=990
	                                      ->  Bitmap Heap Scan on output_snapshot_history output_snapshot_history_1  (cost=8673.49..382714.70 rows=250472 width=28) (actual time=56.362..516.343 rows=207370 loops=1)
	                                            Recheck Cond: (output_id = ANY ('{o0,o1,o10,o100,o101,o102,o103,o104,o105,o106}'::text[]))
	                                            Rows Removed by Index Recheck: 483786
	                                            Heap Blocks: exact=33719 lossy=33982
	                                            Buffers: shared hit=17 read=69413 written=1279
	                                            ->  Bitmap Index Scan on idx_output_snapshot_history_output_captured  (cost=0.00..8610.85 rows=250472 width=0) (actual time=18.433..18.433 rows=249240 loops=1)
	                                                  Index Cond: (output_id = ANY ('{o0,o1,o10,o100,o101,o102,o103,o104,o105,o106}'::text[]))
	                                                  Buffers: shared hit=17 read=1712 written=147
	        ->  Index Scan using output_snapshot_history_pkey on output_snapshot_history  (cost=0.46..8.48 rows=1 width=22) (actual time=0.011..0.011 rows=1 loops=202380)
	              Index Cond: (id = ranked.id)
	              Filter: (output_id = ANY ('{o0,o1,o10,o100,o101,o102,o103,o104,o105,o106}'::text[]))
	              Buffers: shared hit=630753 read=178767 written=139033
	JIT:
	  Functions: 24
	  Options: Inlining false, Optimization false, Expressions true, Deforming true
	  Timing: Generation 0.534 ms, Inlining 0.000 ms, Optimization 0.336 ms, Emission 5.371 ms, Total 6.241 ms
2026-10-10 08:49:41.041 UTC [1935] hel1435-S4-prod-io-base-R250000-b0-explain-r1 LOG:  temporary file: path "base/pgsql_tmp/pgsql_tmp1935.1", size 19898368
2026-10-10 08:49:41.041 UTC [1935] hel1435-S4-prod-io-base-R250000-b0-explain-r1 STATEMENT:  DELETE FROM output_snapshot_history WHERE output_id = ANY($1) AND id IN (
	             SELECT id FROM (
	               SELECT id, age_class, bucket,
	                      row_number() OVER w AS recency,
	                      lag(age_class) OVER w AS prev_class,
	                      lag(bucket) OVER w AS prev_bucket
	               FROM (
	                 SELECT id, output_id, captured_at,
	                        CASE WHEN extract(epoch FROM ($2::timestamptz - captured_at)) < $3 THEN 0
	                             WHEN extract(epoch FROM ($4::timestamptz - captured_at)) < $5 THEN 1
	                             ELSE 2 END AS age_class,
	                        floor(extract(epoch FROM captured_at) /
	                          CASE WHEN extract(epoch FROM ($6::timestamptz - captured_at)) < $7 THEN $8
	                               WHEN extract(epoch FROM ($9::timestamptz - captured_at)) < $10 THEN $11
	                               ELSE $12 END) AS bucket
	                 FROM output_snapshot_history
	                 WHERE output_id = ANY($13)
	               ) classed
	               WINDOW w AS (PARTITION BY output_id ORDER BY captured_at DESC, id DESC)
	             ) ranked
	             WHERE recency > $14 AND prev_class = age_class AND prev_bucket = bucket)
2026-10-10 08:49:41.042 UTC [1935] hel1435-S4-prod-io-base-R250000-b0-explain-r1 LOG:  temporary file: path "base/pgsql_tmp/pgsql_tmp1935.0", size 8077312
2026-10-10 08:49:41.042 UTC [1935] hel1435-S4-prod-io-base-R250000-b0-explain-r1 STATEMENT:  DELETE FROM output_snapshot_history WHERE output_id = ANY($1) AND id IN (
	             SELECT id FROM (
	               SELECT id, age_class, bucket,
	                      row_number() OVER w AS recency,
	                      lag(age_class) OVER w AS prev_class,
	                      lag(bucket) OVER w AS prev_bucket
	               FROM (
	                 SELECT id, output_id, captured_at,
	                        CASE WHEN extract(epoch FROM ($2::timestamptz - captured_at)) < $3 THEN 0
	                             WHEN extract(epoch FROM ($4::timestamptz - captured_at)) < $5 THEN 1
	                             ELSE 2 END AS age_class,
	                        floor(extract(epoch FROM captured_at) /
	                          CASE WHEN extract(epoch FROM ($6::timestamptz - captured_at)) < $7 THEN $8
	                               WHEN extract(epoch FROM ($9::timestamptz - captured_at)) < $10 THEN $11
	                               ELSE $12 END) AS bucket
	                 FROM output_snapshot_history
	                 WHERE output_id = ANY($13)
	               ) classed
	               WINDOW w AS (PARTITION BY output_id ORDER BY captured_at DESC, id DESC)
	             ) ranked
	             WHERE recency > $14 AND prev_class = age_class AND prev_bucket = bucket)
2026-10-10 08:49:42.951 UTC [1939] hel1435-S4-prod-io-base-R250000-b0-explain-r2 LOG:  duration: 121.428 ms  plan:
	Query Text: SELECT count(*) FROM (SELECT 1 FROM output_snapshot_history WHERE output_id = $1 LIMIT $2) x
	Query Parameters: $1 = 'o0', $2 = '250001'
	Aggregate  (cost=904.60..904.61 rows=1 width=8) (actual time=121.418..121.419 rows=1 loops=1)
	  Buffers: shared read=15683 written=1614
	  ->  Limit  (cost=0.43..707.87 rows=15739 width=4) (actual time=0.037..120.507 rows=15852 loops=1)
	        Buffers: shared read=15683 written=1614
	        ->  Index Only Scan using idx_output_snapshot_history_output_captured on output_snapshot_history  (cost=0.43..707.87 rows=15739 width=4) (actual time=0.037..119.525 rows=15852 loops=1)
	              Index Cond: (output_id = 'o0'::text)
	              Heap Fetches: 15563
	              Buffers: shared read=15683 written=1614
2026-10-10 08:49:43.013 UTC [1939] hel1435-S4-prod-io-base-R250000-b0-explain-r2 LOG:  duration: 60.604 ms  plan:
	Query Text: SELECT count(*) FROM (SELECT 1 FROM output_snapshot_history WHERE output_id = $1 LIMIT $2) x
	Query Parameters: $1 = 'o1', $2 = '234149'
	Aggregate  (cost=904.60..904.61 rows=1 width=8) (actual time=60.596..60.597 rows=1 loops=1)
	  Buffers: shared hit=15575 read=108 written=13
	  ->  Limit  (cost=0.43..707.87 rows=15739 width=4) (actual time=0.019..60.007 rows=15852 loops=1)
	        Buffers: shared hit=15575 read=108 written=13
	        ->  Index Only Scan using idx_output_snapshot_history_output_captured on output_snapshot_history  (cost=0.43..707.87 rows=15739 width=4) (actual time=0.018..59.251 rows=15852 loops=1)
	              Index Cond: (output_id = 'o1'::text)
	              Heap Fetches: 15563
	              Buffers: shared hit=15575 read=108 written=13
2026-10-10 08:49:43.046 UTC [1939] hel1435-S4-prod-io-base-R250000-b0-explain-r2 LOG:  duration: 31.942 ms  plan:
	Query Text: SELECT count(*) FROM (SELECT 1 FROM output_snapshot_history WHERE output_id = $1 LIMIT $2) x
	Query Parameters: $1 = 'o10', $2 = '218297'
	Aggregate  (cost=904.60..904.61 rows=1 width=8) (actual time=31.933..31.934 rows=1 loops=1)
	  Buffers: shared hit=6792 read=8890 written=50
	  ->  Limit  (cost=0.43..707.87 rows=15739 width=4) (actual time=0.051..31.179 rows=15852 loops=1)
	        Buffers: shared hit=6792 read=8890 written=50
	        ->  Index Only Scan using idx_output_snapshot_history_output_captured on output_snapshot_history  (cost=0.43..707.87 rows=15739 width=4) (actual time=0.050..30.297 rows=15852 loops=1)
	              Index Cond: (output_id = 'o10'::text)
	              Heap Fetches: 15563
	              Buffers: shared hit=6792 read=8890 written=50
2026-10-10 08:49:43.221 UTC [1939] hel1435-S4-prod-io-base-R250000-b0-explain-r2 LOG:  duration: 174.687 ms  plan:
	Query Text: SELECT count(*) FROM (SELECT 1 FROM output_snapshot_history WHERE output_id = $1 LIMIT $2) x
	Query Parameters: $1 = 'o100', $2 = '202445'
	Aggregate  (cost=1548.27..1548.28 rows=1 width=8) (actual time=174.677..174.678 rows=1 loops=1)
	  Buffers: shared hit=5 read=28500
	  ->  Limit  (cost=0.43..1211.67 rows=26928 width=4) (actual time=0.023..173.089 rows=28812 loops=1)
	        Buffers: shared hit=5 read=28500
	        ->  Index Only Scan using idx_output_snapshot_history_output_captured on output_snapshot_history  (cost=0.43..1211.67 rows=26928 width=4) (actual time=0.022..171.328 rows=28812 loops=1)
	              Index Cond: (output_id = 'o100'::text)
	              Heap Fetches: 28295
	              Buffers: shared hit=5 read=28500
2026-10-10 08:49:43.349 UTC [1939] hel1435-S4-prod-io-base-R250000-b0-explain-r2 LOG:  duration: 126.513 ms  plan:
	Query Text: SELECT count(*) FROM (SELECT 1 FROM output_snapshot_history WHERE output_id = $1 LIMIT $2) x
	Query Parameters: $1 = 'o101', $2 = '173633'
	Aggregate  (cost=1646.07..1646.08 rows=1 width=8) (actual time=126.504..126.505 rows=1 loops=1)
	  Buffers: shared hit=1 read=28504
	  ->  Limit  (cost=0.43..1288.72 rows=28588 width=4) (actual time=0.038..124.872 rows=28812 loops=1)
	        Buffers: shared hit=1 read=28504
	        ->  Index Only Scan using idx_output_snapshot_history_output_captured on output_snapshot_history  (cost=0.43..1288.72 rows=28588 width=4) (actual time=0.037..123.124 rows=28812 loops=1)
	              Index Cond: (output_id = 'o101'::text)
	              Heap Fetches: 28295
	              Buffers: shared hit=1 read=28504
2026-10-10 08:49:43.519 UTC [1939] hel1435-S4-prod-io-base-R250000-b0-explain-r2 LOG:  duration: 169.427 ms  plan:
	Query Text: SELECT count(*) FROM (SELECT 1 FROM output_snapshot_history WHERE output_id = $1 LIMIT $2) x
	Query Parameters: $1 = 'o102', $2 = '144821'
	Aggregate  (cost=2025.27..2025.28 rows=1 width=8) (actual time=169.419..169.421 rows=1 loops=1)
	  Buffers: shared hit=1 read=28503
	  ->  Limit  (cost=0.43..1584.92 rows=35228 width=4) (actual time=0.022..167.853 rows=28812 loops=1)
	        Buffers: shared hit=1 read=28503
	        ->  Index Only Scan using idx_output_snapshot_history_output_captured on output_snapshot_history  (cost=0.43..1584.92 rows=35228 width=4) (actual time=0.022..166.163 rows=28812 loops=1)
	              Index Cond: (output_id = 'o102'::text)
	              Heap Fetches: 28295
	              Buffers: shared hit=1 read=28503
2026-10-10 08:49:43.641 UTC [1939] hel1435-S4-prod-io-base-R250000-b0-explain-r2 LOG:  duration: 121.405 ms  plan:
	Query Text: SELECT count(*) FROM (SELECT 1 FROM output_snapshot_history WHERE output_id = $1 LIMIT $2) x
	Query Parameters: $1 = 'o103', $2 = '116009'
	Aggregate  (cost=1730.35..1730.36 rows=1 width=8) (actual time=121.397..121.398 rows=1 loops=1)
	  Buffers: shared read=28505
	  ->  Limit  (cost=0.43..1354.55 rows=30064 width=4) (actual time=0.029..119.748 rows=28812 loops=1)
	        Buffers: shared read=28505
	        ->  Index Only Scan using idx_output_snapshot_history_output_captured on output_snapshot_history  (cost=0.43..1354.55 rows=30064 width=4) (actual time=0.029..117.972 rows=28812 loops=1)
	              Index Cond: (output_id = 'o103'::text)
	              Heap Fetches: 28295
	              Buffers: shared read=28505
2026-10-10 08:49:43.762 UTC [1939] hel1435-S4-prod-io-base-R250000-b0-explain-r2 LOG:  duration: 120.005 ms  plan:
	Query Text: SELECT count(*) FROM (SELECT 1 FROM output_snapshot_history WHERE output_id = $1 LIMIT $2) x
	Query Parameters: $1 = 'o104', $2 = '87197'
	Aggregate  (cost=1464.02..1464.03 rows=1 width=8) (actual time=119.997..119.998 rows=1 loops=1)
	  Buffers: shared hit=1 read=28504
	  ->  Limit  (cost=0.43..1145.86 rows=25453 width=4) (actual time=0.025..118.481 rows=28812 loops=1)
	        Buffers: shared hit=1 read=28504
	        ->  Index Only Scan using idx_output_snapshot_history_output_captured on output_snapshot_history  (cost=0.43..1145.86 rows=25453 width=4) (actual time=0.025..116.559 rows=28812 loops=1)
	              Index Cond: (output_id = 'o104'::text)
	              Heap Fetches: 28295
	              Buffers: shared hit=1 read=28504
2026-10-10 08:49:43.933 UTC [1939] hel1435-S4-prod-io-base-R250000-b0-explain-r2 LOG:  duration: 169.666 ms  plan:
	Query Text: SELECT count(*) FROM (SELECT 1 FROM output_snapshot_history WHERE output_id = $1 LIMIT $2) x
	Query Parameters: $1 = 'o105', $2 = '58385'
	Aggregate  (cost=1529.20..1529.21 rows=1 width=8) (actual time=169.658..169.659 rows=1 loops=1)
	  Buffers: shared hit=1 read=28503
	  ->  Limit  (cost=0.43..1197.21 rows=26559 width=4) (actual time=0.032..168.149 rows=28812 loops=1)
	        Buffers: shared hit=1 read=28503
	        ->  Index Only Scan using idx_output_snapshot_history_output_captured on output_snapshot_history  (cost=0.43..1197.21 rows=26559 width=4) (actual time=0.031..166.418 rows=28812 loops=1)
	              Index Cond: (output_id = 'o105'::text)
	              Heap Fetches: 28295
	              Buffers: shared hit=1 read=28503
2026-10-10 08:49:44.056 UTC [1939] hel1435-S4-prod-io-base-R250000-b0-explain-r2 LOG:  duration: 122.633 ms  plan:
	Query Text: SELECT count(*) FROM (SELECT 1 FROM output_snapshot_history WHERE output_id = $1 LIMIT $2) x
	Query Parameters: $1 = 'o106', $2 = '29573'
	Aggregate  (cost=106.54..106.55 rows=1 width=8) (actual time=122.625..122.626 rows=1 loops=1)
	  Buffers: shared read=28504
	  ->  Limit  (cost=0.43..83.49 rows=1844 width=4) (actual time=0.034..121.080 rows=28812 loops=1)
	        Buffers: shared read=28504
	        ->  Index Only Scan using idx_output_snapshot_history_output_captured on output_snapshot_history  (cost=0.43..831.20 rows=18444 width=4) (actual time=0.032..119.388 rows=28812 loops=1)
	              Index Cond: (output_id = ($1)::text)
	              Heap Fetches: 28295
	              Buffers: shared read=28504
2026-10-10 08:49:45.612 UTC [1939] hel1435-S4-prod-io-base-R250000-b0-explain-r2 LOG:  duration: 1490.785 ms  plan:
	Query Text: DELETE FROM output_snapshot_history h
	             USING pipelines p, users u
	             WHERE h.output_id = ANY($1) AND h.captured_at < $2
	               AND h.pipeline_id = p.id AND p.owner_id = u.id
	               AND h.captured_at < COALESCE(($3::timestamptz[])[array_position($4::text[], u.tier)], $5)
	Query Parameters: $1 = '{o0,o1,o10,o100,o101,o102,o103,o104,o105,o106}', $2 = '2026-09-10 01:00:00-07', $3 = '{"2026-09-10 01:00:00-07","2026-07-12 01:00:00-07","2025-10-10 01:00:00-07"}', $4 = '{free,beta,owner}', $5 = '2026-09-10 01:00:00-07'
	Delete on output_snapshot_history h  (cost=5.83..239105.92 rows=0 width=0) (actual time=1490.780..1490.783 rows=0 loops=1)
	  Buffers: shared hit=46526 read=161217 dirtied=14941 written=12954
	  WAL: records=41870 fpi=14941 bytes=119951237
	  ->  Hash Join  (cost=5.83..239105.92 rows=44171 width=18) (actual time=6.476..1378.936 rows=41870 loops=1)
	        Hash Cond: (p.owner_id = u.id)
	        Join Filter: (h.captured_at < COALESCE(('{"2026-09-10 01:00:00-07","2026-07-12 01:00:00-07","2025-10-10 01:00:00-07"}'::timestamp with time zone[])[array_position('{free,beta,owner}'::text[], u.tier)], '2026-09-10 01:00:00-07'::timestamp with time zone))
	        Rows Removed by Join Filter: 120960
	        Buffers: shared hit=4656 read=161217 written=12954
	        ->  Hash Join  (cost=3.71..238741.71 rows=132514 width=36) (actual time=0.068..1343.852 rows=162830 loops=1)
	              Hash Cond: (h.pipeline_id = p.id)
	              Buffers: shared hit=4656 read=161216 written=12954
	              ->  Index Scan using idx_output_snapshot_history_captured_at on output_snapshot_history h  (cost=0.46..238375.87 rows=132514 width=17) (actual time=0.038..1323.633 rows=162830 loops=1)
	                    Index Cond: (captured_at < '2026-09-10 01:00:00-07'::timestamp with time zone)
	                    Filter: (output_id = ANY ('{o0,o1,o10,o100,o101,o102,o103,o104,o105,o106}'::text[]))
	                    Rows Removed by Filter: 2778079
	                    Buffers: shared hit=4656 read=161215 written=12954
	              ->  Hash  (cost=2.00..2.00 rows=100 width=25) (actual time=0.020..0.021 rows=100 loops=1)
	                    Buckets: 1024  Batches: 1  Memory Usage: 14kB
	                    Buffers: shared read=1
	                    ->  Seq Scan on pipelines p  (cost=0.00..2.00 rows=100 width=25) (actual time=0.008..0.012 rows=100 loops=1)
	                          Buffers: shared read=1
	        ->  Hash  (cost=1.50..1.50 rows=50 width=27) (actual time=6.386..6.387 rows=50 loops=1)
	              Buckets: 1024  Batches: 1  Memory Usage: 11kB
	              Buffers: shared read=1
	              ->  Seq Scan on users u  (cost=0.00..1.50 rows=50 width=27) (actual time=6.365..6.370 rows=50 loops=1)
	                    Buffers: shared read=1
	JIT:
	  Functions: 24
	  Options: Inlining false, Optimization false, Expressions true, Deforming true
	  Timing: Generation 0.695 ms, Inlining 0.000 ms, Optimization 0.416 ms, Emission 5.947 ms, Total 7.058 ms
2026-10-10 08:49:48.346 UTC [33]  LOG:  checkpoint complete: wrote 1013 buffers (6.2%); 0 WAL file(s) added, 0 removed, 33 recycled; write=8.008 s, sync=0.209 s, total=8.323 s; sync files=4, longest=0.140 s, average=0.053 s; distance=538974 kB, estimate=571469 kB; lsn=99/574DE1C8, redo lsn=99/391D8AF8
2026-10-10 08:49:49.536 UTC [1939] hel1435-S4-prod-io-base-R250000-b0-explain-r2 LOG:  duration: 3921.431 ms  plan:
	Query Text: DELETE FROM output_snapshot_history WHERE output_id = ANY($1) AND id IN (
	             SELECT id FROM (
	               SELECT id, age_class, bucket,
	                      row_number() OVER w AS recency,
	                      lag(age_class) OVER w AS prev_class,
	                      lag(bucket) OVER w AS prev_bucket
	               FROM (
	                 SELECT id, output_id, captured_at,
	                        CASE WHEN extract(epoch FROM ($2::timestamptz - captured_at)) < $3 THEN 0
	                             WHEN extract(epoch FROM ($4::timestamptz - captured_at)) < $5 THEN 1
	                             ELSE 2 END AS age_class,
	                        floor(extract(epoch FROM captured_at) /
	                          CASE WHEN extract(epoch FROM ($6::timestamptz - captured_at)) < $7 THEN $8
	                               WHEN extract(epoch FROM ($9::timestamptz - captured_at)) < $10 THEN $11
	                               ELSE $12 END) AS bucket
	                 FROM output_snapshot_history
	                 WHERE output_id = ANY($13)
	               ) classed
	               WINDOW w AS (PARTITION BY output_id ORDER BY captured_at DESC, id DESC)
	             ) ranked
	             WHERE recency > $14 AND prev_class = age_class AND prev_bucket = bucket)
	Query Parameters: $1 = '{o0,o1,o10,o100,o101,o102,o103,o104,o105,o106}', $2 = '2026-10-10 01:00:00-07', $3 = '86400', $4 = '2026-10-10 01:00:00-07', $5 = '604800', $6 = '2026-10-10 01:00:00-07', $7 = '86400', $8 = '300', $9 = '2026-10-10 01:00:00-07', $10 = '604800', $11 = '3600', $12 = '86400', $13 = '{o0,o1,o10,o100,o101,o102,o103,o104,o105,o106}', $14 = '102'
	Delete on output_snapshot_history  (cost=442479.86..442496.37 rows=0 width=0) (actual time=3921.426..3921.430 rows=0 loops=1)
	  Buffers: shared hit=833177 read=248162 dirtied=152670 written=141342, temp read=3415 written=3425
	  WAL: records=202380 fpi=17046 bytes=145199862
	  ->  Nested Loop  (cost=442479.86..442496.37 rows=1 width=46) (actual time=1421.259..3766.619 rows=202380 loops=1)
	        Buffers: shared hit=630797 read=248162 written=141342, temp read=3415 written=3425
	        ->  Unique  (cost=442479.40..442479.41 rows=2 width=56) (actual time=1421.194..1512.238 rows=202380 loops=1)
	              Buffers: shared hit=26 read=69413 written=1279, temp read=3415 written=3425
	              ->  Sort  (cost=442479.40..442479.41 rows=2 width=56) (actual time=1421.192..1496.305 rows=202380 loops=1)
	                    Sort Key: ranked.id
	                    Sort Method: external merge  Disk: 19432kB
	                    Buffers: shared hit=26 read=69413 written=1279, temp read=3415 written=3425
	                    ->  Subquery Scan on ranked  (cost=411170.39..442479.39 rows=2 width=56) (actual time=723.121..1321.069 rows=202380 loops=1)
	                          Filter: ((ranked.recency > 102) AND (ranked.prev_class = ranked.age_class) AND (ranked.prev_bucket = ranked.bucket))
	                          Rows Removed by Filter: 4990
	                          Buffers: shared hit=23 read=69413 written=1279, temp read=986 written=990
	                          ->  WindowAgg  (cost=411170.39..438096.13 rows=250472 width=108) (actual time=722.848..1236.314 rows=207370 loops=1)
	                                Buffers: shared hit=23 read=69413 written=1279, temp read=986 written=990
	                                ->  Sort  (cost=411170.39..411796.57 rows=250472 width=28) (actual time=722.775..741.331 rows=207370 loops=1)
	                                      Sort Key: output_snapshot_history_1.output_id, output_snapshot_history_1.captured_at DESC, output_snapshot_history_1.id DESC
	                                      Sort Method: external merge  Disk: 7888kB
	                                      Buffers: shared hit=23 read=69413 written=1279, temp read=986 written=990
	                                      ->  Bitmap Heap Scan on output_snapshot_history output_snapshot_history_1  (cost=8673.49..382714.70 rows=250472 width=28) (actual time=40.390..474.363 rows=207370 loops=1)
	                                            Recheck Cond: (output_id = ANY ('{o0,o1,o10,o100,o101,o102,o103,o104,o105,o106}'::text[]))
	                                            Rows Removed by Index Recheck: 483786
	                                            Heap Blocks: exact=33719 lossy=33982
	                                            Buffers: shared hit=17 read=69413 written=1279
	                                            ->  Bitmap Index Scan on idx_output_snapshot_history_output_captured  (cost=0.00..8610.85 rows=250472 width=0) (actual time=17.597..17.597 rows=249240 loops=1)
	                                                  Index Cond: (output_id = ANY ('{o0,o1,o10,o100,o101,o102,o103,o104,o105,o106}'::text[]))
	                                                  Buffers: shared hit=17 read=1712 written=147
	        ->  Index Scan using output_snapshot_history_pkey on output_snapshot_history  (cost=0.46..8.48 rows=1 width=22) (actual time=0.011..0.011 rows=1 loops=202380)
	              Index Cond: (id = ranked.id)
	              Filter: (output_id = ANY ('{o0,o1,o10,o100,o101,o102,o103,o104,o105,o106}'::text[]))
	              Buffers: shared hit=630771 read=178749 written=140063
	JIT:
	  Functions: 24
	  Options: Inlining false, Optimization false, Expressions true, Deforming true
	  Timing: Generation 0.656 ms, Inlining 0.000 ms, Optimization 0.336 ms, Emission 5.153 ms, Total 6.145 ms
2026-10-10 08:49:49.538 UTC [1939] hel1435-S4-prod-io-base-R250000-b0-explain-r2 LOG:  temporary file: path "base/pgsql_tmp/pgsql_tmp1939.1", size 19898368
2026-10-10 08:49:49.538 UTC [1939] hel1435-S4-prod-io-base-R250000-b0-explain-r2 STATEMENT:  DELETE FROM output_snapshot_history WHERE output_id = ANY($1) AND id IN (
	             SELECT id FROM (
	               SELECT id, age_class, bucket,
	                      row_number() OVER w AS recency,
	                      lag(age_class) OVER w AS prev_class,
	                      lag(bucket) OVER w AS prev_bucket
	               FROM (
	                 SELECT id, output_id, captured_at,
	                        CASE WHEN extract(epoch FROM ($2::timestamptz - captured_at)) < $3 THEN 0
	                             WHEN extract(epoch FROM ($4::timestamptz - captured_at)) < $5 THEN 1
	                             ELSE 2 END AS age_class,
	                        floor(extract(epoch FROM captured_at) /
	                          CASE WHEN extract(epoch FROM ($6::timestamptz - captured_at)) < $7 THEN $8
	                               WHEN extract(epoch FROM ($9::timestamptz - captured_at)) < $10 THEN $11
	                               ELSE $12 END) AS bucket
	                 FROM output_snapshot_history
	                 WHERE output_id = ANY($13)
	               ) classed
	               WINDOW w AS (PARTITION BY output_id ORDER BY captured_at DESC, id DESC)
	             ) ranked
	             WHERE recency > $14 AND prev_class = age_class AND prev_bucket = bucket)
2026-10-10 08:49:49.540 UTC [1939] hel1435-S4-prod-io-base-R250000-b0-explain-r2 LOG:  temporary file: path "base/pgsql_tmp/pgsql_tmp1939.0", size 8077312
2026-10-10 08:49:49.540 UTC [1939] hel1435-S4-prod-io-base-R250000-b0-explain-r2 STATEMENT:  DELETE FROM output_snapshot_history WHERE output_id = ANY($1) AND id IN (
	             SELECT id FROM (
	               SELECT id, age_class, bucket,
	                      row_number() OVER w AS recency,
	                      lag(age_class) OVER w AS prev_class,
	                      lag(bucket) OVER w AS prev_bucket
	               FROM (
	                 SELECT id, output_id, captured_at,
	                        CASE WHEN extract(epoch FROM ($2::timestamptz - captured_at)) < $3 THEN 0
	                             WHEN extract(epoch FROM ($4::timestamptz - captured_at)) < $5 THEN 1
	                             ELSE 2 END AS age_class,
	                        floor(extract(epoch FROM captured_at) /
	                          CASE WHEN extract(epoch FROM ($6::timestamptz - captured_at)) < $7 THEN $8
	                               WHEN extract(epoch FROM ($9::timestamptz - captured_at)) < $10 THEN $11
	                               ELSE $12 END) AS bucket
	                 FROM output_snapshot_history
	                 WHERE output_id = ANY($13)
	               ) classed
	               WINDOW w AS (PARTITION BY output_id ORDER BY captured_at DESC, id DESC)
	             ) ranked
	             WHERE recency > $14 AND prev_class = age_class AND prev_bucket = bucket)
2026-10-10 08:49:51.236 UTC [1942] hel1435-S4-prod-io-base-R250000-b0-explain-r3 LOG:  duration: 109.785 ms  plan:
	Query Text: SELECT count(*) FROM (SELECT 1 FROM output_snapshot_history WHERE output_id = $1 LIMIT $2) x
	Query Parameters: $1 = 'o0', $2 = '250001'
	Aggregate  (cost=904.60..904.61 rows=1 width=8) (actual time=109.777..109.778 rows=1 loops=1)
	  Buffers: shared read=15683 written=1607
	  ->  Limit  (cost=0.43..707.87 rows=15739 width=4) (actual time=0.031..108.946 rows=15852 loops=1)
	        Buffers: shared read=15683 written=1607
	        ->  Index Only Scan using idx_output_snapshot_history_output_captured on output_snapshot_history  (cost=0.43..707.87 rows=15739 width=4) (actual time=0.031..108.024 rows=15852 loops=1)
	              Index Cond: (output_id = 'o0'::text)
	              Heap Fetches: 15563
	              Buffers: shared read=15683 written=1607
2026-10-10 08:49:51.244 UTC [1942] hel1435-S4-prod-io-base-R250000-b0-explain-r3 LOG:  duration: 6.886 ms  plan:
	Query Text: SELECT count(*) FROM (SELECT 1 FROM output_snapshot_history WHERE output_id = $1 LIMIT $2) x
	Query Parameters: $1 = 'o1', $2 = '234149'
	Aggregate  (cost=904.60..904.61 rows=1 width=8) (actual time=6.884..6.884 rows=1 loops=1)
	  Buffers: shared hit=15575 read=108 written=10
	  ->  Limit  (cost=0.43..707.87 rows=15739 width=4) (actual time=0.016..6.456 rows=15852 loops=1)
	        Buffers: shared hit=15575 read=108 written=10
	        ->  Index Only Scan using idx_output_snapshot_history_output_captured on output_snapshot_history  (cost=0.43..707.87 rows=15739 width=4) (actual time=0.015..5.828 rows=15852 loops=1)
	              Index Cond: (output_id = 'o1'::text)
	              Heap Fetches: 15563
	              Buffers: shared hit=15575 read=108 written=10
2026-10-10 08:49:51.321 UTC [1942] hel1435-S4-prod-io-base-R250000-b0-explain-r3 LOG:  duration: 76.233 ms  plan:
	Query Text: SELECT count(*) FROM (SELECT 1 FROM output_snapshot_history WHERE output_id = $1 LIMIT $2) x
	Query Parameters: $1 = 'o10', $2 = '218297'
	Aggregate  (cost=904.60..904.61 rows=1 width=8) (actual time=76.225..76.226 rows=1 loops=1)
	  Buffers: shared hit=6792 read=8890 written=53
	  ->  Limit  (cost=0.43..707.87 rows=15739 width=4) (actual time=0.020..75.571 rows=15852 loops=1)
	        Buffers: shared hit=6792 read=8890 written=53
	        ->  Index Only Scan using idx_output_snapshot_history_output_captured on output_snapshot_history  (cost=0.43..707.87 rows=15739 width=4) (actual time=0.019..74.780 rows=15852 loops=1)
	              Index Cond: (output_id = 'o10'::text)
	              Heap Fetches: 15563
	              Buffers: shared hit=6792 read=8890 written=53
2026-10-10 08:49:51.431 UTC [1942] hel1435-S4-prod-io-base-R250000-b0-explain-r3 LOG:  duration: 109.390 ms  plan:
	Query Text: SELECT count(*) FROM (SELECT 1 FROM output_snapshot_history WHERE output_id = $1 LIMIT $2) x
	Query Parameters: $1 = 'o100', $2 = '202445'
	Aggregate  (cost=1548.27..1548.28 rows=1 width=8) (actual time=109.382..109.384 rows=1 loops=1)
	  Buffers: shared hit=5 read=28500
	  ->  Limit  (cost=0.43..1211.67 rows=26928 width=4) (actual time=0.022..107.936 rows=28812 loops=1)
	        Buffers: shared hit=5 read=28500
	        ->  Index Only Scan using idx_output_snapshot_history_output_captured on output_snapshot_history  (cost=0.43..1211.67 rows=26928 width=4) (actual time=0.022..106.277 rows=28812 loops=1)
	              Index Cond: (output_id = 'o100'::text)
	              Heap Fetches: 28295
	              Buffers: shared hit=5 read=28500
2026-10-10 08:49:51.541 UTC [1942] hel1435-S4-prod-io-base-R250000-b0-explain-r3 LOG:  duration: 109.862 ms  plan:
	Query Text: SELECT count(*) FROM (SELECT 1 FROM output_snapshot_history WHERE output_id = $1 LIMIT $2) x
	Query Parameters: $1 = 'o101', $2 = '173633'
	Aggregate  (cost=1646.07..1646.08 rows=1 width=8) (actual time=109.854..109.855 rows=1 loops=1)
	  Buffers: shared hit=1 read=28504
	  ->  Limit  (cost=0.43..1288.72 rows=28588 width=4) (actual time=0.033..108.343 rows=28812 loops=1)
	        Buffers: shared hit=1 read=28504
	        ->  Index Only Scan using idx_output_snapshot_history_output_captured on output_snapshot_history  (cost=0.43..1288.72 rows=28588 width=4) (actual time=0.032..106.689 rows=28812 loops=1)
	              Index Cond: (output_id = 'o101'::text)
	              Heap Fetches: 28295
	              Buffers: shared hit=1 read=28504
2026-10-10 08:49:51.652 UTC [1942] hel1435-S4-prod-io-base-R250000-b0-explain-r3 LOG:  duration: 109.424 ms  plan:
	Query Text: SELECT count(*) FROM (SELECT 1 FROM output_snapshot_history WHERE output_id = $1 LIMIT $2) x
	Query Parameters: $1 = 'o102', $2 = '144821'
	Aggregate  (cost=2025.27..2025.28 rows=1 width=8) (actual time=109.417..109.418 rows=1 loops=1)
	  Buffers: shared hit=1 read=28503
	  ->  Limit  (cost=0.43..1584.92 rows=35228 width=4) (actual time=0.022..107.897 rows=28812 loops=1)
	        Buffers: shared hit=1 read=28503
	        ->  Index Only Scan using idx_output_snapshot_history_output_captured on output_snapshot_history  (cost=0.43..1584.92 rows=35228 width=4) (actual time=0.022..106.251 rows=28812 loops=1)
	              Index Cond: (output_id = 'o102'::text)
	              Heap Fetches: 28295
	              Buffers: shared hit=1 read=28503
2026-10-10 08:49:51.761 UTC [1942] hel1435-S4-prod-io-base-R250000-b0-explain-r3 LOG:  duration: 108.240 ms  plan:
	Query Text: SELECT count(*) FROM (SELECT 1 FROM output_snapshot_history WHERE output_id = $1 LIMIT $2) x
	Query Parameters: $1 = 'o103', $2 = '116009'
	Aggregate  (cost=1730.35..1730.36 rows=1 width=8) (actual time=108.232..108.233 rows=1 loops=1)
	  Buffers: shared read=28505
	  ->  Limit  (cost=0.43..1354.55 rows=30064 width=4) (actual time=0.021..106.704 rows=28812 loops=1)
	        Buffers: shared read=28505
	        ->  Index Only Scan using idx_output_snapshot_history_output_captured on output_snapshot_history  (cost=0.43..1354.55 rows=30064 width=4) (actual time=0.021..105.055 rows=28812 loops=1)
	              Index Cond: (output_id = 'o103'::text)
	              Heap Fetches: 28295
	              Buffers: shared read=28505
2026-10-10 08:49:51.922 UTC [1942] hel1435-S4-prod-io-base-R250000-b0-explain-r3 LOG:  duration: 160.425 ms  plan:
	Query Text: SELECT count(*) FROM (SELECT 1 FROM output_snapshot_history WHERE output_id = $1 LIMIT $2) x
	Query Parameters: $1 = 'o104', $2 = '87197'
	Aggregate  (cost=1464.02..1464.03 rows=1 width=8) (actual time=160.418..160.419 rows=1 loops=1)
	  Buffers: shared hit=1 read=28504
	  ->  Limit  (cost=0.43..1145.86 rows=25453 width=4) (actual time=0.020..158.893 rows=28812 loops=1)
	        Buffers: shared hit=1 read=28504
	        ->  Index Only Scan using idx_output_snapshot_history_output_captured on output_snapshot_history  (cost=0.43..1145.86 rows=25453 width=4) (actual time=0.019..157.222 rows=28812 loops=1)
	              Index Cond: (output_id = 'o104'::text)
	              Heap Fetches: 28295
	              Buffers: shared hit=1 read=28504
2026-10-10 08:49:52.031 UTC [1942] hel1435-S4-prod-io-base-R250000-b0-explain-r3 LOG:  duration: 109.030 ms  plan:
	Query Text: SELECT count(*) FROM (SELECT 1 FROM output_snapshot_history WHERE output_id = $1 LIMIT $2) x
	Query Parameters: $1 = 'o105', $2 = '58385'
	Aggregate  (cost=1529.20..1529.21 rows=1 width=8) (actual time=109.022..109.024 rows=1 loops=1)
	  Buffers: shared hit=1 read=28503
	  ->  Limit  (cost=0.43..1197.21 rows=26559 width=4) (actual time=0.024..107.490 rows=28812 loops=1)
	        Buffers: shared hit=1 read=28503
	        ->  Index Only Scan using idx_output_snapshot_history_output_captured on output_snapshot_history  (cost=0.43..1197.21 rows=26559 width=4) (actual time=0.023..105.831 rows=28812 loops=1)
	              Index Cond: (output_id = 'o105'::text)
	              Heap Fetches: 28295
	              Buffers: shared hit=1 read=28503
2026-10-10 08:49:52.142 UTC [1942] hel1435-S4-prod-io-base-R250000-b0-explain-r3 LOG:  duration: 110.113 ms  plan:
	Query Text: SELECT count(*) FROM (SELECT 1 FROM output_snapshot_history WHERE output_id = $1 LIMIT $2) x
	Query Parameters: $1 = 'o106', $2 = '29573'
	Aggregate  (cost=106.54..106.55 rows=1 width=8) (actual time=110.105..110.106 rows=1 loops=1)
	  Buffers: shared read=28504
	  ->  Limit  (cost=0.43..83.49 rows=1844 width=4) (actual time=0.033..108.663 rows=28812 loops=1)
	        Buffers: shared read=28504
	        ->  Index Only Scan using idx_output_snapshot_history_output_captured on output_snapshot_history  (cost=0.43..831.20 rows=18444 width=4) (actual time=0.032..107.037 rows=28812 loops=1)
	              Index Cond: (output_id = ($1)::text)
	              Heap Fetches: 28295
	              Buffers: shared read=28504
2026-10-10 08:49:53.323 UTC [1942] hel1435-S4-prod-io-base-R250000-b0-explain-r3 LOG:  duration: 1166.643 ms  plan:
	Query Text: DELETE FROM output_snapshot_history h
	             USING pipelines p, users u
	             WHERE h.output_id = ANY($1) AND h.captured_at < $2
	               AND h.pipeline_id = p.id AND p.owner_id = u.id
	               AND h.captured_at < COALESCE(($3::timestamptz[])[array_position($4::text[], u.tier)], $5)
	Query Parameters: $1 = '{o0,o1,o10,o100,o101,o102,o103,o104,o105,o106}', $2 = '2026-09-10 01:00:00-07', $3 = '{"2026-09-10 01:00:00-07","2026-07-12 01:00:00-07","2025-10-10 01:00:00-07"}', $4 = '{free,beta,owner}', $5 = '2026-09-10 01:00:00-07'
	Delete on output_snapshot_history h  (cost=5.83..239105.92 rows=0 width=0) (actual time=1166.639..1166.642 rows=0 loops=1)
	  Buffers: shared hit=46526 read=161217 dirtied=14941 written=13154
	  WAL: records=41870 bytes=2260980
	  ->  Hash Join  (cost=5.83..239105.92 rows=44171 width=18) (actual time=5.901..1155.773 rows=41870 loops=1)
	        Hash Cond: (p.owner_id = u.id)
	        Join Filter: (h.captured_at < COALESCE(('{"2026-09-10 01:00:00-07","2026-07-12 01:00:00-07","2025-10-10 01:00:00-07"}'::timestamp with time zone[])[array_position('{free,beta,owner}'::text[], u.tier)], '2026-09-10 01:00:00-07'::timestamp with time zone))
	        Rows Removed by Join Filter: 120960
	        Buffers: shared hit=4656 read=161217 written=13154
	        ->  Hash Join  (cost=3.71..238741.71 rows=132514 width=36) (actual time=0.049..1076.972 rows=162830 loops=1)
	              Hash Cond: (h.pipeline_id = p.id)
	              Buffers: shared hit=4656 read=161216 written=13154
	              ->  Index Scan using idx_output_snapshot_history_captured_at on output_snapshot_history h  (cost=0.46..238375.87 rows=132514 width=17) (actual time=0.025..1059.442 rows=162830 loops=1)
	                    Index Cond: (captured_at < '2026-09-10 01:00:00-07'::timestamp with time zone)
	                    Filter: (output_id = ANY ('{o0,o1,o10,o100,o101,o102,o103,o104,o105,o106}'::text[]))
	                    Rows Removed by Filter: 2778079
	                    Buffers: shared hit=4656 read=161215 written=13154
	              ->  Hash  (cost=2.00..2.00 rows=100 width=25) (actual time=0.018..0.019 rows=100 loops=1)
	                    Buckets: 1024  Batches: 1  Memory Usage: 14kB
	                    Buffers: shared read=1
	                    ->  Seq Scan on pipelines p  (cost=0.00..2.00 rows=100 width=25) (actual time=0.006..0.011 rows=100 loops=1)
	                          Buffers: shared read=1
	        ->  Hash  (cost=1.50..1.50 rows=50 width=27) (actual time=5.835..5.836 rows=50 loops=1)
	              Buckets: 1024  Batches: 1  Memory Usage: 11kB
	              Buffers: shared read=1
	              ->  Seq Scan on users u  (cost=0.00..1.50 rows=50 width=27) (actual time=5.820..5.824 rows=50 loops=1)
	                    Buffers: shared read=1
	JIT:
	  Functions: 24
	  Options: Inlining false, Optimization false, Expressions true, Deforming true
	  Timing: Generation 0.524 ms, Inlining 0.000 ms, Optimization 0.337 ms, Emission 5.489 ms, Total 6.350 ms
2026-10-10 08:49:55.842 UTC [33]  LOG:  checkpoints are occurring too frequently (15 seconds apart)
2026-10-10 08:49:55.842 UTC [33]  HINT:  Consider increasing the configuration parameter "max_wal_size".
2026-10-10 08:49:55.842 UTC [33]  LOG:  checkpoint starting: wal
2026-10-10 08:49:56.678 UTC [1942] hel1435-S4-prod-io-base-R250000-b0-explain-r3 LOG:  duration: 3353.251 ms  plan:
	Query Text: DELETE FROM output_snapshot_history WHERE output_id = ANY($1) AND id IN (
	             SELECT id FROM (
	               SELECT id, age_class, bucket,
	                      row_number() OVER w AS recency,
	                      lag(age_class) OVER w AS prev_class,
	                      lag(bucket) OVER w AS prev_bucket
	               FROM (
	                 SELECT id, output_id, captured_at,
	                        CASE WHEN extract(epoch FROM ($2::timestamptz - captured_at)) < $3 THEN 0
	                             WHEN extract(epoch FROM ($4::timestamptz - captured_at)) < $5 THEN 1
	                             ELSE 2 END AS age_class,
	                        floor(extract(epoch FROM captured_at) /
	                          CASE WHEN extract(epoch FROM ($6::timestamptz - captured_at)) < $7 THEN $8
	                               WHEN extract(epoch FROM ($9::timestamptz - captured_at)) < $10 THEN $11
	                               ELSE $12 END) AS bucket
	                 FROM output_snapshot_history
	                 WHERE output_id = ANY($13)
	               ) classed
	               WINDOW w AS (PARTITION BY output_id ORDER BY captured_at DESC, id DESC)
	             ) ranked
	             WHERE recency > $14 AND prev_class = age_class AND prev_bucket = bucket)
	Query Parameters: $1 = '{o0,o1,o10,o100,o101,o102,o103,o104,o105,o106}', $2 = '2026-10-10 01:00:00-07', $3 = '86400', $4 = '2026-10-10 01:00:00-07', $5 = '604800', $6 = '2026-10-10 01:00:00-07', $7 = '86400', $8 = '300', $9 = '2026-10-10 01:00:00-07', $10 = '604800', $11 = '3600', $12 = '86400', $13 = '{o0,o1,o10,o100,o101,o102,o103,o104,o105,o106}', $14 = '102'
	Delete on output_snapshot_history  (cost=442479.86..442496.37 rows=0 width=0) (actual time=3353.246..3353.249 rows=0 loops=1)
	  Buffers: shared hit=833177 read=248162 dirtied=152736 written=140565, temp read=3415 written=3425
	  WAL: records=202380 fpi=30803 bytes=253563751
	  ->  Nested Loop  (cost=442479.86..442496.37 rows=1 width=46) (actual time=1208.968..2787.344 rows=202380 loops=1)
	        Buffers: shared hit=630797 read=248162 written=140565, temp read=3415 written=3425
	        ->  Unique  (cost=442479.40..442479.41 rows=2 width=56) (actual time=1208.910..1250.286 rows=202380 loops=1)
	              Buffers: shared hit=26 read=69413 written=1279, temp read=3415 written=3425
	              ->  Sort  (cost=442479.40..442479.41 rows=2 width=56) (actual time=1208.909..1236.036 rows=202380 loops=1)
	                    Sort Key: ranked.id
	                    Sort Method: external merge  Disk: 19432kB
	                    Buffers: shared hit=26 read=69413 written=1279, temp read=3415 written=3425
	                    ->  Subquery Scan on ranked  (cost=411170.39..442479.39 rows=2 width=56) (actual time=608.704..1021.211 rows=202380 loops=1)
	                          Filter: ((ranked.recency > 102) AND (ranked.prev_class = ranked.age_class) AND (ranked.prev_bucket = ranked.bucket))
	                          Rows Removed by Filter: 4990
	                          Buffers: shared hit=23 read=69413 written=1279, temp read=986 written=990
	                          ->  WindowAgg  (cost=411170.39..438096.13 rows=250472 width=108) (actual time=608.433..990.032 rows=207370 loops=1)
	                                Buffers: shared hit=23 read=69413 written=1279, temp read=986 written=990
	                                ->  Sort  (cost=411170.39..411796.57 rows=250472 width=28) (actual time=608.371..624.170 rows=207370 loops=1)
	                                      Sort Key: output_snapshot_history_1.output_id, output_snapshot_history_1.captured_at DESC, output_snapshot_history_1.id DESC
	                                      Sort Method: external merge  Disk: 7888kB
	                                      Buffers: shared hit=23 read=69413 written=1279, temp read=986 written=990
	                                      ->  Bitmap Heap Scan on output_snapshot_history output_snapshot_history_1  (cost=8673.49..382714.70 rows=250472 width=28) (actual time=87.909..379.520 rows=207370 loops=1)
	                                            Recheck Cond: (output_id = ANY ('{o0,o1,o10,o100,o101,o102,o103,o104,o105,o106}'::text[]))
	                                            Rows Removed by Index Recheck: 483786
	                                            Heap Blocks: exact=33719 lossy=33982
	                                            Buffers: shared hit=17 read=69413 written=1279
	                                            ->  Bitmap Index Scan on idx_output_snapshot_history_output_captured  (cost=0.00..8610.85 rows=250472 width=0) (actual time=17.815..17.816 rows=249240 loops=1)
	                                                  Index Cond: (output_id = ANY ('{o0,o1,o10,o100,o101,o102,o103,o104,o105,o106}'::text[]))
	                                                  Buffers: shared hit=17 read=1712 written=147
	        ->  Index Scan using output_snapshot_history_pkey on output_snapshot_history  (cost=0.46..8.48 rows=1 width=22) (actual time=0.007..0.007 rows=1 loops=202380)
	              Index Cond: (id = ranked.id)
	              Filter: (output_id = ANY ('{o0,o1,o10,o100,o101,o102,o103,o104,o105,o106}'::text[]))
	              Buffers: shared hit=630771 read=178749 written=139286
	JIT:
	  Functions: 24
	  Options: Inlining false, Optimization false, Expressions true, Deforming true
	  Timing: Generation 0.531 ms, Inlining 0.000 ms, Optimization 0.318 ms, Emission 5.056 ms, Total 5.905 ms
2026-10-10 08:49:56.681 UTC [1942] hel1435-S4-prod-io-base-R250000-b0-explain-r3 LOG:  temporary file: path "base/pgsql_tmp/pgsql_tmp1942.1", size 19898368
2026-10-10 08:49:56.681 UTC [1942] hel1435-S4-prod-io-base-R250000-b0-explain-r3 STATEMENT:  DELETE FROM output_snapshot_history WHERE output_id = ANY($1) AND id IN (
	             SELECT id FROM (
	               SELECT id, age_class, bucket,
	                      row_number() OVER w AS recency,
	                      lag(age_class) OVER w AS prev_class,
	                      lag(bucket) OVER w AS prev_bucket
	               FROM (
	                 SELECT id, output_id, captured_at,
	                        CASE WHEN extract(epoch FROM ($2::timestamptz - captured_at)) < $3 THEN 0
	                             WHEN extract(epoch FROM ($4::timestamptz - captured_at)) < $5 THEN 1
	                             ELSE 2 END AS age_class,
	                        floor(extract(epoch FROM captured_at) /
	                          CASE WHEN extract(epoch FROM ($6::timestamptz - captured_at)) < $7 THEN $8
	                               WHEN extract(epoch FROM ($9::timestamptz - captured_at)) < $10 THEN $11
	                               ELSE $12 END) AS bucket
	                 FROM output_snapshot_history
	                 WHERE output_id = ANY($13)
	               ) classed
	               WINDOW w AS (PARTITION BY output_id ORDER BY captured_at DESC, id DESC)
	             ) ranked
	             WHERE recency > $14 AND prev_class = age_class AND prev_bucket = bucket)
2026-10-10 08:49:56.683 UTC [1942] hel1435-S4-prod-io-base-R250000-b0-explain-r3 LOG:  temporary file: path "base/pgsql_tmp/pgsql_tmp1942.0", size 8077312
2026-10-10 08:49:56.683 UTC [1942] hel1435-S4-prod-io-base-R250000-b0-explain-r3 STATEMENT:  DELETE FROM output_snapshot_history WHERE output_id = ANY($1) AND id IN (
	             SELECT id FROM (
	               SELECT id, age_class, bucket,
	                      row_number() OVER w AS recency,
	                      lag(age_class) OVER w AS prev_class,
	                      lag(bucket) OVER w AS prev_bucket
	               FROM (
	                 SELECT id, output_id, captured_at,
	                        CASE WHEN extract(epoch FROM ($2::timestamptz - captured_at)) < $3 THEN 0
	                             WHEN extract(epoch FROM ($4::timestamptz - captured_at)) < $5 THEN 1
	                             ELSE 2 END AS age_class,
	                        floor(extract(epoch FROM captured_at) /
	                          CASE WHEN extract(epoch FROM ($6::timestamptz - captured_at)) < $7 THEN $8
	                               WHEN extract(epoch FROM ($9::timestamptz - captured_at)) < $10 THEN $11
	                               ELSE $12 END) AS bucket
	                 FROM output_snapshot_history
	                 WHERE output_id = ANY($13)
	               ) classed
	               WINDOW w AS (PARTITION BY output_id ORDER BY captured_at DESC, id DESC)
	             ) ranked
	             WHERE recency > $14 AND prev_class = age_class AND prev_bucket = bucket)
2026-10-10 08:50:02.745 UTC [33]  LOG:  checkpoint complete: wrote 944 buffers (5.8%); 0 WAL file(s) added, 0 removed, 33 recycled; write=6.577 s, sync=0.291 s, total=6.903 s; sync files=4, longest=0.169 s, average=0.073 s; distance=538909 kB, estimate=568213 kB; lsn=99/78DC12E0, redo lsn=99/5A0200B8
2026-10-10 08:50:03.450 UTC [1945] hel1435-S4-prod-io-base-R250000-b0-timed-r1 LOG:  temporary file: path "base/pgsql_tmp/pgsql_tmp1945.1", size 19898368
2026-10-10 08:50:03.450 UTC [1945] hel1435-S4-prod-io-base-R250000-b0-timed-r1 STATEMENT:  DELETE FROM output_snapshot_history WHERE output_id = ANY($1) AND id IN (
	             SELECT id FROM (
	               SELECT id, age_class, bucket,
	                      row_number() OVER w AS recency,
	                      lag(age_class) OVER w AS prev_class,
	                      lag(bucket) OVER w AS prev_bucket
	               FROM (
	                 SELECT id, output_id, captured_at,
	                        CASE WHEN extract(epoch FROM ($2::timestamptz - captured_at)) < $3 THEN 0
	                             WHEN extract(epoch FROM ($4::timestamptz - captured_at)) < $5 THEN 1
	                             ELSE 2 END AS age_class,
	                        floor(extract(epoch FROM captured_at) /
	                          CASE WHEN extract(epoch FROM ($6::timestamptz - captured_at)) < $7 THEN $8
	                               WHEN extract(epoch FROM ($9::timestamptz - captured_at)) < $10 THEN $11
	                               ELSE $12 END) AS bucket
	                 FROM output_snapshot_history
	                 WHERE output_id = ANY($13)
	               ) classed
	               WINDOW w AS (PARTITION BY output_id ORDER BY captured_at DESC, id DESC)
	             ) ranked
	             WHERE recency > $14 AND prev_class = age_class AND prev_bucket = bucket)
2026-10-10 08:50:03.451 UTC [1945] hel1435-S4-prod-io-base-R250000-b0-timed-r1 LOG:  temporary file: path "base/pgsql_tmp/pgsql_tmp1945.0", size 8077312
2026-10-10 08:50:03.451 UTC [1945] hel1435-S4-prod-io-base-R250000-b0-timed-r1 STATEMENT:  DELETE FROM output_snapshot_history WHERE output_id = ANY($1) AND id IN (
	             SELECT id FROM (
	               SELECT id, age_class, bucket,
	                      row_number() OVER w AS recency,
	                      lag(age_class) OVER w AS prev_class,
	                      lag(bucket) OVER w AS prev_bucket
	               FROM (
	                 SELECT id, output_id, captured_at,
	                        CASE WHEN extract(epoch FROM ($2::timestamptz - captured_at)) < $3 THEN 0
	                             WHEN extract(epoch FROM ($4::timestamptz - captured_at)) < $5 THEN 1
	                             ELSE 2 END AS age_class,
	                        floor(extract(epoch FROM captured_at) /
	                          CASE WHEN extract(epoch FROM ($6::timestamptz - captured_at)) < $7 THEN $8
	                               WHEN extract(epoch FROM ($9::timestamptz - captured_at)) < $10 THEN $11
	                               ELSE $12 END) AS bucket
	                 FROM output_snapshot_history
	                 WHERE output_id = ANY($13)
	               ) classed
	               WINDOW w AS (PARTITION BY output_id ORDER BY captured_at DESC, id DESC)
	             ) ranked
	             WHERE recency > $14 AND prev_class = age_class AND prev_bucket = bucket)
2026-10-10 08:50:09.957 UTC [33]  LOG:  checkpoints are occurring too frequently (14 seconds apart)
2026-10-10 08:50:09.957 UTC [33]  HINT:  Consider increasing the configuration parameter "max_wal_size".
2026-10-10 08:50:09.957 UTC [33]  LOG:  checkpoint starting: wal
2026-10-10 08:50:10.038 UTC [1948] hel1435-S4-prod-io-base-R250000-b0-timed-r2 LOG:  temporary file: path "base/pgsql_tmp/pgsql_tmp1948.1", size 19898368
2026-10-10 08:50:10.038 UTC [1948] hel1435-S4-prod-io-base-R250000-b0-timed-r2 STATEMENT:  DELETE FROM output_snapshot_history WHERE output_id = ANY($1) AND id IN (
	             SELECT id FROM (
	               SELECT id, age_class, bucket,
	                      row_number() OVER w AS recency,
	                      lag(age_class) OVER w AS prev_class,
	                      lag(bucket) OVER w AS prev_bucket
	               FROM (
	                 SELECT id, output_id, captured_at,
	                        CASE WHEN extract(epoch FROM ($2::timestamptz - captured_at)) < $3 THEN 0
	                             WHEN extract(epoch FROM ($4::timestamptz - captured_at)) < $5 THEN 1
	                             ELSE 2 END AS age_class,
	                        floor(extract(epoch FROM captured_at) /
	                          CASE WHEN extract(epoch FROM ($6::timestamptz - captured_at)) < $7 THEN $8
	                               WHEN extract(epoch FROM ($9::timestamptz - captured_at)) < $10 THEN $11
	                               ELSE $12 END) AS bucket
	                 FROM output_snapshot_history
	                 WHERE output_id = ANY($13)
	               ) classed
	               WINDOW w AS (PARTITION BY output_id ORDER BY captured_at DESC, id DESC)
	             ) ranked
	             WHERE recency > $14 AND prev_class = age_class AND prev_bucket = bucket)
2026-10-10 08:50:10.039 UTC [1948] hel1435-S4-prod-io-base-R250000-b0-timed-r2 LOG:  temporary file: path "base/pgsql_tmp/pgsql_tmp1948.0", size 8077312
2026-10-10 08:50:10.039 UTC [1948] hel1435-S4-prod-io-base-R250000-b0-timed-r2 STATEMENT:  DELETE FROM output_snapshot_history WHERE output_id = ANY($1) AND id IN (
	             SELECT id FROM (
	               SELECT id, age_class, bucket,
	                      row_number() OVER w AS recency,
	                      lag(age_class) OVER w AS prev_class,
	                      lag(bucket) OVER w AS prev_bucket
	               FROM (
	                 SELECT id, output_id, captured_at,
	                        CASE WHEN extract(epoch FROM ($2::timestamptz - captured_at)) < $3 THEN 0
	                             WHEN extract(epoch FROM ($4::timestamptz - captured_at)) < $5 THEN 1
	                             ELSE 2 END AS age_class,
	                        floor(extract(epoch FROM captured_at) /
	                          CASE WHEN extract(epoch FROM ($6::timestamptz - captured_at)) < $7 THEN $8
	                               WHEN extract(epoch FROM ($9::timestamptz - captured_at)) < $10 THEN $11
	                               ELSE $12 END) AS bucket
	                 FROM output_snapshot_history
	                 WHERE output_id = ANY($13)
	               ) classed
	               WINDOW w AS (PARTITION BY output_id ORDER BY captured_at DESC, id DESC)
	             ) ranked
	             WHERE recency > $14 AND prev_class = age_class AND prev_bucket = bucket)
2026-10-10 08:50:16.958 UTC [33]  LOG:  checkpoint complete: wrote 419 buffers (2.6%); 0 WAL file(s) added, 0 removed, 33 recycled; write=6.758 s, sync=0.219 s, total=7.001 s; sync files=4, longest=0.125 s, average=0.055 s; distance=540891 kB, estimate=565481 kB; lsn=99/998A41C8, redo lsn=99/7B056F78
2026-10-10 08:50:17.347 UTC [1952] hel1435-S4-prod-io-base-R250000-b0-timed-r3 LOG:  temporary file: path "base/pgsql_tmp/pgsql_tmp1952.1", size 19898368
2026-10-10 08:50:17.347 UTC [1952] hel1435-S4-prod-io-base-R250000-b0-timed-r3 STATEMENT:  DELETE FROM output_snapshot_history WHERE output_id = ANY($1) AND id IN (
	             SELECT id FROM (
	               SELECT id, age_class, bucket,
	                      row_number() OVER w AS recency,
	                      lag(age_class) OVER w AS prev_class,
	                      lag(bucket) OVER w AS prev_bucket
	               FROM (
	                 SELECT id, output_id, captured_at,
	                        CASE WHEN extract(epoch FROM ($2::timestamptz - captured_at)) < $3 THEN 0
	                             WHEN extract(epoch FROM ($4::timestamptz - captured_at)) < $5 THEN 1
	                             ELSE 2 END AS age_class,
	                        floor(extract(epoch FROM captured_at) /
	                          CASE WHEN extract(epoch FROM ($6::timestamptz - captured_at)) < $7 THEN $8
	                               WHEN extract(epoch FROM ($9::timestamptz - captured_at)) < $10 THEN $11
	                               ELSE $12 END) AS bucket
	                 FROM output_snapshot_history
	                 WHERE output_id = ANY($13)
	               ) classed
	               WINDOW w AS (PARTITION BY output_id ORDER BY captured_at DESC, id DESC)
	             ) ranked
	             WHERE recency > $14 AND prev_class = age_class AND prev_bucket = bucket)
2026-10-10 08:50:17.347 UTC [1952] hel1435-S4-prod-io-base-R250000-b0-timed-r3 LOG:  temporary file: path "base/pgsql_tmp/pgsql_tmp1952.0", size 8077312
2026-10-10 08:50:17.347 UTC [1952] hel1435-S4-prod-io-base-R250000-b0-timed-r3 STATEMENT:  DELETE FROM output_snapshot_history WHERE output_id = ANY($1) AND id IN (
	             SELECT id FROM (
	               SELECT id, age_class, bucket,
	                      row_number() OVER w AS recency,
	                      lag(age_class) OVER w AS prev_class,
	                      lag(bucket) OVER w AS prev_bucket
	               FROM (
	                 SELECT id, output_id, captured_at,
	                        CASE WHEN extract(epoch FROM ($2::timestamptz - captured_at)) < $3 THEN 0
	                             WHEN extract(epoch FROM ($4::timestamptz - captured_at)) < $5 THEN 1
	                             ELSE 2 END AS age_class,
	                        floor(extract(epoch FROM captured_at) /
	                          CASE WHEN extract(epoch FROM ($6::timestamptz - captured_at)) < $7 THEN $8
	                               WHEN extract(epoch FROM ($9::timestamptz - captured_at)) < $10 THEN $11
	                               ELSE $12 END) AS bucket
	                 FROM output_snapshot_history
	                 WHERE output_id = ANY($13)
	               ) classed
	               WINDOW w AS (PARTITION BY output_id ORDER BY captured_at DESC, id DESC)
	             ) ranked
	             WHERE recency > $14 AND prev_class = age_class AND prev_bucket = bucket)
2026-10-10 08:50:18.123 UTC [1955] hel1435-S4-prod-io-base-R250000-b7-explain-r1 LOG:  duration: 97.054 ms  plan:
	Query Text: SELECT count(*) FROM (SELECT 1 FROM output_snapshot_history WHERE output_id = $1 LIMIT $2) x
	Query Parameters: $1 = 'o184', $2 = '250001'
	Aggregate  (cost=904.60..904.61 rows=1 width=8) (actual time=97.047..97.048 rows=1 loops=1)
	  Buffers: shared hit=2923 read=12592
	  ->  Limit  (cost=0.43..707.87 rows=15739 width=4) (actual time=0.029..96.271 rows=15852 loops=1)
	        Buffers: shared hit=2923 read=12592
	        ->  Index Only Scan using idx_output_snapshot_history_output_captured on output_snapshot_history  (cost=0.43..707.87 rows=15739 width=4) (actual time=0.029..95.378 rows=15852 loops=1)
	              Index Cond: (output_id = 'o184'::text)
	              Heap Fetches: 15395
	              Buffers: shared hit=2923 read=12592
2026-10-10 08:50:18.136 UTC [1955] hel1435-S4-prod-io-base-R250000-b7-explain-r1 LOG:  duration: 12.044 ms  plan:
	Query Text: SELECT count(*) FROM (SELECT 1 FROM output_snapshot_history WHERE output_id = $1 LIMIT $2) x
	Query Parameters: $1 = 'o185', $2 = '234149'
	Aggregate  (cost=904.60..904.61 rows=1 width=8) (actual time=12.043..12.043 rows=1 loops=1)
	  Buffers: shared hit=12483 read=3031
	  ->  Limit  (cost=0.43..707.87 rows=15739 width=4) (actual time=0.017..11.554 rows=15852 loops=1)
	        Buffers: shared hit=12483 read=3031
	        ->  Index Only Scan using idx_output_snapshot_history_output_captured on output_snapshot_history  (cost=0.43..707.87 rows=15739 width=4) (actual time=0.016..10.898 rows=15852 loops=1)
	              Index Cond: (output_id = 'o185'::text)
	              Heap Fetches: 15395
	              Buffers: shared hit=12483 read=3031
2026-10-10 08:50:18.146 UTC [1955] hel1435-S4-prod-io-base-R250000-b7-explain-r1 LOG:  duration: 10.569 ms  plan:
	Query Text: SELECT count(*) FROM (SELECT 1 FROM output_snapshot_history WHERE output_id = $1 LIMIT $2) x
	Query Parameters: $1 = 'o186', $2 = '218297'
	Aggregate  (cost=904.60..904.61 rows=1 width=8) (actual time=10.567..10.568 rows=1 loops=1)
	  Buffers: shared hit=12776 read=2738
	  ->  Limit  (cost=0.43..707.87 rows=15739 width=4) (actual time=0.014..10.089 rows=15852 loops=1)
	        Buffers: shared hit=12776 read=2738
	        ->  Index Only Scan using idx_output_snapshot_history_output_captured on output_snapshot_history  (cost=0.43..707.87 rows=15739 width=4) (actual time=0.013..9.442 rows=15852 loops=1)
	              Index Cond: (output_id = 'o186'::text)
	              Heap Fetches: 15395
	              Buffers: shared hit=12776 read=2738
2026-10-10 08:50:18.153 UTC [1955] hel1435-S4-prod-io-base-R250000-b7-explain-r1 LOG:  duration: 6.299 ms  plan:
	Query Text: SELECT count(*) FROM (SELECT 1 FROM output_snapshot_history WHERE output_id = $1 LIMIT $2) x
	Query Parameters: $1 = 'o187', $2 = '202445'
	Aggregate  (cost=904.60..904.61 rows=1 width=8) (actual time=6.298..6.299 rows=1 loops=1)
	  Buffers: shared hit=15084 read=430
	  ->  Limit  (cost=0.43..707.87 rows=15739 width=4) (actual time=0.014..5.880 rows=15852 loops=1)
	        Buffers: shared hit=15084 read=430
	        ->  Index Only Scan using idx_output_snapshot_history_output_captured on output_snapshot_history  (cost=0.43..707.87 rows=15739 width=4) (actual time=0.014..5.274 rows=15852 loops=1)
	              Index Cond: (output_id = 'o187'::text)
	              Heap Fetches: 15395
	              Buffers: shared hit=15084 read=430
2026-10-10 08:50:18.159 UTC [1955] hel1435-S4-prod-io-base-R250000-b7-explain-r1 LOG:  duration: 5.571 ms  plan:
	Query Text: SELECT count(*) FROM (SELECT 1 FROM output_snapshot_history WHERE output_id = $1 LIMIT $2) x
	Query Parameters: $1 = 'o188', $2 = '186593'
	Aggregate  (cost=904.60..904.61 rows=1 width=8) (actual time=5.569..5.570 rows=1 loops=1)
	  Buffers: shared hit=15406 read=108
	  ->  Limit  (cost=0.43..707.87 rows=15739 width=4) (actual time=0.021..5.161 rows=15852 loops=1)
	        Buffers: shared hit=15406 read=108
	        ->  Index Only Scan using idx_output_snapshot_history_output_captured on output_snapshot_history  (cost=0.43..707.87 rows=15739 width=4) (actual time=0.021..4.556 rows=15852 loops=1)
	              Index Cond: (output_id = 'o188'::text)
	              Heap Fetches: 15395
	              Buffers: shared hit=15406 read=108
2026-10-10 08:50:18.223 UTC [1955] hel1435-S4-prod-io-base-R250000-b7-explain-r1 LOG:  duration: 63.514 ms  plan:
	Query Text: SELECT count(*) FROM (SELECT 1 FROM output_snapshot_history WHERE output_id = $1 LIMIT $2) x
	Query Parameters: $1 = 'o189', $2 = '170741'
	Aggregate  (cost=904.60..904.61 rows=1 width=8) (actual time=63.508..63.509 rows=1 loops=1)
	  Buffers: shared hit=11186 read=4329
	  ->  Limit  (cost=0.43..707.87 rows=15739 width=4) (actual time=0.012..62.985 rows=15852 loops=1)
	        Buffers: shared hit=11186 read=4329
	        ->  Index Only Scan using idx_output_snapshot_history_output_captured on output_snapshot_history  (cost=0.43..707.87 rows=15739 width=4) (actual time=0.012..13.441 rows=15852 loops=1)
	              Index Cond: (output_id = 'o189'::text)
	              Heap Fetches: 15395
	              Buffers: shared hit=11186 read=4329
2026-10-10 08:50:18.255 UTC [1955] hel1435-S4-prod-io-base-R250000-b7-explain-r1 LOG:  duration: 32.221 ms  plan:
	Query Text: SELECT count(*) FROM (SELECT 1 FROM output_snapshot_history WHERE output_id = $1 LIMIT $2) x
	Query Parameters: $1 = 'o19', $2 = '154889'
	Aggregate  (cost=904.60..904.61 rows=1 width=8) (actual time=32.218..32.218 rows=1 loops=1)
	  Buffers: shared hit=11 read=15505
	  ->  Limit  (cost=0.43..707.87 rows=15739 width=4) (actual time=0.018..31.438 rows=15852 loops=1)
	        Buffers: shared hit=11 read=15505
	        ->  Index Only Scan using idx_output_snapshot_history_output_captured on output_snapshot_history  (cost=0.43..707.87 rows=15739 width=4) (actual time=0.017..30.555 rows=15852 loops=1)
	              Index Cond: (output_id = 'o19'::text)
	              Heap Fetches: 15396
	              Buffers: shared hit=11 read=15505
2026-10-10 08:50:18.340 UTC [1955] hel1435-S4-prod-io-base-R250000-b7-explain-r1 LOG:  duration: 83.779 ms  plan:
	Query Text: SELECT count(*) FROM (SELECT 1 FROM output_snapshot_history WHERE output_id = $1 LIMIT $2) x
	Query Parameters: $1 = 'o190', $2 = '139037'
	Aggregate  (cost=904.60..904.61 rows=1 width=8) (actual time=83.772..83.773 rows=1 loops=1)
	  Buffers: shared hit=10 read=15505
	  ->  Limit  (cost=0.43..707.87 rows=15739 width=4) (actual time=0.015..82.977 rows=15852 loops=1)
	        Buffers: shared hit=10 read=15505
	        ->  Index Only Scan using idx_output_snapshot_history_output_captured on output_snapshot_history  (cost=0.43..707.87 rows=15739 width=4) (actual time=0.015..82.075 rows=15852 loops=1)
	              Index Cond: (output_id = 'o190'::text)
	              Heap Fetches: 15395
	              Buffers: shared hit=10 read=15505
2026-10-10 08:50:18.351 UTC [1955] hel1435-S4-prod-io-base-R250000-b7-explain-r1 LOG:  duration: 10.652 ms  plan:
	Query Text: SELECT count(*) FROM (SELECT 1 FROM output_snapshot_history WHERE output_id = $1 LIMIT $2) x
	Query Parameters: $1 = 'o191', $2 = '123185'
	Aggregate  (cost=904.60..904.61 rows=1 width=8) (actual time=10.648..10.648 rows=1 loops=1)
	  Buffers: shared hit=13805 read=1709
	  ->  Limit  (cost=0.43..707.87 rows=15739 width=4) (actual time=0.020..10.198 rows=15852 loops=1)
	        Buffers: shared hit=13805 read=1709
	        ->  Index Only Scan using idx_output_snapshot_history_output_captured on output_snapshot_history  (cost=0.43..707.87 rows=15739 width=4) (actual time=0.020..9.568 rows=15852 loops=1)
	              Index Cond: (output_id = 'o191'::text)
	              Heap Fetches: 15395
	              Buffers: shared hit=13805 read=1709
2026-10-10 08:50:18.417 UTC [1955] hel1435-S4-prod-io-base-R250000-b7-explain-r1 LOG:  duration: 65.468 ms  plan:
	Query Text: SELECT count(*) FROM (SELECT 1 FROM output_snapshot_history WHERE output_id = $1 LIMIT $2) x
	Query Parameters: $1 = 'o192', $2 = '107333'
	Aggregate  (cost=106.54..106.55 rows=1 width=8) (actual time=65.461..65.462 rows=1 loops=1)
	  Buffers: shared hit=11334 read=4180
	  ->  Limit  (cost=0.43..83.49 rows=1844 width=4) (actual time=0.023..64.936 rows=15852 loops=1)
	        Buffers: shared hit=11334 read=4180
	        ->  Index Only Scan using idx_output_snapshot_history_output_captured on output_snapshot_history  (cost=0.43..831.20 rows=18444 width=4) (actual time=0.022..64.258 rows=15852 loops=1)
	              Index Cond: (output_id = ($1)::text)
	              Heap Fetches: 15395
	              Buffers: shared hit=11334 read=4180
2026-10-10 08:50:18.424 UTC [1955] hel1435-S4-prod-io-base-R250000-b7-explain-r1 LOG:  duration: 6.403 ms  plan:
	Query Text: SELECT count(*) FROM (SELECT 1 FROM output_snapshot_history WHERE output_id = $1 LIMIT $2) x
	Query Parameters: $1 = 'o193', $2 = '91481'
	Aggregate  (cost=106.54..106.55 rows=1 width=8) (actual time=6.401..6.402 rows=1 loops=1)
	  Buffers: shared hit=15391 read=123
	  ->  Limit  (cost=0.43..83.49 rows=1844 width=4) (actual time=0.021..5.996 rows=15852 loops=1)
	        Buffers: shared hit=15391 read=123
	        ->  Index Only Scan using idx_output_snapshot_history_output_captured on output_snapshot_history  (cost=0.43..831.20 rows=18444 width=4) (actual time=0.020..5.385 rows=15852 loops=1)
	              Index Cond: (output_id = ($1)::text)
	              Heap Fetches: 15395
	              Buffers: shared hit=15391 read=123
2026-10-10 08:50:18.430 UTC [1955] hel1435-S4-prod-io-base-R250000-b7-explain-r1 LOG:  duration: 5.641 ms  plan:
	Query Text: SELECT count(*) FROM (SELECT 1 FROM output_snapshot_history WHERE output_id = $1 LIMIT $2) x
	Query Parameters: $1 = 'o194', $2 = '75629'
	Aggregate  (cost=106.54..106.55 rows=1 width=8) (actual time=5.640..5.640 rows=1 loops=1)
	  Buffers: shared hit=15406 read=108
	  ->  Limit  (cost=0.43..83.49 rows=1844 width=4) (actual time=0.013..5.235 rows=15852 loops=1)
	        Buffers: shared hit=15406 read=108
	        ->  Index Only Scan using idx_output_snapshot_history_output_captured on output_snapshot_history  (cost=0.43..831.20 rows=18444 width=4) (actual time=0.013..4.630 rows=15852 loops=1)
	              Index Cond: (output_id = ($1)::text)
	              Heap Fetches: 15395
	              Buffers: shared hit=15406 read=108
2026-10-10 08:50:18.443 UTC [1955] hel1435-S4-prod-io-base-R250000-b7-explain-r1 LOG:  duration: 13.191 ms  plan:
	Query Text: SELECT count(*) FROM (SELECT 1 FROM output_snapshot_history WHERE output_id = $1 LIMIT $2) x
	Query Parameters: $1 = 'o195', $2 = '59777'
	Aggregate  (cost=106.54..106.55 rows=1 width=8) (actual time=13.187..13.188 rows=1 loops=1)
	  Buffers: shared hit=11566 read=3949
	  ->  Limit  (cost=0.43..83.49 rows=1844 width=4) (actual time=0.014..12.687 rows=15852 loops=1)
	        Buffers: shared hit=11566 read=3949
	        ->  Index Only Scan using idx_output_snapshot_history_output_captured on output_snapshot_history  (cost=0.43..831.20 rows=18444 width=4) (actual time=0.014..12.021 rows=15852 loops=1)
	              Index Cond: (output_id = ($1)::text)
	              Heap Fetches: 15395
	              Buffers: shared hit=11566 read=3949
2026-10-10 08:50:18.454 UTC [1955] hel1435-S4-prod-io-base-R250000-b7-explain-r1 LOG:  duration: 10.366 ms  plan:
	Query Text: SELECT count(*) FROM (SELECT 1 FROM output_snapshot_history WHERE output_id = $1 LIMIT $2) x
	Query Parameters: $1 = 'o196', $2 = '43925'
	Aggregate  (cost=106.54..106.55 rows=1 width=8) (actual time=10.364..10.365 rows=1 loops=1)
	  Buffers: shared hit=13145 read=2370
	  ->  Limit  (cost=0.43..83.49 rows=1844 width=4) (actual time=0.015..9.896 rows=15852 loops=1)
	        Buffers: shared hit=13145 read=2370
	        ->  Index Only Scan using idx_output_snapshot_history_output_captured on output_snapshot_history  (cost=0.43..831.20 rows=18444 width=4) (actual time=0.015..9.252 rows=15852 loops=1)
	              Index Cond: (output_id = ($1)::text)
	              Heap Fetches: 15395
	              Buffers: shared hit=13145 read=2370
2026-10-10 08:50:18.516 UTC [1955] hel1435-S4-prod-io-base-R250000-b7-explain-r1 LOG:  duration: 62.018 ms  plan:
	Query Text: SELECT count(*) FROM (SELECT 1 FROM output_snapshot_history WHERE output_id = $1 LIMIT $2) x
	Query Parameters: $1 = 'o197', $2 = '28073'
	Aggregate  (cost=106.54..106.55 rows=1 width=8) (actual time=62.014..62.015 rows=1 loops=1)
	  Buffers: shared hit=11210 read=4305
	  ->  Limit  (cost=0.43..83.49 rows=1844 width=4) (actual time=0.013..61.497 rows=15852 loops=1)
	        Buffers: shared hit=11210 read=4305
	        ->  Index Only Scan using idx_output_snapshot_history_output_captured on output_snapshot_history  (cost=0.43..831.20 rows=18444 width=4) (actual time=0.012..60.805 rows=15852 loops=1)
	              Index Cond: (output_id = ($1)::text)
	              Heap Fetches: 15395
	              Buffers: shared hit=11210 read=4305
2026-10-10 08:50:18.523 UTC [1955] hel1435-S4-prod-io-base-R250000-b7-explain-r1 LOG:  duration: 6.351 ms  plan:
	Query Text: SELECT count(*) FROM (SELECT 1 FROM output_snapshot_history WHERE output_id = $1 LIMIT $2) x
	Query Parameters: $1 = 'o198', $2 = '12221'
	Aggregate  (cost=106.54..106.55 rows=1 width=8) (actual time=6.349..6.350 rows=1 loops=1)
	  Buffers: shared hit=10954 read=903
	  ->  Limit  (cost=0.43..83.49 rows=1844 width=4) (actual time=0.016..6.017 rows=12221 loops=1)
	        Buffers: shared hit=10954 read=903
	        ->  Index Only Scan using idx_output_snapshot_history_output_captured on output_snapshot_history  (cost=0.43..831.20 rows=18444 width=4) (actual time=0.015..5.536 rows=12221 loops=1)
	              Index Cond: (output_id = ($1)::text)
	              Heap Fetches: 11764
	              Buffers: shared hit=10954 read=903
2026-10-10 08:50:18.761 UTC [33]  LOG:  checkpoints are occurring too frequently (9 seconds apart)
2026-10-10 08:50:18.761 UTC [33]  HINT:  Consider increasing the configuration parameter "max_wal_size".
2026-10-10 08:50:18.761 UTC [33]  LOG:  checkpoint starting: wal
2026-10-10 08:50:20.130 UTC [1955] hel1435-S4-prod-io-base-R250000-b7-explain-r1 LOG:  duration: 1594.215 ms  plan:
	Query Text: DELETE FROM output_snapshot_history h
	             USING pipelines p, users u
	             WHERE h.output_id = ANY($1) AND h.captured_at < $2
	               AND h.pipeline_id = p.id AND p.owner_id = u.id
	               AND h.captured_at < COALESCE(($3::timestamptz[])[array_position($4::text[], u.tier)], $5)
	Query Parameters: $1 = '{o184,o185,o186,o187,o188,o189,o19,o190,o191,o192,o193,o194,o195,o196,o197}', $2 = '2026-09-10 01:00:00-07', $3 = '{"2026-09-10 01:00:00-07","2026-07-12 01:00:00-07","2025-10-10 01:00:00-07"}', $4 = '{free,beta,owner}', $5 = '2026-09-10 01:00:00-07'
	Delete on output_snapshot_history h  (cost=1543.09..133254.24 rows=0 width=0) (actual time=1594.212..1594.214 rows=0 loops=1)
	  Buffers: shared hit=95023 read=35657 dirtied=22896 written=5658
	  WAL: records=108165 fpi=23435 bytes=190438405
	  ->  Hash Join  (cost=1543.09..133254.24 rows=41635 width=18) (actual time=196.897..1046.227 rows=108165 loops=1)
	        Hash Cond: ((h.pipeline_id = p.id) AND (u.id = p.owner_id))
	        Buffers: shared hit=2448 read=20067
	        ->  Nested Loop  (cost=1539.59..122316.37 rows=2081767 width=31) (actual time=8.518..698.281 rows=4110270 loops=1)
	              Buffers: shared hit=2448 read=20066
	              ->  Index Scan using users_pkey on users u  (cost=0.14..12.89 rows=50 width=27) (actual time=0.010..0.095 rows=50 loops=1)
	                    Buffers: shared hit=1 read=1
	              ->  Memoize  (cost=1539.45..24463.23 rows=41635 width=17) (actual time=0.176..7.935 rows=82205 loops=50)
	                    Cache Key: COALESCE(('{"2026-09-10 01:00:00-07","2026-07-12 01:00:00-07","2025-10-10 01:00:00-07"}'::timestamp with time zone[])[array_position('{free,beta,owner}'::text[], u.tier)], '2026-09-10 01:00:00-07'::timestamp with time zone)
	                    Cache Mode: binary
	                    Hits: 47  Misses: 3  Evictions: 0  Overflows: 0  Memory Usage: 5916kB
	                    Buffers: shared hit=2447 read=20065
	                    ->  Bitmap Heap Scan on output_snapshot_history h  (cost=1539.44..24463.22 rows=41635 width=17) (actual time=2.867..22.049 rows=36055 loops=3)
	                          Recheck Cond: ((output_id = ANY ('{o184,o185,o186,o187,o188,o189,o19,o190,o191,o192,o193,o194,o195,o196,o197}'::text[])) AND (captured_at < COALESCE(('{"2026-09-10 01:00:00-07","2026-07-12 01:00:00-07","2025-10-10 01:00:00-07"}'::timestamp with time zone[])[array_position('{free,beta,owner}'::text[], u.tier)], '2026-09-10 01:00:00-07'::timestamp with time zone)) AND (captured_at < '2026-09-10 01:00:00-07'::timestamp with time zone))
	                          Heap Blocks: exact=21632
	                          Buffers: shared hit=2447 read=20065
	                          ->  Bitmap Index Scan on idx_output_snapshot_history_output_captured  (cost=0.00..1528.99 rows=41635 width=0) (actual time=2.328..2.328 rows=36055 loops=3)
	                                Index Cond: ((output_id = ANY ('{o184,o185,o186,o187,o188,o189,o19,o190,o191,o192,o193,o194,o195,o196,o197}'::text[])) AND (captured_at < COALESCE(('{"2026-09-10 01:00:00-07","2026-07-12 01:00:00-07","2025-10-10 01:00:00-07"}'::timestamp with time zone[])[array_position('{free,beta,owner}'::text[], u.tier)], '2026-09-10 01:00:00-07'::timestamp with time zone)) AND (captured_at < '2026-09-10 01:00:00-07'::timestamp with time zone))
	                                Buffers: shared hit=148 read=729
	        ->  Hash  (cost=2.00..2.00 rows=100 width=25) (actual time=5.510..5.511 rows=100 loops=1)
	              Buckets: 1024  Batches: 1  Memory Usage: 14kB
	              Buffers: shared read=1
	              ->  Seq Scan on pipelines p  (cost=0.00..2.00 rows=100 width=25) (actual time=5.489..5.494 rows=100 loops=1)
	                    Buffers: shared read=1
	JIT:
	  Functions: 22
	  Options: Inlining false, Optimization false, Expressions true, Deforming true
	  Timing: Generation 0.522 ms, Inlining 0.000 ms, Optimization 0.300 ms, Emission 5.212 ms, Total 6.034 ms
2026-10-10 08:50:21.935 UTC [1955] hel1435-S4-prod-io-base-R250000-b7-explain-r1 LOG:  duration: 1802.785 ms  plan:
	Query Text: DELETE FROM output_snapshot_history WHERE output_id = ANY($1) AND id IN (
	             SELECT id FROM (
	               SELECT id, age_class, bucket,
	                      row_number() OVER w AS recency,
	                      lag(age_class) OVER w AS prev_class,
	                      lag(bucket) OVER w AS prev_bucket
	               FROM (
	                 SELECT id, output_id, captured_at,
	                        CASE WHEN extract(epoch FROM ($2::timestamptz - captured_at)) < $3 THEN 0
	                             WHEN extract(epoch FROM ($4::timestamptz - captured_at)) < $5 THEN 1
	                             ELSE 2 END AS age_class,
	                        floor(extract(epoch FROM captured_at) /
	                          CASE WHEN extract(epoch FROM ($6::timestamptz - captured_at)) < $7 THEN $8
	                               WHEN extract(epoch FROM ($9::timestamptz - captured_at)) < $10 THEN $11
	                               ELSE $12 END) AS bucket
	                 FROM output_snapshot_history
	                 WHERE output_id = ANY($13)
	               ) classed
	               WINDOW w AS (PARTITION BY output_id ORDER BY captured_at DESC, id DESC)
	             ) ranked
	             WHERE recency > $14 AND prev_class = age_class AND prev_bucket = bucket)
	Query Parameters: $1 = '{o184,o185,o186,o187,o188,o189,o19,o190,o191,o192,o193,o194,o195,o196,o197}', $2 = '2026-10-10 01:00:00-07', $3 = '86400', $4 = '2026-10-10 01:00:00-07', $5 = '604800', $6 = '2026-10-10 01:00:00-07', $7 = '86400', $8 = '300', $9 = '2026-10-10 01:00:00-07', $10 = '604800', $11 = '3600', $12 = '86400', $13 = '{o184,o185,o186,o187,o188,o189,o19,o190,o191,o192,o193,o194,o195,o196,o197}', $14 = '102'
	Delete on output_snapshot_history  (cost=433267.39..433283.92 rows=0 width=0) (actual time=1802.781..1802.784 rows=0 loops=1)
	  Buffers: shared hit=551712 read=108428 dirtied=49973 written=55917, temp read=2093 written=2099
	  WAL: records=122760 fpi=21769 bytes=178103453
	  ->  Nested Loop  (cost=433267.39..433283.92 rows=1 width=46) (actual time=809.246..1530.809 rows=122760 loops=1)
	        Buffers: shared hit=428952 read=108428 written=55917, temp read=2093 written=2099
	        ->  Unique  (cost=433266.92..433266.93 rows=2 width=56) (actual time=809.189..832.980 rows=122760 loops=1)
	              Buffers: shared hit=10340 read=36000 written=15697, temp read=2093 written=2099
	              ->  Sort  (cost=433266.92..433266.93 rows=2 width=56) (actual time=809.188..824.463 rows=122760 loops=1)
	                    Sort Key: ranked.id
	                    Sort Method: external merge  Disk: 11792kB
	                    Buffers: shared hit=10340 read=36000 written=15697, temp read=2093 written=2099
	                    ->  Subquery Scan on ranked  (cost=403755.41..433266.91 rows=2 width=56) (actual time=415.982..735.283 rows=122760 loops=1)
	                          Filter: ((ranked.recency > 102) AND (ranked.prev_class = ranked.age_class) AND (ranked.prev_bucket = ranked.bucket))
	                          Rows Removed by Filter: 6855
	                          Buffers: shared hit=10340 read=35997 written=15697, temp read=619 written=621
	                          ->  WindowAgg  (cost=403755.41..429135.30 rows=236092 width=108) (actual time=415.700..666.187 rows=129615 loops=1)
	                                Buffers: shared hit=10340 read=35997 written=15697, temp read=619 written=621
	                                ->  Sort  (cost=403755.41..404345.64 rows=236092 width=28) (actual time=415.637..479.729 rows=129615 loops=1)
	                                      Sort Key: output_snapshot_history_1.output_id, output_snapshot_history_1.captured_at DESC, output_snapshot_history_1.id DESC
	                                      Sort Method: external merge  Disk: 4952kB
	                                      Buffers: shared hit=10340 read=35997 written=15697, temp read=619 written=621
	                                      ->  Bitmap Heap Scan on output_snapshot_history output_snapshot_history_1  (cost=8184.19..377036.39 rows=236092 width=28) (actual time=130.224..273.291 rows=129615 loops=1)
	                                            Recheck Cond: (output_id = ANY ('{o184,o185,o186,o187,o188,o189,o19,o190,o191,o192,o193,o194,o195,o196,o197}'::text[]))
	                                            Heap Blocks: exact=44674
	                                            Buffers: shared hit=10334 read=35997 written=15697
	                                            ->  Bitmap Index Scan on idx_output_snapshot_history_output_captured  (cost=0.00..8125.12 rows=236092 width=0) (actual time=16.293..16.294 rows=237780 loops=1)
	                                                  Index Cond: (output_id = ANY ('{o184,o185,o186,o187,o188,o189,o19,o190,o191,o192,o193,o194,o195,o196,o197}'::text[]))
	                                                  Buffers: shared hit=48 read=1609 written=1483
	        ->  Index Scan using output_snapshot_history_pkey on output_snapshot_history  (cost=0.47..8.49 rows=1 width=22) (actual time=0.006..0.006 rows=1 loops=122760)
	              Index Cond: (id = ranked.id)
	              Filter: (output_id = ANY ('{o184,o185,o186,o187,o188,o189,o19,o190,o191,o192,o193,o194,o195,o196,o197}'::text[]))
	              Buffers: shared hit=418612 read=72428 written=40220
	JIT:
	  Functions: 24
	  Options: Inlining false, Optimization false, Expressions true, Deforming true
	  Timing: Generation 0.521 ms, Inlining 0.000 ms, Optimization 0.330 ms, Emission 4.970 ms, Total 5.821 ms
2026-10-10 08:50:21.937 UTC [1955] hel1435-S4-prod-io-base-R250000-b7-explain-r1 LOG:  temporary file: path "base/pgsql_tmp/pgsql_tmp1955.1", size 12075008
2026-10-10 08:50:21.937 UTC [1955] hel1435-S4-prod-io-base-R250000-b7-explain-r1 STATEMENT:  DELETE FROM output_snapshot_history WHERE output_id = ANY($1) AND id IN (
	             SELECT id FROM (
	               SELECT id, age_class, bucket,
	                      row_number() OVER w AS recency,
	                      lag(age_class) OVER w AS prev_class,
	                      lag(bucket) OVER w AS prev_bucket
	               FROM (
	                 SELECT id, output_id, captured_at,
	                        CASE WHEN extract(epoch FROM ($2::timestamptz - captured_at)) < $3 THEN 0
	                             WHEN extract(epoch FROM ($4::timestamptz - captured_at)) < $5 THEN 1
	                             ELSE 2 END AS age_class,
	                        floor(extract(epoch FROM captured_at) /
	                          CASE WHEN extract(epoch FROM ($6::timestamptz - captured_at)) < $7 THEN $8
	                               WHEN extract(epoch FROM ($9::timestamptz - captured_at)) < $10 THEN $11
	                               ELSE $12 END) AS bucket
	                 FROM output_snapshot_history
	                 WHERE output_id = ANY($13)
	               ) classed
	               WINDOW w AS (PARTITION BY output_id ORDER BY captured_at DESC, id DESC)
	             ) ranked
	             WHERE recency > $14 AND prev_class = age_class AND prev_bucket = bucket)
2026-10-10 08:50:21.937 UTC [1955] hel1435-S4-prod-io-base-R250000-b7-explain-r1 LOG:  temporary file: path "base/pgsql_tmp/pgsql_tmp1955.0", size 5070848
2026-10-10 08:50:21.937 UTC [1955] hel1435-S4-prod-io-base-R250000-b7-explain-r1 STATEMENT:  DELETE FROM output_snapshot_history WHERE output_id = ANY($1) AND id IN (
	             SELECT id FROM (
	               SELECT id, age_class, bucket,
	                      row_number() OVER w AS recency,
	                      lag(age_class) OVER w AS prev_class,
	                      lag(bucket) OVER w AS prev_bucket
	               FROM (
	                 SELECT id, output_id, captured_at,
	                        CASE WHEN extract(epoch FROM ($2::timestamptz - captured_at)) < $3 THEN 0
	                             WHEN extract(epoch FROM ($4::timestamptz - captured_at)) < $5 THEN 1
	                             ELSE 2 END AS age_class,
	                        floor(extract(epoch FROM captured_at) /
	                          CASE WHEN extract(epoch FROM ($6::timestamptz - captured_at)) < $7 THEN $8
	                               WHEN extract(epoch FROM ($9::timestamptz - captured_at)) < $10 THEN $11
	                               ELSE $12 END) AS bucket
	                 FROM output_snapshot_history
	                 WHERE output_id = ANY($13)
	               ) classed
	               WINDOW w AS (PARTITION BY output_id ORDER BY captured_at DESC, id DESC)
	             ) ranked
	             WHERE recency > $14 AND prev_class = age_class AND prev_bucket = bucket)
2026-10-10 08:50:22.816 UTC [1958] hel1435-S4-prod-io-base-R250000-b7-explain-r2 LOG:  duration: 98.819 ms  plan:
	Query Text: SELECT count(*) FROM (SELECT 1 FROM output_snapshot_history WHERE output_id = $1 LIMIT $2) x
	Query Parameters: $1 = 'o184', $2 = '250001'
	Aggregate  (cost=904.60..904.61 rows=1 width=8) (actual time=98.812..98.813 rows=1 loops=1)
	  Buffers: shared hit=2881 read=12634 written=2975
	  ->  Limit  (cost=0.43..707.87 rows=15739 width=4) (actual time=0.030..98.042 rows=15852 loops=1)
	        Buffers: shared hit=2881 read=12634 written=2975
	        ->  Index Only Scan using idx_output_snapshot_history_output_captured on output_snapshot_history  (cost=0.43..707.87 rows=15739 width=4) (actual time=0.030..97.161 rows=15852 loops=1)
	              Index Cond: (output_id = 'o184'::text)
	              Heap Fetches: 15395
	              Buffers: shared hit=2881 read=12634 written=2975
2026-10-10 08:50:22.831 UTC [1958] hel1435-S4-prod-io-base-R250000-b7-explain-r2 LOG:  duration: 13.747 ms  plan:
	Query Text: SELECT count(*) FROM (SELECT 1 FROM output_snapshot_history WHERE output_id = $1 LIMIT $2) x
	Query Parameters: $1 = 'o185', $2 = '234149'
	Aggregate  (cost=904.60..904.61 rows=1 width=8) (actual time=13.742..13.743 rows=1 loops=1)
	  Buffers: shared hit=12532 read=2982 written=492
	  ->  Limit  (cost=0.43..707.87 rows=15739 width=4) (actual time=0.020..13.231 rows=15852 loops=1)
	        Buffers: shared hit=12532 read=2982 written=492
	        ->  Index Only Scan using idx_output_snapshot_history_output_captured on output_snapshot_history  (cost=0.43..707.87 rows=15739 width=4) (actual time=0.020..12.548 rows=15852 loops=1)
	              Index Cond: (output_id = 'o185'::text)
	              Heap Fetches: 15395
	              Buffers: shared hit=12532 read=2982 written=492
2026-10-10 08:50:22.842 UTC [1958] hel1435-S4-prod-io-base-R250000-b7-explain-r2 LOG:  duration: 11.040 ms  plan:
	Query Text: SELECT count(*) FROM (SELECT 1 FROM output_snapshot_history WHERE output_id = $1 LIMIT $2) x
	Query Parameters: $1 = 'o186', $2 = '218297'
	Aggregate  (cost=904.60..904.61 rows=1 width=8) (actual time=11.036..11.037 rows=1 loops=1)
	  Buffers: shared hit=12845 read=2669
	  ->  Limit  (cost=0.43..707.87 rows=15739 width=4) (actual time=0.015..10.560 rows=15852 loops=1)
	        Buffers: shared hit=12845 read=2669
	        ->  Index Only Scan using idx_output_snapshot_history_output_captured on output_snapshot_history  (cost=0.43..707.87 rows=15739 width=4) (actual time=0.015..9.912 rows=15852 loops=1)
	              Index Cond: (output_id = 'o186'::text)
	              Heap Fetches: 15395
	              Buffers: shared hit=12845 read=2669
2026-10-10 08:50:22.849 UTC [1958] hel1435-S4-prod-io-base-R250000-b7-explain-r2 LOG:  duration: 6.428 ms  plan:
	Query Text: SELECT count(*) FROM (SELECT 1 FROM output_snapshot_history WHERE output_id = $1 LIMIT $2) x
	Query Parameters: $1 = 'o187', $2 = '202445'
	Aggregate  (cost=904.60..904.61 rows=1 width=8) (actual time=6.427..6.427 rows=1 loops=1)
	  Buffers: shared hit=15136 read=378
	  ->  Limit  (cost=0.43..707.87 rows=15739 width=4) (actual time=0.015..6.010 rows=15852 loops=1)
	        Buffers: shared hit=15136 read=378
	        ->  Index Only Scan using idx_output_snapshot_history_output_captured on output_snapshot_history  (cost=0.43..707.87 rows=15739 width=4) (actual time=0.015..5.401 rows=15852 loops=1)
	              Index Cond: (output_id = 'o187'::text)
	              Heap Fetches: 15395
	              Buffers: shared hit=15136 read=378
2026-10-10 08:50:22.854 UTC [1958] hel1435-S4-prod-io-base-R250000-b7-explain-r2 LOG:  duration: 5.317 ms  plan:
	Query Text: SELECT count(*) FROM (SELECT 1 FROM output_snapshot_history WHERE output_id = $1 LIMIT $2) x
	Query Parameters: $1 = 'o188', $2 = '186593'
	Aggregate  (cost=904.60..904.61 rows=1 width=8) (actual time=5.315..5.316 rows=1 loops=1)
	  Buffers: shared hit=15406 read=108
	  ->  Limit  (cost=0.43..707.87 rows=15739 width=4) (actual time=0.015..4.908 rows=15852 loops=1)
	        Buffers: shared hit=15406 read=108
	        ->  Index Only Scan using idx_output_snapshot_history_output_captured on output_snapshot_history  (cost=0.43..707.87 rows=15739 width=4) (actual time=0.015..4.304 rows=15852 loops=1)
	              Index Cond: (output_id = 'o188'::text)
	              Heap Fetches: 15395
	              Buffers: shared hit=15406 read=108
2026-10-10 08:50:22.922 UTC [1958] hel1435-S4-prod-io-base-R250000-b7-explain-r2 LOG:  duration: 67.463 ms  plan:
	Query Text: SELECT count(*) FROM (SELECT 1 FROM output_snapshot_history WHERE output_id = $1 LIMIT $2) x
	Query Parameters: $1 = 'o189', $2 = '170741'
	Aggregate  (cost=904.60..904.61 rows=1 width=8) (actual time=67.457..67.458 rows=1 loops=1)
	  Buffers: shared hit=11144 read=4371
	  ->  Limit  (cost=0.43..707.87 rows=15739 width=4) (actual time=0.011..66.925 rows=15852 loops=1)
	        Buffers: shared hit=11144 read=4371
	        ->  Index Only Scan using idx_output_snapshot_history_output_captured on output_snapshot_history  (cost=0.43..707.87 rows=15739 width=4) (actual time=0.011..66.239 rows=15852 loops=1)
	              Index Cond: (output_id = 'o189'::text)
	              Heap Fetches: 15395
	              Buffers: shared hit=11144 read=4371
2026-10-10 08:50:22.956 UTC [1958] hel1435-S4-prod-io-base-R250000-b7-explain-r2 LOG:  duration: 33.116 ms  plan:
	Query Text: SELECT count(*) FROM (SELECT 1 FROM output_snapshot_history WHERE output_id = $1 LIMIT $2) x
	Query Parameters: $1 = 'o19', $2 = '154889'
	Aggregate  (cost=904.60..904.61 rows=1 width=8) (actual time=33.109..33.110 rows=1 loops=1)
	  Buffers: shared hit=11 read=15505
	  ->  Limit  (cost=0.43..707.87 rows=15739 width=4) (actual time=0.019..32.265 rows=15852 loops=1)
	        Buffers: shared hit=11 read=15505
	        ->  Index Only Scan using idx_output_snapshot_history_output_captured on output_snapshot_history  (cost=0.43..707.87 rows=15739 width=4) (actual time=0.018..31.352 rows=15852 loops=1)
	              Index Cond: (output_id = 'o19'::text)
	              Heap Fetches: 15396
	              Buffers: shared hit=11 read=15505
2026-10-10 08:50:23.040 UTC [1958] hel1435-S4-prod-io-base-R250000-b7-explain-r2 LOG:  duration: 83.144 ms  plan:
	Query Text: SELECT count(*) FROM (SELECT 1 FROM output_snapshot_history WHERE output_id = $1 LIMIT $2) x
	Query Parameters: $1 = 'o190', $2 = '139037'
	Aggregate  (cost=904.60..904.61 rows=1 width=8) (actual time=83.138..83.139 rows=1 loops=1)
	  Buffers: shared hit=10 read=15505
	  ->  Limit  (cost=0.43..707.87 rows=15739 width=4) (actual time=0.022..82.288 rows=15852 loops=1)
	        Buffers: shared hit=10 read=15505
	        ->  Index Only Scan using idx_output_snapshot_history_output_captured on output_snapshot_history  (cost=0.43..707.87 rows=15739 width=4) (actual time=0.021..81.366 rows=15852 loops=1)
	              Index Cond: (output_id = 'o190'::text)
	              Heap Fetches: 15395
	              Buffers: shared hit=10 read=15505
2026-10-10 08:50:23.050 UTC [1958] hel1435-S4-prod-io-base-R250000-b7-explain-r2 LOG:  duration: 9.751 ms  plan:
	Query Text: SELECT count(*) FROM (SELECT 1 FROM output_snapshot_history WHERE output_id = $1 LIMIT $2) x
	Query Parameters: $1 = 'o191', $2 = '123185'
	Aggregate  (cost=904.60..904.61 rows=1 width=8) (actual time=9.748..9.748 rows=1 loops=1)
	  Buffers: shared hit=13805 read=1709
	  ->  Limit  (cost=0.43..707.87 rows=15739 width=4) (actual time=0.020..9.283 rows=15852 loops=1)
	        Buffers: shared hit=13805 read=1709
	        ->  Index Only Scan using idx_output_snapshot_history_output_captured on output_snapshot_history  (cost=0.43..707.87 rows=15739 width=4) (actual time=0.020..8.641 rows=15852 loops=1)
	              Index Cond: (output_id = 'o191'::text)
	              Heap Fetches: 15395
	              Buffers: shared hit=13805 read=1709
2026-10-10 08:50:23.114 UTC [1958] hel1435-S4-prod-io-base-R250000-b7-explain-r2 LOG:  duration: 62.911 ms  plan:
	Query Text: SELECT count(*) FROM (SELECT 1 FROM output_snapshot_history WHERE output_id = $1 LIMIT $2) x
	Query Parameters: $1 = 'o192', $2 = '107333'
	Aggregate  (cost=106.54..106.55 rows=1 width=8) (actual time=62.905..62.906 rows=1 loops=1)
	  Buffers: shared hit=11355 read=4159
	  ->  Limit  (cost=0.43..83.49 rows=1844 width=4) (actual time=0.023..62.394 rows=15852 loops=1)
	        Buffers: shared hit=11355 read=4159
	        ->  Index Only Scan using idx_output_snapshot_history_output_captured on output_snapshot_history  (cost=0.43..831.20 rows=18444 width=4) (actual time=0.022..61.714 rows=15852 loops=1)
	              Index Cond: (output_id = ($1)::text)
	              Heap Fetches: 15395
	              Buffers: shared hit=11355 read=4159
2026-10-10 08:50:23.120 UTC [1958] hel1435-S4-prod-io-base-R250000-b7-explain-r2 LOG:  duration: 6.686 ms  plan:
	Query Text: SELECT count(*) FROM (SELECT 1 FROM output_snapshot_history WHERE output_id = $1 LIMIT $2) x
	Query Parameters: $1 = 'o193', $2 = '91481'
	Aggregate  (cost=106.54..106.55 rows=1 width=8) (actual time=6.685..6.685 rows=1 loops=1)
	  Buffers: shared hit=15390 read=124
	  ->  Limit  (cost=0.43..83.49 rows=1844 width=4) (actual time=0.023..6.260 rows=15852 loops=1)
	        Buffers: shared hit=15390 read=124
	        ->  Index Only Scan using idx_output_snapshot_history_output_captured on output_snapshot_history  (cost=0.43..831.20 rows=18444 width=4) (actual time=0.022..5.649 rows=15852 loops=1)
	              Index Cond: (output_id = ($1)::text)
	              Heap Fetches: 15395
	              Buffers: shared hit=15390 read=124
2026-10-10 08:50:23.126 UTC [1958] hel1435-S4-prod-io-base-R250000-b7-explain-r2 LOG:  duration: 5.345 ms  plan:
	Query Text: SELECT count(*) FROM (SELECT 1 FROM output_snapshot_history WHERE output_id = $1 LIMIT $2) x
	Query Parameters: $1 = 'o194', $2 = '75629'
	Aggregate  (cost=106.54..106.55 rows=1 width=8) (actual time=5.343..5.344 rows=1 loops=1)
	  Buffers: shared hit=15406 read=108
	  ->  Limit  (cost=0.43..83.49 rows=1844 width=4) (actual time=0.013..4.923 rows=15852 loops=1)
	        Buffers: shared hit=15406 read=108
	        ->  Index Only Scan using idx_output_snapshot_history_output_captured on output_snapshot_history  (cost=0.43..831.20 rows=18444 width=4) (actual time=0.012..4.318 rows=15852 loops=1)
	              Index Cond: (output_id = ($1)::text)
	              Heap Fetches: 15395
	              Buffers: shared hit=15406 read=108
2026-10-10 08:50:23.139 UTC [1958] hel1435-S4-prod-io-base-R250000-b7-explain-r2 LOG:  duration: 13.031 ms  plan:
	Query Text: SELECT count(*) FROM (SELECT 1 FROM output_snapshot_history WHERE output_id = $1 LIMIT $2) x
	Query Parameters: $1 = 'o195', $2 = '59777'
	Aggregate  (cost=106.54..106.55 rows=1 width=8) (actual time=13.026..13.027 rows=1 loops=1)
	  Buffers: shared hit=11566 read=3949
	  ->  Limit  (cost=0.43..83.49 rows=1844 width=4) (actual time=0.014..12.512 rows=15852 loops=1)
	        Buffers: shared hit=11566 read=3949
	        ->  Index Only Scan using idx_output_snapshot_history_output_captured on output_snapshot_history  (cost=0.43..831.20 rows=18444 width=4) (actual time=0.013..11.844 rows=15852 loops=1)
	              Index Cond: (output_id = ($1)::text)
	              Heap Fetches: 15395
	              Buffers: shared hit=11566 read=3949
2026-10-10 08:50:23.150 UTC [1958] hel1435-S4-prod-io-base-R250000-b7-explain-r2 LOG:  duration: 10.371 ms  plan:
	Query Text: SELECT count(*) FROM (SELECT 1 FROM output_snapshot_history WHERE output_id = $1 LIMIT $2) x
	Query Parameters: $1 = 'o196', $2 = '43925'
	Aggregate  (cost=106.54..106.55 rows=1 width=8) (actual time=10.368..10.368 rows=1 loops=1)
	  Buffers: shared hit=13145 read=2370
	  ->  Limit  (cost=0.43..83.49 rows=1844 width=4) (actual time=0.016..9.893 rows=15852 loops=1)
	        Buffers: shared hit=13145 read=2370
	        ->  Index Only Scan using idx_output_snapshot_history_output_captured on output_snapshot_history  (cost=0.43..831.20 rows=18444 width=4) (actual time=0.016..9.250 rows=15852 loops=1)
	              Index Cond: (output_id = ($1)::text)
	              Heap Fetches: 15395
	              Buffers: shared hit=13145 read=2370
2026-10-10 08:50:23.213 UTC [1958] hel1435-S4-prod-io-base-R250000-b7-explain-r2 LOG:  duration: 62.388 ms  plan:
	Query Text: SELECT count(*) FROM (SELECT 1 FROM output_snapshot_history WHERE output_id = $1 LIMIT $2) x
	Query Parameters: $1 = 'o197', $2 = '28073'
	Aggregate  (cost=106.54..106.55 rows=1 width=8) (actual time=62.385..62.385 rows=1 loops=1)
	  Buffers: shared hit=11211 read=4304
	  ->  Limit  (cost=0.43..83.49 rows=1844 width=4) (actual time=0.014..61.854 rows=15852 loops=1)
	        Buffers: shared hit=11211 read=4304
	        ->  Index Only Scan using idx_output_snapshot_history_output_captured on output_snapshot_history  (cost=0.43..831.20 rows=18444 width=4) (actual time=0.013..61.172 rows=15852 loops=1)
	              Index Cond: (output_id = ($1)::text)
	              Heap Fetches: 15395
	              Buffers: shared hit=11211 read=4304
2026-10-10 08:50:23.220 UTC [1958] hel1435-S4-prod-io-base-R250000-b7-explain-r2 LOG:  duration: 6.478 ms  plan:
	Query Text: SELECT count(*) FROM (SELECT 1 FROM output_snapshot_history WHERE output_id = $1 LIMIT $2) x
	Query Parameters: $1 = 'o198', $2 = '12221'
	Aggregate  (cost=106.54..106.55 rows=1 width=8) (actual time=6.476..6.476 rows=1 loops=1)
	  Buffers: shared hit=10952 read=905
	  ->  Limit  (cost=0.43..83.49 rows=1844 width=4) (actual time=0.016..6.127 rows=12221 loops=1)
	        Buffers: shared hit=10952 read=905
	        ->  Index Only Scan using idx_output_snapshot_history_output_captured on output_snapshot_history  (cost=0.43..831.20 rows=18444 width=4) (actual time=0.016..5.643 rows=12221 loops=1)
	              Index Cond: (output_id = ($1)::text)
	              Heap Fetches: 11764
	              Buffers: shared hit=10952 read=905
2026-10-10 08:50:24.546 UTC [1958] hel1435-S4-prod-io-base-R250000-b7-explain-r2 LOG:  duration: 1314.155 ms  plan:
	Query Text: DELETE FROM output_snapshot_history h
	             USING pipelines p, users u
	             WHERE h.output_id = ANY($1) AND h.captured_at < $2
	               AND h.pipeline_id = p.id AND p.owner_id = u.id
	               AND h.captured_at < COALESCE(($3::timestamptz[])[array_position($4::text[], u.tier)], $5)
	Query Parameters: $1 = '{o184,o185,o186,o187,o188,o189,o19,o190,o191,o192,o193,o194,o195,o196,o197}', $2 = '2026-09-10 01:00:00-07', $3 = '{"2026-09-10 01:00:00-07","2026-07-12 01:00:00-07","2025-10-10 01:00:00-07"}', $4 = '{free,beta,owner}', $5 = '2026-09-10 01:00:00-07'
	Delete on output_snapshot_history h  (cost=1543.09..133254.24 rows=0 width=0) (actual time=1314.151..1314.154 rows=0 loops=1)
	  Buffers: shared hit=95036 read=35644 dirtied=22335 written=5794
	  WAL: records=108165 fpi=679 bytes=11189393
	  ->  Hash Join  (cost=1543.09..133254.24 rows=41635 width=18) (actual time=197.655..1190.167 rows=108165 loops=1)
	        Hash Cond: ((h.pipeline_id = p.id) AND (u.id = p.owner_id))
	        Buffers: shared hit=2456 read=20059
	        ->  Nested Loop  (cost=1539.59..122316.37 rows=2081767 width=31) (actual time=8.522..920.009 rows=4110270 loops=1)
	              Buffers: shared hit=2456 read=20058
	              ->  Index Scan using users_pkey on users u  (cost=0.14..12.89 rows=50 width=27) (actual time=0.010..0.092 rows=50 loops=1)
	                    Buffers: shared hit=1 read=1
	              ->  Memoize  (cost=1539.45..24463.23 rows=41635 width=17) (actual time=0.176..8.250 rows=82205 loops=50)
	                    Cache Key: COALESCE(('{"2026-09-10 01:00:00-07","2026-07-12 01:00:00-07","2025-10-10 01:00:00-07"}'::timestamp with time zone[])[array_position('{free,beta,owner}'::text[], u.tier)], '2026-09-10 01:00:00-07'::timestamp with time zone)
	                    Cache Mode: binary
	                    Hits: 47  Misses: 3  Evictions: 0  Overflows: 0  Memory Usage: 5916kB
	                    Buffers: shared hit=2455 read=20057
	                    ->  Bitmap Heap Scan on output_snapshot_history h  (cost=1539.44..24463.22 rows=41635 width=17) (actual time=2.869..38.773 rows=36055 loops=3)
	                          Recheck Cond: ((output_id = ANY ('{o184,o185,o186,o187,o188,o189,o19,o190,o191,o192,o193,o194,o195,o196,o197}'::text[])) AND (captured_at < COALESCE(('{"2026-09-10 01:00:00-07","2026-07-12 01:00:00-07","2025-10-10 01:00:00-07"}'::timestamp with time zone[])[array_position('{free,beta,owner}'::text[], u.tier)], '2026-09-10 01:00:00-07'::timestamp with time zone)) AND (captured_at < '2026-09-10 01:00:00-07'::timestamp with time zone))
	                          Heap Blocks: exact=21632
	                          Buffers: shared hit=2455 read=20057
	                          ->  Bitmap Index Scan on idx_output_snapshot_history_output_captured  (cost=0.00..1528.99 rows=41635 width=0) (actual time=2.330..2.330 rows=36055 loops=3)
	                                Index Cond: ((output_id = ANY ('{o184,o185,o186,o187,o188,o189,o19,o190,o191,o192,o193,o194,o195,o196,o197}'::text[])) AND (captured_at < COALESCE(('{"2026-09-10 01:00:00-07","2026-07-12 01:00:00-07","2025-10-10 01:00:00-07"}'::timestamp with time zone[])[array_position('{free,beta,owner}'::text[], u.tier)], '2026-09-10 01:00:00-07'::timestamp with time zone)) AND (captured_at < '2026-09-10 01:00:00-07'::timestamp with time zone))
	                                Buffers: shared hit=148 read=729
	        ->  Hash  (cost=2.00..2.00 rows=100 width=25) (actual time=5.764..5.765 rows=100 loops=1)
	              Buckets: 1024  Batches: 1  Memory Usage: 14kB
	              Buffers: shared read=1
	              ->  Seq Scan on pipelines p  (cost=0.00..2.00 rows=100 width=25) (actual time=5.743..5.749 rows=100 loops=1)
	                    Buffers: shared read=1
	JIT:
	  Functions: 22
	  Options: Inlining false, Optimization false, Expressions true, Deforming true
	  Timing: Generation 0.517 ms, Inlining 0.000 ms, Optimization 0.307 ms, Emission 5.462 ms, Total 6.286 ms
2026-10-10 08:50:26.129 UTC [1958] hel1435-S4-prod-io-base-R250000-b7-explain-r2 LOG:  duration: 1580.469 ms  plan:
	Query Text: DELETE FROM output_snapshot_history WHERE output_id = ANY($1) AND id IN (
	             SELECT id FROM (
	               SELECT id, age_class, bucket,
	                      row_number() OVER w AS recency,
	                      lag(age_class) OVER w AS prev_class,
	                      lag(bucket) OVER w AS prev_bucket
	               FROM (
	                 SELECT id, output_id, captured_at,
	                        CASE WHEN extract(epoch FROM ($2::timestamptz - captured_at)) < $3 THEN 0
	                             WHEN extract(epoch FROM ($4::timestamptz - captured_at)) < $5 THEN 1
	                             ELSE 2 END AS age_class,
	                        floor(extract(epoch FROM captured_at) /
	                          CASE WHEN extract(epoch FROM ($6::timestamptz - captured_at)) < $7 THEN $8
	                               WHEN extract(epoch FROM ($9::timestamptz - captured_at)) < $10 THEN $11
	                               ELSE $12 END) AS bucket
	                 FROM output_snapshot_history
	                 WHERE output_id = ANY($13)
	               ) classed
	               WINDOW w AS (PARTITION BY output_id ORDER BY captured_at DESC, id DESC)
	             ) ranked
	             WHERE recency > $14 AND prev_class = age_class AND prev_bucket = bucket)
	Query Parameters: $1 = '{o184,o185,o186,o187,o188,o189,o19,o190,o191,o192,o193,o194,o195,o196,o197}', $2 = '2026-10-10 01:00:00-07', $3 = '86400', $4 = '2026-10-10 01:00:00-07', $5 = '604800', $6 = '2026-10-10 01:00:00-07', $7 = '86400', $8 = '300', $9 = '2026-10-10 01:00:00-07', $10 = '604800', $11 = '3600', $12 = '86400', $13 = '{o184,o185,o186,o187,o188,o189,o19,o190,o191,o192,o193,o194,o195,o196,o197}', $14 = '102'
	Delete on output_snapshot_history  (cost=433267.39..433283.92 rows=0 width=0) (actual time=1580.465..1580.468 rows=0 loops=1)
	  Buffers: shared hit=551717 read=108423 dirtied=49956 written=56288, temp read=2093 written=2099
	  WAL: records=122760 bytes=6629040
	  ->  Nested Loop  (cost=433267.39..433283.92 rows=1 width=46) (actual time=798.693..1502.321 rows=122760 loops=1)
	        Buffers: shared hit=428957 read=108423 written=56288, temp read=2093 written=2099
	        ->  Unique  (cost=433266.92..433266.93 rows=2 width=56) (actual time=798.638..821.912 rows=122760 loops=1)
	              Buffers: shared hit=10340 read=36000 written=16041, temp read=2093 written=2099
	              ->  Sort  (cost=433266.92..433266.93 rows=2 width=56) (actual time=798.637..813.697 rows=122760 loops=1)
	                    Sort Key: ranked.id
	                    Sort Method: external merge  Disk: 11792kB
	                    Buffers: shared hit=10340 read=36000 written=16041, temp read=2093 written=2099
	                    ->  Subquery Scan on ranked  (cost=403755.41..433266.91 rows=2 width=56) (actual time=463.495..775.934 rows=122760 loops=1)
	                          Filter: ((ranked.recency > 102) AND (ranked.prev_class = ranked.age_class) AND (ranked.prev_bucket = ranked.bucket))
	                          Rows Removed by Filter: 6855
	                          Buffers: shared hit=10340 read=35997 written=16041, temp read=619 written=621
	                          ->  WindowAgg  (cost=403755.41..429135.30 rows=236092 width=108) (actual time=463.209..756.443 rows=129615 loops=1)
	                                Buffers: shared hit=10340 read=35997 written=16041, temp read=619 written=621
	                                ->  Sort  (cost=403755.41..404345.64 rows=236092 width=28) (actual time=463.149..472.347 rows=129615 loops=1)
	                                      Sort Key: output_snapshot_history_1.output_id, output_snapshot_history_1.captured_at DESC, output_snapshot_history_1.id DESC
	                                      Sort Method: external merge  Disk: 4952kB
	                                      Buffers: shared hit=10340 read=35997 written=16041, temp read=619 written=621
	                                      ->  Bitmap Heap Scan on output_snapshot_history output_snapshot_history_1  (cost=8184.19..377036.39 rows=236092 width=28) (actual time=174.436..311.536 rows=129615 loops=1)
	                                            Recheck Cond: (output_id = ANY ('{o184,o185,o186,o187,o188,o189,o19,o190,o191,o192,o193,o194,o195,o196,o197}'::text[]))
	                                            Heap Blocks: exact=44674
	                                            Buffers: shared hit=10334 read=35997 written=16041
	                                            ->  Bitmap Index Scan on idx_output_snapshot_history_output_captured  (cost=0.00..8125.12 rows=236092 width=0) (actual time=67.369..67.369 rows=237780 loops=1)
	                                                  Index Cond: (output_id = ANY ('{o184,o185,o186,o187,o188,o189,o19,o190,o191,o192,o193,o194,o195,o196,o197}'::text[]))
	                                                  Buffers: shared hit=48 read=1609 written=1583
	        ->  Index Scan using output_snapshot_history_pkey on output_snapshot_history  (cost=0.47..8.49 rows=1 width=22) (actual time=0.005..0.005 rows=1 loops=122760)
	              Index Cond: (id = ranked.id)
	              Filter: (output_id = ANY ('{o184,o185,o186,o187,o188,o189,o19,o190,o191,o192,o193,o194,o195,o196,o197}'::text[]))
	              Buffers: shared hit=418617 read=72423 written=40247
	JIT:
	  Functions: 24
	  Options: Inlining false, Optimization false, Expressions true, Deforming true
	  Timing: Generation 0.509 ms, Inlining 0.000 ms, Optimization 0.321 ms, Emission 4.832 ms, Total 5.662 ms
2026-10-10 08:50:26.131 UTC [1958] hel1435-S4-prod-io-base-R250000-b7-explain-r2 LOG:  temporary file: path "base/pgsql_tmp/pgsql_tmp1958.1", size 12075008
2026-10-10 08:50:26.131 UTC [1958] hel1435-S4-prod-io-base-R250000-b7-explain-r2 STATEMENT:  DELETE FROM output_snapshot_history WHERE output_id = ANY($1) AND id IN (
	             SELECT id FROM (
	               SELECT id, age_class, bucket,
	                      row_number() OVER w AS recency,
	                      lag(age_class) OVER w AS prev_class,
	                      lag(bucket) OVER w AS prev_bucket
	               FROM (
	                 SELECT id, output_id, captured_at,
	                        CASE WHEN extract(epoch FROM ($2::timestamptz - captured_at)) < $3 THEN 0
	                             WHEN extract(epoch FROM ($4::timestamptz - captured_at)) < $5 THEN 1
	                             ELSE 2 END AS age_class,
	                        floor(extract(epoch FROM captured_at) /
	                          CASE WHEN extract(epoch FROM ($6::timestamptz - captured_at)) < $7 THEN $8
	                               WHEN extract(epoch FROM ($9::timestamptz - captured_at)) < $10 THEN $11
	                               ELSE $12 END) AS bucket
	                 FROM output_snapshot_history
	                 WHERE output_id = ANY($13)
	               ) classed
	               WINDOW w AS (PARTITION BY output_id ORDER BY captured_at DESC, id DESC)
	             ) ranked
	             WHERE recency > $14 AND prev_class = age_class AND prev_bucket = bucket)
2026-10-10 08:50:26.131 UTC [1958] hel1435-S4-prod-io-base-R250000-b7-explain-r2 LOG:  temporary file: path "base/pgsql_tmp/pgsql_tmp1958.0", size 5070848
2026-10-10 08:50:26.131 UTC [1958] hel1435-S4-prod-io-base-R250000-b7-explain-r2 STATEMENT:  DELETE FROM output_snapshot_history WHERE output_id = ANY($1) AND id IN (
	             SELECT id FROM (
	               SELECT id, age_class, bucket,
	                      row_number() OVER w AS recency,
	                      lag(age_class) OVER w AS prev_class,
	                      lag(bucket) OVER w AS prev_bucket
	               FROM (
	                 SELECT id, output_id, captured_at,
	                        CASE WHEN extract(epoch FROM ($2::timestamptz - captured_at)) < $3 THEN 0
	                             WHEN extract(epoch FROM ($4::timestamptz - captured_at)) < $5 THEN 1
	                             ELSE 2 END AS age_class,
	                        floor(extract(epoch FROM captured_at) /
	                          CASE WHEN extract(epoch FROM ($6::timestamptz - captured_at)) < $7 THEN $8
	                               WHEN extract(epoch FROM ($9::timestamptz - captured_at)) < $10 THEN $11
	                               ELSE $12 END) AS bucket
	                 FROM output_snapshot_history
	                 WHERE output_id = ANY($13)
	               ) classed
	               WINDOW w AS (PARTITION BY output_id ORDER BY captured_at DESC, id DESC)
	             ) ranked
	             WHERE recency > $14 AND prev_class = age_class AND prev_bucket = bucket)
2026-10-10 08:50:27.011 UTC [1961] hel1435-S4-prod-io-base-R250000-b7-explain-r3 LOG:  duration: 44.588 ms  plan:
	Query Text: SELECT count(*) FROM (SELECT 1 FROM output_snapshot_history WHERE output_id = $1 LIMIT $2) x
	Query Parameters: $1 = 'o184', $2 = '250001'
	Aggregate  (cost=904.60..904.61 rows=1 width=8) (actual time=44.581..44.582 rows=1 loops=1)
	  Buffers: shared hit=2808 read=12707 written=2985
	  ->  Limit  (cost=0.43..707.87 rows=15739 width=4) (actual time=0.032..43.778 rows=15852 loops=1)
	        Buffers: shared hit=2808 read=12707 written=2985
	        ->  Index Only Scan using idx_output_snapshot_history_output_captured on output_snapshot_history  (cost=0.43..707.87 rows=15739 width=4) (actual time=0.032..42.866 rows=15852 loops=1)
	              Index Cond: (output_id = 'o184'::text)
	              Heap Fetches: 15395
	              Buffers: shared hit=2808 read=12707 written=2985
2026-10-10 08:50:27.025 UTC [1961] hel1435-S4-prod-io-base-R250000-b7-explain-r3 LOG:  duration: 13.152 ms  plan:
	Query Text: SELECT count(*) FROM (SELECT 1 FROM output_snapshot_history WHERE output_id = $1 LIMIT $2) x
	Query Parameters: $1 = 'o185', $2 = '234149'
	Aggregate  (cost=904.60..904.61 rows=1 width=8) (actual time=13.149..13.150 rows=1 loops=1)
	  Buffers: shared hit=12494 read=3020 written=514
	  ->  Limit  (cost=0.43..707.87 rows=15739 width=4) (actual time=0.029..12.647 rows=15852 loops=1)
	        Buffers: shared hit=12494 read=3020 written=514
	        ->  Index Only Scan using idx_output_snapshot_history_output_captured on output_snapshot_history  (cost=0.43..707.87 rows=15739 width=4) (actual time=0.029..11.982 rows=15852 loops=1)
	              Index Cond: (output_id = 'o185'::text)
	              Heap Fetches: 15395
	              Buffers: shared hit=12494 read=3020 written=514
2026-10-10 08:50:27.036 UTC [1961] hel1435-S4-prod-io-base-R250000-b7-explain-r3 LOG:  duration: 10.650 ms  plan:
	Query Text: SELECT count(*) FROM (SELECT 1 FROM output_snapshot_history WHERE output_id = $1 LIMIT $2) x
	Query Parameters: $1 = 'o186', $2 = '218297'
	Aggregate  (cost=904.60..904.61 rows=1 width=8) (actual time=10.647..10.648 rows=1 loops=1)
	  Buffers: shared hit=12967 read=2547
	  ->  Limit  (cost=0.43..707.87 rows=15739 width=4) (actual time=0.016..10.163 rows=15852 loops=1)
	        Buffers: shared hit=12967 read=2547
	        ->  Index Only Scan using idx_output_snapshot_history_output_captured on output_snapshot_history  (cost=0.43..707.87 rows=15739 width=4) (actual time=0.015..9.516 rows=15852 loops=1)
	              Index Cond: (output_id = 'o186'::text)
	              Heap Fetches: 15395
	              Buffers: shared hit=12967 read=2547
2026-10-10 08:50:27.043 UTC [1961] hel1435-S4-prod-io-base-R250000-b7-explain-r3 LOG:  duration: 6.703 ms  plan:
	Query Text: SELECT count(*) FROM (SELECT 1 FROM output_snapshot_history WHERE output_id = $1 LIMIT $2) x
	Query Parameters: $1 = 'o187', $2 = '202445'
	Aggregate  (cost=904.60..904.61 rows=1 width=8) (actual time=6.701..6.701 rows=1 loops=1)
	  Buffers: shared hit=14951 read=563
	  ->  Limit  (cost=0.43..707.87 rows=15739 width=4) (actual time=0.015..6.258 rows=15852 loops=1)
	        Buffers: shared hit=14951 read=563
	        ->  Index Only Scan using idx_output_snapshot_history_output_captured on output_snapshot_history  (cost=0.43..707.87 rows=15739 width=4) (actual time=0.015..5.636 rows=15852 loops=1)
	              Index Cond: (output_id = 'o187'::text)
	              Heap Fetches: 15395
	              Buffers: shared hit=14951 read=563
2026-10-10 08:50:27.048 UTC [1961] hel1435-S4-prod-io-base-R250000-b7-explain-r3 LOG:  duration: 5.331 ms  plan:
	Query Text: SELECT count(*) FROM (SELECT 1 FROM output_snapshot_history WHERE output_id = $1 LIMIT $2) x
	Query Parameters: $1 = 'o188', $2 = '186593'
	Aggregate  (cost=904.60..904.61 rows=1 width=8) (actual time=5.330..5.330 rows=1 loops=1)
	  Buffers: shared hit=15406 read=108
	  ->  Limit  (cost=0.43..707.87 rows=15739 width=4) (actual time=0.015..4.910 rows=15852 loops=1)
	        Buffers: shared hit=15406 read=108
	        ->  Index Only Scan using idx_output_snapshot_history_output_captured on output_snapshot_history  (cost=0.43..707.87 rows=15739 width=4) (actual time=0.014..4.302 rows=15852 loops=1)
	              Index Cond: (output_id = 'o188'::text)
	              Heap Fetches: 15395
	              Buffers: shared hit=15406 read=108
2026-10-10 08:50:27.111 UTC [1961] hel1435-S4-prod-io-base-R250000-b7-explain-r3 LOG:  duration: 13.215 ms  plan:
	Query Text: SELECT count(*) FROM (SELECT 1 FROM output_snapshot_history WHERE output_id = $1 LIMIT $2) x
	Query Parameters: $1 = 'o189', $2 = '170741'
	Aggregate  (cost=904.60..904.61 rows=1 width=8) (actual time=13.213..13.214 rows=1 loops=1)
	  Buffers: shared hit=11127 read=4388
	  ->  Limit  (cost=0.43..707.87 rows=15739 width=4) (actual time=0.012..12.677 rows=15852 loops=1)
	        Buffers: shared hit=11127 read=4388
	        ->  Index Only Scan using idx_output_snapshot_history_output_captured on output_snapshot_history  (cost=0.43..707.87 rows=15739 width=4) (actual time=0.012..12.002 rows=15852 loops=1)
	              Index Cond: (output_id = 'o189'::text)
	              Heap Fetches: 15395
	              Buffers: shared hit=11127 read=4388
2026-10-10 08:50:27.145 UTC [1961] hel1435-S4-prod-io-base-R250000-b7-explain-r3 LOG:  duration: 33.640 ms  plan:
	Query Text: SELECT count(*) FROM (SELECT 1 FROM output_snapshot_history WHERE output_id = $1 LIMIT $2) x
	Query Parameters: $1 = 'o19', $2 = '154889'
	Aggregate  (cost=904.60..904.61 rows=1 width=8) (actual time=33.634..33.635 rows=1 loops=1)
	  Buffers: shared hit=11 read=15505
	  ->  Limit  (cost=0.43..707.87 rows=15739 width=4) (actual time=0.020..32.766 rows=15852 loops=1)
	        Buffers: shared hit=11 read=15505
	        ->  Index Only Scan using idx_output_snapshot_history_output_captured on output_snapshot_history  (cost=0.43..707.87 rows=15739 width=4) (actual time=0.019..31.845 rows=15852 loops=1)
	              Index Cond: (output_id = 'o19'::text)
	              Heap Fetches: 15396
	              Buffers: shared hit=11 read=15505
2026-10-10 08:50:27.228 UTC [1961] hel1435-S4-prod-io-base-R250000-b7-explain-r3 LOG:  duration: 81.831 ms  plan:
	Query Text: SELECT count(*) FROM (SELECT 1 FROM output_snapshot_history WHERE output_id = $1 LIMIT $2) x
	Query Parameters: $1 = 'o190', $2 = '139037'
	Aggregate  (cost=904.60..904.61 rows=1 width=8) (actual time=81.825..81.826 rows=1 loops=1)
	  Buffers: shared hit=10 read=15505
	  ->  Limit  (cost=0.43..707.87 rows=15739 width=4) (actual time=0.017..80.979 rows=15852 loops=1)
	        Buffers: shared hit=10 read=15505
	        ->  Index Only Scan using idx_output_snapshot_history_output_captured on output_snapshot_history  (cost=0.43..707.87 rows=15739 width=4) (actual time=0.017..80.079 rows=15852 loops=1)
	              Index Cond: (output_id = 'o190'::text)
	              Heap Fetches: 15395
	              Buffers: shared hit=10 read=15505
2026-10-10 08:50:27.237 UTC [1961] hel1435-S4-prod-io-base-R250000-b7-explain-r3 LOG:  duration: 9.294 ms  plan:
	Query Text: SELECT count(*) FROM (SELECT 1 FROM output_snapshot_history WHERE output_id = $1 LIMIT $2) x
	Query Parameters: $1 = 'o191', $2 = '123185'
	Aggregate  (cost=904.60..904.61 rows=1 width=8) (actual time=9.291..9.291 rows=1 loops=1)
	  Buffers: shared hit=13805 read=1709
	  ->  Limit  (cost=0.43..707.87 rows=15739 width=4) (actual time=0.023..8.816 rows=15852 loops=1)
	        Buffers: shared hit=13805 read=1709
	        ->  Index Only Scan using idx_output_snapshot_history_output_captured on output_snapshot_history  (cost=0.43..707.87 rows=15739 width=4) (actual time=0.022..8.183 rows=15852 loops=1)
	              Index Cond: (output_id = 'o191'::text)
	              Heap Fetches: 15395
	              Buffers: shared hit=13805 read=1709
2026-10-10 08:50:27.251 UTC [1961] hel1435-S4-prod-io-base-R250000-b7-explain-r3 LOG:  duration: 13.214 ms  plan:
	Query Text: SELECT count(*) FROM (SELECT 1 FROM output_snapshot_history WHERE output_id = $1 LIMIT $2) x
	Query Parameters: $1 = 'o192', $2 = '107333'
	Aggregate  (cost=106.54..106.55 rows=1 width=8) (actual time=13.212..13.212 rows=1 loops=1)
	  Buffers: shared hit=11362 read=4152
	  ->  Limit  (cost=0.43..83.49 rows=1844 width=4) (actual time=0.025..12.689 rows=15852 loops=1)
	        Buffers: shared hit=11362 read=4152
	        ->  Index Only Scan using idx_output_snapshot_history_output_captured on output_snapshot_history  (cost=0.43..831.20 rows=18444 width=4) (actual time=0.024..12.020 rows=15852 loops=1)
	              Index Cond: (output_id = ($1)::text)
	              Heap Fetches: 15395
	              Buffers: shared hit=11362 read=4152
2026-10-10 08:50:27.257 UTC [1961] hel1435-S4-prod-io-base-R250000-b7-explain-r3 LOG:  duration: 5.911 ms  plan:
	Query Text: SELECT count(*) FROM (SELECT 1 FROM output_snapshot_history WHERE output_id = $1 LIMIT $2) x
	Query Parameters: $1 = 'o193', $2 = '91481'
	Aggregate  (cost=106.54..106.55 rows=1 width=8) (actual time=5.910..5.910 rows=1 loops=1)
	  Buffers: shared hit=15387 read=127
	  ->  Limit  (cost=0.43..83.49 rows=1844 width=4) (actual time=0.017..5.473 rows=15852 loops=1)
	        Buffers: shared hit=15387 read=127
	        ->  Index Only Scan using idx_output_snapshot_history_output_captured on output_snapshot_history  (cost=0.43..831.20 rows=18444 width=4) (actual time=0.017..4.870 rows=15852 loops=1)
	              Index Cond: (output_id = ($1)::text)
	              Heap Fetches: 15395
	              Buffers: shared hit=15387 read=127
2026-10-10 08:50:27.313 UTC [1961] hel1435-S4-prod-io-base-R250000-b7-explain-r3 LOG:  duration: 55.568 ms  plan:
	Query Text: SELECT count(*) FROM (SELECT 1 FROM output_snapshot_history WHERE output_id = $1 LIMIT $2) x
	Query Parameters: $1 = 'o194', $2 = '75629'
	Aggregate  (cost=106.54..106.55 rows=1 width=8) (actual time=55.566..55.566 rows=1 loops=1)
	  Buffers: shared hit=15406 read=108
	  ->  Limit  (cost=0.43..83.49 rows=1844 width=4) (actual time=0.022..55.126 rows=15852 loops=1)
	        Buffers: shared hit=15406 read=108
	        ->  Index Only Scan using idx_output_snapshot_history_output_captured on output_snapshot_history  (cost=0.43..831.20 rows=18444 width=4) (actual time=0.021..54.505 rows=15852 loops=1)
	              Index Cond: (output_id = ($1)::text)
	              Heap Fetches: 15395
	              Buffers: shared hit=15406 read=108
2026-10-10 08:50:27.326 UTC [1961] hel1435-S4-prod-io-base-R250000-b7-explain-r3 LOG:  duration: 12.931 ms  plan:
	Query Text: SELECT count(*) FROM (SELECT 1 FROM output_snapshot_history WHERE output_id = $1 LIMIT $2) x
	Query Parameters: $1 = 'o195', $2 = '59777'
	Aggregate  (cost=106.54..106.55 rows=1 width=8) (actual time=12.928..12.928 rows=1 loops=1)
	  Buffers: shared hit=11567 read=3948
	  ->  Limit  (cost=0.43..83.49 rows=1844 width=4) (actual time=0.014..12.404 rows=15852 loops=1)
	        Buffers: shared hit=11567 read=3948
	        ->  Index Only Scan using idx_output_snapshot_history_output_captured on output_snapshot_history  (cost=0.43..831.20 rows=18444 width=4) (actual time=0.014..11.741 rows=15852 loops=1)
	              Index Cond: (output_id = ($1)::text)
	              Heap Fetches: 15395
	              Buffers: shared hit=11567 read=3948
2026-10-10 08:50:27.336 UTC [1961] hel1435-S4-prod-io-base-R250000-b7-explain-r3 LOG:  duration: 9.989 ms  plan:
	Query Text: SELECT count(*) FROM (SELECT 1 FROM output_snapshot_history WHERE output_id = $1 LIMIT $2) x
	Query Parameters: $1 = 'o196', $2 = '43925'
	Aggregate  (cost=106.54..106.55 rows=1 width=8) (actual time=9.988..9.988 rows=1 loops=1)
	  Buffers: shared hit=13145 read=2370
	  ->  Limit  (cost=0.43..83.49 rows=1844 width=4) (actual time=0.014..9.505 rows=15852 loops=1)
	        Buffers: shared hit=13145 read=2370
	        ->  Index Only Scan using idx_output_snapshot_history_output_captured on output_snapshot_history  (cost=0.43..831.20 rows=18444 width=4) (actual time=0.013..8.866 rows=15852 loops=1)
	              Index Cond: (output_id = ($1)::text)
	              Heap Fetches: 15395
	              Buffers: shared hit=13145 read=2370
2026-10-10 08:50:27.350 UTC [1961] hel1435-S4-prod-io-base-R250000-b7-explain-r3 LOG:  duration: 13.412 ms  plan:
	Query Text: SELECT count(*) FROM (SELECT 1 FROM output_snapshot_history WHERE output_id = $1 LIMIT $2) x
	Query Parameters: $1 = 'o197', $2 = '28073'
	Aggregate  (cost=106.54..106.55 rows=1 width=8) (actual time=13.410..13.411 rows=1 loops=1)
	  Buffers: shared hit=11152 read=4363
	  ->  Limit  (cost=0.43..83.49 rows=1844 width=4) (actual time=0.012..12.879 rows=15852 loops=1)
	        Buffers: shared hit=11152 read=4363
	        ->  Index Only Scan using idx_output_snapshot_history_output_captured on output_snapshot_history  (cost=0.43..831.20 rows=18444 width=4) (actual time=0.011..12.206 rows=15852 loops=1)
	              Index Cond: (output_id = ($1)::text)
	              Heap Fetches: 15395
	              Buffers: shared hit=11152 read=4363
2026-10-10 08:50:27.356 UTC [1961] hel1435-S4-prod-io-base-R250000-b7-explain-r3 LOG:  duration: 5.873 ms  plan:
	Query Text: SELECT count(*) FROM (SELECT 1 FROM output_snapshot_history WHERE output_id = $1 LIMIT $2) x
	Query Parameters: $1 = 'o198', $2 = '12221'
	Aggregate  (cost=106.54..106.55 rows=1 width=8) (actual time=5.872..5.872 rows=1 loops=1)
	  Buffers: shared hit=10935 read=922
	  ->  Limit  (cost=0.43..83.49 rows=1844 width=4) (actual time=0.013..5.517 rows=12221 loops=1)
	        Buffers: shared hit=10935 read=922
	        ->  Index Only Scan using idx_output_snapshot_history_output_captured on output_snapshot_history  (cost=0.43..831.20 rows=18444 width=4) (actual time=0.012..5.040 rows=12221 loops=1)
	              Index Cond: (output_id = ($1)::text)
	              Heap Fetches: 11764
	              Buffers: shared hit=10935 read=922
2026-10-10 08:50:28.722 UTC [1961] hel1435-S4-prod-io-base-R250000-b7-explain-r3 LOG:  duration: 1304.838 ms  plan:
	Query Text: DELETE FROM output_snapshot_history h
	             USING pipelines p, users u
	             WHERE h.output_id = ANY($1) AND h.captured_at < $2
	               AND h.pipeline_id = p.id AND p.owner_id = u.id
	               AND h.captured_at < COALESCE(($3::timestamptz[])[array_position($4::text[], u.tier)], $5)
	Query Parameters: $1 = '{o184,o185,o186,o187,o188,o189,o19,o190,o191,o192,o193,o194,o195,o196,o197}', $2 = '2026-09-10 01:00:00-07', $3 = '{"2026-09-10 01:00:00-07","2026-07-12 01:00:00-07","2025-10-10 01:00:00-07"}', $4 = '{free,beta,owner}', $5 = '2026-09-10 01:00:00-07'
	Delete on output_snapshot_history h  (cost=1543.09..133254.24 rows=0 width=0) (actual time=1304.835..1304.837 rows=0 loops=1)
	  Buffers: shared hit=95065 read=35615 dirtied=22338 written=5797
	  WAL: records=108165 bytes=5840910
	  ->  Hash Join  (cost=1543.09..133254.24 rows=41635 width=18) (actual time=197.311..1078.385 rows=108165 loops=1)
	        Hash Cond: ((h.pipeline_id = p.id) AND (u.id = p.owner_id))
	        Buffers: shared hit=2471 read=20044
	        ->  Nested Loop  (cost=1539.59..122316.37 rows=2081767 width=31) (actual time=8.971..566.466 rows=4110270 loops=1)
	              Buffers: shared hit=2471 read=20043
	              ->  Index Scan using users_pkey on users u  (cost=0.14..12.89 rows=50 width=27) (actual time=0.009..0.089 rows=50 loops=1)
	                    Buffers: shared hit=1 read=1
	              ->  Memoize  (cost=1539.45..24463.23 rows=41635 width=17) (actual time=0.185..4.214 rows=82205 loops=50)
	                    Cache Key: COALESCE(('{"2026-09-10 01:00:00-07","2026-07-12 01:00:00-07","2025-10-10 01:00:00-07"}'::timestamp with time zone[])[array_position('{free,beta,owner}'::text[], u.tier)], '2026-09-10 01:00:00-07'::timestamp with time zone)
	                    Cache Mode: binary
	                    Hits: 47  Misses: 3  Evictions: 0  Overflows: 0  Memory Usage: 5916kB
	                    Buffers: shared hit=2470 read=20042
	                    ->  Bitmap Heap Scan on output_snapshot_history h  (cost=1539.44..24463.22 rows=41635 width=17) (actual time=3.018..38.756 rows=36055 loops=3)
	                          Recheck Cond: ((output_id = ANY ('{o184,o185,o186,o187,o188,o189,o19,o190,o191,o192,o193,o194,o195,o196,o197}'::text[])) AND (captured_at < COALESCE(('{"2026-09-10 01:00:00-07","2026-07-12 01:00:00-07","2025-10-10 01:00:00-07"}'::timestamp with time zone[])[array_position('{free,beta,owner}'::text[], u.tier)], '2026-09-10 01:00:00-07'::timestamp with time zone)) AND (captured_at < '2026-09-10 01:00:00-07'::timestamp with time zone))
	                          Heap Blocks: exact=21632
	                          Buffers: shared hit=2470 read=20042
	                          ->  Bitmap Index Scan on idx_output_snapshot_history_output_captured  (cost=0.00..1528.99 rows=41635 width=0) (actual time=2.473..2.473 rows=36055 loops=3)
	                                Index Cond: ((output_id = ANY ('{o184,o185,o186,o187,o188,o189,o19,o190,o191,o192,o193,o194,o195,o196,o197}'::text[])) AND (captured_at < COALESCE(('{"2026-09-10 01:00:00-07","2026-07-12 01:00:00-07","2025-10-10 01:00:00-07"}'::timestamp with time zone[])[array_position('{free,beta,owner}'::text[], u.tier)], '2026-09-10 01:00:00-07'::timestamp with time zone)) AND (captured_at < '2026-09-10 01:00:00-07'::timestamp with time zone))
	                                Buffers: shared hit=148 read=729
	        ->  Hash  (cost=2.00..2.00 rows=100 width=25) (actual time=5.418..5.419 rows=100 loops=1)
	              Buckets: 1024  Batches: 1  Memory Usage: 14kB
	              Buffers: shared read=1
	              ->  Seq Scan on pipelines p  (cost=0.00..2.00 rows=100 width=25) (actual time=5.397..5.402 rows=100 loops=1)
	                    Buffers: shared read=1
	JIT:
	  Functions: 22
	  Options: Inlining false, Optimization false, Expressions true, Deforming true
	  Timing: Generation 0.535 ms, Inlining 0.000 ms, Optimization 0.317 ms, Emission 5.114 ms, Total 5.967 ms
2026-10-10 08:50:30.256 UTC [1961] hel1435-S4-prod-io-base-R250000-b7-explain-r3 LOG:  duration: 1531.885 ms  plan:
	Query Text: DELETE FROM output_snapshot_history WHERE output_id = ANY($1) AND id IN (
	             SELECT id FROM (
	               SELECT id, age_class, bucket,
	                      row_number() OVER w AS recency,
	                      lag(age_class) OVER w AS prev_class,
	                      lag(bucket) OVER w AS prev_bucket
	               FROM (
	                 SELECT id, output_id, captured_at,
	                        CASE WHEN extract(epoch FROM ($2::timestamptz - captured_at)) < $3 THEN 0
	                             WHEN extract(epoch FROM ($4::timestamptz - captured_at)) < $5 THEN 1
	                             ELSE 2 END AS age_class,
	                        floor(extract(epoch FROM captured_at) /
	                          CASE WHEN extract(epoch FROM ($6::timestamptz - captured_at)) < $7 THEN $8
	                               WHEN extract(epoch FROM ($9::timestamptz - captured_at)) < $10 THEN $11
	                               ELSE $12 END) AS bucket
	                 FROM output_snapshot_history
	                 WHERE output_id = ANY($13)
	               ) classed
	               WINDOW w AS (PARTITION BY output_id ORDER BY captured_at DESC, id DESC)
	             ) ranked
	             WHERE recency > $14 AND prev_class = age_class AND prev_bucket = bucket)
	Query Parameters: $1 = '{o184,o185,o186,o187,o188,o189,o19,o190,o191,o192,o193,o194,o195,o196,o197}', $2 = '2026-10-10 01:00:00-07', $3 = '86400', $4 = '2026-10-10 01:00:00-07', $5 = '604800', $6 = '2026-10-10 01:00:00-07', $7 = '86400', $8 = '300', $9 = '2026-10-10 01:00:00-07', $10 = '604800', $11 = '3600', $12 = '86400', $13 = '{o184,o185,o186,o187,o188,o189,o19,o190,o191,o192,o193,o194,o195,o196,o197}', $14 = '102'
	Delete on output_snapshot_history  (cost=433267.39..433283.92 rows=0 width=0) (actual time=1531.881..1531.884 rows=0 loops=1)
	  Buffers: shared hit=551715 read=108425 dirtied=50009 written=56342, temp read=2093 written=2099
	  WAL: records=122760 bytes=6629040
	  ->  Nested Loop  (cost=433267.39..433283.92 rows=1 width=46) (actual time=801.586..1502.597 rows=122760 loops=1)
	        Buffers: shared hit=428955 read=108425 written=56342, temp read=2093 written=2099
	        ->  Unique  (cost=433266.92..433266.93 rows=2 width=56) (actual time=801.530..873.558 rows=122760 loops=1)
	              Buffers: shared hit=10340 read=36000 written=16041, temp read=2093 written=2099
	              ->  Sort  (cost=433266.92..433266.93 rows=2 width=56) (actual time=801.530..865.355 rows=122760 loops=1)
	                    Sort Key: ranked.id
	                    Sort Method: external merge  Disk: 11792kB
	                    Buffers: shared hit=10340 read=36000 written=16041, temp read=2093 written=2099
	                    ->  Subquery Scan on ranked  (cost=403755.41..433266.91 rows=2 width=56) (actual time=415.621..779.303 rows=122760 loops=1)
	                          Filter: ((ranked.recency > 102) AND (ranked.prev_class = ranked.age_class) AND (ranked.prev_bucket = ranked.bucket))
	                          Rows Removed by Filter: 6855
	                          Buffers: shared hit=10340 read=35997 written=16041, temp read=619 written=621
	                          ->  WindowAgg  (cost=403755.41..429135.30 rows=236092 width=108) (actual time=415.339..759.777 rows=129615 loops=1)
	                                Buffers: shared hit=10340 read=35997 written=16041, temp read=619 written=621
	                                ->  Sort  (cost=403755.41..404345.64 rows=236092 width=28) (actual time=415.275..424.607 rows=129615 loops=1)
	                                      Sort Key: output_snapshot_history_1.output_id, output_snapshot_history_1.captured_at DESC, output_snapshot_history_1.id DESC
	                                      Sort Method: external merge  Disk: 4952kB
	                                      Buffers: shared hit=10340 read=35997 written=16041, temp read=619 written=621
	                                      ->  Bitmap Heap Scan on output_snapshot_history output_snapshot_history_1  (cost=8184.19..377036.39 rows=236092 width=28) (actual time=129.911..313.093 rows=129615 loops=1)
	                                            Recheck Cond: (output_id = ANY ('{o184,o185,o186,o187,o188,o189,o19,o190,o191,o192,o193,o194,o195,o196,o197}'::text[]))
	                                            Heap Blocks: exact=44674
	                                            Buffers: shared hit=10334 read=35997 written=16041
	                                            ->  Bitmap Index Scan on idx_output_snapshot_history_output_captured  (cost=0.00..8125.12 rows=236092 width=0) (actual time=16.882..16.882 rows=237780 loops=1)
	                                                  Index Cond: (output_id = ANY ('{o184,o185,o186,o187,o188,o189,o19,o190,o191,o192,o193,o194,o195,o196,o197}'::text[]))
	                                                  Buffers: shared hit=48 read=1609 written=1492
	        ->  Index Scan using output_snapshot_history_pkey on output_snapshot_history  (cost=0.47..8.49 rows=1 width=22) (actual time=0.005..0.005 rows=1 loops=122760)
	              Index Cond: (id = ranked.id)
	              Filter: (output_id = ANY ('{o184,o185,o186,o187,o188,o189,o19,o190,o191,o192,o193,o194,o195,o196,o197}'::text[]))
	              Buffers: shared hit=418615 read=72425 written=40301
	JIT:
	  Functions: 24
	  Options: Inlining false, Optimization false, Expressions true, Deforming true
	  Timing: Generation 0.510 ms, Inlining 0.000 ms, Optimization 0.325 ms, Emission 5.013 ms, Total 5.847 ms
2026-10-10 08:50:30.257 UTC [1961] hel1435-S4-prod-io-base-R250000-b7-explain-r3 LOG:  temporary file: path "base/pgsql_tmp/pgsql_tmp1961.1", size 12075008
2026-10-10 08:50:30.257 UTC [1961] hel1435-S4-prod-io-base-R250000-b7-explain-r3 STATEMENT:  DELETE FROM output_snapshot_history WHERE output_id = ANY($1) AND id IN (
	             SELECT id FROM (
	               SELECT id, age_class, bucket,
	                      row_number() OVER w AS recency,
	                      lag(age_class) OVER w AS prev_class,
	                      lag(bucket) OVER w AS prev_bucket
	               FROM (
	                 SELECT id, output_id, captured_at,
	                        CASE WHEN extract(epoch FROM ($2::timestamptz - captured_at)) < $3 THEN 0
	                             WHEN extract(epoch FROM ($4::timestamptz - captured_at)) < $5 THEN 1
	                             ELSE 2 END AS age_class,
	                        floor(extract(epoch FROM captured_at) /
	                          CASE WHEN extract(epoch FROM ($6::timestamptz - captured_at)) < $7 THEN $8
	                               WHEN extract(epoch FROM ($9::timestamptz - captured_at)) < $10 THEN $11
	                               ELSE $12 END) AS bucket
	                 FROM output_snapshot_history
	                 WHERE output_id = ANY($13)
	               ) classed
	               WINDOW w AS (PARTITION BY output_id ORDER BY captured_at DESC, id DESC)
	             ) ranked
	             WHERE recency > $14 AND prev_class = age_class AND prev_bucket = bucket)
2026-10-10 08:50:30.258 UTC [1961] hel1435-S4-prod-io-base-R250000-b7-explain-r3 LOG:  temporary file: path "base/pgsql_tmp/pgsql_tmp1961.0", size 5070848
2026-10-10 08:50:30.258 UTC [1961] hel1435-S4-prod-io-base-R250000-b7-explain-r3 STATEMENT:  DELETE FROM output_snapshot_history WHERE output_id = ANY($1) AND id IN (
	             SELECT id FROM (
	               SELECT id, age_class, bucket,
	                      row_number() OVER w AS recency,
	                      lag(age_class) OVER w AS prev_class,
	                      lag(bucket) OVER w AS prev_bucket
	               FROM (
	                 SELECT id, output_id, captured_at,
	                        CASE WHEN extract(epoch FROM ($2::timestamptz - captured_at)) < $3 THEN 0
	                             WHEN extract(epoch FROM ($4::timestamptz - captured_at)) < $5 THEN 1
	                             ELSE 2 END AS age_class,
	                        floor(extract(epoch FROM captured_at) /
	                          CASE WHEN extract(epoch FROM ($6::timestamptz - captured_at)) < $7 THEN $8
	                               WHEN extract(epoch FROM ($9::timestamptz - captured_at)) < $10 THEN $11
	                               ELSE $12 END) AS bucket
	                 FROM output_snapshot_history
	                 WHERE output_id = ANY($13)
	               ) classed
	               WINDOW w AS (PARTITION BY output_id ORDER BY captured_at DESC, id DESC)
	             ) ranked
	             WHERE recency > $14 AND prev_class = age_class AND prev_bucket = bucket)
2026-10-10 08:50:33.737 UTC [1964] hel1435-S4-prod-io-base-R250000-b7-timed-r1 LOG:  temporary file: path "base/pgsql_tmp/pgsql_tmp1964.1", size 12075008
2026-10-10 08:50:33.737 UTC [1964] hel1435-S4-prod-io-base-R250000-b7-timed-r1 STATEMENT:  DELETE FROM output_snapshot_history WHERE output_id = ANY($1) AND id IN (
	             SELECT id FROM (
	               SELECT id, age_class, bucket,
	                      row_number() OVER w AS recency,
	                      lag(age_class) OVER w AS prev_class,
	                      lag(bucket) OVER w AS prev_bucket
	               FROM (
	                 SELECT id, output_id, captured_at,
	                        CASE WHEN extract(epoch FROM ($2::timestamptz - captured_at)) < $3 THEN 0
	                             WHEN extract(epoch FROM ($4::timestamptz - captured_at)) < $5 THEN 1
	                             ELSE 2 END AS age_class,
	                        floor(extract(epoch FROM captured_at) /
	                          CASE WHEN extract(epoch FROM ($6::timestamptz - captured_at)) < $7 THEN $8
	                               WHEN extract(epoch FROM ($9::timestamptz - captured_at)) < $10 THEN $11
	                               ELSE $12 END) AS bucket
	                 FROM output_snapshot_history
	                 WHERE output_id = ANY($13)
	               ) classed
	               WINDOW w AS (PARTITION BY output_id ORDER BY captured_at DESC, id DESC)
	             ) ranked
	             WHERE recency > $14 AND prev_class = age_class AND prev_bucket = bucket)
2026-10-10 08:50:33.737 UTC [1964] hel1435-S4-prod-io-base-R250000-b7-timed-r1 LOG:  temporary file: path "base/pgsql_tmp/pgsql_tmp1964.0", size 5070848
2026-10-10 08:50:33.737 UTC [1964] hel1435-S4-prod-io-base-R250000-b7-timed-r1 STATEMENT:  DELETE FROM output_snapshot_history WHERE output_id = ANY($1) AND id IN (
	             SELECT id FROM (
	               SELECT id, age_class, bucket,
	                      row_number() OVER w AS recency,
	                      lag(age_class) OVER w AS prev_class,
	                      lag(bucket) OVER w AS prev_bucket
	               FROM (
	                 SELECT id, output_id, captured_at,
	                        CASE WHEN extract(epoch FROM ($2::timestamptz - captured_at)) < $3 THEN 0
	                             WHEN extract(epoch FROM ($4::timestamptz - captured_at)) < $5 THEN 1
	                             ELSE 2 END AS age_class,
	                        floor(extract(epoch FROM captured_at) /
	                          CASE WHEN extract(epoch FROM ($6::timestamptz - captured_at)) < $7 THEN $8
	                               WHEN extract(epoch FROM ($9::timestamptz - captured_at)) < $10 THEN $11
	                               ELSE $12 END) AS bucket
	                 FROM output_snapshot_history
	                 WHERE output_id = ANY($13)
	               ) classed
	               WINDOW w AS (PARTITION BY output_id ORDER BY captured_at DESC, id DESC)
	             ) ranked
	             WHERE recency > $14 AND prev_class = age_class AND prev_bucket = bucket)
2026-10-10 08:50:37.224 UTC [1967] hel1435-S4-prod-io-base-R250000-b7-timed-r2 LOG:  temporary file: path "base/pgsql_tmp/pgsql_tmp1967.1", size 12075008
2026-10-10 08:50:37.224 UTC [1967] hel1435-S4-prod-io-base-R250000-b7-timed-r2 STATEMENT:  DELETE FROM output_snapshot_history WHERE output_id = ANY($1) AND id IN (
	             SELECT id FROM (
	               SELECT id, age_class, bucket,
	                      row_number() OVER w AS recency,
	                      lag(age_class) OVER w AS prev_class,
	                      lag(bucket) OVER w AS prev_bucket
	               FROM (
	                 SELECT id, output_id, captured_at,
	                        CASE WHEN extract(epoch FROM ($2::timestamptz - captured_at)) < $3 THEN 0
	                             WHEN extract(epoch FROM ($4::timestamptz - captured_at)) < $5 THEN 1
	                             ELSE 2 END AS age_class,
	                        floor(extract(epoch FROM captured_at) /
	                          CASE WHEN extract(epoch FROM ($6::timestamptz - captured_at)) < $7 THEN $8
	                               WHEN extract(epoch FROM ($9::timestamptz - captured_at)) < $10 THEN $11
	                               ELSE $12 END) AS bucket
	                 FROM output_snapshot_history
	                 WHERE output_id = ANY($13)
	               ) classed
	               WINDOW w AS (PARTITION BY output_id ORDER BY captured_at DESC, id DESC)
	             ) ranked
	             WHERE recency > $14 AND prev_class = age_class AND prev_bucket = bucket)
2026-10-10 08:50:37.224 UTC [1967] hel1435-S4-prod-io-base-R250000-b7-timed-r2 LOG:  temporary file: path "base/pgsql_tmp/pgsql_tmp1967.0", size 5070848
2026-10-10 08:50:37.224 UTC [1967] hel1435-S4-prod-io-base-R250000-b7-timed-r2 STATEMENT:  DELETE FROM output_snapshot_history WHERE output_id = ANY($1) AND id IN (
	             SELECT id FROM (
	               SELECT id, age_class, bucket,
	                      row_number() OVER w AS recency,
	                      lag(age_class) OVER w AS prev_class,
	                      lag(bucket) OVER w AS prev_bucket
	               FROM (
	                 SELECT id, output_id, captured_at,
	                        CASE WHEN extract(epoch FROM ($2::timestamptz - captured_at)) < $3 THEN 0
	                             WHEN extract(epoch FROM ($4::timestamptz - captured_at)) < $5 THEN 1
	                             ELSE 2 END AS age_class,
	                        floor(extract(epoch FROM captured_at) /
	                          CASE WHEN extract(epoch FROM ($6::timestamptz - captured_at)) < $7 THEN $8
	                               WHEN extract(epoch FROM ($9::timestamptz - captured_at)) < $10 THEN $11
	                               ELSE $12 END) AS bucket
	                 FROM output_snapshot_history
	                 WHERE output_id = ANY($13)
	               ) classed
	               WINDOW w AS (PARTITION BY output_id ORDER BY captured_at DESC, id DESC)
	             ) ranked
	             WHERE recency > $14 AND prev_class = age_class AND prev_bucket = bucket)
2026-10-10 08:50:40.713 UTC [1970] hel1435-S4-prod-io-base-R250000-b7-timed-r3 LOG:  temporary file: path "base/pgsql_tmp/pgsql_tmp1970.1", size 12075008
2026-10-10 08:50:40.713 UTC [1970] hel1435-S4-prod-io-base-R250000-b7-timed-r3 STATEMENT:  DELETE FROM output_snapshot_history WHERE output_id = ANY($1) AND id IN (
	             SELECT id FROM (
	               SELECT id, age_class, bucket,
	                      row_number() OVER w AS recency,
	                      lag(age_class) OVER w AS prev_class,
	                      lag(bucket) OVER w AS prev_bucket
	               FROM (
	                 SELECT id, output_id, captured_at,
	                        CASE WHEN extract(epoch FROM ($2::timestamptz - captured_at)) < $3 THEN 0
	                             WHEN extract(epoch FROM ($4::timestamptz - captured_at)) < $5 THEN 1
	                             ELSE 2 END AS age_class,
	                        floor(extract(epoch FROM captured_at) /
	                          CASE WHEN extract(epoch FROM ($6::timestamptz - captured_at)) < $7 THEN $8
	                               WHEN extract(epoch FROM ($9::timestamptz - captured_at)) < $10 THEN $11
	                               ELSE $12 END) AS bucket
	                 FROM output_snapshot_history
	                 WHERE output_id = ANY($13)
	               ) classed
	               WINDOW w AS (PARTITION BY output_id ORDER BY captured_at DESC, id DESC)
	             ) ranked
	             WHERE recency > $14 AND prev_class = age_class AND prev_bucket = bucket)
2026-10-10 08:50:40.714 UTC [1970] hel1435-S4-prod-io-base-R250000-b7-timed-r3 LOG:  temporary file: path "base/pgsql_tmp/pgsql_tmp1970.0", size 5070848
2026-10-10 08:50:40.714 UTC [1970] hel1435-S4-prod-io-base-R250000-b7-timed-r3 STATEMENT:  DELETE FROM output_snapshot_history WHERE output_id = ANY($1) AND id IN (
	             SELECT id FROM (
	               SELECT id, age_class, bucket,
	                      row_number() OVER w AS recency,
	                      lag(age_class) OVER w AS prev_class,
	                      lag(bucket) OVER w AS prev_bucket
	               FROM (
	                 SELECT id, output_id, captured_at,
	                        CASE WHEN extract(epoch FROM ($2::timestamptz - captured_at)) < $3 THEN 0
	                             WHEN extract(epoch FROM ($4::timestamptz - captured_at)) < $5 THEN 1
	                             ELSE 2 END AS age_class,
	                        floor(extract(epoch FROM captured_at) /
	                          CASE WHEN extract(epoch FROM ($6::timestamptz - captured_at)) < $7 THEN $8
	                               WHEN extract(epoch FROM ($9::timestamptz - captured_at)) < $10 THEN $11
	                               ELSE $12 END) AS bucket
	                 FROM output_snapshot_history
	                 WHERE output_id = ANY($13)
	               ) classed
	               WINDOW w AS (PARTITION BY output_id ORDER BY captured_at DESC, id DESC)
	             ) ranked
	             WHERE recency > $14 AND prev_class = age_class AND prev_bucket = bucket)
2026-10-10 08:50:41.514 UTC [1974] hel1435-S4-prod-io-base-R250000-b14-explain-r1 LOG:  duration: 99.738 ms  plan:
	Query Text: SELECT count(*) FROM (SELECT 1 FROM output_snapshot_history WHERE output_id = $1 LIMIT $2) x
	Query Parameters: $1 = 'o259', $2 = '250001'
	Aggregate  (cost=904.60..904.61 rows=1 width=8) (actual time=99.731..99.731 rows=1 loops=1)
	  Buffers: shared hit=5197 read=10318
	  ->  Limit  (cost=0.43..707.87 rows=15739 width=4) (actual time=0.037..98.975 rows=15852 loops=1)
	        Buffers: shared hit=5197 read=10318
	        ->  Index Only Scan using idx_output_snapshot_history_output_captured on output_snapshot_history  (cost=0.43..707.87 rows=15739 width=4) (actual time=0.036..98.090 rows=15852 loops=1)
	              Index Cond: (output_id = 'o259'::text)
	              Heap Fetches: 15395
	              Buffers: shared hit=5197 read=10318
2026-10-10 08:50:41.548 UTC [1974] hel1435-S4-prod-io-base-R250000-b14-explain-r1 LOG:  duration: 33.677 ms  plan:
	Query Text: SELECT count(*) FROM (SELECT 1 FROM output_snapshot_history WHERE output_id = $1 LIMIT $2) x
	Query Parameters: $1 = 'o26', $2 = '234149'
	Aggregate  (cost=904.60..904.61 rows=1 width=8) (actual time=33.670..33.671 rows=1 loops=1)
	  Buffers: shared hit=11 read=15504
	  ->  Limit  (cost=0.43..707.87 rows=15739 width=4) (actual time=0.017..32.871 rows=15852 loops=1)
	        Buffers: shared hit=11 read=15504
	        ->  Index Only Scan using idx_output_snapshot_history_output_captured on output_snapshot_history  (cost=0.43..707.87 rows=15739 width=4) (actual time=0.016..31.974 rows=15852 loops=1)
	              Index Cond: (output_id = 'o26'::text)
	              Heap Fetches: 15395
	              Buffers: shared hit=11 read=15504
2026-10-10 08:50:41.632 UTC [1974] hel1435-S4-prod-io-base-R250000-b14-explain-r1 LOG:  duration: 83.509 ms  plan:
	Query Text: SELECT count(*) FROM (SELECT 1 FROM output_snapshot_history WHERE output_id = $1 LIMIT $2) x
	Query Parameters: $1 = 'o260', $2 = '218297'
	Aggregate  (cost=904.60..904.61 rows=1 width=8) (actual time=83.501..83.502 rows=1 loops=1)
	  Buffers: shared hit=11 read=15503
	  ->  Limit  (cost=0.43..707.87 rows=15739 width=4) (actual time=0.020..82.701 rows=15852 loops=1)
	        Buffers: shared hit=11 read=15503
	        ->  Index Only Scan using idx_output_snapshot_history_output_captured on output_snapshot_history  (cost=0.43..707.87 rows=15739 width=4) (actual time=0.020..81.796 rows=15852 loops=1)
	              Index Cond: (output_id = 'o260'::text)
	              Heap Fetches: 15395
	              Buffers: shared hit=11 read=15503
2026-10-10 08:50:41.646 UTC [1974] hel1435-S4-prod-io-base-R250000-b14-explain-r1 LOG:  duration: 13.657 ms  plan:
	Query Text: SELECT count(*) FROM (SELECT 1 FROM output_snapshot_history WHERE output_id = $1 LIMIT $2) x
	Query Parameters: $1 = 'o261', $2 = '202445'
	Aggregate  (cost=904.60..904.61 rows=1 width=8) (actual time=13.654..13.655 rows=1 loops=1)
	  Buffers: shared hit=11806 read=3708
	  ->  Limit  (cost=0.43..707.87 rows=15739 width=4) (actual time=0.023..13.150 rows=15852 loops=1)
	        Buffers: shared hit=11806 read=3708
	        ->  Index Only Scan using idx_output_snapshot_history_output_captured on output_snapshot_history  (cost=0.43..707.87 rows=15739 width=4) (actual time=0.022..12.472 rows=15852 loops=1)
	              Index Cond: (output_id = 'o261'::text)
	              Heap Fetches: 15395
	              Buffers: shared hit=11806 read=3708
2026-10-10 08:50:41.658 UTC [1974] hel1435-S4-prod-io-base-R250000-b14-explain-r1 LOG:  duration: 11.255 ms  plan:
	Query Text: SELECT count(*) FROM (SELECT 1 FROM output_snapshot_history WHERE output_id = $1 LIMIT $2) x
	Query Parameters: $1 = 'o262', $2 = '186593'
	Aggregate  (cost=904.60..904.61 rows=1 width=8) (actual time=11.252..11.253 rows=1 loops=1)
	  Buffers: shared hit=12726 read=2788
	  ->  Limit  (cost=0.43..707.87 rows=15739 width=4) (actual time=0.017..10.776 rows=15852 loops=1)
	        Buffers: shared hit=12726 read=2788
	        ->  Index Only Scan using idx_output_snapshot_history_output_captured on output_snapshot_history  (cost=0.43..707.87 rows=15739 width=4) (actual time=0.017..10.122 rows=15852 loops=1)
	              Index Cond: (output_id = 'o262'::text)
	              Heap Fetches: 15395
	              Buffers: shared hit=12726 read=2788
2026-10-10 08:50:41.723 UTC [1974] hel1435-S4-prod-io-base-R250000-b14-explain-r1 LOG:  duration: 65.019 ms  plan:
	Query Text: SELECT count(*) FROM (SELECT 1 FROM output_snapshot_history WHERE output_id = $1 LIMIT $2) x
	Query Parameters: $1 = 'o263', $2 = '170741'
	Aggregate  (cost=904.60..904.61 rows=1 width=8) (actual time=65.014..65.014 rows=1 loops=1)
	  Buffers: shared hit=10979 read=4535
	  ->  Limit  (cost=0.43..707.87 rows=15739 width=4) (actual time=0.021..64.485 rows=15853 loops=1)
	        Buffers: shared hit=10979 read=4535
	        ->  Index Only Scan using idx_output_snapshot_history_output_captured on output_snapshot_history  (cost=0.43..707.87 rows=15739 width=4) (actual time=0.021..63.790 rows=15853 loops=1)
	              Index Cond: (output_id = 'o263'::text)
	              Heap Fetches: 15396
	              Buffers: shared hit=10979 read=4535
2026-10-10 08:50:41.736 UTC [1974] hel1435-S4-prod-io-base-R250000-b14-explain-r1 LOG:  duration: 12.405 ms  plan:
	Query Text: SELECT count(*) FROM (SELECT 1 FROM output_snapshot_history WHERE output_id = $1 LIMIT $2) x
	Query Parameters: $1 = 'o264', $2 = '154888'
	Aggregate  (cost=904.60..904.61 rows=1 width=8) (actual time=12.402..12.402 rows=1 loops=1)
	  Buffers: shared hit=12113 read=3402
	  ->  Limit  (cost=0.43..707.87 rows=15739 width=4) (actual time=0.016..11.900 rows=15852 loops=1)
	        Buffers: shared hit=12113 read=3402
	        ->  Index Only Scan using idx_output_snapshot_history_output_captured on output_snapshot_history  (cost=0.43..707.87 rows=15739 width=4) (actual time=0.015..11.242 rows=15852 loops=1)
	              Index Cond: (output_id = 'o264'::text)
	              Heap Fetches: 15395
	              Buffers: shared hit=12113 read=3402
2026-10-10 08:50:41.747 UTC [1974] hel1435-S4-prod-io-base-R250000-b14-explain-r1 LOG:  duration: 10.170 ms  plan:
	Query Text: SELECT count(*) FROM (SELECT 1 FROM output_snapshot_history WHERE output_id = $1 LIMIT $2) x
	Query Parameters: $1 = 'o265', $2 = '139036'
	Aggregate  (cost=904.60..904.61 rows=1 width=8) (actual time=10.168..10.168 rows=1 loops=1)
	  Buffers: shared hit=13674 read=1841
	  ->  Limit  (cost=0.43..707.87 rows=15739 width=4) (actual time=0.017..9.716 rows=15852 loops=1)
	        Buffers: shared hit=13674 read=1841
	        ->  Index Only Scan using idx_output_snapshot_history_output_captured on output_snapshot_history  (cost=0.43..707.87 rows=15739 width=4) (actual time=0.017..9.074 rows=15852 loops=1)
	              Index Cond: (output_id = 'o265'::text)
	              Heap Fetches: 15395
	              Buffers: shared hit=13674 read=1841
2026-10-10 08:50:41.753 UTC [1974] hel1435-S4-prod-io-base-R250000-b14-explain-r1 LOG:  duration: 6.569 ms  plan:
	Query Text: SELECT count(*) FROM (SELECT 1 FROM output_snapshot_history WHERE output_id = $1 LIMIT $2) x
	Query Parameters: $1 = 'o266', $2 = '123184'
	Aggregate  (cost=904.60..904.61 rows=1 width=8) (actual time=6.568..6.568 rows=1 loops=1)
	  Buffers: shared hit=15407 read=108
	  ->  Limit  (cost=0.43..707.87 rows=15739 width=4) (actual time=0.012..6.157 rows=15852 loops=1)
	        Buffers: shared hit=15407 read=108
	        ->  Index Only Scan using idx_output_snapshot_history_output_captured on output_snapshot_history  (cost=0.43..707.87 rows=15739 width=4) (actual time=0.011..5.552 rows=15852 loops=1)
	              Index Cond: (output_id = 'o266'::text)
	              Heap Fetches: 15395
	              Buffers: shared hit=15407 read=108
2026-10-10 08:50:41.821 UTC [1974] hel1435-S4-prod-io-base-R250000-b14-explain-r1 LOG:  duration: 66.958 ms  plan:
	Query Text: SELECT count(*) FROM (SELECT 1 FROM output_snapshot_history WHERE output_id = $1 LIMIT $2) x
	Query Parameters: $1 = 'o267', $2 = '107332'
	Aggregate  (cost=106.54..106.55 rows=1 width=8) (actual time=66.952..66.953 rows=1 loops=1)
	  Buffers: shared hit=9265 read=6250
	  ->  Limit  (cost=0.43..83.49 rows=1844 width=4) (actual time=0.019..66.347 rows=15852 loops=1)
	        Buffers: shared hit=9265 read=6250
	        ->  Index Only Scan using idx_output_snapshot_history_output_captured on output_snapshot_history  (cost=0.43..831.20 rows=18444 width=4) (actual time=0.019..65.592 rows=15852 loops=1)
	              Index Cond: (output_id = ($1)::text)
	              Heap Fetches: 15395
	              Buffers: shared hit=9265 read=6250
2026-10-10 08:50:41.833 UTC [1974] hel1435-S4-prod-io-base-R250000-b14-explain-r1 LOG:  duration: 11.597 ms  plan:
	Query Text: SELECT count(*) FROM (SELECT 1 FROM output_snapshot_history WHERE output_id = $1 LIMIT $2) x
	Query Parameters: $1 = 'o268', $2 = '91480'
	Aggregate  (cost=106.54..106.55 rows=1 width=8) (actual time=11.595..11.595 rows=1 loops=1)
	  Buffers: shared hit=12773 read=2742
	  ->  Limit  (cost=0.43..83.49 rows=1844 width=4) (actual time=0.017..11.090 rows=15852 loops=1)
	        Buffers: shared hit=12773 read=2742
	        ->  Index Only Scan using idx_output_snapshot_history_output_captured on output_snapshot_history  (cost=0.43..831.20 rows=18444 width=4) (actual time=0.016..10.439 rows=15852 loops=1)
	              Index Cond: (output_id = ($1)::text)
	              Heap Fetches: 15395
	              Buffers: shared hit=12773 read=2742
2026-10-10 08:50:41.846 UTC [1974] hel1435-S4-prod-io-base-R250000-b14-explain-r1 LOG:  duration: 13.019 ms  plan:
	Query Text: SELECT count(*) FROM (SELECT 1 FROM output_snapshot_history WHERE output_id = $1 LIMIT $2) x
	Query Parameters: $1 = 'o269', $2 = '75628'
	Aggregate  (cost=106.54..106.55 rows=1 width=8) (actual time=13.017..13.017 rows=1 loops=1)
	  Buffers: shared hit=11672 read=3842
	  ->  Limit  (cost=0.43..83.49 rows=1844 width=4) (actual time=0.016..12.484 rows=15852 loops=1)
	        Buffers: shared hit=11672 read=3842
	        ->  Index Only Scan using idx_output_snapshot_history_output_captured on output_snapshot_history  (cost=0.43..831.20 rows=18444 width=4) (actual time=0.015..11.815 rows=15852 loops=1)
	              Index Cond: (output_id = ($1)::text)
	              Heap Fetches: 15395
	              Buffers: shared hit=11672 read=3842
2026-10-10 08:50:41.929 UTC [1974] hel1435-S4-prod-io-base-R250000-b14-explain-r1 LOG:  duration: 82.783 ms  plan:
	Query Text: SELECT count(*) FROM (SELECT 1 FROM output_snapshot_history WHERE output_id = $1 LIMIT $2) x
	Query Parameters: $1 = 'o27', $2 = '59776'
	Aggregate  (cost=106.54..106.55 rows=1 width=8) (actual time=82.775..82.776 rows=1 loops=1)
	  Buffers: shared hit=8 read=15506
	  ->  Limit  (cost=0.43..83.49 rows=1844 width=4) (actual time=0.016..81.934 rows=15852 loops=1)
	        Buffers: shared hit=8 read=15506
	        ->  Index Only Scan using idx_output_snapshot_history_output_captured on output_snapshot_history  (cost=0.43..831.20 rows=18444 width=4) (actual time=0.015..81.036 rows=15852 loops=1)
	              Index Cond: (output_id = ($1)::text)
	              Heap Fetches: 15395
	              Buffers: shared hit=8 read=15506
2026-10-10 08:50:42.013 UTC [1974] hel1435-S4-prod-io-base-R250000-b14-explain-r1 LOG:  duration: 83.101 ms  plan:
	Query Text: SELECT count(*) FROM (SELECT 1 FROM output_snapshot_history WHERE output_id = $1 LIMIT $2) x
	Query Parameters: $1 = 'o270', $2 = '43924'
	Aggregate  (cost=106.54..106.55 rows=1 width=8) (actual time=83.091..83.092 rows=1 loops=1)
	  Buffers: shared hit=11 read=15503
	  ->  Limit  (cost=0.43..83.49 rows=1844 width=4) (actual time=0.018..82.257 rows=15852 loops=1)
	        Buffers: shared hit=11 read=15503
	        ->  Index Only Scan using idx_output_snapshot_history_output_captured on output_snapshot_history  (cost=0.43..831.20 rows=18444 width=4) (actual time=0.017..31.575 rows=15852 loops=1)
	              Index Cond: (output_id = ($1)::text)
	              Heap Fetches: 15395
	              Buffers: shared hit=11 read=15503
2026-10-10 08:50:42.019 UTC [1974] hel1435-S4-prod-io-base-R250000-b14-explain-r1 LOG:  duration: 5.972 ms  plan:
	Query Text: SELECT count(*) FROM (SELECT 1 FROM output_snapshot_history WHERE output_id = $1 LIMIT $2) x
	Query Parameters: $1 = 'o271', $2 = '28072'
	Aggregate  (cost=106.54..106.55 rows=1 width=8) (actual time=5.971..5.971 rows=1 loops=1)
	  Buffers: shared hit=15404 read=110
	  ->  Limit  (cost=0.43..83.49 rows=1844 width=4) (actual time=0.021..5.531 rows=15852 loops=1)
	        Buffers: shared hit=15404 read=110
	        ->  Index Only Scan using idx_output_snapshot_history_output_captured on output_snapshot_history  (cost=0.43..831.20 rows=18444 width=4) (actual time=0.020..4.915 rows=15852 loops=1)
	              Index Cond: (output_id = ($1)::text)
	              Heap Fetches: 15395
	              Buffers: shared hit=15404 read=110
2026-10-10 08:50:42.023 UTC [1974] hel1435-S4-prod-io-base-R250000-b14-explain-r1 LOG:  duration: 3.942 ms  plan:
	Query Text: SELECT count(*) FROM (SELECT 1 FROM output_snapshot_history WHERE output_id = $1 LIMIT $2) x
	Query Parameters: $1 = 'o272', $2 = '12220'
	Aggregate  (cost=106.54..106.55 rows=1 width=8) (actual time=3.941..3.941 rows=1 loops=1)
	  Buffers: shared hit=11771 read=85
	  ->  Limit  (cost=0.43..83.49 rows=1844 width=4) (actual time=0.013..3.605 rows=12220 loops=1)
	        Buffers: shared hit=11771 read=85
	        ->  Index Only Scan using idx_output_snapshot_history_output_captured on output_snapshot_history  (cost=0.43..831.20 rows=18444 width=4) (actual time=0.012..3.140 rows=12220 loops=1)
	              Index Cond: (output_id = ($1)::text)
	              Heap Fetches: 11763
	              Buffers: shared hit=11771 read=85
2026-10-10 08:50:42.932 UTC [33]  LOG:  checkpoint complete: wrote 943 buffers (5.8%); 0 WAL file(s) added, 0 removed, 33 recycled; write=23.750 s, sync=0.399 s, total=24.171 s; sync files=4, longest=0.167 s, average=0.100 s; distance=544446 kB, estimate=563377 kB; lsn=99/B9F875D8, redo lsn=99/9C406790
2026-10-10 08:50:43.658 UTC [1974] hel1435-S4-prod-io-base-R250000-b14-explain-r1 LOG:  duration: 1622.632 ms  plan:
	Query Text: DELETE FROM output_snapshot_history h
	             USING pipelines p, users u
	             WHERE h.output_id = ANY($1) AND h.captured_at < $2
	               AND h.pipeline_id = p.id AND p.owner_id = u.id
	               AND h.captured_at < COALESCE(($3::timestamptz[])[array_position($4::text[], u.tier)], $5)
	Query Parameters: $1 = '{o259,o26,o260,o261,o262,o263,o264,o265,o266,o267,o268,o269,o27,o270,o271}', $2 = '2026-09-10 01:00:00-07', $3 = '{"2026-09-10 01:00:00-07","2026-07-12 01:00:00-07","2025-10-10 01:00:00-07"}', $4 = '{free,beta,owner}', $5 = '2026-09-10 01:00:00-07'
	Delete on output_snapshot_history h  (cost=1543.09..133254.24 rows=0 width=0) (actual time=1622.629..1622.631 rows=0 loops=1)
	  Buffers: shared hit=97346 read=31739 dirtied=22514 written=6002
	  WAL: records=108166 fpi=15229 bytes=125799797
	  ->  Hash Join  (cost=1543.09..133254.24 rows=41635 width=18) (actual time=200.482..1169.209 rows=108166 loops=1)
	        Hash Cond: ((h.pipeline_id = p.id) AND (u.id = p.owner_id))
	        Buffers: shared hit=4471 read=16448
	        ->  Nested Loop  (cost=1539.59..122316.37 rows=2081767 width=31) (actual time=8.318..686.193 rows=4110308 loops=1)
	              Buffers: shared hit=4471 read=16447
	              ->  Index Scan using users_pkey on users u  (cost=0.14..12.89 rows=50 width=27) (actual time=0.009..0.102 rows=50 loops=1)
	                    Buffers: shared hit=1 read=1
	              ->  Memoize  (cost=1539.45..24463.23 rows=41635 width=17) (actual time=0.172..8.697 rows=82206 loops=50)
	                    Cache Key: COALESCE(('{"2026-09-10 01:00:00-07","2026-07-12 01:00:00-07","2025-10-10 01:00:00-07"}'::timestamp with time zone[])[array_position('{free,beta,owner}'::text[], u.tier)], '2026-09-10 01:00:00-07'::timestamp with time zone)
	                    Cache Mode: binary
	                    Hits: 47  Misses: 3  Evictions: 0  Overflows: 0  Memory Usage: 5916kB
	                    Buffers: shared hit=4470 read=16446
	                    ->  Bitmap Heap Scan on output_snapshot_history h  (cost=1539.44..24463.22 rows=41635 width=17) (actual time=2.803..36.420 rows=36055 loops=3)
	                          Recheck Cond: ((output_id = ANY ('{o259,o26,o260,o261,o262,o263,o264,o265,o266,o267,o268,o269,o27,o270,o271}'::text[])) AND (captured_at < COALESCE(('{"2026-09-10 01:00:00-07","2026-07-12 01:00:00-07","2025-10-10 01:00:00-07"}'::timestamp with time zone[])[array_position('{free,beta,owner}'::text[], u.tier)], '2026-09-10 01:00:00-07'::timestamp with time zone)) AND (captured_at < '2026-09-10 01:00:00-07'::timestamp with time zone))
	                          Heap Blocks: exact=20037
	                          Buffers: shared hit=4470 read=16446
	                          ->  Bitmap Index Scan on idx_output_snapshot_history_output_captured  (cost=0.00..1528.99 rows=41635 width=0) (actual time=2.304..2.305 rows=36055 loops=3)
	                                Index Cond: ((output_id = ANY ('{o259,o26,o260,o261,o262,o263,o264,o265,o266,o267,o268,o269,o27,o270,o271}'::text[])) AND (captured_at < COALESCE(('{"2026-09-10 01:00:00-07","2026-07-12 01:00:00-07","2025-10-10 01:00:00-07"}'::timestamp with time zone[])[array_position('{free,beta,owner}'::text[], u.tier)], '2026-09-10 01:00:00-07'::timestamp with time zone)) AND (captured_at < '2026-09-10 01:00:00-07'::timestamp with time zone))
	                                Buffers: shared hit=138 read=738
	        ->  Hash  (cost=2.00..2.00 rows=100 width=25) (actual time=5.364..5.365 rows=100 loops=1)
	              Buckets: 1024  Batches: 1  Memory Usage: 14kB
	              Buffers: shared read=1
	              ->  Seq Scan on pipelines p  (cost=0.00..2.00 rows=100 width=25) (actual time=5.343..5.348 rows=100 loops=1)
	                    Buffers: shared read=1
	JIT:
	  Functions: 22
	  Options: Inlining false, Optimization false, Expressions true, Deforming true
	  Timing: Generation 0.621 ms, Inlining 0.000 ms, Optimization 0.305 ms, Emission 5.061 ms, Total 5.988 ms
2026-10-10 08:50:44.518 UTC [33]  LOG:  checkpoints are occurring too frequently (26 seconds apart)
2026-10-10 08:50:44.518 UTC [33]  HINT:  Consider increasing the configuration parameter "max_wal_size".
2026-10-10 08:50:44.518 UTC [33]  LOG:  checkpoint starting: wal
2026-10-10 08:50:45.653 UTC [1974] hel1435-S4-prod-io-base-R250000-b14-explain-r1 LOG:  duration: 1992.148 ms  plan:
	Query Text: DELETE FROM output_snapshot_history WHERE output_id = ANY($1) AND id IN (
	             SELECT id FROM (
	               SELECT id, age_class, bucket,
	                      row_number() OVER w AS recency,
	                      lag(age_class) OVER w AS prev_class,
	                      lag(bucket) OVER w AS prev_bucket
	               FROM (
	                 SELECT id, output_id, captured_at,
	                        CASE WHEN extract(epoch FROM ($2::timestamptz - captured_at)) < $3 THEN 0
	                             WHEN extract(epoch FROM ($4::timestamptz - captured_at)) < $5 THEN 1
	                             ELSE 2 END AS age_class,
	                        floor(extract(epoch FROM captured_at) /
	                          CASE WHEN extract(epoch FROM ($6::timestamptz - captured_at)) < $7 THEN $8
	                               WHEN extract(epoch FROM ($9::timestamptz - captured_at)) < $10 THEN $11
	                               ELSE $12 END) AS bucket
	                 FROM output_snapshot_history
	                 WHERE output_id = ANY($13)
	               ) classed
	               WINDOW w AS (PARTITION BY output_id ORDER BY captured_at DESC, id DESC)
	             ) ranked
	             WHERE recency > $14 AND prev_class = age_class AND prev_bucket = bucket)
	Query Parameters: $1 = '{o259,o26,o260,o261,o262,o263,o264,o265,o266,o267,o268,o269,o27,o270,o271}', $2 = '2026-10-10 01:00:00-07', $3 = '86400', $4 = '2026-10-10 01:00:00-07', $5 = '604800', $6 = '2026-10-10 01:00:00-07', $7 = '86400', $8 = '300', $9 = '2026-10-10 01:00:00-07', $10 = '604800', $11 = '3600', $12 = '86400', $13 = '{o259,o26,o260,o261,o262,o263,o264,o265,o266,o267,o268,o269,o27,o270,o271}', $14 = '102'
	Delete on output_snapshot_history  (cost=433267.39..433283.92 rows=0 width=0) (actual time=1992.143..1992.146 rows=0 loops=1)
	  Buffers: shared hit=541952 read=119473 dirtied=56921 written=62643, temp read=2092 written=2098
	  WAL: records=122760 fpi=25345 bytes=206271605
	  ->  Nested Loop  (cost=433267.39..433283.92 rows=1 width=46) (actual time=797.724..1491.134 rows=122760 loops=1)
	        Buffers: shared hit=419192 read=119473 written=62643, temp read=2092 written=2098
	        ->  Unique  (cost=433266.92..433266.93 rows=2 width=56) (actual time=797.662..821.642 rows=122760 loops=1)
	              Buffers: shared hit=8109 read=39516 written=16037, temp read=2092 written=2098
	              ->  Sort  (cost=433266.92..433266.93 rows=2 width=56) (actual time=797.661..813.090 rows=122760 loops=1)
	                    Sort Key: ranked.id
	                    Sort Method: external merge  Disk: 11792kB
	                    Buffers: shared hit=8109 read=39516 written=16037, temp read=2092 written=2098
	                    ->  Subquery Scan on ranked  (cost=403755.41..433266.91 rows=2 width=56) (actual time=464.424..775.545 rows=122760 loops=1)
	                          Filter: ((ranked.recency > 102) AND (ranked.prev_class = ranked.age_class) AND (ranked.prev_bucket = ranked.bucket))
	                          Rows Removed by Filter: 6855
	                          Buffers: shared hit=8109 read=39513 written=16037, temp read=618 written=620
	                          ->  WindowAgg  (cost=403755.41..429135.30 rows=236092 width=108) (actual time=464.147..656.820 rows=129615 loops=1)
	                                Buffers: shared hit=8109 read=39513 written=16037, temp read=618 written=620
	                                ->  Sort  (cost=403755.41..404345.64 rows=236092 width=28) (actual time=464.085..473.064 rows=129615 loops=1)
	                                      Sort Key: output_snapshot_history_1.output_id, output_snapshot_history_1.captured_at DESC, output_snapshot_history_1.id DESC
	                                      Sort Method: external merge  Disk: 4944kB
	                                      Buffers: shared hit=8109 read=39513 written=16037, temp read=618 written=620
	                                      ->  Bitmap Heap Scan on output_snapshot_history output_snapshot_history_1  (cost=8184.19..377036.39 rows=236092 width=28) (actual time=178.280..413.411 rows=129615 loops=1)
	                                            Recheck Cond: (output_id = ANY ('{o259,o26,o260,o261,o262,o263,o264,o265,o266,o267,o268,o269,o27,o270,o271}'::text[]))
	                                            Heap Blocks: exact=45959
	                                            Buffers: shared hit=8103 read=39513 written=16037
	                                            ->  Bitmap Index Scan on idx_output_snapshot_history_output_captured  (cost=0.00..8125.12 rows=236092 width=0) (actual time=65.409..65.409 rows=237781 loops=1)
	                                                  Index Cond: (output_id = ANY ('{o259,o26,o260,o261,o262,o263,o264,o265,o266,o267,o268,o269,o27,o270,o271}'::text[]))
	                                                  Buffers: shared hit=34 read=1623 written=1608
	        ->  Index Scan using output_snapshot_history_pkey on output_snapshot_history  (cost=0.47..8.49 rows=1 width=22) (actual time=0.005..0.005 rows=1 loops=122760)
	              Index Cond: (id = ranked.id)
	              Filter: (output_id = ANY ('{o259,o26,o260,o261,o262,o263,o264,o265,o266,o267,o268,o269,o27,o270,o271}'::text[]))
	              Buffers: shared hit=411083 read=79957 written=46606
	JIT:
	  Functions: 24
	  Options: Inlining false, Optimization false, Expressions true, Deforming true
	  Timing: Generation 0.512 ms, Inlining 0.000 ms, Optimization 0.320 ms, Emission 4.934 ms, Total 5.766 ms
2026-10-10 08:50:45.654 UTC [1974] hel1435-S4-prod-io-base-R250000-b14-explain-r1 LOG:  temporary file: path "base/pgsql_tmp/pgsql_tmp1974.1", size 12075008
2026-10-10 08:50:45.654 UTC [1974] hel1435-S4-prod-io-base-R250000-b14-explain-r1 STATEMENT:  DELETE FROM output_snapshot_history WHERE output_id = ANY($1) AND id IN (
	             SELECT id FROM (
	               SELECT id, age_class, bucket,
	                      row_number() OVER w AS recency,
	                      lag(age_class) OVER w AS prev_class,
	                      lag(bucket) OVER w AS prev_bucket
	               FROM (
	                 SELECT id, output_id, captured_at,
	                        CASE WHEN extract(epoch FROM ($2::timestamptz - captured_at)) < $3 THEN 0
	                             WHEN extract(epoch FROM ($4::timestamptz - captured_at)) < $5 THEN 1
	                             ELSE 2 END AS age_class,
	                        floor(extract(epoch FROM captured_at) /
	                          CASE WHEN extract(epoch FROM ($6::timestamptz - captured_at)) < $7 THEN $8
	                               WHEN extract(epoch FROM ($9::timestamptz - captured_at)) < $10 THEN $11
	                               ELSE $12 END) AS bucket
	                 FROM output_snapshot_history
	                 WHERE output_id = ANY($13)
	               ) classed
	               WINDOW w AS (PARTITION BY output_id ORDER BY captured_at DESC, id DESC)
	             ) ranked
	             WHERE recency > $14 AND prev_class = age_class AND prev_bucket = bucket)
2026-10-10 08:50:45.655 UTC [1974] hel1435-S4-prod-io-base-R250000-b14-explain-r1 LOG:  temporary file: path "base/pgsql_tmp/pgsql_tmp1974.0", size 5062656
2026-10-10 08:50:45.655 UTC [1974] hel1435-S4-prod-io-base-R250000-b14-explain-r1 STATEMENT:  DELETE FROM output_snapshot_history WHERE output_id = ANY($1) AND id IN (
	             SELECT id FROM (
	               SELECT id, age_class, bucket,
	                      row_number() OVER w AS recency,
	                      lag(age_class) OVER w AS prev_class,
	                      lag(bucket) OVER w AS prev_bucket
	               FROM (
	                 SELECT id, output_id, captured_at,
	                        CASE WHEN extract(epoch FROM ($2::timestamptz - captured_at)) < $3 THEN 0
	                             WHEN extract(epoch FROM ($4::timestamptz - captured_at)) < $5 THEN 1
	                             ELSE 2 END AS age_class,
	                        floor(extract(epoch FROM captured_at) /
	                          CASE WHEN extract(epoch FROM ($6::timestamptz - captured_at)) < $7 THEN $8
	                               WHEN extract(epoch FROM ($9::timestamptz - captured_at)) < $10 THEN $11
	                               ELSE $12 END) AS bucket
	                 FROM output_snapshot_history
	                 WHERE output_id = ANY($13)
	               ) classed
	               WINDOW w AS (PARTITION BY output_id ORDER BY captured_at DESC, id DESC)
	             ) ranked
	             WHERE recency > $14 AND prev_class = age_class AND prev_bucket = bucket)
2026-10-10 08:50:46.613 UTC [1977] hel1435-S4-prod-io-base-R250000-b14-explain-r2 LOG:  duration: 88.639 ms  plan:
	Query Text: SELECT count(*) FROM (SELECT 1 FROM output_snapshot_history WHERE output_id = $1 LIMIT $2) x
	Query Parameters: $1 = 'o259', $2 = '250001'
	Aggregate  (cost=904.60..904.61 rows=1 width=8) (actual time=88.632..88.632 rows=1 loops=1)
	  Buffers: shared hit=5197 read=10318
	  ->  Limit  (cost=0.43..707.87 rows=15739 width=4) (actual time=0.034..87.916 rows=15852 loops=1)
	        Buffers: shared hit=5197 read=10318
	        ->  Index Only Scan using idx_output_snapshot_history_output_captured on output_snapshot_history  (cost=0.43..707.87 rows=15739 width=4) (actual time=0.034..87.075 rows=15852 loops=1)
	              Index Cond: (output_id = 'o259'::text)
	              Heap Fetches: 15395
	              Buffers: shared hit=5197 read=10318
2026-10-10 08:50:46.647 UTC [1977] hel1435-S4-prod-io-base-R250000-b14-explain-r2 LOG:  duration: 33.514 ms  plan:
	Query Text: SELECT count(*) FROM (SELECT 1 FROM output_snapshot_history WHERE output_id = $1 LIMIT $2) x
	Query Parameters: $1 = 'o26', $2 = '234149'
	Aggregate  (cost=904.60..904.61 rows=1 width=8) (actual time=33.506..33.507 rows=1 loops=1)
	  Buffers: shared hit=11 read=15504
	  ->  Limit  (cost=0.43..707.87 rows=15739 width=4) (actual time=0.017..32.723 rows=15852 loops=1)
	        Buffers: shared hit=11 read=15504
	        ->  Index Only Scan using idx_output_snapshot_history_output_captured on output_snapshot_history  (cost=0.43..707.87 rows=15739 width=4) (actual time=0.016..31.822 rows=15852 loops=1)
	              Index Cond: (output_id = 'o26'::text)
	              Heap Fetches: 15395
	              Buffers: shared hit=11 read=15504
2026-10-10 08:50:46.731 UTC [1977] hel1435-S4-prod-io-base-R250000-b14-explain-r2 LOG:  duration: 83.257 ms  plan:
	Query Text: SELECT count(*) FROM (SELECT 1 FROM output_snapshot_history WHERE output_id = $1 LIMIT $2) x
	Query Parameters: $1 = 'o260', $2 = '218297'
	Aggregate  (cost=904.60..904.61 rows=1 width=8) (actual time=83.250..83.251 rows=1 loops=1)
	  Buffers: shared hit=11 read=15503
	  ->  Limit  (cost=0.43..707.87 rows=15739 width=4) (actual time=0.020..82.458 rows=15852 loops=1)
	        Buffers: shared hit=11 read=15503
	        ->  Index Only Scan using idx_output_snapshot_history_output_captured on output_snapshot_history  (cost=0.43..707.87 rows=15739 width=4) (actual time=0.020..81.555 rows=15852 loops=1)
	              Index Cond: (output_id = 'o260'::text)
	              Heap Fetches: 15395
	              Buffers: shared hit=11 read=15503
2026-10-10 08:50:46.746 UTC [1977] hel1435-S4-prod-io-base-R250000-b14-explain-r2 LOG:  duration: 14.266 ms  plan:
	Query Text: SELECT count(*) FROM (SELECT 1 FROM output_snapshot_history WHERE output_id = $1 LIMIT $2) x
	Query Parameters: $1 = 'o261', $2 = '202445'
	Aggregate  (cost=904.60..904.61 rows=1 width=8) (actual time=14.262..14.262 rows=1 loops=1)
	  Buffers: shared hit=11806 read=3708
	  ->  Limit  (cost=0.43..707.87 rows=15739 width=4) (actual time=0.020..13.743 rows=15852 loops=1)
	        Buffers: shared hit=11806 read=3708
	        ->  Index Only Scan using idx_output_snapshot_history_output_captured on output_snapshot_history  (cost=0.43..707.87 rows=15739 width=4) (actual time=0.019..13.064 rows=15852 loops=1)
	              Index Cond: (output_id = 'o261'::text)
	              Heap Fetches: 15395
	              Buffers: shared hit=11806 read=3708
2026-10-10 08:50:46.758 UTC [1977] hel1435-S4-prod-io-base-R250000-b14-explain-r2 LOG:  duration: 11.995 ms  plan:
	Query Text: SELECT count(*) FROM (SELECT 1 FROM output_snapshot_history WHERE output_id = $1 LIMIT $2) x
	Query Parameters: $1 = 'o262', $2 = '186593'
	Aggregate  (cost=904.60..904.61 rows=1 width=8) (actual time=11.992..11.992 rows=1 loops=1)
	  Buffers: shared hit=12752 read=2762
	  ->  Limit  (cost=0.43..707.87 rows=15739 width=4) (actual time=0.018..11.516 rows=15852 loops=1)
	        Buffers: shared hit=12752 read=2762
	        ->  Index Only Scan using idx_output_snapshot_history_output_captured on output_snapshot_history  (cost=0.43..707.87 rows=15739 width=4) (actual time=0.018..10.862 rows=15852 loops=1)
	              Index Cond: (output_id = 'o262'::text)
	              Heap Fetches: 15395
	              Buffers: shared hit=12752 read=2762
2026-10-10 08:50:46.822 UTC [1977] hel1435-S4-prod-io-base-R250000-b14-explain-r2 LOG:  duration: 64.088 ms  plan:
	Query Text: SELECT count(*) FROM (SELECT 1 FROM output_snapshot_history WHERE output_id = $1 LIMIT $2) x
	Query Parameters: $1 = 'o263', $2 = '170741'
	Aggregate  (cost=904.60..904.61 rows=1 width=8) (actual time=64.083..64.084 rows=1 loops=1)
	  Buffers: shared hit=10954 read=4560
	  ->  Limit  (cost=0.43..707.87 rows=15739 width=4) (actual time=0.015..63.562 rows=15853 loops=1)
	        Buffers: shared hit=10954 read=4560
	        ->  Index Only Scan using idx_output_snapshot_history_output_captured on output_snapshot_history  (cost=0.43..707.87 rows=15739 width=4) (actual time=0.015..62.874 rows=15853 loops=1)
	              Index Cond: (output_id = 'o263'::text)
	              Heap Fetches: 15396
	              Buffers: shared hit=10954 read=4560
2026-10-10 08:50:46.835 UTC [1977] hel1435-S4-prod-io-base-R250000-b14-explain-r2 LOG:  duration: 12.152 ms  plan:
	Query Text: SELECT count(*) FROM (SELECT 1 FROM output_snapshot_history WHERE output_id = $1 LIMIT $2) x
	Query Parameters: $1 = 'o264', $2 = '154888'
	Aggregate  (cost=904.60..904.61 rows=1 width=8) (actual time=12.151..12.151 rows=1 loops=1)
	  Buffers: shared hit=12112 read=3403
	  ->  Limit  (cost=0.43..707.87 rows=15739 width=4) (actual time=0.018..11.658 rows=15852 loops=1)
	        Buffers: shared hit=12112 read=3403
	        ->  Index Only Scan using idx_output_snapshot_history_output_captured on output_snapshot_history  (cost=0.43..707.87 rows=15739 width=4) (actual time=0.018..10.990 rows=15852 loops=1)
	              Index Cond: (output_id = 'o264'::text)
	              Heap Fetches: 15395
	              Buffers: shared hit=12112 read=3403
2026-10-10 08:50:46.844 UTC [1977] hel1435-S4-prod-io-base-R250000-b14-explain-r2 LOG:  duration: 9.046 ms  plan:
	Query Text: SELECT count(*) FROM (SELECT 1 FROM output_snapshot_history WHERE output_id = $1 LIMIT $2) x
	Query Parameters: $1 = 'o265', $2 = '139036'
	Aggregate  (cost=904.60..904.61 rows=1 width=8) (actual time=9.044..9.045 rows=1 loops=1)
	  Buffers: shared hit=13670 read=1845
	  ->  Limit  (cost=0.43..707.87 rows=15739 width=4) (actual time=0.012..8.592 rows=15852 loops=1)
	        Buffers: shared hit=13670 read=1845
	        ->  Index Only Scan using idx_output_snapshot_history_output_captured on output_snapshot_history  (cost=0.43..707.87 rows=15739 width=4) (actual time=0.012..7.960 rows=15852 loops=1)
	              Index Cond: (output_id = 'o265'::text)
	              Heap Fetches: 15395
	              Buffers: shared hit=13670 read=1845
2026-10-10 08:50:46.850 UTC [1977] hel1435-S4-prod-io-base-R250000-b14-explain-r2 LOG:  duration: 5.804 ms  plan:
	Query Text: SELECT count(*) FROM (SELECT 1 FROM output_snapshot_history WHERE output_id = $1 LIMIT $2) x
	Query Parameters: $1 = 'o266', $2 = '123184'
	Aggregate  (cost=904.60..904.61 rows=1 width=8) (actual time=5.803..5.803 rows=1 loops=1)
	  Buffers: shared hit=15407 read=108
	  ->  Limit  (cost=0.43..707.87 rows=15739 width=4) (actual time=0.009..5.396 rows=15852 loops=1)
	        Buffers: shared hit=15407 read=108
	        ->  Index Only Scan using idx_output_snapshot_history_output_captured on output_snapshot_history  (cost=0.43..707.87 rows=15739 width=4) (actual time=0.009..4.795 rows=15852 loops=1)
	              Index Cond: (output_id = 'o266'::text)
	              Heap Fetches: 15395
	              Buffers: shared hit=15407 read=108
2026-10-10 08:50:46.917 UTC [1977] hel1435-S4-prod-io-base-R250000-b14-explain-r2 LOG:  duration: 66.033 ms  plan:
	Query Text: SELECT count(*) FROM (SELECT 1 FROM output_snapshot_history WHERE output_id = $1 LIMIT $2) x
	Query Parameters: $1 = 'o267', $2 = '107332'
	Aggregate  (cost=106.54..106.55 rows=1 width=8) (actual time=66.027..66.028 rows=1 loops=1)
	  Buffers: shared hit=9259 read=6256
	  ->  Limit  (cost=0.43..83.49 rows=1844 width=4) (actual time=0.014..65.455 rows=15852 loops=1)
	        Buffers: shared hit=9259 read=6256
	        ->  Index Only Scan using idx_output_snapshot_history_output_captured on output_snapshot_history  (cost=0.43..831.20 rows=18444 width=4) (actual time=0.014..64.746 rows=15852 loops=1)
	              Index Cond: (output_id = ($1)::text)
	              Heap Fetches: 15395
	              Buffers: shared hit=9259 read=6256
2026-10-10 08:50:46.928 UTC [1977] hel1435-S4-prod-io-base-R250000-b14-explain-r2 LOG:  duration: 11.149 ms  plan:
	Query Text: SELECT count(*) FROM (SELECT 1 FROM output_snapshot_history WHERE output_id = $1 LIMIT $2) x
	Query Parameters: $1 = 'o268', $2 = '91480'
	Aggregate  (cost=106.54..106.55 rows=1 width=8) (actual time=11.147..11.147 rows=1 loops=1)
	  Buffers: shared hit=12789 read=2726
	  ->  Limit  (cost=0.43..83.49 rows=1844 width=4) (actual time=0.017..10.673 rows=15852 loops=1)
	        Buffers: shared hit=12789 read=2726
	        ->  Index Only Scan using idx_output_snapshot_history_output_captured on output_snapshot_history  (cost=0.43..831.20 rows=18444 width=4) (actual time=0.016..10.024 rows=15852 loops=1)
	              Index Cond: (output_id = ($1)::text)
	              Heap Fetches: 15395
	              Buffers: shared hit=12789 read=2726
2026-10-10 08:50:46.941 UTC [1977] hel1435-S4-prod-io-base-R250000-b14-explain-r2 LOG:  duration: 12.672 ms  plan:
	Query Text: SELECT count(*) FROM (SELECT 1 FROM output_snapshot_history WHERE output_id = $1 LIMIT $2) x
	Query Parameters: $1 = 'o269', $2 = '75628'
	Aggregate  (cost=106.54..106.55 rows=1 width=8) (actual time=12.671..12.671 rows=1 loops=1)
	  Buffers: shared hit=11672 read=3842
	  ->  Limit  (cost=0.43..83.49 rows=1844 width=4) (actual time=0.012..12.176 rows=15852 loops=1)
	        Buffers: shared hit=11672 read=3842
	        ->  Index Only Scan using idx_output_snapshot_history_output_captured on output_snapshot_history  (cost=0.43..831.20 rows=18444 width=4) (actual time=0.012..11.507 rows=15852 loops=1)
	              Index Cond: (output_id = ($1)::text)
	              Heap Fetches: 15395
	              Buffers: shared hit=11672 read=3842
2026-10-10 08:50:47.023 UTC [1977] hel1435-S4-prod-io-base-R250000-b14-explain-r2 LOG:  duration: 81.300 ms  plan:
	Query Text: SELECT count(*) FROM (SELECT 1 FROM output_snapshot_history WHERE output_id = $1 LIMIT $2) x
	Query Parameters: $1 = 'o27', $2 = '59776'
	Aggregate  (cost=106.54..106.55 rows=1 width=8) (actual time=81.293..81.294 rows=1 loops=1)
	  Buffers: shared hit=8 read=15506
	  ->  Limit  (cost=0.43..83.49 rows=1844 width=4) (actual time=0.016..80.505 rows=15852 loops=1)
	        Buffers: shared hit=8 read=15506
	        ->  Index Only Scan using idx_output_snapshot_history_output_captured on output_snapshot_history  (cost=0.43..831.20 rows=18444 width=4) (actual time=0.015..79.619 rows=15852 loops=1)
	              Index Cond: (output_id = ($1)::text)
	              Heap Fetches: 15395
	              Buffers: shared hit=8 read=15506
2026-10-10 08:50:47.056 UTC [1977] hel1435-S4-prod-io-base-R250000-b14-explain-r2 LOG:  duration: 32.874 ms  plan:
	Query Text: SELECT count(*) FROM (SELECT 1 FROM output_snapshot_history WHERE output_id = $1 LIMIT $2) x
	Query Parameters: $1 = 'o270', $2 = '43924'
	Aggregate  (cost=106.54..106.55 rows=1 width=8) (actual time=32.870..32.870 rows=1 loops=1)
	  Buffers: shared hit=10 read=15504
	  ->  Limit  (cost=0.43..83.49 rows=1844 width=4) (actual time=0.023..32.093 rows=15852 loops=1)
	        Buffers: shared hit=10 read=15504
	        ->  Index Only Scan using idx_output_snapshot_history_output_captured on output_snapshot_history  (cost=0.43..831.20 rows=18444 width=4) (actual time=0.022..31.214 rows=15852 loops=1)
	              Index Cond: (output_id = ($1)::text)
	              Heap Fetches: 15395
	              Buffers: shared hit=10 read=15504
2026-10-10 08:50:47.112 UTC [1977] hel1435-S4-prod-io-base-R250000-b14-explain-r2 LOG:  duration: 55.904 ms  plan:
	Query Text: SELECT count(*) FROM (SELECT 1 FROM output_snapshot_history WHERE output_id = $1 LIMIT $2) x
	Query Parameters: $1 = 'o271', $2 = '28072'
	Aggregate  (cost=106.54..106.55 rows=1 width=8) (actual time=55.901..55.902 rows=1 loops=1)
	  Buffers: shared hit=15404 read=110
	  ->  Limit  (cost=0.43..83.49 rows=1844 width=4) (actual time=0.018..55.472 rows=15852 loops=1)
	        Buffers: shared hit=15404 read=110
	        ->  Index Only Scan using idx_output_snapshot_history_output_captured on output_snapshot_history  (cost=0.43..831.20 rows=18444 width=4) (actual time=0.018..54.851 rows=15852 loops=1)
	              Index Cond: (output_id = ($1)::text)
	              Heap Fetches: 15395
	              Buffers: shared hit=15404 read=110
2026-10-10 08:50:47.117 UTC [1977] hel1435-S4-prod-io-base-R250000-b14-explain-r2 LOG:  duration: 4.362 ms  plan:
	Query Text: SELECT count(*) FROM (SELECT 1 FROM output_snapshot_history WHERE output_id = $1 LIMIT $2) x
	Query Parameters: $1 = 'o272', $2 = '12220'
	Aggregate  (cost=106.54..106.55 rows=1 width=8) (actual time=4.361..4.361 rows=1 loops=1)
	  Buffers: shared hit=11771 read=85
	  ->  Limit  (cost=0.43..83.49 rows=1844 width=4) (actual time=0.023..4.048 rows=12220 loops=1)
	        Buffers: shared hit=11771 read=85
	        ->  Index Only Scan using idx_output_snapshot_history_output_captured on output_snapshot_history  (cost=0.43..831.20 rows=18444 width=4) (actual time=0.022..3.583 rows=12220 loops=1)
	              Index Cond: (output_id = ($1)::text)
	              Heap Fetches: 11763
	              Buffers: shared hit=11771 read=85
2026-10-10 08:50:48.616 UTC [1977] hel1435-S4-prod-io-base-R250000-b14-explain-r2 LOG:  duration: 1486.697 ms  plan:
	Query Text: DELETE FROM output_snapshot_history h
	             USING pipelines p, users u
	             WHERE h.output_id = ANY($1) AND h.captured_at < $2
	               AND h.pipeline_id = p.id AND p.owner_id = u.id
	               AND h.captured_at < COALESCE(($3::timestamptz[])[array_position($4::text[], u.tier)], $5)
	Query Parameters: $1 = '{o259,o26,o260,o261,o262,o263,o264,o265,o266,o267,o268,o269,o27,o270,o271}', $2 = '2026-09-10 01:00:00-07', $3 = '{"2026-09-10 01:00:00-07","2026-07-12 01:00:00-07","2025-10-10 01:00:00-07"}', $4 = '{free,beta,owner}', $5 = '2026-09-10 01:00:00-07'
	Delete on output_snapshot_history h  (cost=1543.09..133254.24 rows=0 width=0) (actual time=1486.694..1486.696 rows=0 loops=1)
	  Buffers: shared hit=97343 read=31742 dirtied=22516 written=5863
	  WAL: records=108166 fpi=20037 bytes=163672413
	  ->  Hash Join  (cost=1543.09..133254.24 rows=41635 width=18) (actual time=202.450..1109.681 rows=108166 loops=1)
	        Hash Cond: ((h.pipeline_id = p.id) AND (u.id = p.owner_id))
	        Buffers: shared hit=4466 read=16453
	        ->  Nested Loop  (cost=1539.59..122316.37 rows=2081767 width=31) (actual time=8.589..649.301 rows=4110308 loops=1)
	              Buffers: shared hit=4466 read=16452
	              ->  Index Scan using users_pkey on users u  (cost=0.14..12.89 rows=50 width=27) (actual time=0.009..0.088 rows=50 loops=1)
	                    Buffers: shared hit=1 read=1
	              ->  Memoize  (cost=1539.45..24463.23 rows=41635 width=17) (actual time=0.178..5.059 rows=82206 loops=50)
	                    Cache Key: COALESCE(('{"2026-09-10 01:00:00-07","2026-07-12 01:00:00-07","2025-10-10 01:00:00-07"}'::timestamp with time zone[])[array_position('{free,beta,owner}'::text[], u.tier)], '2026-09-10 01:00:00-07'::timestamp with time zone)
	                    Cache Mode: binary
	                    Hits: 47  Misses: 3  Evictions: 0  Overflows: 0  Memory Usage: 5916kB
	                    Buffers: shared hit=4465 read=16451
	                    ->  Bitmap Heap Scan on output_snapshot_history h  (cost=1539.44..24463.22 rows=41635 width=17) (actual time=2.897..52.893 rows=36055 loops=3)
	                          Recheck Cond: ((output_id = ANY ('{o259,o26,o260,o261,o262,o263,o264,o265,o266,o267,o268,o269,o27,o270,o271}'::text[])) AND (captured_at < COALESCE(('{"2026-09-10 01:00:00-07","2026-07-12 01:00:00-07","2025-10-10 01:00:00-07"}'::timestamp with time zone[])[array_position('{free,beta,owner}'::text[], u.tier)], '2026-09-10 01:00:00-07'::timestamp with time zone)) AND (captured_at < '2026-09-10 01:00:00-07'::timestamp with time zone))
	                          Heap Blocks: exact=20037
	                          Buffers: shared hit=4465 read=16451
	                          ->  Bitmap Index Scan on idx_output_snapshot_history_output_captured  (cost=0.00..1528.99 rows=41635 width=0) (actual time=2.395..2.395 rows=36055 loops=3)
	                                Index Cond: ((output_id = ANY ('{o259,o26,o260,o261,o262,o263,o264,o265,o266,o267,o268,o269,o27,o270,o271}'::text[])) AND (captured_at < COALESCE(('{"2026-09-10 01:00:00-07","2026-07-12 01:00:00-07","2025-10-10 01:00:00-07"}'::timestamp with time zone[])[array_position('{free,beta,owner}'::text[], u.tier)], '2026-09-10 01:00:00-07'::timestamp with time zone)) AND (captured_at < '2026-09-10 01:00:00-07'::timestamp with time zone))
	                                Buffers: shared hit=138 read=738
	        ->  Hash  (cost=2.00..2.00 rows=100 width=25) (actual time=5.357..5.357 rows=100 loops=1)
	              Buckets: 1024  Batches: 1  Memory Usage: 14kB
	              Buffers: shared read=1
	              ->  Seq Scan on pipelines p  (cost=0.00..2.00 rows=100 width=25) (actual time=5.336..5.342 rows=100 loops=1)
	                    Buffers: shared read=1
	JIT:
	  Functions: 22
	  Options: Inlining false, Optimization false, Expressions true, Deforming true
	  Timing: Generation 0.534 ms, Inlining 0.000 ms, Optimization 0.305 ms, Emission 5.058 ms, Total 5.897 ms
2026-10-10 08:50:50.230 UTC [1977] hel1435-S4-prod-io-base-R250000-b14-explain-r2 LOG:  duration: 1611.626 ms  plan:
	Query Text: DELETE FROM output_snapshot_history WHERE output_id = ANY($1) AND id IN (
	             SELECT id FROM (
	               SELECT id, age_class, bucket,
	                      row_number() OVER w AS recency,
	                      lag(age_class) OVER w AS prev_class,
	                      lag(bucket) OVER w AS prev_bucket
	               FROM (
	                 SELECT id, output_id, captured_at,
	                        CASE WHEN extract(epoch FROM ($2::timestamptz - captured_at)) < $3 THEN 0
	                             WHEN extract(epoch FROM ($4::timestamptz - captured_at)) < $5 THEN 1
	                             ELSE 2 END AS age_class,
	                        floor(extract(epoch FROM captured_at) /
	                          CASE WHEN extract(epoch FROM ($6::timestamptz - captured_at)) < $7 THEN $8
	                               WHEN extract(epoch FROM ($9::timestamptz - captured_at)) < $10 THEN $11
	                               ELSE $12 END) AS bucket
	                 FROM output_snapshot_history
	                 WHERE output_id = ANY($13)
	               ) classed
	               WINDOW w AS (PARTITION BY output_id ORDER BY captured_at DESC, id DESC)
	             ) ranked
	             WHERE recency > $14 AND prev_class = age_class AND prev_bucket = bucket)
	Query Parameters: $1 = '{o259,o26,o260,o261,o262,o263,o264,o265,o266,o267,o268,o269,o27,o270,o271}', $2 = '2026-10-10 01:00:00-07', $3 = '86400', $4 = '2026-10-10 01:00:00-07', $5 = '604800', $6 = '2026-10-10 01:00:00-07', $7 = '86400', $8 = '300', $9 = '2026-10-10 01:00:00-07', $10 = '604800', $11 = '3600', $12 = '86400', $13 = '{o259,o26,o260,o261,o262,o263,o264,o265,o266,o267,o268,o269,o27,o270,o271}', $14 = '102'
	Delete on output_snapshot_history  (cost=433267.39..433283.92 rows=0 width=0) (actual time=1611.622..1611.625 rows=0 loops=1)
	  Buffers: shared hit=541955 read=119470 dirtied=56761 written=63086, temp read=2092 written=2098
	  WAL: records=122760 fpi=51 bytes=7030767
	  ->  Nested Loop  (cost=433267.39..433283.92 rows=1 width=46) (actual time=794.973..1581.998 rows=122760 loops=1)
	        Buffers: shared hit=419195 read=119470 written=63086, temp read=2092 written=2098
	        ->  Unique  (cost=433266.92..433266.93 rows=2 width=56) (actual time=794.917..818.793 rows=122760 loops=1)
	              Buffers: shared hit=8112 read=39513 written=16176, temp read=2092 written=2098
	              ->  Sort  (cost=433266.92..433266.93 rows=2 width=56) (actual time=794.916..810.367 rows=122760 loops=1)
	                    Sort Key: ranked.id
	                    Sort Method: external merge  Disk: 11792kB
	                    Buffers: shared hit=8112 read=39513 written=16176, temp read=2092 written=2098
	                    ->  Subquery Scan on ranked  (cost=403755.41..433266.91 rows=2 width=56) (actual time=410.915..722.730 rows=122760 loops=1)
	                          Filter: ((ranked.recency > 102) AND (ranked.prev_class = ranked.age_class) AND (ranked.prev_bucket = ranked.bucket))
	                          Rows Removed by Filter: 6855
	                          Buffers: shared hit=8112 read=39510 written=16176, temp read=618 written=620
	                          ->  WindowAgg  (cost=403755.41..429135.30 rows=236092 width=108) (actual time=410.639..703.688 rows=129615 loops=1)
	                                Buffers: shared hit=8112 read=39510 written=16176, temp read=618 written=620
	                                ->  Sort  (cost=403755.41..404345.64 rows=236092 width=28) (actual time=410.580..419.667 rows=129615 loops=1)
	                                      Sort Key: output_snapshot_history_1.output_id, output_snapshot_history_1.captured_at DESC, output_snapshot_history_1.id DESC
	                                      Sort Method: external merge  Disk: 4944kB
	                                      Buffers: shared hit=8112 read=39510 written=16176, temp read=618 written=620
	                                      ->  Bitmap Heap Scan on output_snapshot_history output_snapshot_history_1  (cost=8184.19..377036.39 rows=236092 width=28) (actual time=124.983..359.877 rows=129615 loops=1)
	                                            Recheck Cond: (output_id = ANY ('{o259,o26,o260,o261,o262,o263,o264,o265,o266,o267,o268,o269,o27,o270,o271}'::text[]))
	                                            Heap Blocks: exact=45959
	                                            Buffers: shared hit=8106 read=39510 written=16176
	                                            ->  Bitmap Index Scan on idx_output_snapshot_history_output_captured  (cost=0.00..8125.12 rows=236092 width=0) (actual time=16.072..16.072 rows=237781 loops=1)
	                                                  Index Cond: (output_id = ANY ('{o259,o26,o260,o261,o262,o263,o264,o265,o266,o267,o268,o269,o27,o270,o271}'::text[]))
	                                                  Buffers: shared hit=34 read=1623 written=1608
	        ->  Index Scan using output_snapshot_history_pkey on output_snapshot_history  (cost=0.47..8.49 rows=1 width=22) (actual time=0.006..0.006 rows=1 loops=122760)
	              Index Cond: (id = ranked.id)
	              Filter: (output_id = ANY ('{o259,o26,o260,o261,o262,o263,o264,o265,o266,o267,o268,o269,o27,o270,o271}'::text[]))
	              Buffers: shared hit=411083 read=79957 written=46910
	JIT:
	  Functions: 24
	  Options: Inlining false, Optimization false, Expressions true, Deforming true
	  Timing: Generation 0.505 ms, Inlining 0.000 ms, Optimization 0.313 ms, Emission 4.887 ms, Total 5.705 ms
2026-10-10 08:50:50.232 UTC [1977] hel1435-S4-prod-io-base-R250000-b14-explain-r2 LOG:  temporary file: path "base/pgsql_tmp/pgsql_tmp1977.1", size 12075008
2026-10-10 08:50:50.232 UTC [1977] hel1435-S4-prod-io-base-R250000-b14-explain-r2 STATEMENT:  DELETE FROM output_snapshot_history WHERE output_id = ANY($1) AND id IN (
	             SELECT id FROM (
	               SELECT id, age_class, bucket,
	                      row_number() OVER w AS recency,
	                      lag(age_class) OVER w AS prev_class,
	                      lag(bucket) OVER w AS prev_bucket
	               FROM (
	                 SELECT id, output_id, captured_at,
	                        CASE WHEN extract(epoch FROM ($2::timestamptz - captured_at)) < $3 THEN 0
	                             WHEN extract(epoch FROM ($4::timestamptz - captured_at)) < $5 THEN 1
	                             ELSE 2 END AS age_class,
	                        floor(extract(epoch FROM captured_at) /
	                          CASE WHEN extract(epoch FROM ($6::timestamptz - captured_at)) < $7 THEN $8
	                               WHEN extract(epoch FROM ($9::timestamptz - captured_at)) < $10 THEN $11
	                               ELSE $12 END) AS bucket
	                 FROM output_snapshot_history
	                 WHERE output_id = ANY($13)
	               ) classed
	               WINDOW w AS (PARTITION BY output_id ORDER BY captured_at DESC, id DESC)
	             ) ranked
	             WHERE recency > $14 AND prev_class = age_class AND prev_bucket = bucket)
2026-10-10 08:50:50.233 UTC [1977] hel1435-S4-prod-io-base-R250000-b14-explain-r2 LOG:  temporary file: path "base/pgsql_tmp/pgsql_tmp1977.0", size 5062656
2026-10-10 08:50:50.233 UTC [1977] hel1435-S4-prod-io-base-R250000-b14-explain-r2 STATEMENT:  DELETE FROM output_snapshot_history WHERE output_id = ANY($1) AND id IN (
	             SELECT id FROM (
	               SELECT id, age_class, bucket,
	                      row_number() OVER w AS recency,
	                      lag(age_class) OVER w AS prev_class,
	                      lag(bucket) OVER w AS prev_bucket
	               FROM (
	                 SELECT id, output_id, captured_at,
	                        CASE WHEN extract(epoch FROM ($2::timestamptz - captured_at)) < $3 THEN 0
	                             WHEN extract(epoch FROM ($4::timestamptz - captured_at)) < $5 THEN 1
	                             ELSE 2 END AS age_class,
	                        floor(extract(epoch FROM captured_at) /
	                          CASE WHEN extract(epoch FROM ($6::timestamptz - captured_at)) < $7 THEN $8
	                               WHEN extract(epoch FROM ($9::timestamptz - captured_at)) < $10 THEN $11
	                               ELSE $12 END) AS bucket
	                 FROM output_snapshot_history
	                 WHERE output_id = ANY($13)
	               ) classed
	               WINDOW w AS (PARTITION BY output_id ORDER BY captured_at DESC, id DESC)
	             ) ranked
	             WHERE recency > $14 AND prev_class = age_class AND prev_bucket = bucket)
2026-10-10 08:50:51.144 UTC [1980] hel1435-S4-prod-io-base-R250000-b14-explain-r3 LOG:  duration: 31.818 ms  plan:
	Query Text: SELECT count(*) FROM (SELECT 1 FROM output_snapshot_history WHERE output_id = $1 LIMIT $2) x
	Query Parameters: $1 = 'o259', $2 = '250001'
	Aggregate  (cost=904.60..904.61 rows=1 width=8) (actual time=31.810..31.811 rows=1 loops=1)
	  Buffers: shared hit=5197 read=10318 written=68
	  ->  Limit  (cost=0.43..707.87 rows=15739 width=4) (actual time=0.032..31.098 rows=15852 loops=1)
	        Buffers: shared hit=5197 read=10318 written=68
	        ->  Index Only Scan using idx_output_snapshot_history_output_captured on output_snapshot_history  (cost=0.43..707.87 rows=15739 width=4) (actual time=0.032..30.262 rows=15852 loops=1)
	              Index Cond: (output_id = 'o259'::text)
	              Heap Fetches: 15395
	              Buffers: shared hit=5197 read=10318 written=68
2026-10-10 08:50:51.227 UTC [1980] hel1435-S4-prod-io-base-R250000-b14-explain-r3 LOG:  duration: 82.440 ms  plan:
	Query Text: SELECT count(*) FROM (SELECT 1 FROM output_snapshot_history WHERE output_id = $1 LIMIT $2) x
	Query Parameters: $1 = 'o26', $2 = '234149'
	Aggregate  (cost=904.60..904.61 rows=1 width=8) (actual time=82.433..82.434 rows=1 loops=1)
	  Buffers: shared hit=11 read=15504
	  ->  Limit  (cost=0.43..707.87 rows=15739 width=4) (actual time=0.020..81.649 rows=15852 loops=1)
	        Buffers: shared hit=11 read=15504
	        ->  Index Only Scan using idx_output_snapshot_history_output_captured on output_snapshot_history  (cost=0.43..707.87 rows=15739 width=4) (actual time=0.019..80.746 rows=15852 loops=1)
	              Index Cond: (output_id = 'o26'::text)
	              Heap Fetches: 15395
	              Buffers: shared hit=11 read=15504
2026-10-10 08:50:51.261 UTC [1980] hel1435-S4-prod-io-base-R250000-b14-explain-r3 LOG:  duration: 33.041 ms  plan:
	Query Text: SELECT count(*) FROM (SELECT 1 FROM output_snapshot_history WHERE output_id = $1 LIMIT $2) x
	Query Parameters: $1 = 'o260', $2 = '218297'
	Aggregate  (cost=904.60..904.61 rows=1 width=8) (actual time=33.036..33.037 rows=1 loops=1)
	  Buffers: shared hit=11 read=15503
	  ->  Limit  (cost=0.43..707.87 rows=15739 width=4) (actual time=0.018..32.263 rows=15852 loops=1)
	        Buffers: shared hit=11 read=15503
	        ->  Index Only Scan using idx_output_snapshot_history_output_captured on output_snapshot_history  (cost=0.43..707.87 rows=15739 width=4) (actual time=0.017..31.367 rows=15852 loops=1)
	              Index Cond: (output_id = 'o260'::text)
	              Heap Fetches: 15395
	              Buffers: shared hit=11 read=15503
2026-10-10 08:50:51.326 UTC [1980] hel1435-S4-prod-io-base-R250000-b14-explain-r3 LOG:  duration: 64.192 ms  plan:
	Query Text: SELECT count(*) FROM (SELECT 1 FROM output_snapshot_history WHERE output_id = $1 LIMIT $2) x
	Query Parameters: $1 = 'o261', $2 = '202445'
	Aggregate  (cost=904.60..904.61 rows=1 width=8) (actual time=64.185..64.186 rows=1 loops=1)
	  Buffers: shared hit=11806 read=3708
	  ->  Limit  (cost=0.43..707.87 rows=15739 width=4) (actual time=0.018..63.675 rows=15852 loops=1)
	        Buffers: shared hit=11806 read=3708
	        ->  Index Only Scan using idx_output_snapshot_history_output_captured on output_snapshot_history  (cost=0.43..707.87 rows=15739 width=4) (actual time=0.017..62.996 rows=15852 loops=1)
	              Index Cond: (output_id = 'o261'::text)
	              Heap Fetches: 15395
	              Buffers: shared hit=11806 read=3708
2026-10-10 08:50:51.337 UTC [1980] hel1435-S4-prod-io-base-R250000-b14-explain-r3 LOG:  duration: 10.875 ms  plan:
	Query Text: SELECT count(*) FROM (SELECT 1 FROM output_snapshot_history WHERE output_id = $1 LIMIT $2) x
	Query Parameters: $1 = 'o262', $2 = '186593'
	Aggregate  (cost=904.60..904.61 rows=1 width=8) (actual time=10.873..10.873 rows=1 loops=1)
	  Buffers: shared hit=12766 read=2748
	  ->  Limit  (cost=0.43..707.87 rows=15739 width=4) (actual time=0.023..10.395 rows=15852 loops=1)
	        Buffers: shared hit=12766 read=2748
	        ->  Index Only Scan using idx_output_snapshot_history_output_captured on output_snapshot_history  (cost=0.43..707.87 rows=15739 width=4) (actual time=0.022..9.745 rows=15852 loops=1)
	              Index Cond: (output_id = 'o262'::text)
	              Heap Fetches: 15395
	              Buffers: shared hit=12766 read=2748
2026-10-10 08:50:51.351 UTC [1980] hel1435-S4-prod-io-base-R250000-b14-explain-r3 LOG:  duration: 14.076 ms  plan:
	Query Text: SELECT count(*) FROM (SELECT 1 FROM output_snapshot_history WHERE output_id = $1 LIMIT $2) x
	Query Parameters: $1 = 'o263', $2 = '170741'
	Aggregate  (cost=904.60..904.61 rows=1 width=8) (actual time=14.075..14.075 rows=1 loops=1)
	  Buffers: shared hit=10936 read=4578
	  ->  Limit  (cost=0.43..707.87 rows=15739 width=4) (actual time=0.015..13.550 rows=15853 loops=1)
	        Buffers: shared hit=10936 read=4578
	        ->  Index Only Scan using idx_output_snapshot_history_output_captured on output_snapshot_history  (cost=0.43..707.87 rows=15739 width=4) (actual time=0.015..12.869 rows=15853 loops=1)
	              Index Cond: (output_id = 'o263'::text)
	              Heap Fetches: 15396
	              Buffers: shared hit=10936 read=4578
2026-10-10 08:50:51.412 UTC [1980] hel1435-S4-prod-io-base-R250000-b14-explain-r3 LOG:  duration: 60.510 ms  plan:
	Query Text: SELECT count(*) FROM (SELECT 1 FROM output_snapshot_history WHERE output_id = $1 LIMIT $2) x
	Query Parameters: $1 = 'o264', $2 = '154888'
	Aggregate  (cost=904.60..904.61 rows=1 width=8) (actual time=60.507..60.508 rows=1 loops=1)
	  Buffers: shared hit=12113 read=3402
	  ->  Limit  (cost=0.43..707.87 rows=15739 width=4) (actual time=0.014..60.001 rows=15852 loops=1)
	        Buffers: shared hit=12113 read=3402
	        ->  Index Only Scan using idx_output_snapshot_history_output_captured on output_snapshot_history  (cost=0.43..707.87 rows=15739 width=4) (actual time=0.013..59.329 rows=15852 loops=1)
	              Index Cond: (output_id = 'o264'::text)
	              Heap Fetches: 15395
	              Buffers: shared hit=12113 read=3402
2026-10-10 08:50:51.422 UTC [1980] hel1435-S4-prod-io-base-R250000-b14-explain-r3 LOG:  duration: 9.564 ms  plan:
	Query Text: SELECT count(*) FROM (SELECT 1 FROM output_snapshot_history WHERE output_id = $1 LIMIT $2) x
	Query Parameters: $1 = 'o265', $2 = '139036'
	Aggregate  (cost=904.60..904.61 rows=1 width=8) (actual time=9.562..9.562 rows=1 loops=1)
	  Buffers: shared hit=13693 read=1822
	  ->  Limit  (cost=0.43..707.87 rows=15739 width=4) (actual time=0.014..9.098 rows=15852 loops=1)
	        Buffers: shared hit=13693 read=1822
	        ->  Index Only Scan using idx_output_snapshot_history_output_captured on output_snapshot_history  (cost=0.43..707.87 rows=15739 width=4) (actual time=0.014..8.455 rows=15852 loops=1)
	              Index Cond: (output_id = 'o265'::text)
	              Heap Fetches: 15395
	              Buffers: shared hit=13693 read=1822
2026-10-10 08:50:51.428 UTC [1980] hel1435-S4-prod-io-base-R250000-b14-explain-r3 LOG:  duration: 5.547 ms  plan:
	Query Text: SELECT count(*) FROM (SELECT 1 FROM output_snapshot_history WHERE output_id = $1 LIMIT $2) x
	Query Parameters: $1 = 'o266', $2 = '123184'
	Aggregate  (cost=904.60..904.61 rows=1 width=8) (actual time=5.546..5.546 rows=1 loops=1)
	  Buffers: shared hit=15407 read=108
	  ->  Limit  (cost=0.43..707.87 rows=15739 width=4) (actual time=0.010..5.138 rows=15852 loops=1)
	        Buffers: shared hit=15407 read=108
	        ->  Index Only Scan using idx_output_snapshot_history_output_captured on output_snapshot_history  (cost=0.43..707.87 rows=15739 width=4) (actual time=0.009..4.529 rows=15852 loops=1)
	              Index Cond: (output_id = 'o266'::text)
	              Heap Fetches: 15395
	              Buffers: shared hit=15407 read=108
2026-10-10 08:50:51.446 UTC [1980] hel1435-S4-prod-io-base-R250000-b14-explain-r3 LOG:  duration: 17.560 ms  plan:
	Query Text: SELECT count(*) FROM (SELECT 1 FROM output_snapshot_history WHERE output_id = $1 LIMIT $2) x
	Query Parameters: $1 = 'o267', $2 = '107332'
	Aggregate  (cost=106.54..106.55 rows=1 width=8) (actual time=17.555..17.555 rows=1 loops=1)
	  Buffers: shared hit=9251 read=6264
	  ->  Limit  (cost=0.43..83.49 rows=1844 width=4) (actual time=0.018..16.993 rows=15852 loops=1)
	        Buffers: shared hit=9251 read=6264
	        ->  Index Only Scan using idx_output_snapshot_history_output_captured on output_snapshot_history  (cost=0.43..831.20 rows=18444 width=4) (actual time=0.018..16.287 rows=15852 loops=1)
	              Index Cond: (output_id = ($1)::text)
	              Heap Fetches: 15395
	              Buffers: shared hit=9251 read=6264
2026-10-10 08:50:51.457 UTC [1980] hel1435-S4-prod-io-base-R250000-b14-explain-r3 LOG:  duration: 11.169 ms  plan:
	Query Text: SELECT count(*) FROM (SELECT 1 FROM output_snapshot_history WHERE output_id = $1 LIMIT $2) x
	Query Parameters: $1 = 'o268', $2 = '91480'
	Aggregate  (cost=106.54..106.55 rows=1 width=8) (actual time=11.167..11.168 rows=1 loops=1)
	  Buffers: shared hit=12798 read=2717
	  ->  Limit  (cost=0.43..83.49 rows=1844 width=4) (actual time=0.018..10.683 rows=15852 loops=1)
	        Buffers: shared hit=12798 read=2717
	        ->  Index Only Scan using idx_output_snapshot_history_output_captured on output_snapshot_history  (cost=0.43..831.20 rows=18444 width=4) (actual time=0.017..10.038 rows=15852 loops=1)
	              Index Cond: (output_id = ($1)::text)
	              Heap Fetches: 15395
	              Buffers: shared hit=12798 read=2717
2026-10-10 08:50:51.521 UTC [1980] hel1435-S4-prod-io-base-R250000-b14-explain-r3 LOG:  duration: 63.549 ms  plan:
	Query Text: SELECT count(*) FROM (SELECT 1 FROM output_snapshot_history WHERE output_id = $1 LIMIT $2) x
	Query Parameters: $1 = 'o269', $2 = '75628'
	Aggregate  (cost=106.54..106.55 rows=1 width=8) (actual time=63.545..63.545 rows=1 loops=1)
	  Buffers: shared hit=11650 read=3864
	  ->  Limit  (cost=0.43..83.49 rows=1844 width=4) (actual time=0.013..63.018 rows=15852 loops=1)
	        Buffers: shared hit=11650 read=3864
	        ->  Index Only Scan using idx_output_snapshot_history_output_captured on output_snapshot_history  (cost=0.43..831.20 rows=18444 width=4) (actual time=0.012..62.338 rows=15852 loops=1)
	              Index Cond: (output_id = ($1)::text)
	              Heap Fetches: 15395
	              Buffers: shared hit=11650 read=3864
2026-10-10 08:50:51.553 UTC [1980] hel1435-S4-prod-io-base-R250000-b14-explain-r3 LOG:  duration: 32.201 ms  plan:
	Query Text: SELECT count(*) FROM (SELECT 1 FROM output_snapshot_history WHERE output_id = $1 LIMIT $2) x
	Query Parameters: $1 = 'o27', $2 = '59776'
	Aggregate  (cost=106.54..106.55 rows=1 width=8) (actual time=32.197..32.197 rows=1 loops=1)
	  Buffers: shared hit=7 read=15507
	  ->  Limit  (cost=0.43..83.49 rows=1844 width=4) (actual time=0.022..31.409 rows=15852 loops=1)
	        Buffers: shared hit=7 read=15507
	        ->  Index Only Scan using idx_output_snapshot_history_output_captured on output_snapshot_history  (cost=0.43..831.20 rows=18444 width=4) (actual time=0.021..30.536 rows=15852 loops=1)
	              Index Cond: (output_id = ($1)::text)
	              Heap Fetches: 15395
	              Buffers: shared hit=7 read=15507
2026-10-10 08:50:51.636 UTC [1980] hel1435-S4-prod-io-base-R250000-b14-explain-r3 LOG:  duration: 81.688 ms  plan:
	Query Text: SELECT count(*) FROM (SELECT 1 FROM output_snapshot_history WHERE output_id = $1 LIMIT $2) x
	Query Parameters: $1 = 'o270', $2 = '43924'
	Aggregate  (cost=106.54..106.55 rows=1 width=8) (actual time=81.681..81.682 rows=1 loops=1)
	  Buffers: shared hit=10 read=15504
	  ->  Limit  (cost=0.43..83.49 rows=1844 width=4) (actual time=0.016..80.882 rows=15852 loops=1)
	        Buffers: shared hit=10 read=15504
	        ->  Index Only Scan using idx_output_snapshot_history_output_captured on output_snapshot_history  (cost=0.43..831.20 rows=18444 width=4) (actual time=0.015..79.993 rows=15852 loops=1)
	              Index Cond: (output_id = ($1)::text)
	              Heap Fetches: 15395
	              Buffers: shared hit=10 read=15504
2026-10-10 08:50:51.642 UTC [1980] hel1435-S4-prod-io-base-R250000-b14-explain-r3 LOG:  duration: 6.078 ms  plan:
	Query Text: SELECT count(*) FROM (SELECT 1 FROM output_snapshot_history WHERE output_id = $1 LIMIT $2) x
	Query Parameters: $1 = 'o271', $2 = '28072'
	Aggregate  (cost=106.54..106.55 rows=1 width=8) (actual time=6.075..6.076 rows=1 loops=1)
	  Buffers: shared hit=15403 read=111
	  ->  Limit  (cost=0.43..83.49 rows=1844 width=4) (actual time=0.026..5.640 rows=15852 loops=1)
	        Buffers: shared hit=15403 read=111
	        ->  Index Only Scan using idx_output_snapshot_history_output_captured on output_snapshot_history  (cost=0.43..831.20 rows=18444 width=4) (actual time=0.024..5.035 rows=15852 loops=1)
	              Index Cond: (output_id = ($1)::text)
	              Heap Fetches: 15395
	              Buffers: shared hit=15403 read=111
2026-10-10 08:50:51.647 UTC [1980] hel1435-S4-prod-io-base-R250000-b14-explain-r3 LOG:  duration: 4.513 ms  plan:
	Query Text: SELECT count(*) FROM (SELECT 1 FROM output_snapshot_history WHERE output_id = $1 LIMIT $2) x
	Query Parameters: $1 = 'o272', $2 = '12220'
	Aggregate  (cost=106.54..106.55 rows=1 width=8) (actual time=4.512..4.512 rows=1 loops=1)
	  Buffers: shared hit=11771 read=85
	  ->  Limit  (cost=0.43..83.49 rows=1844 width=4) (actual time=0.015..4.184 rows=12220 loops=1)
	        Buffers: shared hit=11771 read=85
	        ->  Index Only Scan using idx_output_snapshot_history_output_captured on output_snapshot_history  (cost=0.43..831.20 rows=18444 width=4) (actual time=0.014..3.718 rows=12220 loops=1)
	              Index Cond: (output_id = ($1)::text)
	              Heap Fetches: 11763
	              Buffers: shared hit=11771 read=85
2026-10-10 08:50:52.950 UTC [1980] hel1435-S4-prod-io-base-R250000-b14-explain-r3 LOG:  duration: 1289.592 ms  plan:
	Query Text: DELETE FROM output_snapshot_history h
	             USING pipelines p, users u
	             WHERE h.output_id = ANY($1) AND h.captured_at < $2
	               AND h.pipeline_id = p.id AND p.owner_id = u.id
	               AND h.captured_at < COALESCE(($3::timestamptz[])[array_position($4::text[], u.tier)], $5)
	Query Parameters: $1 = '{o259,o26,o260,o261,o262,o263,o264,o265,o266,o267,o268,o269,o27,o270,o271}', $2 = '2026-09-10 01:00:00-07', $3 = '{"2026-09-10 01:00:00-07","2026-07-12 01:00:00-07","2025-10-10 01:00:00-07"}', $4 = '{free,beta,owner}', $5 = '2026-09-10 01:00:00-07'
	Delete on output_snapshot_history h  (cost=1543.09..133254.24 rows=0 width=0) (actual time=1289.588..1289.591 rows=0 loops=1)
	  Buffers: shared hit=97339 read=31746 dirtied=22514 written=6063
	  WAL: records=108166 bytes=5840964
	  ->  Hash Join  (cost=1543.09..133254.24 rows=41635 width=18) (actual time=254.197..1207.000 rows=108166 loops=1)
	        Hash Cond: ((h.pipeline_id = p.id) AND (u.id = p.owner_id))
	        Buffers: shared hit=4467 read=16452
	        ->  Nested Loop  (cost=1539.59..122316.37 rows=2081767 width=31) (actual time=8.787..754.232 rows=4110308 loops=1)
	              Buffers: shared hit=4467 read=16451
	              ->  Index Scan using users_pkey on users u  (cost=0.14..12.89 rows=50 width=27) (actual time=0.021..0.100 rows=50 loops=1)
	                    Buffers: shared hit=1 read=1
	              ->  Memoize  (cost=1539.45..24463.23 rows=41635 width=17) (actual time=0.181..6.054 rows=82206 loops=50)
	                    Cache Key: COALESCE(('{"2026-09-10 01:00:00-07","2026-07-12 01:00:00-07","2025-10-10 01:00:00-07"}'::timestamp with time zone[])[array_position('{free,beta,owner}'::text[], u.tier)], '2026-09-10 01:00:00-07'::timestamp with time zone)
	                    Cache Mode: binary
	                    Hits: 47  Misses: 3  Evictions: 0  Overflows: 0  Memory Usage: 5916kB
	                    Buffers: shared hit=4466 read=16450
	                    ->  Bitmap Heap Scan on output_snapshot_history h  (cost=1539.44..24463.22 rows=41635 width=17) (actual time=2.951..19.935 rows=36055 loops=3)
	                          Recheck Cond: ((output_id = ANY ('{o259,o26,o260,o261,o262,o263,o264,o265,o266,o267,o268,o269,o27,o270,o271}'::text[])) AND (captured_at < COALESCE(('{"2026-09-10 01:00:00-07","2026-07-12 01:00:00-07","2025-10-10 01:00:00-07"}'::timestamp with time zone[])[array_position('{free,beta,owner}'::text[], u.tier)], '2026-09-10 01:00:00-07'::timestamp with time zone)) AND (captured_at < '2026-09-10 01:00:00-07'::timestamp with time zone))
	                          Heap Blocks: exact=20037
	                          Buffers: shared hit=4466 read=16450
	                          ->  Bitmap Index Scan on idx_output_snapshot_history_output_captured  (cost=0.00..1528.99 rows=41635 width=0) (actual time=2.439..2.439 rows=36055 loops=3)
	                                Index Cond: ((output_id = ANY ('{o259,o26,o260,o261,o262,o263,o264,o265,o266,o267,o268,o269,o27,o270,o271}'::text[])) AND (captured_at < COALESCE(('{"2026-09-10 01:00:00-07","2026-07-12 01:00:00-07","2025-10-10 01:00:00-07"}'::timestamp with time zone[])[array_position('{free,beta,owner}'::text[], u.tier)], '2026-09-10 01:00:00-07'::timestamp with time zone)) AND (captured_at < '2026-09-10 01:00:00-07'::timestamp with time zone))
	                                Buffers: shared hit=138 read=738
	        ->  Hash  (cost=2.00..2.00 rows=100 width=25) (actual time=55.680..55.680 rows=100 loops=1)
	              Buckets: 1024  Batches: 1  Memory Usage: 14kB
	              Buffers: shared read=1
	              ->  Seq Scan on pipelines p  (cost=0.00..2.00 rows=100 width=25) (actual time=55.647..55.654 rows=100 loops=1)
	                    Buffers: shared read=1
	JIT:
	  Functions: 22
	  Options: Inlining false, Optimization false, Expressions true, Deforming true
	  Timing: Generation 0.530 ms, Inlining 0.000 ms, Optimization 0.362 ms, Emission 55.314 ms, Total 56.207 ms
2026-10-10 08:50:54.624 UTC [1980] hel1435-S4-prod-io-base-R250000-b14-explain-r3 LOG:  duration: 1671.632 ms  plan:
	Query Text: DELETE FROM output_snapshot_history WHERE output_id = ANY($1) AND id IN (
	             SELECT id FROM (
	               SELECT id, age_class, bucket,
	                      row_number() OVER w AS recency,
	                      lag(age_class) OVER w AS prev_class,
	                      lag(bucket) OVER w AS prev_bucket
	               FROM (
	                 SELECT id, output_id, captured_at,
	                        CASE WHEN extract(epoch FROM ($2::timestamptz - captured_at)) < $3 THEN 0
	                             WHEN extract(epoch FROM ($4::timestamptz - captured_at)) < $5 THEN 1
	                             ELSE 2 END AS age_class,
	                        floor(extract(epoch FROM captured_at) /
	                          CASE WHEN extract(epoch FROM ($6::timestamptz - captured_at)) < $7 THEN $8
	                               WHEN extract(epoch FROM ($9::timestamptz - captured_at)) < $10 THEN $11
	                               ELSE $12 END) AS bucket
	                 FROM output_snapshot_history
	                 WHERE output_id = ANY($13)
	               ) classed
	               WINDOW w AS (PARTITION BY output_id ORDER BY captured_at DESC, id DESC)
	             ) ranked
	             WHERE recency > $14 AND prev_class = age_class AND prev_bucket = bucket)
	Query Parameters: $1 = '{o259,o26,o260,o261,o262,o263,o264,o265,o266,o267,o268,o269,o27,o270,o271}', $2 = '2026-10-10 01:00:00-07', $3 = '86400', $4 = '2026-10-10 01:00:00-07', $5 = '604800', $6 = '2026-10-10 01:00:00-07', $7 = '86400', $8 = '300', $9 = '2026-10-10 01:00:00-07', $10 = '604800', $11 = '3600', $12 = '86400', $13 = '{o259,o26,o260,o261,o262,o263,o264,o265,o266,o267,o268,o269,o27,o270,o271}', $14 = '102'
	Delete on output_snapshot_history  (cost=433267.39..433283.92 rows=0 width=0) (actual time=1671.628..1671.631 rows=0 loops=1)
	  Buffers: shared hit=541956 read=119469 dirtied=56790 written=62916, temp read=2092 written=2098
	  WAL: records=122760 bytes=6629040
	  ->  Nested Loop  (cost=433267.39..433283.92 rows=1 width=46) (actual time=860.186..1591.367 rows=122760 loops=1)
	        Buffers: shared hit=419196 read=119469 written=62916, temp read=2092 written=2098
	        ->  Unique  (cost=433266.92..433266.93 rows=2 width=56) (actual time=860.127..883.777 rows=122760 loops=1)
	              Buffers: shared hit=8113 read=39512 written=15976, temp read=2092 written=2098
	              ->  Sort  (cost=433266.92..433266.93 rows=2 width=56) (actual time=860.126..875.300 rows=122760 loops=1)
	                    Sort Key: ranked.id
	                    Sort Method: external merge  Disk: 11792kB
	                    Buffers: shared hit=8113 read=39512 written=15976, temp read=2092 written=2098
	                    ->  Subquery Scan on ranked  (cost=403755.41..433266.91 rows=2 width=56) (actual time=472.236..786.809 rows=122760 loops=1)
	                          Filter: ((ranked.recency > 102) AND (ranked.prev_class = ranked.age_class) AND (ranked.prev_bucket = ranked.bucket))
	                          Rows Removed by Filter: 6855
	                          Buffers: shared hit=8113 read=39509 written=15976, temp read=618 written=620
	                          ->  WindowAgg  (cost=403755.41..429135.30 rows=236092 width=108) (actual time=471.956..717.294 rows=129615 loops=1)
	                                Buffers: shared hit=8113 read=39509 written=15976, temp read=618 written=620
	                                ->  Sort  (cost=403755.41..404345.64 rows=236092 width=28) (actual time=471.896..481.293 rows=129615 loops=1)
	                                      Sort Key: output_snapshot_history_1.output_id, output_snapshot_history_1.captured_at DESC, output_snapshot_history_1.id DESC
	                                      Sort Method: external merge  Disk: 4944kB
	                                      Buffers: shared hit=8113 read=39509 written=15976, temp read=618 written=620
	                                      ->  Bitmap Heap Scan on output_snapshot_history output_snapshot_history_1  (cost=8184.19..377036.39 rows=236092 width=28) (actual time=183.276..421.171 rows=129615 loops=1)
	                                            Recheck Cond: (output_id = ANY ('{o259,o26,o260,o261,o262,o263,o264,o265,o266,o267,o268,o269,o27,o270,o271}'::text[]))
	                                            Heap Blocks: exact=45959
	                                            Buffers: shared hit=8107 read=39509 written=15976
	                                            ->  Bitmap Index Scan on idx_output_snapshot_history_output_captured  (cost=0.00..8125.12 rows=236092 width=0) (actual time=64.958..64.958 rows=237781 loops=1)
	                                                  Index Cond: (output_id = ANY ('{o259,o26,o260,o261,o262,o263,o264,o265,o266,o267,o268,o269,o27,o270,o271}'::text[]))
	                                                  Buffers: shared hit=34 read=1623 written=1508
	        ->  Index Scan using output_snapshot_history_pkey on output_snapshot_history  (cost=0.47..8.49 rows=1 width=22) (actual time=0.006..0.006 rows=1 loops=122760)
	              Index Cond: (id = ranked.id)
	              Filter: (output_id = ANY ('{o259,o26,o260,o261,o262,o263,o264,o265,o266,o267,o268,o269,o27,o270,o271}'::text[]))
	              Buffers: shared hit=411083 read=79957 written=46940
	JIT:
	  Functions: 24
	  Options: Inlining false, Optimization false, Expressions true, Deforming true
	  Timing: Generation 0.593 ms, Inlining 0.000 ms, Optimization 0.322 ms, Emission 4.777 ms, Total 5.691 ms
2026-10-10 08:50:54.625 UTC [1980] hel1435-S4-prod-io-base-R250000-b14-explain-r3 LOG:  temporary file: path "base/pgsql_tmp/pgsql_tmp1980.1", size 12075008
2026-10-10 08:50:54.625 UTC [1980] hel1435-S4-prod-io-base-R250000-b14-explain-r3 STATEMENT:  DELETE FROM output_snapshot_history WHERE output_id = ANY($1) AND id IN (
	             SELECT id FROM (
	               SELECT id, age_class, bucket,
	                      row_number() OVER w AS recency,
	                      lag(age_class) OVER w AS prev_class,
	                      lag(bucket) OVER w AS prev_bucket
	               FROM (
	                 SELECT id, output_id, captured_at,
	                        CASE WHEN extract(epoch FROM ($2::timestamptz - captured_at)) < $3 THEN 0
	                             WHEN extract(epoch FROM ($4::timestamptz - captured_at)) < $5 THEN 1
	                             ELSE 2 END AS age_class,
	                        floor(extract(epoch FROM captured_at) /
	                          CASE WHEN extract(epoch FROM ($6::timestamptz - captured_at)) < $7 THEN $8
	                               WHEN extract(epoch FROM ($9::timestamptz - captured_at)) < $10 THEN $11
	                               ELSE $12 END) AS bucket
	                 FROM output_snapshot_history
	                 WHERE output_id = ANY($13)
	               ) classed
	               WINDOW w AS (PARTITION BY output_id ORDER BY captured_at DESC, id DESC)
	             ) ranked
	             WHERE recency > $14 AND prev_class = age_class AND prev_bucket = bucket)
2026-10-10 08:50:54.626 UTC [1980] hel1435-S4-prod-io-base-R250000-b14-explain-r3 LOG:  temporary file: path "base/pgsql_tmp/pgsql_tmp1980.0", size 5062656
2026-10-10 08:50:54.626 UTC [1980] hel1435-S4-prod-io-base-R250000-b14-explain-r3 STATEMENT:  DELETE FROM output_snapshot_history WHERE output_id = ANY($1) AND id IN (
	             SELECT id FROM (
	               SELECT id, age_class, bucket,
	                      row_number() OVER w AS recency,
	                      lag(age_class) OVER w AS prev_class,
	                      lag(bucket) OVER w AS prev_bucket
	               FROM (
	                 SELECT id, output_id, captured_at,
	                        CASE WHEN extract(epoch FROM ($2::timestamptz - captured_at)) < $3 THEN 0
	                             WHEN extract(epoch FROM ($4::timestamptz - captured_at)) < $5 THEN 1
	                             ELSE 2 END AS age_class,
	                        floor(extract(epoch FROM captured_at) /
	                          CASE WHEN extract(epoch FROM ($6::timestamptz - captured_at)) < $7 THEN $8
	                               WHEN extract(epoch FROM ($9::timestamptz - captured_at)) < $10 THEN $11
	                               ELSE $12 END) AS bucket
	                 FROM output_snapshot_history
	                 WHERE output_id = ANY($13)
	               ) classed
	               WINDOW w AS (PARTITION BY output_id ORDER BY captured_at DESC, id DESC)
	             ) ranked
	             WHERE recency > $14 AND prev_class = age_class AND prev_bucket = bucket)
2026-10-10 08:50:58.328 UTC [1983] hel1435-S4-prod-io-base-R250000-b14-timed-r1 LOG:  temporary file: path "base/pgsql_tmp/pgsql_tmp1983.1", size 12075008
2026-10-10 08:50:58.328 UTC [1983] hel1435-S4-prod-io-base-R250000-b14-timed-r1 STATEMENT:  DELETE FROM output_snapshot_history WHERE output_id = ANY($1) AND id IN (
	             SELECT id FROM (
	               SELECT id, age_class, bucket,
	                      row_number() OVER w AS recency,
	                      lag(age_class) OVER w AS prev_class,
	                      lag(bucket) OVER w AS prev_bucket
	               FROM (
	                 SELECT id, output_id, captured_at,
	                        CASE WHEN extract(epoch FROM ($2::timestamptz - captured_at)) < $3 THEN 0
	                             WHEN extract(epoch FROM ($4::timestamptz - captured_at)) < $5 THEN 1
	                             ELSE 2 END AS age_class,
	                        floor(extract(epoch FROM captured_at) /
	                          CASE WHEN extract(epoch FROM ($6::timestamptz - captured_at)) < $7 THEN $8
	                               WHEN extract(epoch FROM ($9::timestamptz - captured_at)) < $10 THEN $11
	                               ELSE $12 END) AS bucket
	                 FROM output_snapshot_history
	                 WHERE output_id = ANY($13)
	               ) classed
	               WINDOW w AS (PARTITION BY output_id ORDER BY captured_at DESC, id DESC)
	             ) ranked
	             WHERE recency > $14 AND prev_class = age_class AND prev_bucket = bucket)
2026-10-10 08:50:58.329 UTC [1983] hel1435-S4-prod-io-base-R250000-b14-timed-r1 LOG:  temporary file: path "base/pgsql_tmp/pgsql_tmp1983.0", size 5062656
2026-10-10 08:50:58.329 UTC [1983] hel1435-S4-prod-io-base-R250000-b14-timed-r1 STATEMENT:  DELETE FROM output_snapshot_history WHERE output_id = ANY($1) AND id IN (
	             SELECT id FROM (
	               SELECT id, age_class, bucket,
	                      row_number() OVER w AS recency,
	                      lag(age_class) OVER w AS prev_class,
	                      lag(bucket) OVER w AS prev_bucket
	               FROM (
	                 SELECT id, output_id, captured_at,
	                        CASE WHEN extract(epoch FROM ($2::timestamptz - captured_at)) < $3 THEN 0
	                             WHEN extract(epoch FROM ($4::timestamptz - captured_at)) < $5 THEN 1
	                             ELSE 2 END AS age_class,
	                        floor(extract(epoch FROM captured_at) /
	                          CASE WHEN extract(epoch FROM ($6::timestamptz - captured_at)) < $7 THEN $8
	                               WHEN extract(epoch FROM ($9::timestamptz - captured_at)) < $10 THEN $11
	                               ELSE $12 END) AS bucket
	                 FROM output_snapshot_history
	                 WHERE output_id = ANY($13)
	               ) classed
	               WINDOW w AS (PARTITION BY output_id ORDER BY captured_at DESC, id DESC)
	             ) ranked
	             WHERE recency > $14 AND prev_class = age_class AND prev_bucket = bucket)
2026-10-10 08:51:02.011 UTC [1986] hel1435-S4-prod-io-base-R250000-b14-timed-r2 LOG:  temporary file: path "base/pgsql_tmp/pgsql_tmp1986.1", size 12075008
2026-10-10 08:51:02.011 UTC [1986] hel1435-S4-prod-io-base-R250000-b14-timed-r2 STATEMENT:  DELETE FROM output_snapshot_history WHERE output_id = ANY($1) AND id IN (
	             SELECT id FROM (
	               SELECT id, age_class, bucket,
	                      row_number() OVER w AS recency,
	                      lag(age_class) OVER w AS prev_class,
	                      lag(bucket) OVER w AS prev_bucket
	               FROM (
	                 SELECT id, output_id, captured_at,
	                        CASE WHEN extract(epoch FROM ($2::timestamptz - captured_at)) < $3 THEN 0
	                             WHEN extract(epoch FROM ($4::timestamptz - captured_at)) < $5 THEN 1
	                             ELSE 2 END AS age_class,
	                        floor(extract(epoch FROM captured_at) /
	                          CASE WHEN extract(epoch FROM ($6::timestamptz - captured_at)) < $7 THEN $8
	                               WHEN extract(epoch FROM ($9::timestamptz - captured_at)) < $10 THEN $11
	                               ELSE $12 END) AS bucket
	                 FROM output_snapshot_history
	                 WHERE output_id = ANY($13)
	               ) classed
	               WINDOW w AS (PARTITION BY output_id ORDER BY captured_at DESC, id DESC)
	             ) ranked
	             WHERE recency > $14 AND prev_class = age_class AND prev_bucket = bucket)
2026-10-10 08:51:02.012 UTC [1986] hel1435-S4-prod-io-base-R250000-b14-timed-r2 LOG:  temporary file: path "base/pgsql_tmp/pgsql_tmp1986.0", size 5062656
2026-10-10 08:51:02.012 UTC [1986] hel1435-S4-prod-io-base-R250000-b14-timed-r2 STATEMENT:  DELETE FROM output_snapshot_history WHERE output_id = ANY($1) AND id IN (
	             SELECT id FROM (
	               SELECT id, age_class, bucket,
	                      row_number() OVER w AS recency,
	                      lag(age_class) OVER w AS prev_class,
	                      lag(bucket) OVER w AS prev_bucket
	               FROM (
	                 SELECT id, output_id, captured_at,
	                        CASE WHEN extract(epoch FROM ($2::timestamptz - captured_at)) < $3 THEN 0
	                             WHEN extract(epoch FROM ($4::timestamptz - captured_at)) < $5 THEN 1
	                             ELSE 2 END AS age_class,
	                        floor(extract(epoch FROM captured_at) /
	                          CASE WHEN extract(epoch FROM ($6::timestamptz - captured_at)) < $7 THEN $8
	                               WHEN extract(epoch FROM ($9::timestamptz - captured_at)) < $10 THEN $11
	                               ELSE $12 END) AS bucket
	                 FROM output_snapshot_history
	                 WHERE output_id = ANY($13)
	               ) classed
	               WINDOW w AS (PARTITION BY output_id ORDER BY captured_at DESC, id DESC)
	             ) ranked
	             WHERE recency > $14 AND prev_class = age_class AND prev_bucket = bucket)
2026-10-10 08:51:05.662 UTC [1989] hel1435-S4-prod-io-base-R250000-b14-timed-r3 LOG:  temporary file: path "base/pgsql_tmp/pgsql_tmp1989.1", size 12075008
2026-10-10 08:51:05.662 UTC [1989] hel1435-S4-prod-io-base-R250000-b14-timed-r3 STATEMENT:  DELETE FROM output_snapshot_history WHERE output_id = ANY($1) AND id IN (
	             SELECT id FROM (
	               SELECT id, age_class, bucket,
	                      row_number() OVER w AS recency,
	                      lag(age_class) OVER w AS prev_class,
	                      lag(bucket) OVER w AS prev_bucket
	               FROM (
	                 SELECT id, output_id, captured_at,
	                        CASE WHEN extract(epoch FROM ($2::timestamptz - captured_at)) < $3 THEN 0
	                             WHEN extract(epoch FROM ($4::timestamptz - captured_at)) < $5 THEN 1
	                             ELSE 2 END AS age_class,
	                        floor(extract(epoch FROM captured_at) /
	                          CASE WHEN extract(epoch FROM ($6::timestamptz - captured_at)) < $7 THEN $8
	                               WHEN extract(epoch FROM ($9::timestamptz - captured_at)) < $10 THEN $11
	                               ELSE $12 END) AS bucket
	                 FROM output_snapshot_history
	                 WHERE output_id = ANY($13)
	               ) classed
	               WINDOW w AS (PARTITION BY output_id ORDER BY captured_at DESC, id DESC)
	             ) ranked
	             WHERE recency > $14 AND prev_class = age_class AND prev_bucket = bucket)
2026-10-10 08:51:05.711 UTC [1989] hel1435-S4-prod-io-base-R250000-b14-timed-r3 LOG:  temporary file: path "base/pgsql_tmp/pgsql_tmp1989.0", size 5062656
2026-10-10 08:51:05.711 UTC [1989] hel1435-S4-prod-io-base-R250000-b14-timed-r3 STATEMENT:  DELETE FROM output_snapshot_history WHERE output_id = ANY($1) AND id IN (
	             SELECT id FROM (
	               SELECT id, age_class, bucket,
	                      row_number() OVER w AS recency,
	                      lag(age_class) OVER w AS prev_class,
	                      lag(bucket) OVER w AS prev_bucket
	               FROM (
	                 SELECT id, output_id, captured_at,
	                        CASE WHEN extract(epoch FROM ($2::timestamptz - captured_at)) < $3 THEN 0
	                             WHEN extract(epoch FROM ($4::timestamptz - captured_at)) < $5 THEN 1
	                             ELSE 2 END AS age_class,
	                        floor(extract(epoch FROM captured_at) /
	                          CASE WHEN extract(epoch FROM ($6::timestamptz - captured_at)) < $7 THEN $8
	                               WHEN extract(epoch FROM ($9::timestamptz - captured_at)) < $10 THEN $11
	                               ELSE $12 END) AS bucket
	                 FROM output_snapshot_history
	                 WHERE output_id = ANY($13)
	               ) classed
	               WINDOW w AS (PARTITION BY output_id ORDER BY captured_at DESC, id DESC)
	             ) ranked
	             WHERE recency > $14 AND prev_class = age_class AND prev_bucket = bucket)
2026-10-10 08:51:07.154 UTC [1992] hel1435-S4-prod-io-base-R250000-b22-explain-r1 LOG:  duration: 139.540 ms  plan:
	Query Text: SELECT count(*) FROM (SELECT 1 FROM output_snapshot_history WHERE output_id = $1 LIMIT $2) x
	Query Parameters: $1 = 'o92', $2 = '250001'
	Aggregate  (cost=1632.55..1632.56 rows=1 width=8) (actual time=139.532..139.533 rows=1 loops=1)
	  Buffers: shared hit=1 read=28564 written=1642
	  ->  Limit  (cost=0.43..1277.50 rows=28404 width=4) (actual time=0.027..137.943 rows=28812 loops=1)
	        Buffers: shared hit=1 read=28564 written=1642
	        ->  Index Only Scan using idx_output_snapshot_history_output_captured on output_snapshot_history  (cost=0.43..1277.50 rows=28404 width=4) (actual time=0.026..136.298 rows=28812 loops=1)
	              Index Cond: (output_id = 'o92'::text)
	              Heap Fetches: 28355
	              Buffers: shared hit=1 read=28564 written=1642
2026-10-10 08:51:07.315 UTC [1992] hel1435-S4-prod-io-base-R250000-b22-explain-r1 LOG:  duration: 160.130 ms  plan:
	Query Text: SELECT count(*) FROM (SELECT 1 FROM output_snapshot_history WHERE output_id = $1 LIMIT $2) x
	Query Parameters: $1 = 'o93', $2 = '221189'
	Aggregate  (cost=1571.34..1571.35 rows=1 width=8) (actual time=160.122..160.123 rows=1 loops=1)
	  Buffers: shared hit=1 read=28549
	  ->  Limit  (cost=0.43..1230.13 rows=27297 width=4) (actual time=0.019..108.775 rows=28812 loops=1)
	        Buffers: shared hit=1 read=28549
	        ->  Index Only Scan using idx_output_snapshot_history_output_captured on output_snapshot_history  (cost=0.43..1230.13 rows=27297 width=4) (actual time=0.018..107.156 rows=28812 loops=1)
	              Index Cond: (output_id = 'o93'::text)
	              Heap Fetches: 28341
	              Buffers: shared hit=1 read=28549
2026-10-10 08:51:07.425 UTC [1992] hel1435-S4-prod-io-base-R250000-b22-explain-r1 LOG:  duration: 109.961 ms  plan:
	Query Text: SELECT count(*) FROM (SELECT 1 FROM output_snapshot_history WHERE output_id = $1 LIMIT $2) x
	Query Parameters: $1 = 'o94', $2 = '192377'
	Aggregate  (cost=1856.74..1856.75 rows=1 width=8) (actual time=109.953..109.954 rows=1 loops=1)
	  Buffers: shared read=28542
	  ->  Limit  (cost=0.43..1453.28 rows=32277 width=4) (actual time=0.022..108.405 rows=28812 loops=1)
	        Buffers: shared read=28542
	        ->  Index Only Scan using idx_output_snapshot_history_output_captured on output_snapshot_history  (cost=0.43..1453.28 rows=32277 width=4) (actual time=0.021..106.785 rows=28812 loops=1)
	              Index Cond: (output_id = 'o94'::text)
	              Heap Fetches: 28332
	              Buffers: shared read=28542
2026-10-10 08:51:07.536 UTC [1992] hel1435-S4-prod-io-base-R250000-b22-explain-r1 LOG:  duration: 110.006 ms  plan:
	Query Text: SELECT count(*) FROM (SELECT 1 FROM output_snapshot_history WHERE output_id = $1 LIMIT $2) x
	Query Parameters: $1 = 'o95', $2 = '163565'
	Aggregate  (cost=1538.75..1538.76 rows=1 width=8) (actual time=109.998..109.999 rows=1 loops=1)
	  Buffers: shared hit=1 read=28541
	  ->  Limit  (cost=0.43..1204.45 rows=26744 width=4) (actual time=0.020..108.352 rows=28812 loops=1)
	        Buffers: shared hit=1 read=28541
	        ->  Index Only Scan using idx_output_snapshot_history_output_captured on output_snapshot_history  (cost=0.43..1204.45 rows=26744 width=4) (actual time=0.020..58.710 rows=28812 loops=1)
	              Index Cond: (output_id = 'o95'::text)
	              Heap Fetches: 28332
	              Buffers: shared hit=1 read=28541
2026-10-10 08:51:07.645 UTC [1992] hel1435-S4-prod-io-base-R250000-b22-explain-r1 LOG:  duration: 108.997 ms  plan:
	Query Text: SELECT count(*) FROM (SELECT 1 FROM output_snapshot_history WHERE output_id = $1 LIMIT $2) x
	Query Parameters: $1 = 'o96', $2 = '134753'
	Aggregate  (cost=1398.81..1398.82 rows=1 width=8) (actual time=108.989..108.990 rows=1 loops=1)
	  Buffers: shared hit=1 read=28504
	  ->  Limit  (cost=0.43..1094.49 rows=24346 width=4) (actual time=0.033..107.490 rows=28812 loops=1)
	        Buffers: shared hit=1 read=28504
	        ->  Index Only Scan using idx_output_snapshot_history_output_captured on output_snapshot_history  (cost=0.43..1094.49 rows=24346 width=4) (actual time=0.032..105.861 rows=28812 loops=1)
	              Index Cond: (output_id = 'o96'::text)
	              Heap Fetches: 28295
	              Buffers: shared hit=1 read=28504
2026-10-10 08:51:07.756 UTC [1992] hel1435-S4-prod-io-base-R250000-b22-explain-r1 LOG:  duration: 110.042 ms  plan:
	Query Text: SELECT count(*) FROM (SELECT 1 FROM output_snapshot_history WHERE output_id = $1 LIMIT $2) x
	Query Parameters: $1 = 'o97', $2 = '105941'
	Aggregate  (cost=1557.82..1557.83 rows=1 width=8) (actual time=110.035..110.036 rows=1 loops=1)
	  Buffers: shared hit=1 read=28504
	  ->  Limit  (cost=0.43..1218.91 rows=27113 width=4) (actual time=0.019..108.550 rows=28812 loops=1)
	        Buffers: shared hit=1 read=28504
	        ->  Index Only Scan using idx_output_snapshot_history_output_captured on output_snapshot_history  (cost=0.43..1218.91 rows=27113 width=4) (actual time=0.019..106.922 rows=28812 loops=1)
	              Index Cond: (output_id = 'o97'::text)
	              Heap Fetches: 28295
	              Buffers: shared hit=1 read=28504
2026-10-10 08:51:07.918 UTC [1992] hel1435-S4-prod-io-base-R250000-b22-explain-r1 LOG:  duration: 162.249 ms  plan:
	Query Text: SELECT count(*) FROM (SELECT 1 FROM output_snapshot_history WHERE output_id = $1 LIMIT $2) x
	Query Parameters: $1 = 'o98', $2 = '77129'
	Aggregate  (cost=1506.16..1506.17 rows=1 width=8) (actual time=162.242..162.243 rows=1 loops=1)
	  Buffers: shared hit=1 read=28504
	  ->  Limit  (cost=0.43..1178.77 rows=26191 width=4) (actual time=0.018..160.759 rows=28812 loops=1)
	        Buffers: shared hit=1 read=28504
	        ->  Index Only Scan using idx_output_snapshot_history_output_captured on output_snapshot_history  (cost=0.43..1178.77 rows=26191 width=4) (actual time=0.018..159.126 rows=28812 loops=1)
	              Index Cond: (output_id = 'o98'::text)
	              Heap Fetches: 28295
	              Buffers: shared hit=1 read=28504
2026-10-10 08:51:08.028 UTC [1992] hel1435-S4-prod-io-base-R250000-b22-explain-r1 LOG:  duration: 109.050 ms  plan:
	Query Text: SELECT count(*) FROM (SELECT 1 FROM output_snapshot_history WHERE output_id = $1 LIMIT $2) x
	Query Parameters: $1 = 'o99', $2 = '48317'
	Aggregate  (cost=1697.73..1697.74 rows=1 width=8) (actual time=109.043..109.044 rows=1 loops=1)
	  Buffers: shared hit=1 read=28504
	  ->  Limit  (cost=0.43..1328.86 rows=29510 width=4) (actual time=0.020..107.568 rows=28812 loops=1)
	        Buffers: shared hit=1 read=28504
	        ->  Index Only Scan using idx_output_snapshot_history_output_captured on output_snapshot_history  (cost=0.43..1328.86 rows=29510 width=4) (actual time=0.019..105.929 rows=28812 loops=1)
	              Index Cond: (output_id = 'o99'::text)
	              Heap Fetches: 28295
	              Buffers: shared hit=1 read=28504
2026-10-10 08:51:19.059 UTC [1992] hel1435-S4-prod-io-base-R250000-b22-explain-r1 LOG:  duration: 11017.853 ms  plan:
	Query Text: DELETE FROM output_snapshot_history h
	             USING pipelines p, users u
	             WHERE h.output_id = ANY($1) AND h.captured_at < $2
	               AND h.pipeline_id = p.id AND p.owner_id = u.id
	               AND h.captured_at < COALESCE(($3::timestamptz[])[array_position($4::text[], u.tier)], $5)
	Query Parameters: $1 = '{o92,o93,o94,o95,o96,o97,o98,o99}', $2 = '2026-09-10 01:00:00-07', $3 = '{"2026-09-10 01:00:00-07","2026-07-12 01:00:00-07","2025-10-10 01:00:00-07"}', $4 = '{free,beta,owner}', $5 = '2026-09-10 01:00:00-07'
	Delete on output_snapshot_history h  (cost=1428.64..131134.69 rows=0 width=0) (actual time=11017.849..11017.852 rows=0 loops=1)
	  Buffers: shared hit=69120 read=1142122 dirtied=7050 written=6950
	  WAL: records=23128 fpi=4159 bytes=34009355
	  ->  Hash Join  (cost=1428.64..131134.69 rows=39130 width=18) (actual time=7475.378..10997.661 rows=23128 loops=1)
	        Hash Cond: ((h.pipeline_id = p.id) AND (u.id = p.owner_id))
	        Buffers: shared hit=45992 read=1142122 written=6950
	        ->  Nested Loop  (cost=1425.14..120854.86 rows=1956483 width=31) (actual time=14.335..10106.505 rows=6363264 loops=1)
	              Buffers: shared hit=45992 read=1142121 written=6950
	              ->  Index Scan using users_pkey on users u  (cost=0.14..12.89 rows=50 width=27) (actual time=0.010..0.143 rows=50 loops=1)
	                    Buffers: shared hit=1 read=1
	              ->  Memoize  (cost=1425.00..24488.06 rows=39130 width=17) (actual time=19.707..181.870 rows=127265 loops=50)
	                    Cache Key: COALESCE(('{"2026-09-10 01:00:00-07","2026-07-12 01:00:00-07","2025-10-10 01:00:00-07"}'::timestamp with time zone[])[array_position('{free,beta,owner}'::text[], u.tier)], '2026-09-10 01:00:00-07'::timestamp with time zone)
	                    Cache Mode: binary
	                    Hits: 2  Misses: 48  Evictions: 47  Overflows: 38  Memory Usage: 8193kB
	                    Buffers: shared hit=45991 read=1142120 written=6950
	                    ->  Bitmap Heap Scan on output_snapshot_history h  (cost=1424.99..24488.05 rows=39130 width=17) (actual time=20.516..154.967 rows=132086 loops=48)
	                          Recheck Cond: ((output_id = ANY ('{o92,o93,o94,o95,o96,o97,o98,o99}'::text[])) AND (captured_at < COALESCE(('{"2026-09-10 01:00:00-07","2026-07-12 01:00:00-07","2025-10-10 01:00:00-07"}'::timestamp with time zone[])[array_position('{free,beta,owner}'::text[], u.tier)], '2026-09-10 01:00:00-07'::timestamp with time zone)) AND (captured_at < '2026-09-10 01:00:00-07'::timestamp with time zone))
	                          Heap Blocks: exact=1143535
	                          Buffers: shared hit=45991 read=1142120 written=6950
	                          ->  Bitmap Index Scan on idx_output_snapshot_history_output_captured  (cost=0.00..1415.20 rows=39130 width=0) (actual time=14.531..14.531 rows=132086 loops=48)
	                                Index Cond: ((output_id = ANY ('{o92,o93,o94,o95,o96,o97,o98,o99}'::text[])) AND (captured_at < COALESCE(('{"2026-09-10 01:00:00-07","2026-07-12 01:00:00-07","2025-10-10 01:00:00-07"}'::timestamp with time zone[])[array_position('{free,beta,owner}'::text[], u.tier)], '2026-09-10 01:00:00-07'::timestamp with time zone)) AND (captured_at < '2026-09-10 01:00:00-07'::timestamp with time zone))
	                                Buffers: shared hit=1923 read=42650
	        ->  Hash  (cost=2.00..2.00 rows=100 width=25) (actual time=5.649..5.650 rows=100 loops=1)
	              Buckets: 1024  Batches: 1  Memory Usage: 14kB
	              Buffers: shared read=1
	              ->  Seq Scan on pipelines p  (cost=0.00..2.00 rows=100 width=25) (actual time=5.623..5.630 rows=100 loops=1)
	                    Buffers: shared read=1
	JIT:
	  Functions: 22
	  Options: Inlining false, Optimization false, Expressions true, Deforming true
	  Timing: Generation 0.526 ms, Inlining 0.000 ms, Optimization 0.293 ms, Emission 5.355 ms, Total 6.175 ms
2026-10-10 08:51:20.589 UTC [33]  LOG:  checkpoint complete: wrote 289 buffers (1.8%); 0 WAL file(s) added, 2 removed, 31 recycled; write=35.809 s, sync=0.229 s, total=36.072 s; sync files=4, longest=0.116 s, average=0.058 s; distance=540763 kB, estimate=561116 kB; lsn=99/DD401790, redo lsn=99/BD41D750
2026-10-10 08:51:20.589 UTC [33]  LOG:  checkpoint starting: wal
2026-10-10 08:51:22.721 UTC [1992] hel1435-S4-prod-io-base-R250000-b22-explain-r1 LOG:  duration: 3659.352 ms  plan:
	Query Text: DELETE FROM output_snapshot_history WHERE output_id = ANY($1) AND id IN (
	             SELECT id FROM (
	               SELECT id, age_class, bucket,
	                      row_number() OVER w AS recency,
	                      lag(age_class) OVER w AS prev_class,
	                      lag(bucket) OVER w AS prev_bucket
	               FROM (
	                 SELECT id, output_id, captured_at,
	                        CASE WHEN extract(epoch FROM ($2::timestamptz - captured_at)) < $3 THEN 0
	                             WHEN extract(epoch FROM ($4::timestamptz - captured_at)) < $5 THEN 1
	                             ELSE 2 END AS age_class,
	                        floor(extract(epoch FROM captured_at) /
	                          CASE WHEN extract(epoch FROM ($6::timestamptz - captured_at)) < $7 THEN $8
	                               WHEN extract(epoch FROM ($9::timestamptz - captured_at)) < $10 THEN $11
	                               ELSE $12 END) AS bucket
	                 FROM output_snapshot_history
	                 WHERE output_id = ANY($13)
	               ) classed
	               WINDOW w AS (PARTITION BY output_id ORDER BY captured_at DESC, id DESC)
	             ) ranked
	             WHERE recency > $14 AND prev_class = age_class AND prev_bucket = bucket)
	Query Parameters: $1 = '{o92,o93,o94,o95,o96,o97,o98,o99}', $2 = '2026-10-10 01:00:00-07', $3 = '86400', $4 = '2026-10-10 01:00:00-07', $5 = '604800', $6 = '2026-10-10 01:00:00-07', $7 = '86400', $8 = '300', $9 = '2026-10-10 01:00:00-07', $10 = '604800', $11 = '3600', $12 = '86400', $13 = '{o92,o93,o94,o95,o96,o97,o98,o99}', $14 = '102'
	Delete on output_snapshot_history  (cost=445725.22..445741.71 rows=0 width=0) (actual time=3659.347..3659.351 rows=0 loops=1)
	  Buffers: shared hit=854535 read=206743 dirtied=141056 written=127096, temp read=3405 written=3415
	  WAL: records=203232 fpi=51884 bytes=419664796
	  ->  Nested Loop  (cost=445725.22..445741.71 rows=1 width=46) (actual time=1051.471..2494.096 rows=203232 loops=1)
	        Buffers: shared hit=651303 read=206743 written=127096, temp read=3405 written=3415
	        ->  Unique  (cost=445724.78..445724.79 rows=2 width=56) (actual time=1051.412..1092.578 rows=203232 loops=1)
	              Buffers: shared hit=4352 read=40766, temp read=3405 written=3415
	              ->  Sort  (cost=445724.78..445724.79 rows=2 width=56) (actual time=1051.411..1078.507 rows=203232 loops=1)
	                    Sort Key: ranked.id
	                    Sort Method: external merge  Disk: 19512kB
	                    Buffers: shared hit=4352 read=40766, temp read=3405 written=3415
	                    ->  Subquery Scan on ranked  (cost=417989.52..445724.77 rows=2 width=56) (actual time=453.014..965.674 rows=203232 loops=1)
	                          Filter: ((ranked.recency > 102) AND (ranked.prev_class = ranked.age_class) AND (ranked.prev_bucket = ranked.bucket))
	                          Rows Removed by Filter: 4136
	                          Buffers: shared hit=4352 read=40763, temp read=966 written=970
	                          ->  WindowAgg  (cost=417989.52..441841.84 rows=221882 width=108) (actual time=452.726..833.622 rows=207368 loops=1)
	                                Buffers: shared hit=4352 read=40763, temp read=966 written=970
	                                ->  Sort  (cost=417989.52..418544.23 rows=221882 width=28) (actual time=452.667..468.410 rows=207368 loops=1)
	                                      Sort Key: output_snapshot_history_1.output_id, output_snapshot_history_1.captured_at DESC, output_snapshot_history_1.id DESC
	                                      Sort Method: external merge  Disk: 7728kB
	                                      Buffers: shared hit=4352 read=40763, temp read=966 written=970
	                                      ->  Bitmap Heap Scan on output_snapshot_history output_snapshot_history_1  (cost=7715.03..392977.53 rows=221882 width=28) (actual time=70.828..228.853 rows=207368 loops=1)
	                                            Recheck Cond: (output_id = ANY ('{o92,o93,o94,o95,o96,o97,o98,o99}'::text[]))
	                                            Heap Blocks: exact=43510
	                                            Buffers: shared hit=4346 read=40763
	                                            ->  Bitmap Index Scan on idx_output_snapshot_history_output_captured  (cost=0.00..7659.56 rows=221882 width=0) (actual time=60.296..60.296 rows=230496 loops=1)
	                                                  Index Cond: (output_id = ANY ('{o92,o93,o94,o95,o96,o97,o98,o99}'::text[]))
	                                                  Buffers: shared hit=187 read=1412
	        ->  Index Scan using output_snapshot_history_pkey on output_snapshot_history  (cost=0.43..8.46 rows=1 width=22) (actual time=0.007..0.007 rows=1 loops=203232)
	              Index Cond: (id = ranked.id)
	              Filter: (output_id = ANY ('{o92,o93,o94,o95,o96,o97,o98,o99}'::text[]))
	              Buffers: shared hit=646951 read=165977 written=127096
	JIT:
	  Functions: 24
	  Options: Inlining false, Optimization false, Expressions true, Deforming true
	  Timing: Generation 0.613 ms, Inlining 0.000 ms, Optimization 0.319 ms, Emission 4.794 ms, Total 5.725 ms
2026-10-10 08:51:22.723 UTC [1992] hel1435-S4-prod-io-base-R250000-b22-explain-r1 LOG:  temporary file: path "base/pgsql_tmp/pgsql_tmp1992.1", size 19980288
2026-10-10 08:51:22.723 UTC [1992] hel1435-S4-prod-io-base-R250000-b22-explain-r1 STATEMENT:  DELETE FROM output_snapshot_history WHERE output_id = ANY($1) AND id IN (
	             SELECT id FROM (
	               SELECT id, age_class, bucket,
	                      row_number() OVER w AS recency,
	                      lag(age_class) OVER w AS prev_class,
	                      lag(bucket) OVER w AS prev_bucket
	               FROM (
	                 SELECT id, output_id, captured_at,
	                        CASE WHEN extract(epoch FROM ($2::timestamptz - captured_at)) < $3 THEN 0
	                             WHEN extract(epoch FROM ($4::timestamptz - captured_at)) < $5 THEN 1
	                             ELSE 2 END AS age_class,
	                        floor(extract(epoch FROM captured_at) /
	                          CASE WHEN extract(epoch FROM ($6::timestamptz - captured_at)) < $7 THEN $8
	                               WHEN extract(epoch FROM ($9::timestamptz - captured_at)) < $10 THEN $11
	                               ELSE $12 END) AS bucket
	                 FROM output_snapshot_history
	                 WHERE output_id = ANY($13)
	               ) classed
	               WINDOW w AS (PARTITION BY output_id ORDER BY captured_at DESC, id DESC)
	             ) ranked
	             WHERE recency > $14 AND prev_class = age_class AND prev_bucket = bucket)
2026-10-10 08:51:22.724 UTC [1992] hel1435-S4-prod-io-base-R250000-b22-explain-r1 LOG:  temporary file: path "base/pgsql_tmp/pgsql_tmp1992.0", size 7913472
2026-10-10 08:51:22.724 UTC [1992] hel1435-S4-prod-io-base-R250000-b22-explain-r1 STATEMENT:  DELETE FROM output_snapshot_history WHERE output_id = ANY($1) AND id IN (
	             SELECT id FROM (
	               SELECT id, age_class, bucket,
	                      row_number() OVER w AS recency,
	                      lag(age_class) OVER w AS prev_class,
	                      lag(bucket) OVER w AS prev_bucket
	               FROM (
	                 SELECT id, output_id, captured_at,
	                        CASE WHEN extract(epoch FROM ($2::timestamptz - captured_at)) < $3 THEN 0
	                             WHEN extract(epoch FROM ($4::timestamptz - captured_at)) < $5 THEN 1
	                             ELSE 2 END AS age_class,
	                        floor(extract(epoch FROM captured_at) /
	                          CASE WHEN extract(epoch FROM ($6::timestamptz - captured_at)) < $7 THEN $8
	                               WHEN extract(epoch FROM ($9::timestamptz - captured_at)) < $10 THEN $11
	                               ELSE $12 END) AS bucket
	                 FROM output_snapshot_history
	                 WHERE output_id = ANY($13)
	               ) classed
	               WINDOW w AS (PARTITION BY output_id ORDER BY captured_at DESC, id DESC)
	             ) ranked
	             WHERE recency > $14 AND prev_class = age_class AND prev_bucket = bucket)
2026-10-10 08:51:24.148 UTC [1996] hel1435-S4-prod-io-base-R250000-b22-explain-r2 LOG:  duration: 133.394 ms  plan:
	Query Text: SELECT count(*) FROM (SELECT 1 FROM output_snapshot_history WHERE output_id = $1 LIMIT $2) x
	Query Parameters: $1 = 'o92', $2 = '250001'
	Aggregate  (cost=1632.55..1632.56 rows=1 width=8) (actual time=133.387..133.388 rows=1 loops=1)
	  Buffers: shared hit=1 read=28564 written=1641
	  ->  Limit  (cost=0.43..1277.50 rows=28404 width=4) (actual time=0.032..131.820 rows=28812 loops=1)
	        Buffers: shared hit=1 read=28564 written=1641
	        ->  Index Only Scan using idx_output_snapshot_history_output_captured on output_snapshot_history  (cost=0.43..1277.50 rows=28404 width=4) (actual time=0.032..130.136 rows=28812 loops=1)
	              Index Cond: (output_id = 'o92'::text)
	              Heap Fetches: 28355
	              Buffers: shared hit=1 read=28564 written=1641
2026-10-10 08:51:24.259 UTC [1996] hel1435-S4-prod-io-base-R250000-b22-explain-r2 LOG:  duration: 110.204 ms  plan:
	Query Text: SELECT count(*) FROM (SELECT 1 FROM output_snapshot_history WHERE output_id = $1 LIMIT $2) x
	Query Parameters: $1 = 'o93', $2 = '221189'
	Aggregate  (cost=1571.34..1571.35 rows=1 width=8) (actual time=110.196..110.197 rows=1 loops=1)
	  Buffers: shared hit=1 read=28549
	  ->  Limit  (cost=0.43..1230.13 rows=27297 width=4) (actual time=0.019..108.643 rows=28812 loops=1)
	        Buffers: shared hit=1 read=28549
	        ->  Index Only Scan using idx_output_snapshot_history_output_captured on output_snapshot_history  (cost=0.43..1230.13 rows=27297 width=4) (actual time=0.018..107.014 rows=28812 loops=1)
	              Index Cond: (output_id = 'o93'::text)
	              Heap Fetches: 28341
	              Buffers: shared hit=1 read=28549
2026-10-10 08:51:24.420 UTC [1996] hel1435-S4-prod-io-base-R250000-b22-explain-r2 LOG:  duration: 160.411 ms  plan:
	Query Text: SELECT count(*) FROM (SELECT 1 FROM output_snapshot_history WHERE output_id = $1 LIMIT $2) x
	Query Parameters: $1 = 'o94', $2 = '192377'
	Aggregate  (cost=1856.74..1856.75 rows=1 width=8) (actual time=160.403..160.405 rows=1 loops=1)
	  Buffers: shared read=28542
	  ->  Limit  (cost=0.43..1453.28 rows=32277 width=4) (actual time=0.022..158.843 rows=28812 loops=1)
	        Buffers: shared read=28542
	        ->  Index Only Scan using idx_output_snapshot_history_output_captured on output_snapshot_history  (cost=0.43..1453.28 rows=32277 width=4) (actual time=0.021..157.208 rows=28812 loops=1)
	              Index Cond: (output_id = 'o94'::text)
	              Heap Fetches: 28332
	              Buffers: shared read=28542
2026-10-10 08:51:24.531 UTC [1996] hel1435-S4-prod-io-base-R250000-b22-explain-r2 LOG:  duration: 110.989 ms  plan:
	Query Text: SELECT count(*) FROM (SELECT 1 FROM output_snapshot_history WHERE output_id = $1 LIMIT $2) x
	Query Parameters: $1 = 'o95', $2 = '163565'
	Aggregate  (cost=1538.75..1538.76 rows=1 width=8) (actual time=110.981..110.982 rows=1 loops=1)
	  Buffers: shared hit=1 read=28541
	  ->  Limit  (cost=0.43..1204.45 rows=26744 width=4) (actual time=0.019..109.434 rows=28812 loops=1)
	        Buffers: shared hit=1 read=28541
	        ->  Index Only Scan using idx_output_snapshot_history_output_captured on output_snapshot_history  (cost=0.43..1204.45 rows=26744 width=4) (actual time=0.018..107.815 rows=28812 loops=1)
	              Index Cond: (output_id = 'o95'::text)
	              Heap Fetches: 28332
	              Buffers: shared hit=1 read=28541
2026-10-10 08:51:24.641 UTC [1996] hel1435-S4-prod-io-base-R250000-b22-explain-r2 LOG:  duration: 109.344 ms  plan:
	Query Text: SELECT count(*) FROM (SELECT 1 FROM output_snapshot_history WHERE output_id = $1 LIMIT $2) x
	Query Parameters: $1 = 'o96', $2 = '134753'
	Aggregate  (cost=1398.81..1398.82 rows=1 width=8) (actual time=109.336..109.337 rows=1 loops=1)
	  Buffers: shared hit=1 read=28504
	  ->  Limit  (cost=0.43..1094.49 rows=24346 width=4) (actual time=0.024..107.867 rows=28812 loops=1)
	        Buffers: shared hit=1 read=28504
	        ->  Index Only Scan using idx_output_snapshot_history_output_captured on output_snapshot_history  (cost=0.43..1094.49 rows=24346 width=4) (actual time=0.024..106.233 rows=28812 loops=1)
	              Index Cond: (output_id = 'o96'::text)
	              Heap Fetches: 28295
	              Buffers: shared hit=1 read=28504
2026-10-10 08:51:24.750 UTC [1996] hel1435-S4-prod-io-base-R250000-b22-explain-r2 LOG:  duration: 108.526 ms  plan:
	Query Text: SELECT count(*) FROM (SELECT 1 FROM output_snapshot_history WHERE output_id = $1 LIMIT $2) x
	Query Parameters: $1 = 'o97', $2 = '105941'
	Aggregate  (cost=1557.82..1557.83 rows=1 width=8) (actual time=108.519..108.520 rows=1 loops=1)
	  Buffers: shared hit=1 read=28504
	  ->  Limit  (cost=0.43..1218.91 rows=27113 width=4) (actual time=0.019..107.046 rows=28812 loops=1)
	        Buffers: shared hit=1 read=28504
	        ->  Index Only Scan using idx_output_snapshot_history_output_captured on output_snapshot_history  (cost=0.43..1218.91 rows=27113 width=4) (actual time=0.019..105.414 rows=28812 loops=1)
	              Index Cond: (output_id = 'o97'::text)
	              Heap Fetches: 28295
	              Buffers: shared hit=1 read=28504
2026-10-10 08:51:24.911 UTC [1996] hel1435-S4-prod-io-base-R250000-b22-explain-r2 LOG:  duration: 110.434 ms  plan:
	Query Text: SELECT count(*) FROM (SELECT 1 FROM output_snapshot_history WHERE output_id = $1 LIMIT $2) x
	Query Parameters: $1 = 'o98', $2 = '77129'
	Aggregate  (cost=1506.16..1506.17 rows=1 width=8) (actual time=110.427..110.429 rows=1 loops=1)
	  Buffers: shared hit=1 read=28504
	  ->  Limit  (cost=0.43..1178.77 rows=26191 width=4) (actual time=0.023..108.926 rows=28812 loops=1)
	        Buffers: shared hit=1 read=28504
	        ->  Index Only Scan using idx_output_snapshot_history_output_captured on output_snapshot_history  (cost=0.43..1178.77 rows=26191 width=4) (actual time=0.022..107.268 rows=28812 loops=1)
	              Index Cond: (output_id = 'o98'::text)
	              Heap Fetches: 28295
	              Buffers: shared hit=1 read=28504
2026-10-10 08:51:25.023 UTC [1996] hel1435-S4-prod-io-base-R250000-b22-explain-r2 LOG:  duration: 110.567 ms  plan:
	Query Text: SELECT count(*) FROM (SELECT 1 FROM output_snapshot_history WHERE output_id = $1 LIMIT $2) x
	Query Parameters: $1 = 'o99', $2 = '48317'
	Aggregate  (cost=1697.73..1697.74 rows=1 width=8) (actual time=110.560..110.561 rows=1 loops=1)
	  Buffers: shared hit=1 read=28504
	  ->  Limit  (cost=0.43..1328.86 rows=29510 width=4) (actual time=0.021..109.078 rows=28812 loops=1)
	        Buffers: shared hit=1 read=28504
	        ->  Index Only Scan using idx_output_snapshot_history_output_captured on output_snapshot_history  (cost=0.43..1328.86 rows=29510 width=4) (actual time=0.020..107.427 rows=28812 loops=1)
	              Index Cond: (output_id = 'o99'::text)
	              Heap Fetches: 28295
	              Buffers: shared hit=1 read=28504
2026-10-10 08:51:36.128 UTC [1996] hel1435-S4-prod-io-base-R250000-b22-explain-r2 LOG:  duration: 11092.490 ms  plan:
	Query Text: DELETE FROM output_snapshot_history h
	             USING pipelines p, users u
	             WHERE h.output_id = ANY($1) AND h.captured_at < $2
	               AND h.pipeline_id = p.id AND p.owner_id = u.id
	               AND h.captured_at < COALESCE(($3::timestamptz[])[array_position($4::text[], u.tier)], $5)
	Query Parameters: $1 = '{o92,o93,o94,o95,o96,o97,o98,o99}', $2 = '2026-09-10 01:00:00-07', $3 = '{"2026-09-10 01:00:00-07","2026-07-12 01:00:00-07","2025-10-10 01:00:00-07"}', $4 = '{free,beta,owner}', $5 = '2026-09-10 01:00:00-07'
	Delete on output_snapshot_history h  (cost=1428.64..131134.69 rows=0 width=0) (actual time=11092.485..11092.488 rows=0 loops=1)
	  Buffers: shared hit=69508 read=1141734 dirtied=7050 written=6950
	  WAL: records=23128 fpi=4159 bytes=34009355
	  ->  Hash Join  (cost=1428.64..131134.69 rows=39130 width=18) (actual time=7486.486..11063.204 rows=23128 loops=1)
	        Hash Cond: ((h.pipeline_id = p.id) AND (u.id = p.owner_id))
	        Buffers: shared hit=46380 read=1141734 written=6950
	        ->  Nested Loop  (cost=1425.14..120854.86 rows=1956483 width=31) (actual time=14.087..9822.960 rows=6363264 loops=1)
	              Buffers: shared hit=46380 read=1141733 written=6950
	              ->  Index Scan using users_pkey on users u  (cost=0.14..12.89 rows=50 width=27) (actual time=0.011..0.147 rows=50 loops=1)
	                    Buffers: shared hit=1 read=1
	              ->  Memoize  (cost=1425.00..24488.06 rows=39130 width=17) (actual time=16.364..180.019 rows=127265 loops=50)
	                    Cache Key: COALESCE(('{"2026-09-10 01:00:00-07","2026-07-12 01:00:00-07","2025-10-10 01:00:00-07"}'::timestamp with time zone[])[array_position('{free,beta,owner}'::text[], u.tier)], '2026-09-10 01:00:00-07'::timestamp with time zone)
	                    Cache Mode: binary
	                    Hits: 2  Misses: 48  Evictions: 47  Overflows: 38  Memory Usage: 8193kB
	                    Buffers: shared hit=46379 read=1141732 written=6950
	                    ->  Bitmap Heap Scan on output_snapshot_history h  (cost=1424.99..24488.05 rows=39130 width=17) (actual time=17.034..153.842 rows=132086 loops=48)
	                          Recheck Cond: ((output_id = ANY ('{o92,o93,o94,o95,o96,o97,o98,o99}'::text[])) AND (captured_at < COALESCE(('{"2026-09-10 01:00:00-07","2026-07-12 01:00:00-07","2025-10-10 01:00:00-07"}'::timestamp with time zone[])[array_position('{free,beta,owner}'::text[], u.tier)], '2026-09-10 01:00:00-07'::timestamp with time zone)) AND (captured_at < '2026-09-10 01:00:00-07'::timestamp with time zone))
	                          Heap Blocks: exact=1143535
	                          Buffers: shared hit=46379 read=1141732 written=6950
	                          ->  Bitmap Index Scan on idx_output_snapshot_history_output_captured  (cost=0.00..1415.20 rows=39130 width=0) (actual time=14.082..14.082 rows=132086 loops=48)
	                                Index Cond: ((output_id = ANY ('{o92,o93,o94,o95,o96,o97,o98,o99}'::text[])) AND (captured_at < COALESCE(('{"2026-09-10 01:00:00-07","2026-07-12 01:00:00-07","2025-10-10 01:00:00-07"}'::timestamp with time zone[])[array_position('{free,beta,owner}'::text[], u.tier)], '2026-09-10 01:00:00-07'::timestamp with time zone)) AND (captured_at < '2026-09-10 01:00:00-07'::timestamp with time zone))
	                                Buffers: shared hit=1931 read=42642
	        ->  Hash  (cost=2.00..2.00 rows=100 width=25) (actual time=5.467..5.467 rows=100 loops=1)
	              Buckets: 1024  Batches: 1  Memory Usage: 14kB
	              Buffers: shared read=1
	              ->  Seq Scan on pipelines p  (cost=0.00..2.00 rows=100 width=25) (actual time=5.440..5.447 rows=100 loops=1)
	                    Buffers: shared read=1
	JIT:
	  Functions: 22
	  Options: Inlining false, Optimization false, Expressions true, Deforming true
	  Timing: Generation 0.525 ms, Inlining 0.000 ms, Optimization 0.297 ms, Emission 5.180 ms, Total 6.002 ms
2026-10-10 08:51:38.836 UTC [1996] hel1435-S4-prod-io-base-R250000-b22-explain-r2 LOG:  duration: 2704.764 ms  plan:
	Query Text: DELETE FROM output_snapshot_history WHERE output_id = ANY($1) AND id IN (
	             SELECT id FROM (
	               SELECT id, age_class, bucket,
	                      row_number() OVER w AS recency,
	                      lag(age_class) OVER w AS prev_class,
	                      lag(bucket) OVER w AS prev_bucket
	               FROM (
	                 SELECT id, output_id, captured_at,
	                        CASE WHEN extract(epoch FROM ($2::timestamptz - captured_at)) < $3 THEN 0
	                             WHEN extract(epoch FROM ($4::timestamptz - captured_at)) < $5 THEN 1
	                             ELSE 2 END AS age_class,
	                        floor(extract(epoch FROM captured_at) /
	                          CASE WHEN extract(epoch FROM ($6::timestamptz - captured_at)) < $7 THEN $8
	                               WHEN extract(epoch FROM ($9::timestamptz - captured_at)) < $10 THEN $11
	                               ELSE $12 END) AS bucket
	                 FROM output_snapshot_history
	                 WHERE output_id = ANY($13)
	               ) classed
	               WINDOW w AS (PARTITION BY output_id ORDER BY captured_at DESC, id DESC)
	             ) ranked
	             WHERE recency > $14 AND prev_class = age_class AND prev_bucket = bucket)
	Query Parameters: $1 = '{o92,o93,o94,o95,o96,o97,o98,o99}', $2 = '2026-10-10 01:00:00-07', $3 = '86400', $4 = '2026-10-10 01:00:00-07', $5 = '604800', $6 = '2026-10-10 01:00:00-07', $7 = '86400', $8 = '300', $9 = '2026-10-10 01:00:00-07', $10 = '604800', $11 = '3600', $12 = '86400', $13 = '{o92,o93,o94,o95,o96,o97,o98,o99}', $14 = '102'
	Delete on output_snapshot_history  (cost=445725.22..445741.71 rows=0 width=0) (actual time=2704.760..2704.763 rows=0 loops=1)
	  Buffers: shared hit=854537 read=206741 dirtied=140856 written=128747, temp read=3405 written=3415
	  WAL: records=203232 fpi=620 bytes=15858268
	  ->  Nested Loop  (cost=445725.22..445741.71 rows=1 width=46) (actual time=1000.527..2600.613 rows=203232 loops=1)
	        Buffers: shared hit=651305 read=206741 written=128747, temp read=3405 written=3415
	        ->  Unique  (cost=445724.78..445724.79 rows=2 width=56) (actual time=1000.470..1139.791 rows=203232 loops=1)
	              Buffers: shared hit=4352 read=40766, temp read=3405 written=3415
	              ->  Sort  (cost=445724.78..445724.79 rows=2 width=56) (actual time=1000.469..1126.062 rows=203232 loops=1)
	                    Sort Key: ranked.id
	                    Sort Method: external merge  Disk: 19512kB
	                    Buffers: shared hit=4352 read=40766, temp read=3405 written=3415
	                    ->  Subquery Scan on ranked  (cost=417989.52..445724.77 rows=2 width=56) (actual time=402.952..965.146 rows=203232 loops=1)
	                          Filter: ((ranked.recency > 102) AND (ranked.prev_class = ranked.age_class) AND (ranked.prev_bucket = ranked.bucket))
	                          Rows Removed by Filter: 4136
	                          Buffers: shared hit=4352 read=40763, temp read=966 written=970
	                          ->  WindowAgg  (cost=417989.52..441841.84 rows=221882 width=108) (actual time=402.674..933.659 rows=207368 loops=1)
	                                Buffers: shared hit=4352 read=40763, temp read=966 written=970
	                                ->  Sort  (cost=417989.52..418544.23 rows=221882 width=28) (actual time=402.612..418.139 rows=207368 loops=1)
	                                      Sort Key: output_snapshot_history_1.output_id, output_snapshot_history_1.captured_at DESC, output_snapshot_history_1.id DESC
	                                      Sort Method: external merge  Disk: 7728kB
	                                      Buffers: shared hit=4352 read=40763, temp read=966 written=970
	                                      ->  Bitmap Heap Scan on output_snapshot_history output_snapshot_history_1  (cost=7715.03..392977.53 rows=221882 width=28) (actual time=21.485..329.993 rows=207368 loops=1)
	                                            Recheck Cond: (output_id = ANY ('{o92,o93,o94,o95,o96,o97,o98,o99}'::text[]))
	                                            Heap Blocks: exact=43510
	                                            Buffers: shared hit=4346 read=40763
	                                            ->  Bitmap Index Scan on idx_output_snapshot_history_output_captured  (cost=0.00..7659.56 rows=221882 width=0) (actual time=11.246..11.246 rows=230496 loops=1)
	                                                  Index Cond: (output_id = ANY ('{o92,o93,o94,o95,o96,o97,o98,o99}'::text[]))
	                                                  Buffers: shared hit=187 read=1412
	        ->  Index Scan using output_snapshot_history_pkey on output_snapshot_history  (cost=0.43..8.46 rows=1 width=22) (actual time=0.007..0.007 rows=1 loops=203232)
	              Index Cond: (id = ranked.id)
	              Filter: (output_id = ANY ('{o92,o93,o94,o95,o96,o97,o98,o99}'::text[]))
	              Buffers: shared hit=646953 read=165975 written=128747
	JIT:
	  Functions: 24
	  Options: Inlining false, Optimization false, Expressions true, Deforming true
	  Timing: Generation 0.527 ms, Inlining 0.000 ms, Optimization 0.284 ms, Emission 4.772 ms, Total 5.582 ms
2026-10-10 08:51:38.838 UTC [1996] hel1435-S4-prod-io-base-R250000-b22-explain-r2 LOG:  temporary file: path "base/pgsql_tmp/pgsql_tmp1996.1", size 19980288
2026-10-10 08:51:38.838 UTC [1996] hel1435-S4-prod-io-base-R250000-b22-explain-r2 STATEMENT:  DELETE FROM output_snapshot_history WHERE output_id = ANY($1) AND id IN (
	             SELECT id FROM (
	               SELECT id, age_class, bucket,
	                      row_number() OVER w AS recency,
	                      lag(age_class) OVER w AS prev_class,
	                      lag(bucket) OVER w AS prev_bucket
	               FROM (
	                 SELECT id, output_id, captured_at,
	                        CASE WHEN extract(epoch FROM ($2::timestamptz - captured_at)) < $3 THEN 0
	                             WHEN extract(epoch FROM ($4::timestamptz - captured_at)) < $5 THEN 1
	                             ELSE 2 END AS age_class,
	                        floor(extract(epoch FROM captured_at) /
	                          CASE WHEN extract(epoch FROM ($6::timestamptz - captured_at)) < $7 THEN $8
	                               WHEN extract(epoch FROM ($9::timestamptz - captured_at)) < $10 THEN $11
	                               ELSE $12 END) AS bucket
	                 FROM output_snapshot_history
	                 WHERE output_id = ANY($13)
	               ) classed
	               WINDOW w AS (PARTITION BY output_id ORDER BY captured_at DESC, id DESC)
	             ) ranked
	             WHERE recency > $14 AND prev_class = age_class AND prev_bucket = bucket)
2026-10-10 08:51:38.839 UTC [1996] hel1435-S4-prod-io-base-R250000-b22-explain-r2 LOG:  temporary file: path "base/pgsql_tmp/pgsql_tmp1996.0", size 7913472
2026-10-10 08:51:38.839 UTC [1996] hel1435-S4-prod-io-base-R250000-b22-explain-r2 STATEMENT:  DELETE FROM output_snapshot_history WHERE output_id = ANY($1) AND id IN (
	             SELECT id FROM (
	               SELECT id, age_class, bucket,
	                      row_number() OVER w AS recency,
	                      lag(age_class) OVER w AS prev_class,
	                      lag(bucket) OVER w AS prev_bucket
	               FROM (
	                 SELECT id, output_id, captured_at,
	                        CASE WHEN extract(epoch FROM ($2::timestamptz - captured_at)) < $3 THEN 0
	                             WHEN extract(epoch FROM ($4::timestamptz - captured_at)) < $5 THEN 1
	                             ELSE 2 END AS age_class,
	                        floor(extract(epoch FROM captured_at) /
	                          CASE WHEN extract(epoch FROM ($6::timestamptz - captured_at)) < $7 THEN $8
	                               WHEN extract(epoch FROM ($9::timestamptz - captured_at)) < $10 THEN $11
	                               ELSE $12 END) AS bucket
	                 FROM output_snapshot_history
	                 WHERE output_id = ANY($13)
	               ) classed
	               WINDOW w AS (PARTITION BY output_id ORDER BY captured_at DESC, id DESC)
	             ) ranked
	             WHERE recency > $14 AND prev_class = age_class AND prev_bucket = bucket)
2026-10-10 08:51:40.326 UTC [2000] hel1435-S4-prod-io-base-R250000-b22-explain-r3 LOG:  duration: 195.283 ms  plan:
	Query Text: SELECT count(*) FROM (SELECT 1 FROM output_snapshot_history WHERE output_id = $1 LIMIT $2) x
	Query Parameters: $1 = 'o92', $2 = '250001'
	Aggregate  (cost=1632.55..1632.56 rows=1 width=8) (actual time=195.276..195.277 rows=1 loops=1)
	  Buffers: shared hit=1 read=28564 written=1706
	  ->  Limit  (cost=0.43..1277.50 rows=28404 width=4) (actual time=0.034..193.744 rows=28812 loops=1)
	        Buffers: shared hit=1 read=28564 written=1706
	        ->  Index Only Scan using idx_output_snapshot_history_output_captured on output_snapshot_history  (cost=0.43..1277.50 rows=28404 width=4) (actual time=0.034..192.038 rows=28812 loops=1)
	              Index Cond: (output_id = 'o92'::text)
	              Heap Fetches: 28355
	              Buffers: shared hit=1 read=28564 written=1706
2026-10-10 08:51:40.439 UTC [2000] hel1435-S4-prod-io-base-R250000-b22-explain-r3 LOG:  duration: 113.037 ms  plan:
	Query Text: SELECT count(*) FROM (SELECT 1 FROM output_snapshot_history WHERE output_id = $1 LIMIT $2) x
	Query Parameters: $1 = 'o93', $2 = '221189'
	Aggregate  (cost=1571.34..1571.35 rows=1 width=8) (actual time=113.028..113.029 rows=1 loops=1)
	  Buffers: shared hit=1 read=28549
	  ->  Limit  (cost=0.43..1230.13 rows=27297 width=4) (actual time=0.018..111.553 rows=28812 loops=1)
	        Buffers: shared hit=1 read=28549
	        ->  Index Only Scan using idx_output_snapshot_history_output_captured on output_snapshot_history  (cost=0.43..1230.13 rows=27297 width=4) (actual time=0.017..109.879 rows=28812 loops=1)
	              Index Cond: (output_id = 'o93'::text)
	              Heap Fetches: 28341
	              Buffers: shared hit=1 read=28549
2026-10-10 08:51:40.550 UTC [2000] hel1435-S4-prod-io-base-R250000-b22-explain-r3 LOG:  duration: 110.700 ms  plan:
	Query Text: SELECT count(*) FROM (SELECT 1 FROM output_snapshot_history WHERE output_id = $1 LIMIT $2) x
	Query Parameters: $1 = 'o94', $2 = '192377'
	Aggregate  (cost=1856.74..1856.75 rows=1 width=8) (actual time=110.692..110.693 rows=1 loops=1)
	  Buffers: shared read=28542
	  ->  Limit  (cost=0.43..1453.28 rows=32277 width=4) (actual time=0.022..109.233 rows=28812 loops=1)
	        Buffers: shared read=28542
	        ->  Index Only Scan using idx_output_snapshot_history_output_captured on output_snapshot_history  (cost=0.43..1453.28 rows=32277 width=4) (actual time=0.022..107.590 rows=28812 loops=1)
	              Index Cond: (output_id = 'o94'::text)
	              Heap Fetches: 28332
	              Buffers: shared read=28542
2026-10-10 08:51:40.714 UTC [2000] hel1435-S4-prod-io-base-R250000-b22-explain-r3 LOG:  duration: 162.515 ms  plan:
	Query Text: SELECT count(*) FROM (SELECT 1 FROM output_snapshot_history WHERE output_id = $1 LIMIT $2) x
	Query Parameters: $1 = 'o95', $2 = '163565'
	Aggregate  (cost=1538.75..1538.76 rows=1 width=8) (actual time=162.508..162.509 rows=1 loops=1)
	  Buffers: shared hit=1 read=28541
	  ->  Limit  (cost=0.43..1204.45 rows=26744 width=4) (actual time=0.021..161.019 rows=28812 loops=1)
	        Buffers: shared hit=1 read=28541
	        ->  Index Only Scan using idx_output_snapshot_history_output_captured on output_snapshot_history  (cost=0.43..1204.45 rows=26744 width=4) (actual time=0.020..159.349 rows=28812 loops=1)
	              Index Cond: (output_id = 'o95'::text)
	              Heap Fetches: 28332
	              Buffers: shared hit=1 read=28541
2026-10-10 08:51:40.826 UTC [2000] hel1435-S4-prod-io-base-R250000-b22-explain-r3 LOG:  duration: 112.255 ms  plan:
	Query Text: SELECT count(*) FROM (SELECT 1 FROM output_snapshot_history WHERE output_id = $1 LIMIT $2) x
	Query Parameters: $1 = 'o96', $2 = '134753'
	Aggregate  (cost=1398.81..1398.82 rows=1 width=8) (actual time=112.246..112.247 rows=1 loops=1)
	  Buffers: shared hit=1 read=28504
	  ->  Limit  (cost=0.43..1094.49 rows=24346 width=4) (actual time=0.025..110.716 rows=28812 loops=1)
	        Buffers: shared hit=1 read=28504
	        ->  Index Only Scan using idx_output_snapshot_history_output_captured on output_snapshot_history  (cost=0.43..1094.49 rows=24346 width=4) (actual time=0.024..109.064 rows=28812 loops=1)
	              Index Cond: (output_id = 'o96'::text)
	              Heap Fetches: 28295
	              Buffers: shared hit=1 read=28504
2026-10-10 08:51:40.940 UTC [2000] hel1435-S4-prod-io-base-R250000-b22-explain-r3 LOG:  duration: 112.967 ms  plan:
	Query Text: SELECT count(*) FROM (SELECT 1 FROM output_snapshot_history WHERE output_id = $1 LIMIT $2) x
	Query Parameters: $1 = 'o97', $2 = '105941'
	Aggregate  (cost=1557.82..1557.83 rows=1 width=8) (actual time=112.960..112.961 rows=1 loops=1)
	  Buffers: shared hit=1 read=28504
	  ->  Limit  (cost=0.43..1218.91 rows=27113 width=4) (actual time=0.023..111.405 rows=28812 loops=1)
	        Buffers: shared hit=1 read=28504
	        ->  Index Only Scan using idx_output_snapshot_history_output_captured on output_snapshot_history  (cost=0.43..1218.91 rows=27113 width=4) (actual time=0.022..109.702 rows=28812 loops=1)
	              Index Cond: (output_id = 'o97'::text)
	              Heap Fetches: 28295
	              Buffers: shared hit=1 read=28504
2026-10-10 08:51:41.053 UTC [2000] hel1435-S4-prod-io-base-R250000-b22-explain-r3 LOG:  duration: 113.035 ms  plan:
	Query Text: SELECT count(*) FROM (SELECT 1 FROM output_snapshot_history WHERE output_id = $1 LIMIT $2) x
	Query Parameters: $1 = 'o98', $2 = '77129'
	Aggregate  (cost=1506.16..1506.17 rows=1 width=8) (actual time=113.028..113.028 rows=1 loops=1)
	  Buffers: shared hit=1 read=28504
	  ->  Limit  (cost=0.43..1178.77 rows=26191 width=4) (actual time=0.019..111.475 rows=28812 loops=1)
	        Buffers: shared hit=1 read=28504
	        ->  Index Only Scan using idx_output_snapshot_history_output_captured on output_snapshot_history  (cost=0.43..1178.77 rows=26191 width=4) (actual time=0.018..109.781 rows=28812 loops=1)
	              Index Cond: (output_id = 'o98'::text)
	              Heap Fetches: 28295
	              Buffers: shared hit=1 read=28504
2026-10-10 08:51:41.216 UTC [2000] hel1435-S4-prod-io-base-R250000-b22-explain-r3 LOG:  duration: 161.930 ms  plan:
	Query Text: SELECT count(*) FROM (SELECT 1 FROM output_snapshot_history WHERE output_id = $1 LIMIT $2) x
	Query Parameters: $1 = 'o99', $2 = '48317'
	Aggregate  (cost=1697.73..1697.74 rows=1 width=8) (actual time=161.924..161.925 rows=1 loops=1)
	  Buffers: shared hit=1 read=28504
	  ->  Limit  (cost=0.43..1328.86 rows=29510 width=4) (actual time=0.018..160.354 rows=28812 loops=1)
	        Buffers: shared hit=1 read=28504
	        ->  Index Only Scan using idx_output_snapshot_history_output_captured on output_snapshot_history  (cost=0.43..1328.86 rows=29510 width=4) (actual time=0.018..110.875 rows=28812 loops=1)
	              Index Cond: (output_id = 'o99'::text)
	              Heap Fetches: 28295
	              Buffers: shared hit=1 read=28504
2026-10-10 08:51:52.344 UTC [2000] hel1435-S4-prod-io-base-R250000-b22-explain-r3 LOG:  duration: 11115.723 ms  plan:
	Query Text: DELETE FROM output_snapshot_history h
	             USING pipelines p, users u
	             WHERE h.output_id = ANY($1) AND h.captured_at < $2
	               AND h.pipeline_id = p.id AND p.owner_id = u.id
	               AND h.captured_at < COALESCE(($3::timestamptz[])[array_position($4::text[], u.tier)], $5)
	Query Parameters: $1 = '{o92,o93,o94,o95,o96,o97,o98,o99}', $2 = '2026-09-10 01:00:00-07', $3 = '{"2026-09-10 01:00:00-07","2026-07-12 01:00:00-07","2025-10-10 01:00:00-07"}', $4 = '{free,beta,owner}', $5 = '2026-09-10 01:00:00-07'
	Delete on output_snapshot_history h  (cost=1428.64..131134.69 rows=0 width=0) (actual time=11115.719..11115.722 rows=0 loops=1)
	  Buffers: shared hit=69508 read=1141734 dirtied=7050 written=6850
	  WAL: records=23128 bytes=1248912
	  ->  Hash Join  (cost=1428.64..131134.69 rows=39130 width=18) (actual time=7509.647..11110.544 rows=23128 loops=1)
	        Hash Cond: ((h.pipeline_id = p.id) AND (u.id = p.owner_id))
	        Buffers: shared hit=46380 read=1141734 written=6850
	        ->  Nested Loop  (cost=1425.14..120854.86 rows=1956483 width=31) (actual time=13.822..9903.076 rows=6363264 loops=1)
	              Buffers: shared hit=46380 read=1141733 written=6850
	              ->  Index Scan using users_pkey on users u  (cost=0.14..12.89 rows=50 width=27) (actual time=0.011..0.146 rows=50 loops=1)
	                    Buffers: shared hit=1 read=1
	              ->  Memoize  (cost=1425.00..24488.06 rows=39130 width=17) (actual time=20.517..177.294 rows=127265 loops=50)
	                    Cache Key: COALESCE(('{"2026-09-10 01:00:00-07","2026-07-12 01:00:00-07","2025-10-10 01:00:00-07"}'::timestamp with time zone[])[array_position('{free,beta,owner}'::text[], u.tier)], '2026-09-10 01:00:00-07'::timestamp with time zone)
	                    Cache Mode: binary
	                    Hits: 2  Misses: 48  Evictions: 47  Overflows: 38  Memory Usage: 8193kB
	                    Buffers: shared hit=46379 read=1141732 written=6850
	                    ->  Bitmap Heap Scan on output_snapshot_history h  (cost=1424.99..24488.05 rows=39130 width=17) (actual time=21.360..151.160 rows=132086 loops=48)
	                          Recheck Cond: ((output_id = ANY ('{o92,o93,o94,o95,o96,o97,o98,o99}'::text[])) AND (captured_at < COALESCE(('{"2026-09-10 01:00:00-07","2026-07-12 01:00:00-07","2025-10-10 01:00:00-07"}'::timestamp with time zone[])[array_position('{free,beta,owner}'::text[], u.tier)], '2026-09-10 01:00:00-07'::timestamp with time zone)) AND (captured_at < '2026-09-10 01:00:00-07'::timestamp with time zone))
	                          Heap Blocks: exact=1143535
	                          Buffers: shared hit=46379 read=1141732 written=6850
	                          ->  Bitmap Index Scan on idx_output_snapshot_history_output_captured  (cost=0.00..1415.20 rows=39130 width=0) (actual time=16.547..16.547 rows=132086 loops=48)
	                                Index Cond: ((output_id = ANY ('{o92,o93,o94,o95,o96,o97,o98,o99}'::text[])) AND (captured_at < COALESCE(('{"2026-09-10 01:00:00-07","2026-07-12 01:00:00-07","2025-10-10 01:00:00-07"}'::timestamp with time zone[])[array_position('{free,beta,owner}'::text[], u.tier)], '2026-09-10 01:00:00-07'::timestamp with time zone)) AND (captured_at < '2026-09-10 01:00:00-07'::timestamp with time zone))
	                                Buffers: shared hit=1931 read=42642
	        ->  Hash  (cost=2.00..2.00 rows=100 width=25) (actual time=5.585..5.586 rows=100 loops=1)
	              Buckets: 1024  Batches: 1  Memory Usage: 14kB
	              Buffers: shared read=1
	              ->  Seq Scan on pipelines p  (cost=0.00..2.00 rows=100 width=25) (actual time=5.559..5.566 rows=100 loops=1)
	                    Buffers: shared read=1
	JIT:
	  Functions: 22
	  Options: Inlining false, Optimization false, Expressions true, Deforming true
	  Timing: Generation 0.525 ms, Inlining 0.000 ms, Optimization 0.291 ms, Emission 5.298 ms, Total 6.115 ms
2026-10-10 08:51:55.118 UTC [2000] hel1435-S4-prod-io-base-R250000-b22-explain-r3 LOG:  duration: 2770.916 ms  plan:
	Query Text: DELETE FROM output_snapshot_history WHERE output_id = ANY($1) AND id IN (
	             SELECT id FROM (
	               SELECT id, age_class, bucket,
	                      row_number() OVER w AS recency,
	                      lag(age_class) OVER w AS prev_class,
	                      lag(bucket) OVER w AS prev_bucket
	               FROM (
	                 SELECT id, output_id, captured_at,
	                        CASE WHEN extract(epoch FROM ($2::timestamptz - captured_at)) < $3 THEN 0
	                             WHEN extract(epoch FROM ($4::timestamptz - captured_at)) < $5 THEN 1
	                             ELSE 2 END AS age_class,
	                        floor(extract(epoch FROM captured_at) /
	                          CASE WHEN extract(epoch FROM ($6::timestamptz - captured_at)) < $7 THEN $8
	                               WHEN extract(epoch FROM ($9::timestamptz - captured_at)) < $10 THEN $11
	                               ELSE $12 END) AS bucket
	                 FROM output_snapshot_history
	                 WHERE output_id = ANY($13)
	               ) classed
	               WINDOW w AS (PARTITION BY output_id ORDER BY captured_at DESC, id DESC)
	             ) ranked
	             WHERE recency > $14 AND prev_class = age_class AND prev_bucket = bucket)
	Query Parameters: $1 = '{o92,o93,o94,o95,o96,o97,o98,o99}', $2 = '2026-10-10 01:00:00-07', $3 = '86400', $4 = '2026-10-10 01:00:00-07', $5 = '604800', $6 = '2026-10-10 01:00:00-07', $7 = '86400', $8 = '300', $9 = '2026-10-10 01:00:00-07', $10 = '604800', $11 = '3600', $12 = '86400', $13 = '{o92,o93,o94,o95,o96,o97,o98,o99}', $14 = '102'
	Delete on output_snapshot_history  (cost=445725.22..445741.71 rows=0 width=0) (actual time=2770.912..2770.915 rows=0 loops=1)
	  Buffers: shared hit=854533 read=206745 dirtied=140860 written=128751, temp read=3405 written=3415
	  WAL: records=203232 bytes=10974528
	  ->  Nested Loop  (cost=445725.22..445741.71 rows=1 width=46) (actual time=1001.743..2667.709 rows=203232 loops=1)
	        Buffers: shared hit=651301 read=206745 written=128751, temp read=3405 written=3415
	        ->  Unique  (cost=445724.78..445724.79 rows=2 width=56) (actual time=1001.686..1042.485 rows=203232 loops=1)
	              Buffers: shared hit=4352 read=40766, temp read=3405 written=3415
	              ->  Sort  (cost=445724.78..445724.79 rows=2 width=56) (actual time=1001.686..1028.768 rows=203232 loops=1)
	                    Sort Key: ranked.id
	                    Sort Method: external merge  Disk: 19512kB
	                    Buffers: shared hit=4352 read=40766, temp read=3405 written=3415
	                    ->  Subquery Scan on ranked  (cost=417989.52..445724.77 rows=2 width=56) (actual time=403.144..964.506 rows=203232 loops=1)
	                          Filter: ((ranked.recency > 102) AND (ranked.prev_class = ranked.age_class) AND (ranked.prev_bucket = ranked.bucket))
	                          Rows Removed by Filter: 4136
	                          Buffers: shared hit=4352 read=40763, temp read=966 written=970
	                          ->  WindowAgg  (cost=417989.52..441841.84 rows=221882 width=108) (actual time=402.869..932.840 rows=207368 loops=1)
	                                Buffers: shared hit=4352 read=40763, temp read=966 written=970
	                                ->  Sort  (cost=417989.52..418544.23 rows=221882 width=28) (actual time=402.807..417.949 rows=207368 loops=1)
	                                      Sort Key: output_snapshot_history_1.output_id, output_snapshot_history_1.captured_at DESC, output_snapshot_history_1.id DESC
	                                      Sort Method: external merge  Disk: 7728kB
	                                      Buffers: shared hit=4352 read=40763, temp read=966 written=970
	                                      ->  Bitmap Heap Scan on output_snapshot_history output_snapshot_history_1  (cost=7715.03..392977.53 rows=221882 width=28) (actual time=71.540..280.089 rows=207368 loops=1)
	                                            Recheck Cond: (output_id = ANY ('{o92,o93,o94,o95,o96,o97,o98,o99}'::text[]))
	                                            Heap Blocks: exact=43510
	                                            Buffers: shared hit=4346 read=40763
	                                            ->  Bitmap Index Scan on idx_output_snapshot_history_output_captured  (cost=0.00..7659.56 rows=221882 width=0) (actual time=11.188..11.188 rows=230496 loops=1)
	                                                  Index Cond: (output_id = ANY ('{o92,o93,o94,o95,o96,o97,o98,o99}'::text[]))
	                                                  Buffers: shared hit=187 read=1412
	        ->  Index Scan using output_snapshot_history_pkey on output_snapshot_history  (cost=0.43..8.46 rows=1 width=22) (actual time=0.008..0.008 rows=1 loops=203232)
	              Index Cond: (id = ranked.id)
	              Filter: (output_id = ANY ('{o92,o93,o94,o95,o96,o97,o98,o99}'::text[]))
	              Buffers: shared hit=646949 read=165979 written=128751
	JIT:
	  Functions: 24
	  Options: Inlining false, Optimization false, Expressions true, Deforming true
	  Timing: Generation 0.545 ms, Inlining 0.000 ms, Optimization 0.351 ms, Emission 4.782 ms, Total 5.677 ms
2026-10-10 08:51:55.120 UTC [2000] hel1435-S4-prod-io-base-R250000-b22-explain-r3 LOG:  temporary file: path "base/pgsql_tmp/pgsql_tmp2000.1", size 19980288
2026-10-10 08:51:55.120 UTC [2000] hel1435-S4-prod-io-base-R250000-b22-explain-r3 STATEMENT:  DELETE FROM output_snapshot_history WHERE output_id = ANY($1) AND id IN (
	             SELECT id FROM (
	               SELECT id, age_class, bucket,
	                      row_number() OVER w AS recency,
	                      lag(age_class) OVER w AS prev_class,
	                      lag(bucket) OVER w AS prev_bucket
	               FROM (
	                 SELECT id, output_id, captured_at,
	                        CASE WHEN extract(epoch FROM ($2::timestamptz - captured_at)) < $3 THEN 0
	                             WHEN extract(epoch FROM ($4::timestamptz - captured_at)) < $5 THEN 1
	                             ELSE 2 END AS age_class,
	                        floor(extract(epoch FROM captured_at) /
	                          CASE WHEN extract(epoch FROM ($6::timestamptz - captured_at)) < $7 THEN $8
	                               WHEN extract(epoch FROM ($9::timestamptz - captured_at)) < $10 THEN $11
	                               ELSE $12 END) AS bucket
	                 FROM output_snapshot_history
	                 WHERE output_id = ANY($13)
	               ) classed
	               WINDOW w AS (PARTITION BY output_id ORDER BY captured_at DESC, id DESC)
	             ) ranked
	             WHERE recency > $14 AND prev_class = age_class AND prev_bucket = bucket)
2026-10-10 08:51:55.121 UTC [2000] hel1435-S4-prod-io-base-R250000-b22-explain-r3 LOG:  temporary file: path "base/pgsql_tmp/pgsql_tmp2000.0", size 7913472
2026-10-10 08:51:55.121 UTC [2000] hel1435-S4-prod-io-base-R250000-b22-explain-r3 STATEMENT:  DELETE FROM output_snapshot_history WHERE output_id = ANY($1) AND id IN (
	             SELECT id FROM (
	               SELECT id, age_class, bucket,
	                      row_number() OVER w AS recency,
	                      lag(age_class) OVER w AS prev_class,
	                      lag(bucket) OVER w AS prev_bucket
	               FROM (
	                 SELECT id, output_id, captured_at,
	                        CASE WHEN extract(epoch FROM ($2::timestamptz - captured_at)) < $3 THEN 0
	                             WHEN extract(epoch FROM ($4::timestamptz - captured_at)) < $5 THEN 1
	                             ELSE 2 END AS age_class,
	                        floor(extract(epoch FROM captured_at) /
	                          CASE WHEN extract(epoch FROM ($6::timestamptz - captured_at)) < $7 THEN $8
	                               WHEN extract(epoch FROM ($9::timestamptz - captured_at)) < $10 THEN $11
	                               ELSE $12 END) AS bucket
	                 FROM output_snapshot_history
	                 WHERE output_id = ANY($13)
	               ) classed
	               WINDOW w AS (PARTITION BY output_id ORDER BY captured_at DESC, id DESC)
	             ) ranked
	             WHERE recency > $14 AND prev_class = age_class AND prev_bucket = bucket)
2026-10-10 08:52:08.943 UTC [2003] hel1435-S4-prod-io-base-R250000-b22-timed-r1 LOG:  temporary file: path "base/pgsql_tmp/pgsql_tmp2003.1", size 19980288
2026-10-10 08:52:08.943 UTC [2003] hel1435-S4-prod-io-base-R250000-b22-timed-r1 STATEMENT:  DELETE FROM output_snapshot_history WHERE output_id = ANY($1) AND id IN (
	             SELECT id FROM (
	               SELECT id, age_class, bucket,
	                      row_number() OVER w AS recency,
	                      lag(age_class) OVER w AS prev_class,
	                      lag(bucket) OVER w AS prev_bucket
	               FROM (
	                 SELECT id, output_id, captured_at,
	                        CASE WHEN extract(epoch FROM ($2::timestamptz - captured_at)) < $3 THEN 0
	                             WHEN extract(epoch FROM ($4::timestamptz - captured_at)) < $5 THEN 1
	                             ELSE 2 END AS age_class,
	                        floor(extract(epoch FROM captured_at) /
	                          CASE WHEN extract(epoch FROM ($6::timestamptz - captured_at)) < $7 THEN $8
	                               WHEN extract(epoch FROM ($9::timestamptz - captured_at)) < $10 THEN $11
	                               ELSE $12 END) AS bucket
	                 FROM output_snapshot_history
	                 WHERE output_id = ANY($13)
	               ) classed
	               WINDOW w AS (PARTITION BY output_id ORDER BY captured_at DESC, id DESC)
	             ) ranked
	             WHERE recency > $14 AND prev_class = age_class AND prev_bucket = bucket)
2026-10-10 08:52:08.944 UTC [2003] hel1435-S4-prod-io-base-R250000-b22-timed-r1 LOG:  temporary file: path "base/pgsql_tmp/pgsql_tmp2003.0", size 7913472
2026-10-10 08:52:08.944 UTC [2003] hel1435-S4-prod-io-base-R250000-b22-timed-r1 STATEMENT:  DELETE FROM output_snapshot_history WHERE output_id = ANY($1) AND id IN (
	             SELECT id FROM (
	               SELECT id, age_class, bucket,
	                      row_number() OVER w AS recency,
	                      lag(age_class) OVER w AS prev_class,
	                      lag(bucket) OVER w AS prev_bucket
	               FROM (
	                 SELECT id, output_id, captured_at,
	                        CASE WHEN extract(epoch FROM ($2::timestamptz - captured_at)) < $3 THEN 0
	                             WHEN extract(epoch FROM ($4::timestamptz - captured_at)) < $5 THEN 1
	                             ELSE 2 END AS age_class,
	                        floor(extract(epoch FROM captured_at) /
	                          CASE WHEN extract(epoch FROM ($6::timestamptz - captured_at)) < $7 THEN $8
	                               WHEN extract(epoch FROM ($9::timestamptz - captured_at)) < $10 THEN $11
	                               ELSE $12 END) AS bucket
	                 FROM output_snapshot_history
	                 WHERE output_id = ANY($13)
	               ) classed
	               WINDOW w AS (PARTITION BY output_id ORDER BY captured_at DESC, id DESC)
	             ) ranked
	             WHERE recency > $14 AND prev_class = age_class AND prev_bucket = bucket)
2026-10-10 08:52:22.842 UTC [2007] hel1435-S4-prod-io-base-R250000-b22-timed-r2 LOG:  temporary file: path "base/pgsql_tmp/pgsql_tmp2007.1", size 19980288
2026-10-10 08:52:22.842 UTC [2007] hel1435-S4-prod-io-base-R250000-b22-timed-r2 STATEMENT:  DELETE FROM output_snapshot_history WHERE output_id = ANY($1) AND id IN (
	             SELECT id FROM (
	               SELECT id, age_class, bucket,
	                      row_number() OVER w AS recency,
	                      lag(age_class) OVER w AS prev_class,
	                      lag(bucket) OVER w AS prev_bucket
	               FROM (
	                 SELECT id, output_id, captured_at,
	                        CASE WHEN extract(epoch FROM ($2::timestamptz - captured_at)) < $3 THEN 0
	                             WHEN extract(epoch FROM ($4::timestamptz - captured_at)) < $5 THEN 1
	                             ELSE 2 END AS age_class,
	                        floor(extract(epoch FROM captured_at) /
	                          CASE WHEN extract(epoch FROM ($6::timestamptz - captured_at)) < $7 THEN $8
	                               WHEN extract(epoch FROM ($9::timestamptz - captured_at)) < $10 THEN $11
	                               ELSE $12 END) AS bucket
	                 FROM output_snapshot_history
	                 WHERE output_id = ANY($13)
	               ) classed
	               WINDOW w AS (PARTITION BY output_id ORDER BY captured_at DESC, id DESC)
	             ) ranked
	             WHERE recency > $14 AND prev_class = age_class AND prev_bucket = bucket)
2026-10-10 08:52:22.842 UTC [2007] hel1435-S4-prod-io-base-R250000-b22-timed-r2 LOG:  temporary file: path "base/pgsql_tmp/pgsql_tmp2007.0", size 7913472
2026-10-10 08:52:22.842 UTC [2007] hel1435-S4-prod-io-base-R250000-b22-timed-r2 STATEMENT:  DELETE FROM output_snapshot_history WHERE output_id = ANY($1) AND id IN (
	             SELECT id FROM (
	               SELECT id, age_class, bucket,
	                      row_number() OVER w AS recency,
	                      lag(age_class) OVER w AS prev_class,
	                      lag(bucket) OVER w AS prev_bucket
	               FROM (
	                 SELECT id, output_id, captured_at,
	                        CASE WHEN extract(epoch FROM ($2::timestamptz - captured_at)) < $3 THEN 0
	                             WHEN extract(epoch FROM ($4::timestamptz - captured_at)) < $5 THEN 1
	                             ELSE 2 END AS age_class,
	                        floor(extract(epoch FROM captured_at) /
	                          CASE WHEN extract(epoch FROM ($6::timestamptz - captured_at)) < $7 THEN $8
	                               WHEN extract(epoch FROM ($9::timestamptz - captured_at)) < $10 THEN $11
	                               ELSE $12 END) AS bucket
	                 FROM output_snapshot_history
	                 WHERE output_id = ANY($13)
	               ) classed
	               WINDOW w AS (PARTITION BY output_id ORDER BY captured_at DESC, id DESC)
	             ) ranked
	             WHERE recency > $14 AND prev_class = age_class AND prev_bucket = bucket)
2026-10-10 08:52:36.852 UTC [2010] hel1435-S4-prod-io-base-R250000-b22-timed-r3 LOG:  temporary file: path "base/pgsql_tmp/pgsql_tmp2010.1", size 19980288
2026-10-10 08:52:36.852 UTC [2010] hel1435-S4-prod-io-base-R250000-b22-timed-r3 STATEMENT:  DELETE FROM output_snapshot_history WHERE output_id = ANY($1) AND id IN (
	             SELECT id FROM (
	               SELECT id, age_class, bucket,
	                      row_number() OVER w AS recency,
	                      lag(age_class) OVER w AS prev_class,
	                      lag(bucket) OVER w AS prev_bucket
	               FROM (
	                 SELECT id, output_id, captured_at,
	                        CASE WHEN extract(epoch FROM ($2::timestamptz - captured_at)) < $3 THEN 0
	                             WHEN extract(epoch FROM ($4::timestamptz - captured_at)) < $5 THEN 1
	                             ELSE 2 END AS age_class,
	                        floor(extract(epoch FROM captured_at) /
	                          CASE WHEN extract(epoch FROM ($6::timestamptz - captured_at)) < $7 THEN $8
	                               WHEN extract(epoch FROM ($9::timestamptz - captured_at)) < $10 THEN $11
	                               ELSE $12 END) AS bucket
	                 FROM output_snapshot_history
	                 WHERE output_id = ANY($13)
	               ) classed
	               WINDOW w AS (PARTITION BY output_id ORDER BY captured_at DESC, id DESC)
	             ) ranked
	             WHERE recency > $14 AND prev_class = age_class AND prev_bucket = bucket)
2026-10-10 08:52:36.853 UTC [2010] hel1435-S4-prod-io-base-R250000-b22-timed-r3 LOG:  temporary file: path "base/pgsql_tmp/pgsql_tmp2010.0", size 7913472
2026-10-10 08:52:36.853 UTC [2010] hel1435-S4-prod-io-base-R250000-b22-timed-r3 STATEMENT:  DELETE FROM output_snapshot_history WHERE output_id = ANY($1) AND id IN (
	             SELECT id FROM (
	               SELECT id, age_class, bucket,
	                      row_number() OVER w AS recency,
	                      lag(age_class) OVER w AS prev_class,
	                      lag(bucket) OVER w AS prev_bucket
	               FROM (
	                 SELECT id, output_id, captured_at,
	                        CASE WHEN extract(epoch FROM ($2::timestamptz - captured_at)) < $3 THEN 0
	                             WHEN extract(epoch FROM ($4::timestamptz - captured_at)) < $5 THEN 1
	                             ELSE 2 END AS age_class,
	                        floor(extract(epoch FROM captured_at) /
	                          CASE WHEN extract(epoch FROM ($6::timestamptz - captured_at)) < $7 THEN $8
	                               WHEN extract(epoch FROM ($9::timestamptz - captured_at)) < $10 THEN $11
	                               ELSE $12 END) AS bucket
	                 FROM output_snapshot_history
	                 WHERE output_id = ANY($13)
	               ) classed
	               WINDOW w AS (PARTITION BY output_id ORDER BY captured_at DESC, id DESC)
	             ) ranked
	             WHERE recency > $14 AND prev_class = age_class AND prev_bucket = bucket)
