2026-10-10 08:29:46.014 UTC [1523] hel1435-S4-prod-noio-R100000-b0-explain-r1 LOG:  duration: 102.351 ms  plan:
	Query Text: SELECT count(*) FROM (SELECT 1 FROM output_snapshot_history WHERE output_id = $1 LIMIT $2) x
	Query Parameters: $1 = 'o0', $2 = '100001'
	Aggregate  (cost=904.60..904.61 rows=1 width=8) (actual time=102.343..102.344 rows=1 loops=1)
	  Buffers: shared read=15683
	  ->  Limit  (cost=0.43..707.87 rows=15739 width=4) (actual time=0.031..101.446 rows=15852 loops=1)
	        Buffers: shared read=15683
	        ->  Index Only Scan using idx_output_snapshot_history_output_captured on output_snapshot_history  (cost=0.43..707.87 rows=15739 width=4) (actual time=0.031..100.503 rows=15852 loops=1)
	              Index Cond: (output_id = 'o0'::text)
	              Heap Fetches: 15563
	              Buffers: shared read=15683
2026-10-10 08:29:46.072 UTC [1523] hel1435-S4-prod-noio-R100000-b0-explain-r1 LOG:  duration: 57.638 ms  plan:
	Query Text: SELECT count(*) FROM (SELECT 1 FROM output_snapshot_history WHERE output_id = $1 LIMIT $2) x
	Query Parameters: $1 = 'o1', $2 = '84149'
	Aggregate  (cost=904.60..904.61 rows=1 width=8) (actual time=57.635..57.636 rows=1 loops=1)
	  Buffers: shared hit=15575 read=108
	  ->  Limit  (cost=0.43..707.87 rows=15739 width=4) (actual time=0.018..57.171 rows=15852 loops=1)
	        Buffers: shared hit=15575 read=108
	        ->  Index Only Scan using idx_output_snapshot_history_output_captured on output_snapshot_history  (cost=0.43..707.87 rows=15739 width=4) (actual time=0.018..56.486 rows=15852 loops=1)
	              Index Cond: (output_id = 'o1'::text)
	              Heap Fetches: 15563
	              Buffers: shared hit=15575 read=108
2026-10-10 08:29:46.097 UTC [1523] hel1435-S4-prod-noio-R100000-b0-explain-r1 LOG:  duration: 23.994 ms  plan:
	Query Text: SELECT count(*) FROM (SELECT 1 FROM output_snapshot_history WHERE output_id = $1 LIMIT $2) x
	Query Parameters: $1 = 'o10', $2 = '68297'
	Aggregate  (cost=904.60..904.61 rows=1 width=8) (actual time=23.986..23.987 rows=1 loops=1)
	  Buffers: shared hit=6792 read=8890
	  ->  Limit  (cost=0.43..707.87 rows=15739 width=4) (actual time=0.025..23.344 rows=15852 loops=1)
	        Buffers: shared hit=6792 read=8890
	        ->  Index Only Scan using idx_output_snapshot_history_output_captured on output_snapshot_history  (cost=0.43..707.87 rows=15739 width=4) (actual time=0.024..22.576 rows=15852 loops=1)
	              Index Cond: (output_id = 'o10'::text)
	              Heap Fetches: 15563
	              Buffers: shared hit=6792 read=8890
2026-10-10 08:29:46.205 UTC [1523] hel1435-S4-prod-noio-R100000-b0-explain-r1 LOG:  duration: 107.611 ms  plan:
	Query Text: SELECT count(*) FROM (SELECT 1 FROM output_snapshot_history WHERE output_id = $1 LIMIT $2) x
	Query Parameters: $1 = 'o100', $2 = '52445'
	Aggregate  (cost=1548.27..1548.28 rows=1 width=8) (actual time=107.603..107.604 rows=1 loops=1)
	  Buffers: shared hit=4 read=28501
	  ->  Limit  (cost=0.43..1211.67 rows=26928 width=4) (actual time=0.022..106.160 rows=28812 loops=1)
	        Buffers: shared hit=4 read=28501
	        ->  Index Only Scan using idx_output_snapshot_history_output_captured on output_snapshot_history  (cost=0.43..1211.67 rows=26928 width=4) (actual time=0.022..104.522 rows=28812 loops=1)
	              Index Cond: (output_id = 'o100'::text)
	              Heap Fetches: 28295
	              Buffers: shared hit=4 read=28501
2026-10-10 08:29:46.311 UTC [1523] hel1435-S4-prod-noio-R100000-b0-explain-r1 LOG:  duration: 99.199 ms  plan:
	Query Text: SELECT count(*) FROM (SELECT 1 FROM output_snapshot_history WHERE output_id = $1 LIMIT $2) x
	Query Parameters: $1 = 'o101', $2 = '23633'
	Aggregate  (cost=1360.84..1360.85 rows=1 width=8) (actual time=99.191..99.192 rows=1 loops=1)
	  Buffers: shared hit=1 read=23297
	  ->  Limit  (cost=0.43..1065.43 rows=23633 width=4) (actual time=0.033..97.997 rows=23633 loops=1)
	        Buffers: shared hit=1 read=23297
	        ->  Index Only Scan using idx_output_snapshot_history_output_captured on output_snapshot_history  (cost=0.43..1288.72 rows=28588 width=4) (actual time=0.032..96.662 rows=23633 loops=1)
	              Index Cond: (output_id = 'o101'::text)
	              Heap Fetches: 23124
	              Buffers: shared hit=1 read=23297
2026-10-10 08:29:47.023 UTC [1523] hel1435-S4-prod-noio-R100000-b0-explain-r1 LOG:  duration: 700.137 ms  plan:
	Query Text: DELETE FROM output_snapshot_history h
	             USING pipelines p, users u
	             WHERE h.output_id = ANY($1) AND h.captured_at < $2
	               AND h.pipeline_id = p.id AND p.owner_id = u.id
	               AND h.captured_at < COALESCE(($3::timestamptz[])[array_position($4::text[], u.tier)], $5)
	Query Parameters: $1 = '{o0,o1,o10,o100}', $2 = '2026-09-10 01:00:00-07', $3 = '{"2026-09-10 01:00:00-07","2026-07-12 01:00:00-07","2025-10-10 01:00:00-07"}', $4 = '{free,beta,owner}', $5 = '2026-09-10 01:00:00-07'
	Delete on output_snapshot_history h  (cost=519.14..101409.85 rows=0 width=0) (actual time=700.134..700.136 rows=0 loops=1)
	  Buffers: shared hit=26108 read=32252 dirtied=13316
	  WAL: records=24524 fpi=11064 bytes=88475424
	  ->  Hash Join  (cost=519.14..101409.85 rows=13076 width=18) (actual time=350.941..618.244 rows=24524 loops=1)
	        Hash Cond: ((h.pipeline_id = p.id) AND (u.id = p.owner_id))
	        Buffers: shared hit=6363 read=27473
	        ->  Nested Loop  (cost=515.64..97972.30 rows=653800 width=31) (actual time=6.987..387.507 rows=1617462 loops=1)
	              Buffers: shared hit=6363 read=27472
	              ->  Index Scan using users_pkey on users u  (cost=0.14..12.89 rows=50 width=27) (actual time=0.015..0.063 rows=50 loops=1)
	                    Buffers: shared hit=1 read=1
	              ->  Memoize  (cost=515.50..22796.70 rows=13076 width=17) (actual time=0.152..5.119 rows=32349 loops=50)
	                    Cache Key: COALESCE(('{"2026-09-10 01:00:00-07","2026-07-12 01:00:00-07","2025-10-10 01:00:00-07"}'::timestamp with time zone[])[array_position('{free,beta,owner}'::text[], u.tier)], '2026-09-10 01:00:00-07'::timestamp with time zone)
	                    Cache Mode: binary
	                    Hits: 47  Misses: 3  Evictions: 0  Overflows: 0  Memory Usage: 2445kB
	                    Buffers: shared hit=6362 read=27471
	                    ->  Bitmap Heap Scan on output_snapshot_history h  (cost=515.49..22796.69 rows=13076 width=17) (actual time=2.481..43.994 rows=14898 loops=3)
	                          Recheck Cond: ((output_id = ANY ('{o0,o1,o10,o100}'::text[])) AND (captured_at < COALESCE(('{"2026-09-10 01:00:00-07","2026-07-12 01:00:00-07","2025-10-10 01:00:00-07"}'::timestamp with time zone[])[array_position('{free,beta,owner}'::text[], u.tier)], '2026-09-10 01:00:00-07'::timestamp with time zone)) AND (captured_at < '2026-09-10 01:00:00-07'::timestamp with time zone))
	                          Heap Blocks: exact=33487
	                          Buffers: shared hit=6362 read=27471
	                          ->  Bitmap Index Scan on idx_output_snapshot_history_output_captured  (cost=0.00..512.22 rows=13076 width=0) (actual time=1.601..1.601 rows=14898 loops=3)
	                                Index Cond: ((output_id = ANY ('{o0,o1,o10,o100}'::text[])) AND (captured_at < COALESCE(('{"2026-09-10 01:00:00-07","2026-07-12 01:00:00-07","2025-10-10 01:00:00-07"}'::timestamp with time zone[])[array_position('{free,beta,owner}'::text[], u.tier)], '2026-09-10 01:00:00-07'::timestamp with time zone)) AND (captured_at < '2026-09-10 01:00:00-07'::timestamp with time zone))
	                                Buffers: shared hit=23 read=320
	        ->  Hash  (cost=2.00..2.00 rows=100 width=25) (actual time=49.255..49.256 rows=100 loops=1)
	              Buckets: 1024  Batches: 1  Memory Usage: 14kB
	              Buffers: shared read=1
	              ->  Seq Scan on pipelines p  (cost=0.00..2.00 rows=100 width=25) (actual time=49.222..49.230 rows=100 loops=1)
	                    Buffers: shared read=1
	JIT:
	  Functions: 22
	  Options: Inlining false, Optimization false, Expressions true, Deforming true
	  Timing: Generation 0.522 ms, Inlining 0.000 ms, Optimization 0.295 ms, Emission 48.955 ms, Total 49.772 ms
2026-10-10 08:29:48.313 UTC [1523] hel1435-S4-prod-noio-R100000-b0-explain-r1 LOG:  duration: 1285.830 ms  plan:
	Query Text: DELETE FROM output_snapshot_history WHERE output_id = ANY($1) AND id IN (
	             SELECT id FROM (
	               SELECT id, age_class, bucket,
	                      row_number() OVER w AS recency,
	                      lag(age_class) OVER w AS prev_class,
	                      lag(bucket) OVER w AS prev_bucket
	               FROM (
	                 SELECT id, output_id, captured_at,
	                        CASE WHEN extract(epoch FROM ($2::timestamptz - captured_at)) < $3 THEN 0
	                             WHEN extract(epoch FROM ($4::timestamptz - captured_at)) < $5 THEN 1
	                             ELSE 2 END AS age_class,
	                        floor(extract(epoch FROM captured_at) /
	                          CASE WHEN extract(epoch FROM ($6::timestamptz - captured_at)) < $7 THEN $8
	                               WHEN extract(epoch FROM ($9::timestamptz - captured_at)) < $10 THEN $11
	                               ELSE $12 END) AS bucket
	                 FROM output_snapshot_history
	                 WHERE output_id = ANY($13)
	               ) classed
	               WINDOW w AS (PARTITION BY output_id ORDER BY captured_at DESC, id DESC)
	             ) ranked
	             WHERE recency > $14 AND prev_class = age_class AND prev_bucket = bucket)
	Query Parameters: $1 = '{o0,o1,o10,o100}', $2 = '2026-10-10 01:00:00-07', $3 = '86400', $4 = '2026-10-10 01:00:00-07', $5 = '604800', $6 = '2026-10-10 01:00:00-07', $7 = '86400', $8 = '300', $9 = '2026-10-10 01:00:00-07', $10 = '604800', $11 = '3600', $12 = '86400', $13 = '{o0,o1,o10,o100}', $14 = '102'
	Delete on output_snapshot_history  (cost=232900.73..232908.76 rows=0 width=0) (actual time=1285.824..1285.828 rows=0 loops=1)
	  Buffers: shared hit=173861 read=130099 dirtied=45693 written=49882, temp read=25 written=48
	  WAL: records=49956 fpi=17600 bytes=141332824
	  ->  Nested Loop  (cost=232900.73..232908.76 rows=1 width=46) (actual time=549.049..1175.236 rows=49956 loops=1)
	        Buffers: shared hit=123905 read=130099 written=49882, temp read=25 written=48
	        ->  HashAggregate  (cost=232900.30..232900.31 rows=1 width=56) (actual time=549.017..560.495 rows=49956 loops=1)
	              Group Key: ranked.id
	              Batches: 5  Memory Usage: 8265kB  Disk Usage: 240kB
	              Buffers: shared hit=4749 read=49431 written=13216, temp read=25 written=48
	              ->  Subquery Scan on ranked  (cost=223631.92..232900.29 rows=1 width=56) (actual time=376.151..489.708 rows=49956 loops=1)
	                    Filter: ((ranked.recency > 102) AND (ranked.prev_class = ranked.age_class) AND (ranked.prev_bucket = ranked.bucket))
	                    Rows Removed by Filter: 1888
	                    Buffers: shared hit=4749 read=49431 written=13216
	                    ->  WindowAgg  (cost=223631.92..231602.72 rows=74147 width=108) (actual time=375.881..481.733 rows=51844 loops=1)
	                          Buffers: shared hit=4749 read=49431 written=13216
	                          ->  Sort  (cost=223631.92..223817.29 rows=74147 width=28) (actual time=375.818..377.497 rows=51844 loops=1)
	                                Sort Key: output_snapshot_history_1.output_id, output_snapshot_history_1.captured_at DESC, output_snapshot_history_1.id DESC
	                                Sort Method: quicksort  Memory: 4065kB
	                                Buffers: shared hit=4749 read=49431 written=13216
	                                ->  Bitmap Heap Scan on output_snapshot_history output_snapshot_history_1  (cost=2612.38..217634.13 rows=74147 width=28) (actual time=56.386..359.502 rows=51844 loops=1)
	                                      Recheck Cond: (output_id = ANY ('{o0,o1,o10,o100}'::text[]))
	                                      Heap Blocks: exact=53639
	                                      Buffers: shared hit=4743 read=49428 written=13216
	                                      ->  Bitmap Index Scan on idx_output_snapshot_history_output_captured  (cost=0.00..2593.84 rows=74147 width=0) (actual time=45.216..45.216 rows=76368 loops=1)
	                                            Index Cond: (output_id = ANY ('{o0,o1,o10,o100}'::text[]))
	                                            Buffers: shared hit=34 read=498
	        ->  Index Scan using output_snapshot_history_pkey on output_snapshot_history  (cost=0.43..8.46 rows=1 width=22) (actual time=0.012..0.012 rows=1 loops=49956)
	              Index Cond: (id = ranked.id)
	              Filter: (output_id = ANY ('{o0,o1,o10,o100}'::text[]))
	              Buffers: shared hit=119156 read=80668 written=36666
	JIT:
	  Functions: 28
	  Options: Inlining false, Optimization false, Expressions true, Deforming true
	  Timing: Generation 0.712 ms, Inlining 0.000 ms, Optimization 0.473 ms, Emission 6.033 ms, Total 7.218 ms
2026-10-10 08:29:48.313 UTC [1523] hel1435-S4-prod-noio-R100000-b0-explain-r1 LOG:  temporary file: path "base/pgsql_tmp/pgsql_tmp1523.0", size 245760
2026-10-10 08:29:48.313 UTC [1523] hel1435-S4-prod-noio-R100000-b0-explain-r1 STATEMENT:  DELETE FROM output_snapshot_history WHERE output_id = ANY($1) AND id IN (
	             SELECT id FROM (
	               SELECT id, age_class, bucket,
	                      row_number() OVER w AS recency,
	                      lag(age_class) OVER w AS prev_class,
	                      lag(bucket) OVER w AS prev_bucket
	               FROM (
	                 SELECT id, output_id, captured_at,
	                        CASE WHEN extract(epoch FROM ($2::timestamptz - captured_at)) < $3 THEN 0
	                             WHEN extract(epoch FROM ($4::timestamptz - captured_at)) < $5 THEN 1
	                             ELSE 2 END AS age_class,
	                        floor(extract(epoch FROM captured_at) /
	                          CASE WHEN extract(epoch FROM ($6::timestamptz - captured_at)) < $7 THEN $8
	                               WHEN extract(epoch FROM ($9::timestamptz - captured_at)) < $10 THEN $11
	                               ELSE $12 END) AS bucket
	                 FROM output_snapshot_history
	                 WHERE output_id = ANY($13)
	               ) classed
	               WINDOW w AS (PARTITION BY output_id ORDER BY captured_at DESC, id DESC)
	             ) ranked
	             WHERE recency > $14 AND prev_class = age_class AND prev_bucket = bucket)
2026-10-10 08:29:49.082 UTC [1525] hel1435-S4-prod-noio-R100000-b0-explain-r2 LOG:  duration: 196.554 ms  plan:
	Query Text: SELECT count(*) FROM (SELECT 1 FROM output_snapshot_history WHERE output_id = $1 LIMIT $2) x
	Query Parameters: $1 = 'o0', $2 = '100001'
	Aggregate  (cost=904.60..904.61 rows=1 width=8) (actual time=196.546..196.547 rows=1 loops=1)
	  Buffers: shared read=15683 written=15420
	  ->  Limit  (cost=0.43..707.87 rows=15739 width=4) (actual time=0.051..195.482 rows=15852 loops=1)
	        Buffers: shared read=15683 written=15420
	        ->  Index Only Scan using idx_output_snapshot_history_output_captured on output_snapshot_history  (cost=0.43..707.87 rows=15739 width=4) (actual time=0.051..194.460 rows=15852 loops=1)
	              Index Cond: (output_id = 'o0'::text)
	              Heap Fetches: 15563
	              Buffers: shared read=15683 written=15420
2026-10-10 08:29:49.092 UTC [1525] hel1435-S4-prod-noio-R100000-b0-explain-r2 LOG:  duration: 8.926 ms  plan:
	Query Text: SELECT count(*) FROM (SELECT 1 FROM output_snapshot_history WHERE output_id = $1 LIMIT $2) x
	Query Parameters: $1 = 'o1', $2 = '84149'
	Aggregate  (cost=904.60..904.61 rows=1 width=8) (actual time=8.917..8.918 rows=1 loops=1)
	  Buffers: shared hit=15575 read=108 written=107
	  ->  Limit  (cost=0.43..707.87 rows=15739 width=4) (actual time=0.017..8.498 rows=15852 loops=1)
	        Buffers: shared hit=15575 read=108 written=107
	        ->  Index Only Scan using idx_output_snapshot_history_output_captured on output_snapshot_history  (cost=0.43..707.87 rows=15739 width=4) (actual time=0.016..7.882 rows=15852 loops=1)
	              Index Cond: (output_id = 'o1'::text)
	              Heap Fetches: 15563
	              Buffers: shared hit=15575 read=108 written=107
2026-10-10 08:29:49.172 UTC [1525] hel1435-S4-prod-noio-R100000-b0-explain-r2 LOG:  duration: 79.662 ms  plan:
	Query Text: SELECT count(*) FROM (SELECT 1 FROM output_snapshot_history WHERE output_id = $1 LIMIT $2) x
	Query Parameters: $1 = 'o10', $2 = '68297'
	Aggregate  (cost=904.60..904.61 rows=1 width=8) (actual time=79.653..79.654 rows=1 loops=1)
	  Buffers: shared hit=6792 read=8890 written=402
	  ->  Limit  (cost=0.43..707.87 rows=15739 width=4) (actual time=0.032..78.996 rows=15852 loops=1)
	        Buffers: shared hit=6792 read=8890 written=402
	        ->  Index Only Scan using idx_output_snapshot_history_output_captured on output_snapshot_history  (cost=0.43..707.87 rows=15739 width=4) (actual time=0.031..78.116 rows=15852 loops=1)
	              Index Cond: (output_id = 'o10'::text)
	              Heap Fetches: 15563
	              Buffers: shared hit=6792 read=8890 written=402
2026-10-10 08:29:49.295 UTC [1525] hel1435-S4-prod-noio-R100000-b0-explain-r2 LOG:  duration: 121.989 ms  plan:
	Query Text: SELECT count(*) FROM (SELECT 1 FROM output_snapshot_history WHERE output_id = $1 LIMIT $2) x
	Query Parameters: $1 = 'o100', $2 = '52445'
	Aggregate  (cost=1548.27..1548.28 rows=1 width=8) (actual time=121.980..121.981 rows=1 loops=1)
	  Buffers: shared hit=4 read=28501
	  ->  Limit  (cost=0.43..1211.67 rows=26928 width=4) (actual time=0.030..120.440 rows=28812 loops=1)
	        Buffers: shared hit=4 read=28501
	        ->  Index Only Scan using idx_output_snapshot_history_output_captured on output_snapshot_history  (cost=0.43..1211.67 rows=26928 width=4) (actual time=0.029..118.707 rows=28812 loops=1)
	              Index Cond: (output_id = 'o100'::text)
	              Heap Fetches: 28295
	              Buffers: shared hit=4 read=28501
2026-10-10 08:29:49.404 UTC [1525] hel1435-S4-prod-noio-R100000-b0-explain-r2 LOG:  duration: 107.514 ms  plan:
	Query Text: SELECT count(*) FROM (SELECT 1 FROM output_snapshot_history WHERE output_id = $1 LIMIT $2) x
	Query Parameters: $1 = 'o101', $2 = '23633'
	Aggregate  (cost=1360.84..1360.85 rows=1 width=8) (actual time=107.506..107.507 rows=1 loops=1)
	  Buffers: shared hit=1 read=23297
	  ->  Limit  (cost=0.43..1065.43 rows=23633 width=4) (actual time=0.026..106.246 rows=23633 loops=1)
	        Buffers: shared hit=1 read=23297
	        ->  Index Only Scan using idx_output_snapshot_history_output_captured on output_snapshot_history  (cost=0.43..1288.72 rows=28588 width=4) (actual time=0.025..104.870 rows=23633 loops=1)
	              Index Cond: (output_id = 'o101'::text)
	              Heap Fetches: 23124
	              Buffers: shared hit=1 read=23297
2026-10-10 08:29:50.116 UTC [1525] hel1435-S4-prod-noio-R100000-b0-explain-r2 LOG:  duration: 698.471 ms  plan:
	Query Text: DELETE FROM output_snapshot_history h
	             USING pipelines p, users u
	             WHERE h.output_id = ANY($1) AND h.captured_at < $2
	               AND h.pipeline_id = p.id AND p.owner_id = u.id
	               AND h.captured_at < COALESCE(($3::timestamptz[])[array_position($4::text[], u.tier)], $5)
	Query Parameters: $1 = '{o0,o1,o10,o100}', $2 = '2026-09-10 01:00:00-07', $3 = '{"2026-09-10 01:00:00-07","2026-07-12 01:00:00-07","2025-10-10 01:00:00-07"}', $4 = '{free,beta,owner}', $5 = '2026-09-10 01:00:00-07'
	Delete on output_snapshot_history h  (cost=519.14..101409.85 rows=0 width=0) (actual time=698.467..698.469 rows=0 loops=1)
	  Buffers: shared hit=26108 read=32252 dirtied=13316
	  WAL: records=24524 bytes=1324296
	  ->  Hash Join  (cost=519.14..101409.85 rows=13076 width=18) (actual time=387.474..626.180 rows=24524 loops=1)
	        Hash Cond: ((h.pipeline_id = p.id) AND (u.id = p.owner_id))
	        Buffers: shared hit=6363 read=27473
	        ->  Nested Loop  (cost=515.64..97972.30 rows=653800 width=31) (actual time=8.799..431.272 rows=1617462 loops=1)
	              Buffers: shared hit=6363 read=27472
	              ->  Index Scan using users_pkey on users u  (cost=0.14..12.89 rows=50 width=27) (actual time=0.020..0.185 rows=50 loops=1)
	                    Buffers: shared hit=1 read=1
	              ->  Memoize  (cost=515.50..22796.70 rows=13076 width=17) (actual time=0.190..5.857 rows=32349 loops=50)
	                    Cache Key: COALESCE(('{"2026-09-10 01:00:00-07","2026-07-12 01:00:00-07","2025-10-10 01:00:00-07"}'::timestamp with time zone[])[array_position('{free,beta,owner}'::text[], u.tier)], '2026-09-10 01:00:00-07'::timestamp with time zone)
	                    Cache Mode: binary
	                    Hits: 47  Misses: 3  Evictions: 0  Overflows: 0  Memory Usage: 2445kB
	                    Buffers: shared hit=6362 read=27471
	                    ->  Bitmap Heap Scan on output_snapshot_history h  (cost=515.49..22796.69 rows=13076 width=17) (actual time=3.093..66.741 rows=14898 loops=3)
	                          Recheck Cond: ((output_id = ANY ('{o0,o1,o10,o100}'::text[])) AND (captured_at < COALESCE(('{"2026-09-10 01:00:00-07","2026-07-12 01:00:00-07","2025-10-10 01:00:00-07"}'::timestamp with time zone[])[array_position('{free,beta,owner}'::text[], u.tier)], '2026-09-10 01:00:00-07'::timestamp with time zone)) AND (captured_at < '2026-09-10 01:00:00-07'::timestamp with time zone))
	                          Heap Blocks: exact=33487
	                          Buffers: shared hit=6362 read=27471
	                          ->  Bitmap Index Scan on idx_output_snapshot_history_output_captured  (cost=0.00..512.22 rows=13076 width=0) (actual time=1.960..1.960 rows=14898 loops=3)
	                                Index Cond: ((output_id = ANY ('{o0,o1,o10,o100}'::text[])) AND (captured_at < COALESCE(('{"2026-09-10 01:00:00-07","2026-07-12 01:00:00-07","2025-10-10 01:00:00-07"}'::timestamp with time zone[])[array_position('{free,beta,owner}'::text[], u.tier)], '2026-09-10 01:00:00-07'::timestamp with time zone)) AND (captured_at < '2026-09-10 01:00:00-07'::timestamp with time zone))
	                                Buffers: shared hit=23 read=320
	        ->  Hash  (cost=2.00..2.00 rows=100 width=25) (actual time=54.897..54.898 rows=100 loops=1)
	              Buckets: 1024  Batches: 1  Memory Usage: 14kB
	              Buffers: shared read=1
	              ->  Seq Scan on pipelines p  (cost=0.00..2.00 rows=100 width=25) (actual time=54.865..54.873 rows=100 loops=1)
	                    Buffers: shared read=1
	JIT:
	  Functions: 22
	  Options: Inlining false, Optimization false, Expressions true, Deforming true
	  Timing: Generation 0.677 ms, Inlining 0.000 ms, Optimization 0.383 ms, Emission 54.528 ms, Total 55.588 ms
2026-10-10 08:29:51.474 UTC [1525] hel1435-S4-prod-noio-R100000-b0-explain-r2 LOG:  duration: 1355.712 ms  plan:
	Query Text: DELETE FROM output_snapshot_history WHERE output_id = ANY($1) AND id IN (
	             SELECT id FROM (
	               SELECT id, age_class, bucket,
	                      row_number() OVER w AS recency,
	                      lag(age_class) OVER w AS prev_class,
	                      lag(bucket) OVER w AS prev_bucket
	               FROM (
	                 SELECT id, output_id, captured_at,
	                        CASE WHEN extract(epoch FROM ($2::timestamptz - captured_at)) < $3 THEN 0
	                             WHEN extract(epoch FROM ($4::timestamptz - captured_at)) < $5 THEN 1
	                             ELSE 2 END AS age_class,
	                        floor(extract(epoch FROM captured_at) /
	                          CASE WHEN extract(epoch FROM ($6::timestamptz - captured_at)) < $7 THEN $8
	                               WHEN extract(epoch FROM ($9::timestamptz - captured_at)) < $10 THEN $11
	                               ELSE $12 END) AS bucket
	                 FROM output_snapshot_history
	                 WHERE output_id = ANY($13)
	               ) classed
	               WINDOW w AS (PARTITION BY output_id ORDER BY captured_at DESC, id DESC)
	             ) ranked
	             WHERE recency > $14 AND prev_class = age_class AND prev_bucket = bucket)
	Query Parameters: $1 = '{o0,o1,o10,o100}', $2 = '2026-10-10 01:00:00-07', $3 = '86400', $4 = '2026-10-10 01:00:00-07', $5 = '604800', $6 = '2026-10-10 01:00:00-07', $7 = '86400', $8 = '300', $9 = '2026-10-10 01:00:00-07', $10 = '604800', $11 = '3600', $12 = '86400', $13 = '{o0,o1,o10,o100}', $14 = '102'
	Delete on output_snapshot_history  (cost=232900.73..232908.76 rows=0 width=0) (actual time=1355.707..1355.710 rows=0 loops=1)
	  Buffers: shared hit=173858 read=130102 dirtied=45691 written=49979, temp read=25 written=48
	  WAL: records=49956 bytes=2697624
	  ->  Nested Loop  (cost=232900.73..232908.76 rows=1 width=46) (actual time=570.786..1338.979 rows=49956 loops=1)
	        Buffers: shared hit=123902 read=130102 written=49979, temp read=25 written=48
	        ->  HashAggregate  (cost=232900.30..232900.31 rows=1 width=56) (actual time=570.751..583.065 rows=49956 loops=1)
	              Group Key: ranked.id
	              Batches: 5  Memory Usage: 8265kB  Disk Usage: 240kB
	              Buffers: shared hit=4746 read=49434 written=13216, temp read=25 written=48
	              ->  Subquery Scan on ranked  (cost=223631.92..232900.29 rows=1 width=56) (actual time=395.521..561.371 rows=49956 loops=1)
	                    Filter: ((ranked.recency > 102) AND (ranked.prev_class = ranked.age_class) AND (ranked.prev_bucket = ranked.bucket))
	                    Rows Removed by Filter: 1888
	                    Buffers: shared hit=4746 read=49434 written=13216
	                    ->  WindowAgg  (cost=223631.92..231602.72 rows=74147 width=108) (actual time=395.248..553.360 rows=51844 loops=1)
	                          Buffers: shared hit=4746 read=49434 written=13216
	                          ->  Sort  (cost=223631.92..223817.29 rows=74147 width=28) (actual time=395.179..396.856 rows=51844 loops=1)
	                                Sort Key: output_snapshot_history_1.output_id, output_snapshot_history_1.captured_at DESC, output_snapshot_history_1.id DESC
	                                Sort Method: quicksort  Memory: 4065kB
	                                Buffers: shared hit=4746 read=49434 written=13216
	                                ->  Bitmap Heap Scan on output_snapshot_history output_snapshot_history_1  (cost=2612.38..217634.13 rows=74147 width=28) (actual time=68.123..378.837 rows=51844 loops=1)
	                                      Recheck Cond: (output_id = ANY ('{o0,o1,o10,o100}'::text[]))
	                                      Heap Blocks: exact=53639
	                                      Buffers: shared hit=4740 read=49431 written=13216
	                                      ->  Bitmap Index Scan on idx_output_snapshot_history_output_captured  (cost=0.00..2593.84 rows=74147 width=0) (actual time=56.895..56.895 rows=76368 loops=1)
	                                            Index Cond: (output_id = ANY ('{o0,o1,o10,o100}'::text[]))
	                                            Buffers: shared hit=34 read=498
	        ->  Index Scan using output_snapshot_history_pkey on output_snapshot_history  (cost=0.43..8.46 rows=1 width=22) (actual time=0.014..0.014 rows=1 loops=49956)
	              Index Cond: (id = ranked.id)
	              Filter: (output_id = ANY ('{o0,o1,o10,o100}'::text[]))
	              Buffers: shared hit=119156 read=80668 written=36763
	JIT:
	  Functions: 28
	  Options: Inlining false, Optimization false, Expressions true, Deforming true
	  Timing: Generation 0.634 ms, Inlining 0.000 ms, Optimization 0.500 ms, Emission 5.955 ms, Total 7.089 ms
2026-10-10 08:29:51.474 UTC [1525] hel1435-S4-prod-noio-R100000-b0-explain-r2 LOG:  temporary file: path "base/pgsql_tmp/pgsql_tmp1525.0", size 245760
2026-10-10 08:29:51.474 UTC [1525] hel1435-S4-prod-noio-R100000-b0-explain-r2 STATEMENT:  DELETE FROM output_snapshot_history WHERE output_id = ANY($1) AND id IN (
	             SELECT id FROM (
	               SELECT id, age_class, bucket,
	                      row_number() OVER w AS recency,
	                      lag(age_class) OVER w AS prev_class,
	                      lag(bucket) OVER w AS prev_bucket
	               FROM (
	                 SELECT id, output_id, captured_at,
	                        CASE WHEN extract(epoch FROM ($2::timestamptz - captured_at)) < $3 THEN 0
	                             WHEN extract(epoch FROM ($4::timestamptz - captured_at)) < $5 THEN 1
	                             ELSE 2 END AS age_class,
	                        floor(extract(epoch FROM captured_at) /
	                          CASE WHEN extract(epoch FROM ($6::timestamptz - captured_at)) < $7 THEN $8
	                               WHEN extract(epoch FROM ($9::timestamptz - captured_at)) < $10 THEN $11
	                               ELSE $12 END) AS bucket
	                 FROM output_snapshot_history
	                 WHERE output_id = ANY($13)
	               ) classed
	               WINDOW w AS (PARTITION BY output_id ORDER BY captured_at DESC, id DESC)
	             ) ranked
	             WHERE recency > $14 AND prev_class = age_class AND prev_bucket = bucket)
2026-10-10 08:29:52.170 UTC [1528] hel1435-S4-prod-noio-R100000-b0-explain-r3 LOG:  duration: 130.502 ms  plan:
	Query Text: SELECT count(*) FROM (SELECT 1 FROM output_snapshot_history WHERE output_id = $1 LIMIT $2) x
	Query Parameters: $1 = 'o0', $2 = '100001'
	Aggregate  (cost=904.60..904.61 rows=1 width=8) (actual time=130.493..130.494 rows=1 loops=1)
	  Buffers: shared read=15683 written=15479
	  ->  Limit  (cost=0.43..707.87 rows=15739 width=4) (actual time=0.037..129.624 rows=15852 loops=1)
	        Buffers: shared read=15683 written=15479
	        ->  Index Only Scan using idx_output_snapshot_history_output_captured on output_snapshot_history  (cost=0.43..707.87 rows=15739 width=4) (actual time=0.037..128.703 rows=15852 loops=1)
	              Index Cond: (output_id = 'o0'::text)
	              Heap Fetches: 15563
	              Buffers: shared read=15683 written=15479
2026-10-10 08:29:52.178 UTC [1528] hel1435-S4-prod-noio-R100000-b0-explain-r3 LOG:  duration: 8.000 ms  plan:
	Query Text: SELECT count(*) FROM (SELECT 1 FROM output_snapshot_history WHERE output_id = $1 LIMIT $2) x
	Query Parameters: $1 = 'o1', $2 = '84149'
	Aggregate  (cost=904.60..904.61 rows=1 width=8) (actual time=7.994..7.994 rows=1 loops=1)
	  Buffers: shared hit=15575 read=108 written=107
	  ->  Limit  (cost=0.43..707.87 rows=15739 width=4) (actual time=0.023..7.540 rows=15852 loops=1)
	        Buffers: shared hit=15575 read=108 written=107
	        ->  Index Only Scan using idx_output_snapshot_history_output_captured on output_snapshot_history  (cost=0.43..707.87 rows=15739 width=4) (actual time=0.022..6.901 rows=15852 loops=1)
	              Index Cond: (output_id = 'o1'::text)
	              Heap Fetches: 15563
	              Buffers: shared hit=15575 read=108 written=107
2026-10-10 08:29:52.209 UTC [1528] hel1435-S4-prod-noio-R100000-b0-explain-r3 LOG:  duration: 29.820 ms  plan:
	Query Text: SELECT count(*) FROM (SELECT 1 FROM output_snapshot_history WHERE output_id = $1 LIMIT $2) x
	Query Parameters: $1 = 'o10', $2 = '68297'
	Aggregate  (cost=904.60..904.61 rows=1 width=8) (actual time=29.812..29.813 rows=1 loops=1)
	  Buffers: shared hit=6792 read=8890 written=368
	  ->  Limit  (cost=0.43..707.87 rows=15739 width=4) (actual time=0.029..29.048 rows=15852 loops=1)
	        Buffers: shared hit=6792 read=8890 written=368
	        ->  Index Only Scan using idx_output_snapshot_history_output_captured on output_snapshot_history  (cost=0.43..707.87 rows=15739 width=4) (actual time=0.028..28.171 rows=15852 loops=1)
	              Index Cond: (output_id = 'o10'::text)
	              Heap Fetches: 15563
	              Buffers: shared hit=6792 read=8890 written=368
2026-10-10 08:29:52.386 UTC [1528] hel1435-S4-prod-noio-R100000-b0-explain-r3 LOG:  duration: 175.057 ms  plan:
	Query Text: SELECT count(*) FROM (SELECT 1 FROM output_snapshot_history WHERE output_id = $1 LIMIT $2) x
	Query Parameters: $1 = 'o100', $2 = '52445'
	Aggregate  (cost=1548.27..1548.28 rows=1 width=8) (actual time=175.048..175.049 rows=1 loops=1)
	  Buffers: shared hit=4 read=28501
	  ->  Limit  (cost=0.43..1211.67 rows=26928 width=4) (actual time=0.028..173.246 rows=28812 loops=1)
	        Buffers: shared hit=4 read=28501
	        ->  Index Only Scan using idx_output_snapshot_history_output_captured on output_snapshot_history  (cost=0.43..1211.67 rows=26928 width=4) (actual time=0.027..122.273 rows=28812 loops=1)
	              Index Cond: (output_id = 'o100'::text)
	              Heap Fetches: 28295
	              Buffers: shared hit=4 read=28501
2026-10-10 08:29:52.491 UTC [1528] hel1435-S4-prod-noio-R100000-b0-explain-r3 LOG:  duration: 103.879 ms  plan:
	Query Text: SELECT count(*) FROM (SELECT 1 FROM output_snapshot_history WHERE output_id = $1 LIMIT $2) x
	Query Parameters: $1 = 'o101', $2 = '23633'
	Aggregate  (cost=1360.84..1360.85 rows=1 width=8) (actual time=103.870..103.871 rows=1 loops=1)
	  Buffers: shared hit=1 read=23297
	  ->  Limit  (cost=0.43..1065.43 rows=23633 width=4) (actual time=0.033..102.643 rows=23633 loops=1)
	        Buffers: shared hit=1 read=23297
	        ->  Index Only Scan using idx_output_snapshot_history_output_captured on output_snapshot_history  (cost=0.43..1288.72 rows=28588 width=4) (actual time=0.033..101.189 rows=23633 loops=1)
	              Index Cond: (output_id = 'o101'::text)
	              Heap Fetches: 23124
	              Buffers: shared hit=1 read=23297
2026-10-10 08:29:53.203 UTC [1528] hel1435-S4-prod-noio-R100000-b0-explain-r3 LOG:  duration: 696.404 ms  plan:
	Query Text: DELETE FROM output_snapshot_history h
	             USING pipelines p, users u
	             WHERE h.output_id = ANY($1) AND h.captured_at < $2
	               AND h.pipeline_id = p.id AND p.owner_id = u.id
	               AND h.captured_at < COALESCE(($3::timestamptz[])[array_position($4::text[], u.tier)], $5)
	Query Parameters: $1 = '{o0,o1,o10,o100}', $2 = '2026-09-10 01:00:00-07', $3 = '{"2026-09-10 01:00:00-07","2026-07-12 01:00:00-07","2025-10-10 01:00:00-07"}', $4 = '{free,beta,owner}', $5 = '2026-09-10 01:00:00-07'
	Delete on output_snapshot_history h  (cost=519.14..101409.85 rows=0 width=0) (actual time=696.399..696.403 rows=0 loops=1)
	  Buffers: shared hit=26108 read=32252 dirtied=13316
	  WAL: records=24524 bytes=1324296
	  ->  Hash Join  (cost=519.14..101409.85 rows=13076 width=18) (actual time=368.084..671.145 rows=24524 loops=1)
	        Hash Cond: ((h.pipeline_id = p.id) AND (u.id = p.owner_id))
	        Buffers: shared hit=6363 read=27473
	        ->  Nested Loop  (cost=515.64..97972.30 rows=653800 width=31) (actual time=57.728..468.456 rows=1617462 loops=1)
	              Buffers: shared hit=6363 read=27472
	              ->  Index Scan using users_pkey on users u  (cost=0.14..12.89 rows=50 width=27) (actual time=0.022..0.142 rows=50 loops=1)
	                    Buffers: shared hit=1 read=1
	              ->  Memoize  (cost=515.50..22796.70 rows=13076 width=17) (actual time=1.168..4.623 rows=32349 loops=50)
	                    Cache Key: COALESCE(('{"2026-09-10 01:00:00-07","2026-07-12 01:00:00-07","2025-10-10 01:00:00-07"}'::timestamp with time zone[])[array_position('{free,beta,owner}'::text[], u.tier)], '2026-09-10 01:00:00-07'::timestamp with time zone)
	                    Cache Mode: binary
	                    Hits: 47  Misses: 3  Evictions: 0  Overflows: 0  Memory Usage: 2445kB
	                    Buffers: shared hit=6362 read=27471
	                    ->  Bitmap Heap Scan on output_snapshot_history h  (cost=515.49..22796.69 rows=13076 width=17) (actual time=19.393..62.567 rows=14898 loops=3)
	                          Recheck Cond: ((output_id = ANY ('{o0,o1,o10,o100}'::text[])) AND (captured_at < COALESCE(('{"2026-09-10 01:00:00-07","2026-07-12 01:00:00-07","2025-10-10 01:00:00-07"}'::timestamp with time zone[])[array_position('{free,beta,owner}'::text[], u.tier)], '2026-09-10 01:00:00-07'::timestamp with time zone)) AND (captured_at < '2026-09-10 01:00:00-07'::timestamp with time zone))
	                          Heap Blocks: exact=33487
	                          Buffers: shared hit=6362 read=27471
	                          ->  Bitmap Index Scan on idx_output_snapshot_history_output_captured  (cost=0.00..512.22 rows=13076 width=0) (actual time=2.018..2.018 rows=14898 loops=3)
	                                Index Cond: ((output_id = ANY ('{o0,o1,o10,o100}'::text[])) AND (captured_at < COALESCE(('{"2026-09-10 01:00:00-07","2026-07-12 01:00:00-07","2025-10-10 01:00:00-07"}'::timestamp with time zone[])[array_position('{free,beta,owner}'::text[], u.tier)], '2026-09-10 01:00:00-07'::timestamp with time zone)) AND (captured_at < '2026-09-10 01:00:00-07'::timestamp with time zone))
	                                Buffers: shared hit=23 read=320
	        ->  Hash  (cost=2.00..2.00 rows=100 width=25) (actual time=8.125..8.126 rows=100 loops=1)
	              Buckets: 1024  Batches: 1  Memory Usage: 14kB
	              Buffers: shared read=1
	              ->  Seq Scan on pipelines p  (cost=0.00..2.00 rows=100 width=25) (actual time=8.083..8.094 rows=100 loops=1)
	                    Buffers: shared read=1
	JIT:
	  Functions: 22
	  Options: Inlining false, Optimization false, Expressions true, Deforming true
	  Timing: Generation 0.640 ms, Inlining 0.000 ms, Optimization 0.392 ms, Emission 7.725 ms, Total 8.757 ms
2026-10-10 08:29:54.590 UTC [1528] hel1435-S4-prod-noio-R100000-b0-explain-r3 LOG:  duration: 1384.460 ms  plan:
	Query Text: DELETE FROM output_snapshot_history WHERE output_id = ANY($1) AND id IN (
	             SELECT id FROM (
	               SELECT id, age_class, bucket,
	                      row_number() OVER w AS recency,
	                      lag(age_class) OVER w AS prev_class,
	                      lag(bucket) OVER w AS prev_bucket
	               FROM (
	                 SELECT id, output_id, captured_at,
	                        CASE WHEN extract(epoch FROM ($2::timestamptz - captured_at)) < $3 THEN 0
	                             WHEN extract(epoch FROM ($4::timestamptz - captured_at)) < $5 THEN 1
	                             ELSE 2 END AS age_class,
	                        floor(extract(epoch FROM captured_at) /
	                          CASE WHEN extract(epoch FROM ($6::timestamptz - captured_at)) < $7 THEN $8
	                               WHEN extract(epoch FROM ($9::timestamptz - captured_at)) < $10 THEN $11
	                               ELSE $12 END) AS bucket
	                 FROM output_snapshot_history
	                 WHERE output_id = ANY($13)
	               ) classed
	               WINDOW w AS (PARTITION BY output_id ORDER BY captured_at DESC, id DESC)
	             ) ranked
	             WHERE recency > $14 AND prev_class = age_class AND prev_bucket = bucket)
	Query Parameters: $1 = '{o0,o1,o10,o100}', $2 = '2026-10-10 01:00:00-07', $3 = '86400', $4 = '2026-10-10 01:00:00-07', $5 = '604800', $6 = '2026-10-10 01:00:00-07', $7 = '86400', $8 = '300', $9 = '2026-10-10 01:00:00-07', $10 = '604800', $11 = '3600', $12 = '86400', $13 = '{o0,o1,o10,o100}', $14 = '102'
	Delete on output_snapshot_history  (cost=232900.73..232908.76 rows=0 width=0) (actual time=1384.456..1384.459 rows=0 loops=1)
	  Buffers: shared hit=173859 read=130101 dirtied=45686 written=49774, temp read=25 written=48
	  WAL: records=49956 bytes=2697624
	  ->  Nested Loop  (cost=232900.73..232908.76 rows=1 width=46) (actual time=596.144..1367.792 rows=49956 loops=1)
	        Buffers: shared hit=123903 read=130101 written=49774, temp read=25 written=48
	        ->  HashAggregate  (cost=232900.30..232900.31 rows=1 width=56) (actual time=596.109..608.733 rows=49956 loops=1)
	              Group Key: ranked.id
	              Batches: 5  Memory Usage: 8265kB  Disk Usage: 240kB
	              Buffers: shared hit=4748 read=49432 written=13116, temp read=25 written=48
	              ->  Subquery Scan on ranked  (cost=223631.92..232900.29 rows=1 width=56) (actual time=470.537..537.310 rows=49956 loops=1)
	                    Filter: ((ranked.recency > 102) AND (ranked.prev_class = ranked.age_class) AND (ranked.prev_bucket = ranked.bucket))
	                    Rows Removed by Filter: 1888
	                    Buffers: shared hit=4748 read=49432 written=13116
	                    ->  WindowAgg  (cost=223631.92..231602.72 rows=74147 width=108) (actual time=470.261..529.231 rows=51844 loops=1)
	                          Buffers: shared hit=4748 read=49432 written=13116
	                          ->  Sort  (cost=223631.92..223817.29 rows=74147 width=28) (actual time=470.183..472.546 rows=51844 loops=1)
	                                Sort Key: output_snapshot_history_1.output_id, output_snapshot_history_1.captured_at DESC, output_snapshot_history_1.id DESC
	                                Sort Method: quicksort  Memory: 4065kB
	                                Buffers: shared hit=4748 read=49432 written=13116
	                                ->  Bitmap Heap Scan on output_snapshot_history output_snapshot_history_1  (cost=2612.38..217634.13 rows=74147 width=28) (actual time=68.532..402.405 rows=51844 loops=1)
	                                      Recheck Cond: (output_id = ANY ('{o0,o1,o10,o100}'::text[]))
	                                      Heap Blocks: exact=53639
	                                      Buffers: shared hit=4742 read=49429 written=13116
	                                      ->  Bitmap Index Scan on idx_output_snapshot_history_output_captured  (cost=0.00..2593.84 rows=74147 width=0) (actual time=7.071..7.071 rows=76368 loops=1)
	                                            Index Cond: (output_id = ANY ('{o0,o1,o10,o100}'::text[]))
	                                            Buffers: shared hit=34 read=498
	        ->  Index Scan using output_snapshot_history_pkey on output_snapshot_history  (cost=0.43..8.46 rows=1 width=22) (actual time=0.015..0.015 rows=1 loops=49956)
	              Index Cond: (id = ranked.id)
	              Filter: (output_id = ANY ('{o0,o1,o10,o100}'::text[]))
	              Buffers: shared hit=119155 read=80669 written=36658
	JIT:
	  Functions: 28
	  Options: Inlining false, Optimization false, Expressions true, Deforming true
	  Timing: Generation 0.712 ms, Inlining 0.000 ms, Optimization 0.503 ms, Emission 56.017 ms, Total 57.232 ms
2026-10-10 08:29:54.590 UTC [1528] hel1435-S4-prod-noio-R100000-b0-explain-r3 LOG:  temporary file: path "base/pgsql_tmp/pgsql_tmp1528.0", size 245760
2026-10-10 08:29:54.590 UTC [1528] hel1435-S4-prod-noio-R100000-b0-explain-r3 STATEMENT:  DELETE FROM output_snapshot_history WHERE output_id = ANY($1) AND id IN (
	             SELECT id FROM (
	               SELECT id, age_class, bucket,
	                      row_number() OVER w AS recency,
	                      lag(age_class) OVER w AS prev_class,
	                      lag(bucket) OVER w AS prev_bucket
	               FROM (
	                 SELECT id, output_id, captured_at,
	                        CASE WHEN extract(epoch FROM ($2::timestamptz - captured_at)) < $3 THEN 0
	                             WHEN extract(epoch FROM ($4::timestamptz - captured_at)) < $5 THEN 1
	                             ELSE 2 END AS age_class,
	                        floor(extract(epoch FROM captured_at) /
	                          CASE WHEN extract(epoch FROM ($6::timestamptz - captured_at)) < $7 THEN $8
	                               WHEN extract(epoch FROM ($9::timestamptz - captured_at)) < $10 THEN $11
	                               ELSE $12 END) AS bucket
	                 FROM output_snapshot_history
	                 WHERE output_id = ANY($13)
	               ) classed
	               WINDOW w AS (PARTITION BY output_id ORDER BY captured_at DESC, id DESC)
	             ) ranked
	             WHERE recency > $14 AND prev_class = age_class AND prev_bucket = bucket)
2026-10-10 08:29:57.192 UTC [1530] hel1435-S4-prod-noio-R100000-b0-timed-r1 LOG:  temporary file: path "base/pgsql_tmp/pgsql_tmp1530.0", size 245760
2026-10-10 08:29:57.192 UTC [1530] hel1435-S4-prod-noio-R100000-b0-timed-r1 STATEMENT:  DELETE FROM output_snapshot_history WHERE output_id = ANY($1) AND id IN (
	             SELECT id FROM (
	               SELECT id, age_class, bucket,
	                      row_number() OVER w AS recency,
	                      lag(age_class) OVER w AS prev_class,
	                      lag(bucket) OVER w AS prev_bucket
	               FROM (
	                 SELECT id, output_id, captured_at,
	                        CASE WHEN extract(epoch FROM ($2::timestamptz - captured_at)) < $3 THEN 0
	                             WHEN extract(epoch FROM ($4::timestamptz - captured_at)) < $5 THEN 1
	                             ELSE 2 END AS age_class,
	                        floor(extract(epoch FROM captured_at) /
	                          CASE WHEN extract(epoch FROM ($6::timestamptz - captured_at)) < $7 THEN $8
	                               WHEN extract(epoch FROM ($9::timestamptz - captured_at)) < $10 THEN $11
	                               ELSE $12 END) AS bucket
	                 FROM output_snapshot_history
	                 WHERE output_id = ANY($13)
	               ) classed
	               WINDOW w AS (PARTITION BY output_id ORDER BY captured_at DESC, id DESC)
	             ) ranked
	             WHERE recency > $14 AND prev_class = age_class AND prev_bucket = bucket)
2026-10-10 08:29:59.780 UTC [1532] hel1435-S4-prod-noio-R100000-b0-timed-r2 LOG:  temporary file: path "base/pgsql_tmp/pgsql_tmp1532.0", size 245760
2026-10-10 08:29:59.780 UTC [1532] hel1435-S4-prod-noio-R100000-b0-timed-r2 STATEMENT:  DELETE FROM output_snapshot_history WHERE output_id = ANY($1) AND id IN (
	             SELECT id FROM (
	               SELECT id, age_class, bucket,
	                      row_number() OVER w AS recency,
	                      lag(age_class) OVER w AS prev_class,
	                      lag(bucket) OVER w AS prev_bucket
	               FROM (
	                 SELECT id, output_id, captured_at,
	                        CASE WHEN extract(epoch FROM ($2::timestamptz - captured_at)) < $3 THEN 0
	                             WHEN extract(epoch FROM ($4::timestamptz - captured_at)) < $5 THEN 1
	                             ELSE 2 END AS age_class,
	                        floor(extract(epoch FROM captured_at) /
	                          CASE WHEN extract(epoch FROM ($6::timestamptz - captured_at)) < $7 THEN $8
	                               WHEN extract(epoch FROM ($9::timestamptz - captured_at)) < $10 THEN $11
	                               ELSE $12 END) AS bucket
	                 FROM output_snapshot_history
	                 WHERE output_id = ANY($13)
	               ) classed
	               WINDOW w AS (PARTITION BY output_id ORDER BY captured_at DESC, id DESC)
	             ) ranked
	             WHERE recency > $14 AND prev_class = age_class AND prev_bucket = bucket)
2026-10-10 08:30:02.485 UTC [1534] hel1435-S4-prod-noio-R100000-b0-timed-r3 LOG:  temporary file: path "base/pgsql_tmp/pgsql_tmp1534.0", size 245760
2026-10-10 08:30:02.485 UTC [1534] hel1435-S4-prod-noio-R100000-b0-timed-r3 STATEMENT:  DELETE FROM output_snapshot_history WHERE output_id = ANY($1) AND id IN (
	             SELECT id FROM (
	               SELECT id, age_class, bucket,
	                      row_number() OVER w AS recency,
	                      lag(age_class) OVER w AS prev_class,
	                      lag(bucket) OVER w AS prev_bucket
	               FROM (
	                 SELECT id, output_id, captured_at,
	                        CASE WHEN extract(epoch FROM ($2::timestamptz - captured_at)) < $3 THEN 0
	                             WHEN extract(epoch FROM ($4::timestamptz - captured_at)) < $5 THEN 1
	                             ELSE 2 END AS age_class,
	                        floor(extract(epoch FROM captured_at) /
	                          CASE WHEN extract(epoch FROM ($6::timestamptz - captured_at)) < $7 THEN $8
	                               WHEN extract(epoch FROM ($9::timestamptz - captured_at)) < $10 THEN $11
	                               ELSE $12 END) AS bucket
	                 FROM output_snapshot_history
	                 WHERE output_id = ANY($13)
	               ) classed
	               WINDOW w AS (PARTITION BY output_id ORDER BY captured_at DESC, id DESC)
	             ) ranked
	             WHERE recency > $14 AND prev_class = age_class AND prev_bucket = bucket)
2026-10-10 08:30:02.803 UTC [1536] hel1435-S4-prod-noio-R100000-b20-explain-r1 LOG:  duration: 95.499 ms  plan:
	Query Text: SELECT count(*) FROM (SELECT 1 FROM output_snapshot_history WHERE output_id = $1 LIMIT $2) x
	Query Parameters: $1 = 'o192', $2 = '100001'
	Aggregate  (cost=904.60..904.61 rows=1 width=8) (actual time=95.490..95.491 rows=1 loops=1)
	  Buffers: shared hit=7476 read=8038
	  ->  Limit  (cost=0.43..707.87 rows=15739 width=4) (actual time=0.039..94.568 rows=15852 loops=1)
	        Buffers: shared hit=7476 read=8038
	        ->  Index Only Scan using idx_output_snapshot_history_output_captured on output_snapshot_history  (cost=0.43..707.87 rows=15739 width=4) (actual time=0.039..93.676 rows=15852 loops=1)
	              Index Cond: (output_id = 'o192'::text)
	              Heap Fetches: 15395
	              Buffers: shared hit=7476 read=8038
2026-10-10 08:30:02.814 UTC [1536] hel1435-S4-prod-noio-R100000-b20-explain-r1 LOG:  duration: 9.955 ms  plan:
	Query Text: SELECT count(*) FROM (SELECT 1 FROM output_snapshot_history WHERE output_id = $1 LIMIT $2) x
	Query Parameters: $1 = 'o193', $2 = '84149'
	Aggregate  (cost=904.60..904.61 rows=1 width=8) (actual time=9.946..9.947 rows=1 loops=1)
	  Buffers: shared hit=15405 read=109
	  ->  Limit  (cost=0.43..707.87 rows=15739 width=4) (actual time=0.023..9.452 rows=15852 loops=1)
	        Buffers: shared hit=15405 read=109
	        ->  Index Only Scan using idx_output_snapshot_history_output_captured on output_snapshot_history  (cost=0.43..707.87 rows=15739 width=4) (actual time=0.023..8.796 rows=15852 loops=1)
	              Index Cond: (output_id = 'o193'::text)
	              Heap Fetches: 15395
	              Buffers: shared hit=15405 read=109
2026-10-10 08:30:02.873 UTC [1536] hel1435-S4-prod-noio-R100000-b20-explain-r1 LOG:  duration: 58.737 ms  plan:
	Query Text: SELECT count(*) FROM (SELECT 1 FROM output_snapshot_history WHERE output_id = $1 LIMIT $2) x
	Query Parameters: $1 = 'o194', $2 = '68297'
	Aggregate  (cost=904.60..904.61 rows=1 width=8) (actual time=58.728..58.729 rows=1 loops=1)
	  Buffers: shared hit=15406 read=108
	  ->  Limit  (cost=0.43..707.87 rows=15739 width=4) (actual time=0.023..58.108 rows=15852 loops=1)
	        Buffers: shared hit=15406 read=108
	        ->  Index Only Scan using idx_output_snapshot_history_output_captured on output_snapshot_history  (cost=0.43..707.87 rows=15739 width=4) (actual time=0.023..9.349 rows=15852 loops=1)
	              Index Cond: (output_id = 'o194'::text)
	              Heap Fetches: 15395
	              Buffers: shared hit=15406 read=108
2026-10-10 08:30:02.892 UTC [1536] hel1435-S4-prod-noio-R100000-b20-explain-r1 LOG:  duration: 18.153 ms  plan:
	Query Text: SELECT count(*) FROM (SELECT 1 FROM output_snapshot_history WHERE output_id = $1 LIMIT $2) x
	Query Parameters: $1 = 'o195', $2 = '52445'
	Aggregate  (cost=904.60..904.61 rows=1 width=8) (actual time=18.145..18.146 rows=1 loops=1)
	  Buffers: shared hit=9805 read=5710
	  ->  Limit  (cost=0.43..707.87 rows=15739 width=4) (actual time=0.021..17.572 rows=15852 loops=1)
	        Buffers: shared hit=9805 read=5710
	        ->  Index Only Scan using idx_output_snapshot_history_output_captured on output_snapshot_history  (cost=0.43..707.87 rows=15739 width=4) (actual time=0.021..16.854 rows=15852 loops=1)
	              Index Cond: (output_id = 'o195'::text)
	              Heap Fetches: 15395
	              Buffers: shared hit=9805 read=5710
2026-10-10 08:30:02.904 UTC [1536] hel1435-S4-prod-noio-R100000-b20-explain-r1 LOG:  duration: 11.429 ms  plan:
	Query Text: SELECT count(*) FROM (SELECT 1 FROM output_snapshot_history WHERE output_id = $1 LIMIT $2) x
	Query Parameters: $1 = 'o196', $2 = '36593'
	Aggregate  (cost=904.60..904.61 rows=1 width=8) (actual time=11.424..11.424 rows=1 loops=1)
	  Buffers: shared hit=13206 read=2309
	  ->  Limit  (cost=0.43..707.87 rows=15739 width=4) (actual time=0.018..10.948 rows=15852 loops=1)
	        Buffers: shared hit=13206 read=2309
	        ->  Index Only Scan using idx_output_snapshot_history_output_captured on output_snapshot_history  (cost=0.43..707.87 rows=15739 width=4) (actual time=0.017..10.303 rows=15852 loops=1)
	              Index Cond: (output_id = 'o196'::text)
	              Heap Fetches: 15395
	              Buffers: shared hit=13206 read=2309
2026-10-10 08:30:02.921 UTC [1536] hel1435-S4-prod-noio-R100000-b20-explain-r1 LOG:  duration: 16.795 ms  plan:
	Query Text: SELECT count(*) FROM (SELECT 1 FROM output_snapshot_history WHERE output_id = $1 LIMIT $2) x
	Query Parameters: $1 = 'o197', $2 = '20741'
	Aggregate  (cost=904.60..904.61 rows=1 width=8) (actual time=16.792..16.793 rows=1 loops=1)
	  Buffers: shared hit=10070 read=5445
	  ->  Limit  (cost=0.43..707.87 rows=15739 width=4) (actual time=0.015..16.242 rows=15852 loops=1)
	        Buffers: shared hit=10070 read=5445
	        ->  Index Only Scan using idx_output_snapshot_history_output_captured on output_snapshot_history  (cost=0.43..707.87 rows=15739 width=4) (actual time=0.015..15.544 rows=15852 loops=1)
	              Index Cond: (output_id = 'o197'::text)
	              Heap Fetches: 15395
	              Buffers: shared hit=10070 read=5445
2026-10-10 08:30:03.673 UTC [1536] hel1435-S4-prod-noio-R100000-b20-explain-r1 LOG:  duration: 691.066 ms  plan:
	Query Text: DELETE FROM output_snapshot_history h
	             USING pipelines p, users u
	             WHERE h.output_id = ANY($1) AND h.captured_at < $2
	               AND h.pipeline_id = p.id AND p.owner_id = u.id
	               AND h.captured_at < COALESCE(($3::timestamptz[])[array_position($4::text[], u.tier)], $5)
	Query Parameters: $1 = '{o192,o193,o194,o195,o196,o197}', $2 = '2026-09-10 01:00:00-07', $3 = '{"2026-09-10 01:00:00-07","2026-07-12 01:00:00-07","2025-10-10 01:00:00-07"}', $4 = '{free,beta,owner}', $5 = '2026-09-10 01:00:00-07'
	Delete on output_snapshot_history h  (cost=663.49..105626.88 rows=0 width=0) (actual time=691.061..691.064 rows=0 loops=1)
	  Buffers: shared hit=50636 read=2602 dirtied=9615
	  WAL: records=43266 fpi=9615 bytes=78073719
	  ->  Hash Join  (cost=663.49..105626.88 rows=16654 width=18) (actual time=316.445..510.409 rows=43266 loops=1)
	        Hash Cond: ((h.pipeline_id = p.id) AND (u.id = p.owner_id))
	        Buffers: shared hit=7370 read=2602
	        ->  Nested Loop  (cost=659.99..101249.57 rows=832717 width=31) (actual time=3.345..256.575 rows=1644108 loops=1)
	              Buffers: shared hit=7370 read=2601
	              ->  Index Scan using users_pkey on users u  (cost=0.14..12.89 rows=50 width=27) (actual time=0.008..0.065 rows=50 loops=1)
	                    Buffers: shared hit=1 read=1
	              ->  Memoize  (cost=659.85..23063.19 rows=16654 width=17) (actual time=0.070..1.116 rows=32882 loops=50)
	                    Cache Key: COALESCE(('{"2026-09-10 01:00:00-07","2026-07-12 01:00:00-07","2025-10-10 01:00:00-07"}'::timestamp with time zone[])[array_position('{free,beta,owner}'::text[], u.tier)], '2026-09-10 01:00:00-07'::timestamp with time zone)
	                    Cache Mode: binary
	                    Hits: 47  Misses: 3  Evictions: 0  Overflows: 0  Memory Usage: 2367kB
	                    Buffers: shared hit=7369 read=2600
	                    ->  Bitmap Heap Scan on output_snapshot_history h  (cost=659.84..23063.18 rows=16654 width=17) (actual time=1.123..5.931 rows=14422 loops=3)
	                          Recheck Cond: ((output_id = ANY ('{o192,o193,o194,o195,o196,o197}'::text[])) AND (captured_at < COALESCE(('{"2026-09-10 01:00:00-07","2026-07-12 01:00:00-07","2025-10-10 01:00:00-07"}'::timestamp with time zone[])[array_position('{free,beta,owner}'::text[], u.tier)], '2026-09-10 01:00:00-07'::timestamp with time zone)) AND (captured_at < '2026-09-10 01:00:00-07'::timestamp with time zone))
	                          Heap Blocks: exact=9615
	                          Buffers: shared hit=7369 read=2600
	                          ->  Bitmap Index Scan on idx_output_snapshot_history_output_captured  (cost=0.00..655.68 rows=16654 width=0) (actual time=0.894..0.895 rows=14422 loops=3)
	                                Index Cond: ((output_id = ANY ('{o192,o193,o194,o195,o196,o197}'::text[])) AND (captured_at < COALESCE(('{"2026-09-10 01:00:00-07","2026-07-12 01:00:00-07","2025-10-10 01:00:00-07"}'::timestamp with time zone[])[array_position('{free,beta,owner}'::text[], u.tier)], '2026-09-10 01:00:00-07'::timestamp with time zone)) AND (captured_at < '2026-09-10 01:00:00-07'::timestamp with time zone))
	                                Buffers: shared hit=122 read=229
	        ->  Hash  (cost=2.00..2.00 rows=100 width=25) (actual time=5.384..5.384 rows=100 loops=1)
	              Buckets: 1024  Batches: 1  Memory Usage: 14kB
	              Buffers: shared read=1
	              ->  Seq Scan on pipelines p  (cost=0.00..2.00 rows=100 width=25) (actual time=5.362..5.367 rows=100 loops=1)
	                    Buffers: shared read=1
	JIT:
	  Functions: 22
	  Options: Inlining false, Optimization false, Expressions true, Deforming true
	  Timing: Generation 0.523 ms, Inlining 0.000 ms, Optimization 0.299 ms, Emission 5.087 ms, Total 5.908 ms
2026-10-10 08:30:03.774 UTC [33]  LOG:  checkpoint complete: wrote 308 buffers (1.9%); 0 WAL file(s) added, 4 removed, 29 recycled; write=56.128 s, sync=0.273 s, total=56.503 s; sync files=4, longest=0.170 s, average=0.069 s; distance=553465 kB, estimate=608970 kB; lsn=76/11587300, redo lsn=75/EFD3C0B8
2026-10-10 08:30:04.020 UTC [33]  LOG:  checkpoints are occurring too frequently (1 second apart)
2026-10-10 08:30:04.020 UTC [33]  HINT:  Consider increasing the configuration parameter "max_wal_size".
2026-10-10 08:30:04.020 UTC [33]  LOG:  checkpoint starting: wal
2026-10-10 08:30:04.599 UTC [1536] hel1435-S4-prod-noio-R100000-b20-explain-r1 LOG:  duration: 923.655 ms  plan:
	Query Text: DELETE FROM output_snapshot_history WHERE output_id = ANY($1) AND id IN (
	             SELECT id FROM (
	               SELECT id, age_class, bucket,
	                      row_number() OVER w AS recency,
	                      lag(age_class) OVER w AS prev_class,
	                      lag(bucket) OVER w AS prev_bucket
	               FROM (
	                 SELECT id, output_id, captured_at,
	                        CASE WHEN extract(epoch FROM ($2::timestamptz - captured_at)) < $3 THEN 0
	                             WHEN extract(epoch FROM ($4::timestamptz - captured_at)) < $5 THEN 1
	                             ELSE 2 END AS age_class,
	                        floor(extract(epoch FROM captured_at) /
	                          CASE WHEN extract(epoch FROM ($6::timestamptz - captured_at)) < $7 THEN $8
	                               WHEN extract(epoch FROM ($9::timestamptz - captured_at)) < $10 THEN $11
	                               ELSE $12 END) AS bucket
	                 FROM output_snapshot_history
	                 WHERE output_id = ANY($13)
	               ) classed
	               WINDOW w AS (PARTITION BY output_id ORDER BY captured_at DESC, id DESC)
	             ) ranked
	             WHERE recency > $14 AND prev_class = age_class AND prev_bucket = bucket)
	Query Parameters: $1 = '{o192,o193,o194,o195,o196,o197}', $2 = '2026-10-10 01:00:00-07', $3 = '86400', $4 = '2026-10-10 01:00:00-07', $5 = '604800', $6 = '2026-10-10 01:00:00-07', $7 = '86400', $8 = '300', $9 = '2026-10-10 01:00:00-07', $10 = '604800', $11 = '3600', $12 = '86400', $13 = '{o192,o193,o194,o195,o196,o197}', $14 = '102'
	Delete on output_snapshot_history  (cost=284625.42..284633.45 rows=0 width=0) (actual time=923.651..923.654 rows=0 loops=1)
	  Buffers: shared hit=200809 read=66519 dirtied=21990 written=23559, temp read=15 written=38
	  WAL: records=49104 fpi=12709 bytes=102760409
	  ->  Nested Loop  (cost=284625.42..284633.45 rows=1 width=46) (actual time=324.561..771.827 rows=49104 loops=1)
	        Buffers: shared hit=151705 read=66519 written=23559, temp read=15 written=38
	        ->  HashAggregate  (cost=284624.99..284625.00 rows=1 width=56) (actual time=324.519..386.051 rows=49104 loops=1)
	              Group Key: ranked.id
	              Batches: 5  Memory Usage: 8265kB  Disk Usage: 224kB
	              Buffers: shared hit=10757 read=11051 written=233, temp read=15 written=38
	              ->  Subquery Scan on ranked  (cost=272820.36..284624.98 rows=1 width=56) (actual time=200.389..315.805 rows=49104 loops=1)
	                    Filter: ((ranked.recency > 102) AND (ranked.prev_class = ranked.age_class) AND (ranked.prev_bucket = ranked.bucket))
	                    Rows Removed by Filter: 2742
	                    Buffers: shared hit=10757 read=11051 written=233
	                    ->  WindowAgg  (cost=272820.36..282972.34 rows=94437 width=108) (actual time=200.122..307.538 rows=51846 loops=1)
	                          Buffers: shared hit=10757 read=11051 written=233
	                          ->  Sort  (cost=272820.36..273056.45 rows=94437 width=28) (actual time=200.060..202.655 rows=51846 loops=1)
	                                Sort Key: output_snapshot_history_1.output_id, output_snapshot_history_1.captured_at DESC, output_snapshot_history_1.id DESC
	                                Sort Method: quicksort  Memory: 4065kB
	                                Buffers: shared hit=10757 read=11051 written=233
	                                ->  Bitmap Heap Scan on output_snapshot_history output_snapshot_history_1  (cost=3306.46..262755.53 rows=94437 width=28) (actual time=96.729..128.088 rows=51846 loops=1)
	                                      Recheck Cond: (output_id = ANY ('{o192,o193,o194,o195,o196,o197}'::text[]))
	                                      Heap Blocks: exact=21136
	                                      Buffers: shared hit=10748 read=11051 written=233
	                                      ->  Bitmap Index Scan on idx_output_snapshot_history_output_captured  (cost=0.00..3282.85 rows=94437 width=0) (actual time=5.017..5.017 rows=95112 loops=1)
	                                            Index Cond: (output_id = ANY ('{o192,o193,o194,o195,o196,o197}'::text[]))
	                                            Buffers: shared hit=345 read=318
	        ->  Index Scan using output_snapshot_history_pkey on output_snapshot_history  (cost=0.43..8.46 rows=1 width=22) (actual time=0.007..0.007 rows=1 loops=49104)
	              Index Cond: (id = ranked.id)
	              Filter: (output_id = ANY ('{o192,o193,o194,o195,o196,o197}'::text[]))
	              Buffers: shared hit=140948 read=55468 written=23326
	JIT:
	  Functions: 28
	  Options: Inlining false, Optimization false, Expressions true, Deforming true
	  Timing: Generation 0.650 ms, Inlining 0.000 ms, Optimization 0.466 ms, Emission 85.374 ms, Total 86.490 ms
2026-10-10 08:30:04.599 UTC [1536] hel1435-S4-prod-noio-R100000-b20-explain-r1 LOG:  temporary file: path "base/pgsql_tmp/pgsql_tmp1536.0", size 229376
2026-10-10 08:30:04.599 UTC [1536] hel1435-S4-prod-noio-R100000-b20-explain-r1 STATEMENT:  DELETE FROM output_snapshot_history WHERE output_id = ANY($1) AND id IN (
	             SELECT id FROM (
	               SELECT id, age_class, bucket,
	                      row_number() OVER w AS recency,
	                      lag(age_class) OVER w AS prev_class,
	                      lag(bucket) OVER w AS prev_bucket
	               FROM (
	                 SELECT id, output_id, captured_at,
	                        CASE WHEN extract(epoch FROM ($2::timestamptz - captured_at)) < $3 THEN 0
	                             WHEN extract(epoch FROM ($4::timestamptz - captured_at)) < $5 THEN 1
	                             ELSE 2 END AS age_class,
	                        floor(extract(epoch FROM captured_at) /
	                          CASE WHEN extract(epoch FROM ($6::timestamptz - captured_at)) < $7 THEN $8
	                               WHEN extract(epoch FROM ($9::timestamptz - captured_at)) < $10 THEN $11
	                               ELSE $12 END) AS bucket
	                 FROM output_snapshot_history
	                 WHERE output_id = ANY($13)
	               ) classed
	               WINDOW w AS (PARTITION BY output_id ORDER BY captured_at DESC, id DESC)
	             ) ranked
	             WHERE recency > $14 AND prev_class = age_class AND prev_bucket = bucket)
2026-10-10 08:30:04.907 UTC [1538] hel1435-S4-prod-noio-R100000-b20-explain-r2 LOG:  duration: 93.818 ms  plan:
	Query Text: SELECT count(*) FROM (SELECT 1 FROM output_snapshot_history WHERE output_id = $1 LIMIT $2) x
	Query Parameters: $1 = 'o192', $2 = '100001'
	Aggregate  (cost=904.60..904.61 rows=1 width=8) (actual time=93.811..93.812 rows=1 loops=1)
	  Buffers: shared hit=7853 read=7661 written=6867
	  ->  Limit  (cost=0.43..707.87 rows=15739 width=4) (actual time=0.033..93.126 rows=15852 loops=1)
	        Buffers: shared hit=7853 read=7661 written=6867
	        ->  Index Only Scan using idx_output_snapshot_history_output_captured on output_snapshot_history  (cost=0.43..707.87 rows=15739 width=4) (actual time=0.033..92.337 rows=15852 loops=1)
	              Index Cond: (output_id = 'o192'::text)
	              Heap Fetches: 15395
	              Buffers: shared hit=7853 read=7661 written=6867
2026-10-10 08:30:04.914 UTC [1538] hel1435-S4-prod-noio-R100000-b20-explain-r2 LOG:  duration: 7.097 ms  plan:
	Query Text: SELECT count(*) FROM (SELECT 1 FROM output_snapshot_history WHERE output_id = $1 LIMIT $2) x
	Query Parameters: $1 = 'o193', $2 = '84149'
	Aggregate  (cost=904.60..904.61 rows=1 width=8) (actual time=7.095..7.095 rows=1 loops=1)
	  Buffers: shared hit=15358 read=156 written=147
	  ->  Limit  (cost=0.43..707.87 rows=15739 width=4) (actual time=0.026..6.680 rows=15852 loops=1)
	        Buffers: shared hit=15358 read=156 written=147
	        ->  Index Only Scan using idx_output_snapshot_history_output_captured on output_snapshot_history  (cost=0.43..707.87 rows=15739 width=4) (actual time=0.025..6.077 rows=15852 loops=1)
	              Index Cond: (output_id = 'o193'::text)
	              Heap Fetches: 15395
	              Buffers: shared hit=15358 read=156 written=147
2026-10-10 08:30:04.972 UTC [1538] hel1435-S4-prod-noio-R100000-b20-explain-r2 LOG:  duration: 57.357 ms  plan:
	Query Text: SELECT count(*) FROM (SELECT 1 FROM output_snapshot_history WHERE output_id = $1 LIMIT $2) x
	Query Parameters: $1 = 'o194', $2 = '68297'
	Aggregate  (cost=904.60..904.61 rows=1 width=8) (actual time=57.354..57.355 rows=1 loops=1)
	  Buffers: shared hit=15406 read=108 written=102
	  ->  Limit  (cost=0.43..707.87 rows=15739 width=4) (actual time=0.018..56.938 rows=15852 loops=1)
	        Buffers: shared hit=15406 read=108 written=102
	        ->  Index Only Scan using idx_output_snapshot_history_output_captured on output_snapshot_history  (cost=0.43..707.87 rows=15739 width=4) (actual time=0.018..56.325 rows=15852 loops=1)
	              Index Cond: (output_id = 'o194'::text)
	              Heap Fetches: 15395
	              Buffers: shared hit=15406 read=108 written=102
2026-10-10 08:30:04.995 UTC [1538] hel1435-S4-prod-noio-R100000-b20-explain-r2 LOG:  duration: 22.385 ms  plan:
	Query Text: SELECT count(*) FROM (SELECT 1 FROM output_snapshot_history WHERE output_id = $1 LIMIT $2) x
	Query Parameters: $1 = 'o195', $2 = '52445'
	Aggregate  (cost=904.60..904.61 rows=1 width=8) (actual time=22.378..22.379 rows=1 loops=1)
	  Buffers: shared hit=9055 read=6460 written=2719
	  ->  Limit  (cost=0.43..707.87 rows=15739 width=4) (actual time=0.025..21.800 rows=15852 loops=1)
	        Buffers: shared hit=9055 read=6460 written=2719
	        ->  Index Only Scan using idx_output_snapshot_history_output_captured on output_snapshot_history  (cost=0.43..707.87 rows=15739 width=4) (actual time=0.025..21.080 rows=15852 loops=1)
	              Index Cond: (output_id = 'o195'::text)
	              Heap Fetches: 15395
	              Buffers: shared hit=9055 read=6460 written=2719
2026-10-10 08:30:05.007 UTC [1538] hel1435-S4-prod-noio-R100000-b20-explain-r2 LOG:  duration: 11.972 ms  plan:
	Query Text: SELECT count(*) FROM (SELECT 1 FROM output_snapshot_history WHERE output_id = $1 LIMIT $2) x
	Query Parameters: $1 = 'o196', $2 = '36593'
	Aggregate  (cost=904.60..904.61 rows=1 width=8) (actual time=11.969..11.970 rows=1 loops=1)
	  Buffers: shared hit=12656 read=2859 written=158
	  ->  Limit  (cost=0.43..707.87 rows=15739 width=4) (actual time=0.018..11.483 rows=15852 loops=1)
	        Buffers: shared hit=12656 read=2859 written=158
	        ->  Index Only Scan using idx_output_snapshot_history_output_captured on output_snapshot_history  (cost=0.43..707.87 rows=15739 width=4) (actual time=0.018..10.821 rows=15852 loops=1)
	              Index Cond: (output_id = 'o196'::text)
	              Heap Fetches: 15395
	              Buffers: shared hit=12656 read=2859 written=158
2026-10-10 08:30:05.019 UTC [1538] hel1435-S4-prod-noio-R100000-b20-explain-r2 LOG:  duration: 11.474 ms  plan:
	Query Text: SELECT count(*) FROM (SELECT 1 FROM output_snapshot_history WHERE output_id = $1 LIMIT $2) x
	Query Parameters: $1 = 'o197', $2 = '20741'
	Aggregate  (cost=904.60..904.61 rows=1 width=8) (actual time=11.472..11.473 rows=1 loops=1)
	  Buffers: shared hit=12666 read=2849 written=61
	  ->  Limit  (cost=0.43..707.87 rows=15739 width=4) (actual time=0.018..10.982 rows=15852 loops=1)
	        Buffers: shared hit=12666 read=2849 written=61
	        ->  Index Only Scan using idx_output_snapshot_history_output_captured on output_snapshot_history  (cost=0.43..707.87 rows=15739 width=4) (actual time=0.017..10.321 rows=15852 loops=1)
	              Index Cond: (output_id = 'o197'::text)
	              Heap Fetches: 15395
	              Buffers: shared hit=12666 read=2849 written=61
2026-10-10 08:30:05.073 UTC [1538] hel1435-S4-prod-noio-R100000-b20-explain-r2 LOG:  duration: 52.997 ms  plan:
	Query Text: SELECT count(*) FROM (SELECT 1 FROM output_snapshot_history WHERE output_id = $1 LIMIT $2) x
	Query Parameters: $1 = 'o198', $2 = '4889'
	Aggregate  (cost=281.29..281.30 rows=1 width=8) (actual time=52.995..52.995 rows=1 loops=1)
	  Buffers: shared hit=3657 read=827 written=14
	  ->  Limit  (cost=0.43..220.18 rows=4889 width=4) (actual time=0.017..52.835 rows=4889 loops=1)
	        Buffers: shared hit=3657 read=827 written=14
	        ->  Index Only Scan using idx_output_snapshot_history_output_captured on output_snapshot_history  (cost=0.43..707.87 rows=15739 width=4) (actual time=0.017..52.620 rows=4889 loops=1)
	              Index Cond: (output_id = 'o198'::text)
	              Heap Fetches: 4445
	              Buffers: shared hit=3657 read=827 written=14
2026-10-10 08:30:05.605 UTC [1538] hel1435-S4-prod-noio-R100000-b20-explain-r2 LOG:  duration: 520.009 ms  plan:
	Query Text: DELETE FROM output_snapshot_history h
	             USING pipelines p, users u
	             WHERE h.output_id = ANY($1) AND h.captured_at < $2
	               AND h.pipeline_id = p.id AND p.owner_id = u.id
	               AND h.captured_at < COALESCE(($3::timestamptz[])[array_position($4::text[], u.tier)], $5)
	Query Parameters: $1 = '{o192,o193,o194,o195,o196,o197}', $2 = '2026-09-10 01:00:00-07', $3 = '{"2026-09-10 01:00:00-07","2026-07-12 01:00:00-07","2025-10-10 01:00:00-07"}', $4 = '{free,beta,owner}', $5 = '2026-09-10 01:00:00-07'
	Delete on output_snapshot_history h  (cost=663.49..105626.88 rows=0 width=0) (actual time=520.005..520.007 rows=0 loops=1)
	  Buffers: shared hit=50144 read=3094 dirtied=9615 written=262
	  WAL: records=43266 fpi=9615 bytes=78073719
	  ->  Hash Join  (cost=663.49..105626.88 rows=16654 width=18) (actual time=317.038..417.384 rows=43266 loops=1)
	        Hash Cond: ((h.pipeline_id = p.id) AND (u.id = p.owner_id))
	        Buffers: shared hit=6878 read=3094 written=262
	        ->  Nested Loop  (cost=659.99..101249.57 rows=832717 width=31) (actual time=3.351..280.259 rows=1644108 loops=1)
	              Buffers: shared hit=6878 read=3093 written=262
	              ->  Index Scan using users_pkey on users u  (cost=0.14..12.89 rows=50 width=27) (actual time=0.009..0.052 rows=50 loops=1)
	                    Buffers: shared hit=1 read=1
	              ->  Memoize  (cost=659.85..23063.19 rows=16654 width=17) (actual time=0.070..3.164 rows=32882 loops=50)
	                    Cache Key: COALESCE(('{"2026-09-10 01:00:00-07","2026-07-12 01:00:00-07","2025-10-10 01:00:00-07"}'::timestamp with time zone[])[array_position('{free,beta,owner}'::text[], u.tier)], '2026-09-10 01:00:00-07'::timestamp with time zone)
	                    Cache Mode: binary
	                    Hits: 47  Misses: 3  Evictions: 0  Overflows: 0  Memory Usage: 2367kB
	                    Buffers: shared hit=6877 read=3092 written=262
	                    ->  Bitmap Heap Scan on output_snapshot_history h  (cost=659.84..23063.18 rows=16654 width=17) (actual time=1.127..6.472 rows=14422 loops=3)
	                          Recheck Cond: ((output_id = ANY ('{o192,o193,o194,o195,o196,o197}'::text[])) AND (captured_at < COALESCE(('{"2026-09-10 01:00:00-07","2026-07-12 01:00:00-07","2025-10-10 01:00:00-07"}'::timestamp with time zone[])[array_position('{free,beta,owner}'::text[], u.tier)], '2026-09-10 01:00:00-07'::timestamp with time zone)) AND (captured_at < '2026-09-10 01:00:00-07'::timestamp with time zone))
	                          Heap Blocks: exact=9615
	                          Buffers: shared hit=6877 read=3092 written=262
	                          ->  Bitmap Index Scan on idx_output_snapshot_history_output_captured  (cost=0.00..655.68 rows=16654 width=0) (actual time=0.897..0.897 rows=14422 loops=3)
	                                Index Cond: ((output_id = ANY ('{o192,o193,o194,o195,o196,o197}'::text[])) AND (captured_at < COALESCE(('{"2026-09-10 01:00:00-07","2026-07-12 01:00:00-07","2025-10-10 01:00:00-07"}'::timestamp with time zone[])[array_position('{free,beta,owner}'::text[], u.tier)], '2026-09-10 01:00:00-07'::timestamp with time zone)) AND (captured_at < '2026-09-10 01:00:00-07'::timestamp with time zone))
	                                Buffers: shared hit=123 read=228 written=2
	        ->  Hash  (cost=2.00..2.00 rows=100 width=25) (actual time=5.674..5.675 rows=100 loops=1)
	              Buckets: 1024  Batches: 1  Memory Usage: 14kB
	              Buffers: shared read=1
	              ->  Seq Scan on pipelines p  (cost=0.00..2.00 rows=100 width=25) (actual time=5.653..5.659 rows=100 loops=1)
	                    Buffers: shared read=1
	JIT:
	  Functions: 22
	  Options: Inlining false, Optimization false, Expressions true, Deforming true
	  Timing: Generation 0.531 ms, Inlining 0.000 ms, Optimization 0.303 ms, Emission 5.375 ms, Total 6.209 ms
2026-10-10 08:30:06.394 UTC [1538] hel1435-S4-prod-noio-R100000-b20-explain-r2 LOG:  duration: 786.817 ms  plan:
	Query Text: DELETE FROM output_snapshot_history WHERE output_id = ANY($1) AND id IN (
	             SELECT id FROM (
	               SELECT id, age_class, bucket,
	                      row_number() OVER w AS recency,
	                      lag(age_class) OVER w AS prev_class,
	                      lag(bucket) OVER w AS prev_bucket
	               FROM (
	                 SELECT id, output_id, captured_at,
	                        CASE WHEN extract(epoch FROM ($2::timestamptz - captured_at)) < $3 THEN 0
	                             WHEN extract(epoch FROM ($4::timestamptz - captured_at)) < $5 THEN 1
	                             ELSE 2 END AS age_class,
	                        floor(extract(epoch FROM captured_at) /
	                          CASE WHEN extract(epoch FROM ($6::timestamptz - captured_at)) < $7 THEN $8
	                               WHEN extract(epoch FROM ($9::timestamptz - captured_at)) < $10 THEN $11
	                               ELSE $12 END) AS bucket
	                 FROM output_snapshot_history
	                 WHERE output_id = ANY($13)
	               ) classed
	               WINDOW w AS (PARTITION BY output_id ORDER BY captured_at DESC, id DESC)
	             ) ranked
	             WHERE recency > $14 AND prev_class = age_class AND prev_bucket = bucket)
	Query Parameters: $1 = '{o192,o193,o194,o195,o196,o197}', $2 = '2026-10-10 01:00:00-07', $3 = '86400', $4 = '2026-10-10 01:00:00-07', $5 = '604800', $6 = '2026-10-10 01:00:00-07', $7 = '86400', $8 = '300', $9 = '2026-10-10 01:00:00-07', $10 = '604800', $11 = '3600', $12 = '86400', $13 = '{o192,o193,o194,o195,o196,o197}', $14 = '102'
	Delete on output_snapshot_history  (cost=284625.42..284633.45 rows=0 width=0) (actual time=786.814..786.817 rows=0 loops=1)
	  Buffers: shared hit=200845 read=66483 dirtied=22075 written=24089, temp read=15 written=38
	  WAL: records=49104 bytes=2651616
	  ->  Nested Loop  (cost=284625.42..284633.45 rows=1 width=46) (actual time=291.007..773.921 rows=49104 loops=1)
	        Buffers: shared hit=151741 read=66483 written=24089, temp read=15 written=38
	        ->  HashAggregate  (cost=284624.99..284625.00 rows=1 width=56) (actual time=290.971..301.947 rows=49104 loops=1)
	              Group Key: ranked.id
	              Batches: 5  Memory Usage: 8265kB  Disk Usage: 224kB
	              Buffers: shared hit=10929 read=10879 written=115, temp read=15 written=38
	              ->  Subquery Scan on ranked  (cost=272820.36..284624.98 rows=1 width=56) (actual time=167.856..282.383 rows=49104 loops=1)
	                    Filter: ((ranked.recency > 102) AND (ranked.prev_class = ranked.age_class) AND (ranked.prev_bucket = ranked.bucket))
	                    Rows Removed by Filter: 2742
	                    Buffers: shared hit=10929 read=10879 written=115
	                    ->  WindowAgg  (cost=272820.36..282972.34 rows=94437 width=108) (actual time=167.590..274.392 rows=51846 loops=1)
	                          Buffers: shared hit=10929 read=10879 written=115
	                          ->  Sort  (cost=272820.36..273056.45 rows=94437 width=28) (actual time=167.527..169.691 rows=51846 loops=1)
	                                Sort Key: output_snapshot_history_1.output_id, output_snapshot_history_1.captured_at DESC, output_snapshot_history_1.id DESC
	                                Sort Method: quicksort  Memory: 4065kB
	                                Buffers: shared hit=10929 read=10879 written=115
	                                ->  Bitmap Heap Scan on output_snapshot_history output_snapshot_history_1  (cost=3306.46..262755.53 rows=94437 width=28) (actual time=69.496..99.661 rows=51846 loops=1)
	                                      Recheck Cond: (output_id = ANY ('{o192,o193,o194,o195,o196,o197}'::text[]))
	                                      Heap Blocks: exact=21136
	                                      Buffers: shared hit=10920 read=10879 written=115
	                                      ->  Bitmap Index Scan on idx_output_snapshot_history_output_captured  (cost=0.00..3282.85 rows=94437 width=0) (actual time=5.181..5.181 rows=95112 loops=1)
	                                            Index Cond: (output_id = ANY ('{o192,o193,o194,o195,o196,o197}'::text[]))
	                                            Buffers: shared hit=339 read=324
	        ->  Index Scan using output_snapshot_history_pkey on output_snapshot_history  (cost=0.43..8.46 rows=1 width=22) (actual time=0.009..0.009 rows=1 loops=49104)
	              Index Cond: (id = ranked.id)
	              Filter: (output_id = ANY ('{o192,o193,o194,o195,o196,o197}'::text[]))
	              Buffers: shared hit=140812 read=55604 written=23974
	JIT:
	  Functions: 28
	  Options: Inlining false, Optimization false, Expressions true, Deforming true
	  Timing: Generation 0.633 ms, Inlining 0.000 ms, Optimization 0.474 ms, Emission 5.784 ms, Total 6.891 ms
2026-10-10 08:30:06.394 UTC [1538] hel1435-S4-prod-noio-R100000-b20-explain-r2 LOG:  temporary file: path "base/pgsql_tmp/pgsql_tmp1538.0", size 229376
2026-10-10 08:30:06.394 UTC [1538] hel1435-S4-prod-noio-R100000-b20-explain-r2 STATEMENT:  DELETE FROM output_snapshot_history WHERE output_id = ANY($1) AND id IN (
	             SELECT id FROM (
	               SELECT id, age_class, bucket,
	                      row_number() OVER w AS recency,
	                      lag(age_class) OVER w AS prev_class,
	                      lag(bucket) OVER w AS prev_bucket
	               FROM (
	                 SELECT id, output_id, captured_at,
	                        CASE WHEN extract(epoch FROM ($2::timestamptz - captured_at)) < $3 THEN 0
	                             WHEN extract(epoch FROM ($4::timestamptz - captured_at)) < $5 THEN 1
	                             ELSE 2 END AS age_class,
	                        floor(extract(epoch FROM captured_at) /
	                          CASE WHEN extract(epoch FROM ($6::timestamptz - captured_at)) < $7 THEN $8
	                               WHEN extract(epoch FROM ($9::timestamptz - captured_at)) < $10 THEN $11
	                               ELSE $12 END) AS bucket
	                 FROM output_snapshot_history
	                 WHERE output_id = ANY($13)
	               ) classed
	               WINDOW w AS (PARTITION BY output_id ORDER BY captured_at DESC, id DESC)
	             ) ranked
	             WHERE recency > $14 AND prev_class = age_class AND prev_bucket = bucket)
2026-10-10 08:30:06.710 UTC [1540] hel1435-S4-prod-noio-R100000-b20-explain-r3 LOG:  duration: 39.050 ms  plan:
	Query Text: SELECT count(*) FROM (SELECT 1 FROM output_snapshot_history WHERE output_id = $1 LIMIT $2) x
	Query Parameters: $1 = 'o192', $2 = '100001'
	Aggregate  (cost=904.60..904.61 rows=1 width=8) (actual time=39.042..39.043 rows=1 loops=1)
	  Buffers: shared hit=7866 read=7648 written=6941
	  ->  Limit  (cost=0.43..707.87 rows=15739 width=4) (actual time=0.032..38.375 rows=15852 loops=1)
	        Buffers: shared hit=7866 read=7648 written=6941
	        ->  Index Only Scan using idx_output_snapshot_history_output_captured on output_snapshot_history  (cost=0.43..707.87 rows=15739 width=4) (actual time=0.032..37.584 rows=15852 loops=1)
	              Index Cond: (output_id = 'o192'::text)
	              Heap Fetches: 15395
	              Buffers: shared hit=7866 read=7648 written=6941
2026-10-10 08:30:06.772 UTC [1540] hel1435-S4-prod-noio-R100000-b20-explain-r3 LOG:  duration: 61.652 ms  plan:
	Query Text: SELECT count(*) FROM (SELECT 1 FROM output_snapshot_history WHERE output_id = $1 LIMIT $2) x
	Query Parameters: $1 = 'o193', $2 = '84149'
	Aggregate  (cost=904.60..904.61 rows=1 width=8) (actual time=61.650..61.650 rows=1 loops=1)
	  Buffers: shared hit=15366 read=148 written=140
	  ->  Limit  (cost=0.43..707.87 rows=15739 width=4) (actual time=0.029..61.222 rows=15852 loops=1)
	        Buffers: shared hit=15366 read=148 written=140
	        ->  Index Only Scan using idx_output_snapshot_history_output_captured on output_snapshot_history  (cost=0.43..707.87 rows=15739 width=4) (actual time=0.028..60.588 rows=15852 loops=1)
	              Index Cond: (output_id = 'o193'::text)
	              Heap Fetches: 15395
	              Buffers: shared hit=15366 read=148 written=140
2026-10-10 08:30:06.779 UTC [1540] hel1435-S4-prod-noio-R100000-b20-explain-r3 LOG:  duration: 6.101 ms  plan:
	Query Text: SELECT count(*) FROM (SELECT 1 FROM output_snapshot_history WHERE output_id = $1 LIMIT $2) x
	Query Parameters: $1 = 'o194', $2 = '68297'
	Aggregate  (cost=904.60..904.61 rows=1 width=8) (actual time=6.100..6.100 rows=1 loops=1)
	  Buffers: shared hit=15406 read=108 written=102
	  ->  Limit  (cost=0.43..707.87 rows=15739 width=4) (actual time=0.018..5.692 rows=15852 loops=1)
	        Buffers: shared hit=15406 read=108 written=102
	        ->  Index Only Scan using idx_output_snapshot_history_output_captured on output_snapshot_history  (cost=0.43..707.87 rows=15739 width=4) (actual time=0.017..5.091 rows=15852 loops=1)
	              Index Cond: (output_id = 'o194'::text)
	              Heap Fetches: 15395
	              Buffers: shared hit=15406 read=108 written=102
2026-10-10 08:30:06.801 UTC [1540] hel1435-S4-prod-noio-R100000-b20-explain-r3 LOG:  duration: 21.775 ms  plan:
	Query Text: SELECT count(*) FROM (SELECT 1 FROM output_snapshot_history WHERE output_id = $1 LIMIT $2) x
	Query Parameters: $1 = 'o195', $2 = '52445'
	Aggregate  (cost=904.60..904.61 rows=1 width=8) (actual time=21.769..21.770 rows=1 loops=1)
	  Buffers: shared hit=9108 read=6407 written=2677
	  ->  Limit  (cost=0.43..707.87 rows=15739 width=4) (actual time=0.018..21.193 rows=15852 loops=1)
	        Buffers: shared hit=9108 read=6407 written=2677
	        ->  Index Only Scan using idx_output_snapshot_history_output_captured on output_snapshot_history  (cost=0.43..707.87 rows=15739 width=4) (actual time=0.018..20.461 rows=15852 loops=1)
	              Index Cond: (output_id = 'o195'::text)
	              Heap Fetches: 15395
	              Buffers: shared hit=9108 read=6407 written=2677
2026-10-10 08:30:06.814 UTC [1540] hel1435-S4-prod-noio-R100000-b20-explain-r3 LOG:  duration: 12.424 ms  plan:
	Query Text: SELECT count(*) FROM (SELECT 1 FROM output_snapshot_history WHERE output_id = $1 LIMIT $2) x
	Query Parameters: $1 = 'o196', $2 = '36593'
	Aggregate  (cost=904.60..904.61 rows=1 width=8) (actual time=12.421..12.422 rows=1 loops=1)
	  Buffers: shared hit=12572 read=2943 written=198
	  ->  Limit  (cost=0.43..707.87 rows=15739 width=4) (actual time=0.037..11.925 rows=15852 loops=1)
	        Buffers: shared hit=12572 read=2943 written=198
	        ->  Index Only Scan using idx_output_snapshot_history_output_captured on output_snapshot_history  (cost=0.43..707.87 rows=15739 width=4) (actual time=0.037..11.238 rows=15852 loops=1)
	              Index Cond: (output_id = 'o196'::text)
	              Heap Fetches: 15395
	              Buffers: shared hit=12572 read=2943 written=198
2026-10-10 08:30:06.876 UTC [1540] hel1435-S4-prod-noio-R100000-b20-explain-r3 LOG:  duration: 61.664 ms  plan:
	Query Text: SELECT count(*) FROM (SELECT 1 FROM output_snapshot_history WHERE output_id = $1 LIMIT $2) x
	Query Parameters: $1 = 'o197', $2 = '20741'
	Aggregate  (cost=904.60..904.61 rows=1 width=8) (actual time=61.659..61.659 rows=1 loops=1)
	  Buffers: shared hit=12166 read=3349 written=138
	  ->  Limit  (cost=0.43..707.87 rows=15739 width=4) (actual time=0.017..61.133 rows=15852 loops=1)
	        Buffers: shared hit=12166 read=3349 written=138
	        ->  Index Only Scan using idx_output_snapshot_history_output_captured on output_snapshot_history  (cost=0.43..707.87 rows=15739 width=4) (actual time=0.017..60.438 rows=15852 loops=1)
	              Index Cond: (output_id = 'o197'::text)
	              Heap Fetches: 15395
	              Buffers: shared hit=12166 read=3349 written=138
2026-10-10 08:30:06.880 UTC [1540] hel1435-S4-prod-noio-R100000-b20-explain-r3 LOG:  duration: 3.237 ms  plan:
	Query Text: SELECT count(*) FROM (SELECT 1 FROM output_snapshot_history WHERE output_id = $1 LIMIT $2) x
	Query Parameters: $1 = 'o198', $2 = '4889'
	Aggregate  (cost=281.29..281.30 rows=1 width=8) (actual time=3.236..3.236 rows=1 loops=1)
	  Buffers: shared hit=3848 read=636
	  ->  Limit  (cost=0.43..220.18 rows=4889 width=4) (actual time=0.015..3.093 rows=4889 loops=1)
	        Buffers: shared hit=3848 read=636
	        ->  Index Only Scan using idx_output_snapshot_history_output_captured on output_snapshot_history  (cost=0.43..707.87 rows=15739 width=4) (actual time=0.015..2.896 rows=4889 loops=1)
	              Index Cond: (output_id = 'o198'::text)
	              Heap Fetches: 4445
	              Buffers: shared hit=3848 read=636
2026-10-10 08:30:07.386 UTC [1540] hel1435-S4-prod-noio-R100000-b20-explain-r3 LOG:  duration: 493.287 ms  plan:
	Query Text: DELETE FROM output_snapshot_history h
	             USING pipelines p, users u
	             WHERE h.output_id = ANY($1) AND h.captured_at < $2
	               AND h.pipeline_id = p.id AND p.owner_id = u.id
	               AND h.captured_at < COALESCE(($3::timestamptz[])[array_position($4::text[], u.tier)], $5)
	Query Parameters: $1 = '{o192,o193,o194,o195,o196,o197}', $2 = '2026-09-10 01:00:00-07', $3 = '{"2026-09-10 01:00:00-07","2026-07-12 01:00:00-07","2025-10-10 01:00:00-07"}', $4 = '{free,beta,owner}', $5 = '2026-09-10 01:00:00-07'
	Delete on output_snapshot_history h  (cost=663.49..105626.88 rows=0 width=0) (actual time=493.283..493.286 rows=0 loops=1)
	  Buffers: shared hit=49986 read=3252 dirtied=9615 written=210
	  WAL: records=43266 bytes=2336364
	  ->  Hash Join  (cost=663.49..105626.88 rows=16654 width=18) (actual time=322.698..431.049 rows=43266 loops=1)
	        Hash Cond: ((h.pipeline_id = p.id) AND (u.id = p.owner_id))
	        Buffers: shared hit=6720 read=3252 written=210
	        ->  Nested Loop  (cost=659.99..101249.57 rows=832717 width=31) (actual time=3.441..244.048 rows=1644108 loops=1)
	              Buffers: shared hit=6720 read=3251 written=210
	              ->  Index Scan using users_pkey on users u  (cost=0.14..12.89 rows=50 width=27) (actual time=0.009..0.043 rows=50 loops=1)
	                    Buffers: shared hit=1 read=1
	              ->  Memoize  (cost=659.85..23063.19 rows=16654 width=17) (actual time=0.071..2.182 rows=32882 loops=50)
	                    Cache Key: COALESCE(('{"2026-09-10 01:00:00-07","2026-07-12 01:00:00-07","2025-10-10 01:00:00-07"}'::timestamp with time zone[])[array_position('{free,beta,owner}'::text[], u.tier)], '2026-09-10 01:00:00-07'::timestamp with time zone)
	                    Cache Mode: binary
	                    Hits: 47  Misses: 3  Evictions: 0  Overflows: 0  Memory Usage: 2367kB
	                    Buffers: shared hit=6719 read=3250 written=210
	                    ->  Bitmap Heap Scan on output_snapshot_history h  (cost=659.84..23063.18 rows=16654 width=17) (actual time=1.156..23.071 rows=14422 loops=3)
	                          Recheck Cond: ((output_id = ANY ('{o192,o193,o194,o195,o196,o197}'::text[])) AND (captured_at < COALESCE(('{"2026-09-10 01:00:00-07","2026-07-12 01:00:00-07","2025-10-10 01:00:00-07"}'::timestamp with time zone[])[array_position('{free,beta,owner}'::text[], u.tier)], '2026-09-10 01:00:00-07'::timestamp with time zone)) AND (captured_at < '2026-09-10 01:00:00-07'::timestamp with time zone))
	                          Heap Blocks: exact=9615
	                          Buffers: shared hit=6719 read=3250 written=210
	                          ->  Bitmap Index Scan on idx_output_snapshot_history_output_captured  (cost=0.00..655.68 rows=16654 width=0) (actual time=0.917..0.917 rows=14422 loops=3)
	                                Index Cond: ((output_id = ANY ('{o192,o193,o194,o195,o196,o197}'::text[])) AND (captured_at < COALESCE(('{"2026-09-10 01:00:00-07","2026-07-12 01:00:00-07","2025-10-10 01:00:00-07"}'::timestamp with time zone[])[array_position('{free,beta,owner}'::text[], u.tier)], '2026-09-10 01:00:00-07'::timestamp with time zone)) AND (captured_at < '2026-09-10 01:00:00-07'::timestamp with time zone))
	                                Buffers: shared hit=123 read=228 written=10
	        ->  Hash  (cost=2.00..2.00 rows=100 width=25) (actual time=5.361..5.362 rows=100 loops=1)
	              Buckets: 1024  Batches: 1  Memory Usage: 14kB
	              Buffers: shared read=1
	              ->  Seq Scan on pipelines p  (cost=0.00..2.00 rows=100 width=25) (actual time=5.339..5.345 rows=100 loops=1)
	                    Buffers: shared read=1
	JIT:
	  Functions: 22
	  Options: Inlining false, Optimization false, Expressions true, Deforming true
	  Timing: Generation 0.522 ms, Inlining 0.000 ms, Optimization 0.295 ms, Emission 5.070 ms, Total 5.887 ms
2026-10-10 08:30:08.195 UTC [1540] hel1435-S4-prod-noio-R100000-b20-explain-r3 LOG:  duration: 807.413 ms  plan:
	Query Text: DELETE FROM output_snapshot_history WHERE output_id = ANY($1) AND id IN (
	             SELECT id FROM (
	               SELECT id, age_class, bucket,
	                      row_number() OVER w AS recency,
	                      lag(age_class) OVER w AS prev_class,
	                      lag(bucket) OVER w AS prev_bucket
	               FROM (
	                 SELECT id, output_id, captured_at,
	                        CASE WHEN extract(epoch FROM ($2::timestamptz - captured_at)) < $3 THEN 0
	                             WHEN extract(epoch FROM ($4::timestamptz - captured_at)) < $5 THEN 1
	                             ELSE 2 END AS age_class,
	                        floor(extract(epoch FROM captured_at) /
	                          CASE WHEN extract(epoch FROM ($6::timestamptz - captured_at)) < $7 THEN $8
	                               WHEN extract(epoch FROM ($9::timestamptz - captured_at)) < $10 THEN $11
	                               ELSE $12 END) AS bucket
	                 FROM output_snapshot_history
	                 WHERE output_id = ANY($13)
	               ) classed
	               WINDOW w AS (PARTITION BY output_id ORDER BY captured_at DESC, id DESC)
	             ) ranked
	             WHERE recency > $14 AND prev_class = age_class AND prev_bucket = bucket)
	Query Parameters: $1 = '{o192,o193,o194,o195,o196,o197}', $2 = '2026-10-10 01:00:00-07', $3 = '86400', $4 = '2026-10-10 01:00:00-07', $5 = '604800', $6 = '2026-10-10 01:00:00-07', $7 = '86400', $8 = '300', $9 = '2026-10-10 01:00:00-07', $10 = '604800', $11 = '3600', $12 = '86400', $13 = '{o192,o193,o194,o195,o196,o197}', $14 = '102'
	Delete on output_snapshot_history  (cost=284625.42..284633.45 rows=0 width=0) (actual time=807.408..807.412 rows=0 loops=1)
	  Buffers: shared hit=200875 read=66453 dirtied=22055 written=24015, temp read=15 written=38
	  WAL: records=49104 bytes=2651616
	  ->  Nested Loop  (cost=284625.42..284633.45 rows=1 width=46) (actual time=291.845..793.684 rows=49104 loops=1)
	        Buffers: shared hit=151771 read=66453 written=24015, temp read=15 written=38
	        ->  HashAggregate  (cost=284624.99..284625.00 rows=1 width=56) (actual time=291.798..303.118 rows=49104 loops=1)
	              Group Key: ranked.id
	              Batches: 5  Memory Usage: 8265kB  Disk Usage: 224kB
	              Buffers: shared hit=10931 read=10877 written=151, temp read=15 written=38
	              ->  Subquery Scan on ranked  (cost=272820.36..284624.98 rows=1 width=56) (actual time=114.677..282.341 rows=49104 loops=1)
	                    Filter: ((ranked.recency > 102) AND (ranked.prev_class = ranked.age_class) AND (ranked.prev_bucket = ranked.bucket))
	                    Rows Removed by Filter: 2742
	                    Buffers: shared hit=10931 read=10877 written=151
	                    ->  WindowAgg  (cost=272820.36..282972.34 rows=94437 width=108) (actual time=114.410..274.424 rows=51846 loops=1)
	                          Buffers: shared hit=10931 read=10877 written=151
	                          ->  Sort  (cost=272820.36..273056.45 rows=94437 width=28) (actual time=114.340..117.978 rows=51846 loops=1)
	                                Sort Key: output_snapshot_history_1.output_id, output_snapshot_history_1.captured_at DESC, output_snapshot_history_1.id DESC
	                                Sort Method: quicksort  Memory: 4065kB
	                                Buffers: shared hit=10931 read=10877 written=151
	                                ->  Bitmap Heap Scan on output_snapshot_history output_snapshot_history_1  (cost=3306.46..262755.53 rows=94437 width=28) (actual time=16.790..96.240 rows=51846 loops=1)
	                                      Recheck Cond: (output_id = ANY ('{o192,o193,o194,o195,o196,o197}'::text[]))
	                                      Heap Blocks: exact=21136
	                                      Buffers: shared hit=10922 read=10877 written=151
	                                      ->  Bitmap Index Scan on idx_output_snapshot_history_output_captured  (cost=0.00..3282.85 rows=94437 width=0) (actual time=4.852..4.852 rows=95112 loops=1)
	                                            Index Cond: (output_id = ANY ('{o192,o193,o194,o195,o196,o197}'::text[]))
	                                            Buffers: shared hit=338 read=325
	        ->  Index Scan using output_snapshot_history_pkey on output_snapshot_history  (cost=0.43..8.46 rows=1 width=22) (actual time=0.010..0.010 rows=1 loops=49104)
	              Index Cond: (id = ranked.id)
	              Filter: (output_id = ANY ('{o192,o193,o194,o195,o196,o197}'::text[]))
	              Buffers: shared hit=140840 read=55576 written=23864
	JIT:
	  Functions: 28
	  Options: Inlining false, Optimization false, Expressions true, Deforming true
	  Timing: Generation 0.620 ms, Inlining 0.000 ms, Optimization 0.457 ms, Emission 5.783 ms, Total 6.861 ms
2026-10-10 08:30:08.195 UTC [1540] hel1435-S4-prod-noio-R100000-b20-explain-r3 LOG:  temporary file: path "base/pgsql_tmp/pgsql_tmp1540.0", size 229376
2026-10-10 08:30:08.195 UTC [1540] hel1435-S4-prod-noio-R100000-b20-explain-r3 STATEMENT:  DELETE FROM output_snapshot_history WHERE output_id = ANY($1) AND id IN (
	             SELECT id FROM (
	               SELECT id, age_class, bucket,
	                      row_number() OVER w AS recency,
	                      lag(age_class) OVER w AS prev_class,
	                      lag(bucket) OVER w AS prev_bucket
	               FROM (
	                 SELECT id, output_id, captured_at,
	                        CASE WHEN extract(epoch FROM ($2::timestamptz - captured_at)) < $3 THEN 0
	                             WHEN extract(epoch FROM ($4::timestamptz - captured_at)) < $5 THEN 1
	                             ELSE 2 END AS age_class,
	                        floor(extract(epoch FROM captured_at) /
	                          CASE WHEN extract(epoch FROM ($6::timestamptz - captured_at)) < $7 THEN $8
	                               WHEN extract(epoch FROM ($9::timestamptz - captured_at)) < $10 THEN $11
	                               ELSE $12 END) AS bucket
	                 FROM output_snapshot_history
	                 WHERE output_id = ANY($13)
	               ) classed
	               WINDOW w AS (PARTITION BY output_id ORDER BY captured_at DESC, id DESC)
	             ) ranked
	             WHERE recency > $14 AND prev_class = age_class AND prev_bucket = bucket)
2026-10-10 08:30:09.782 UTC [1542] hel1435-S4-prod-noio-R100000-b20-timed-r1 LOG:  temporary file: path "base/pgsql_tmp/pgsql_tmp1542.0", size 229376
2026-10-10 08:30:09.782 UTC [1542] hel1435-S4-prod-noio-R100000-b20-timed-r1 STATEMENT:  DELETE FROM output_snapshot_history WHERE output_id = ANY($1) AND id IN (
	             SELECT id FROM (
	               SELECT id, age_class, bucket,
	                      row_number() OVER w AS recency,
	                      lag(age_class) OVER w AS prev_class,
	                      lag(bucket) OVER w AS prev_bucket
	               FROM (
	                 SELECT id, output_id, captured_at,
	                        CASE WHEN extract(epoch FROM ($2::timestamptz - captured_at)) < $3 THEN 0
	                             WHEN extract(epoch FROM ($4::timestamptz - captured_at)) < $5 THEN 1
	                             ELSE 2 END AS age_class,
	                        floor(extract(epoch FROM captured_at) /
	                          CASE WHEN extract(epoch FROM ($6::timestamptz - captured_at)) < $7 THEN $8
	                               WHEN extract(epoch FROM ($9::timestamptz - captured_at)) < $10 THEN $11
	                               ELSE $12 END) AS bucket
	                 FROM output_snapshot_history
	                 WHERE output_id = ANY($13)
	               ) classed
	               WINDOW w AS (PARTITION BY output_id ORDER BY captured_at DESC, id DESC)
	             ) ranked
	             WHERE recency > $14 AND prev_class = age_class AND prev_bucket = bucket)
2026-10-10 08:30:11.271 UTC [1544] hel1435-S4-prod-noio-R100000-b20-timed-r2 LOG:  temporary file: path "base/pgsql_tmp/pgsql_tmp1544.0", size 229376
2026-10-10 08:30:11.271 UTC [1544] hel1435-S4-prod-noio-R100000-b20-timed-r2 STATEMENT:  DELETE FROM output_snapshot_history WHERE output_id = ANY($1) AND id IN (
	             SELECT id FROM (
	               SELECT id, age_class, bucket,
	                      row_number() OVER w AS recency,
	                      lag(age_class) OVER w AS prev_class,
	                      lag(bucket) OVER w AS prev_bucket
	               FROM (
	                 SELECT id, output_id, captured_at,
	                        CASE WHEN extract(epoch FROM ($2::timestamptz - captured_at)) < $3 THEN 0
	                             WHEN extract(epoch FROM ($4::timestamptz - captured_at)) < $5 THEN 1
	                             ELSE 2 END AS age_class,
	                        floor(extract(epoch FROM captured_at) /
	                          CASE WHEN extract(epoch FROM ($6::timestamptz - captured_at)) < $7 THEN $8
	                               WHEN extract(epoch FROM ($9::timestamptz - captured_at)) < $10 THEN $11
	                               ELSE $12 END) AS bucket
	                 FROM output_snapshot_history
	                 WHERE output_id = ANY($13)
	               ) classed
	               WINDOW w AS (PARTITION BY output_id ORDER BY captured_at DESC, id DESC)
	             ) ranked
	             WHERE recency > $14 AND prev_class = age_class AND prev_bucket = bucket)
2026-10-10 08:30:12.696 UTC [1546] hel1435-S4-prod-noio-R100000-b20-timed-r3 LOG:  temporary file: path "base/pgsql_tmp/pgsql_tmp1546.0", size 229376
2026-10-10 08:30:12.696 UTC [1546] hel1435-S4-prod-noio-R100000-b20-timed-r3 STATEMENT:  DELETE FROM output_snapshot_history WHERE output_id = ANY($1) AND id IN (
	             SELECT id FROM (
	               SELECT id, age_class, bucket,
	                      row_number() OVER w AS recency,
	                      lag(age_class) OVER w AS prev_class,
	                      lag(bucket) OVER w AS prev_bucket
	               FROM (
	                 SELECT id, output_id, captured_at,
	                        CASE WHEN extract(epoch FROM ($2::timestamptz - captured_at)) < $3 THEN 0
	                             WHEN extract(epoch FROM ($4::timestamptz - captured_at)) < $5 THEN 1
	                             ELSE 2 END AS age_class,
	                        floor(extract(epoch FROM captured_at) /
	                          CASE WHEN extract(epoch FROM ($6::timestamptz - captured_at)) < $7 THEN $8
	                               WHEN extract(epoch FROM ($9::timestamptz - captured_at)) < $10 THEN $11
	                               ELSE $12 END) AS bucket
	                 FROM output_snapshot_history
	                 WHERE output_id = ANY($13)
	               ) classed
	               WINDOW w AS (PARTITION BY output_id ORDER BY captured_at DESC, id DESC)
	             ) ranked
	             WHERE recency > $14 AND prev_class = age_class AND prev_bucket = bucket)
2026-10-10 08:30:13.003 UTC [1548] hel1435-S4-prod-noio-R100000-b40-explain-r1 LOG:  duration: 29.674 ms  plan:
	Query Text: SELECT count(*) FROM (SELECT 1 FROM output_snapshot_history WHERE output_id = $1 LIMIT $2) x
	Query Parameters: $1 = 'o270', $2 = '100001'
	Aggregate  (cost=904.60..904.61 rows=1 width=8) (actual time=29.667..29.668 rows=1 loops=1)
	  Buffers: shared hit=6769 read=8745
	  ->  Limit  (cost=0.43..707.87 rows=15739 width=4) (actual time=0.031..28.971 rows=15852 loops=1)
	        Buffers: shared hit=6769 read=8745
	        ->  Index Only Scan using idx_output_snapshot_history_output_captured on output_snapshot_history  (cost=0.43..707.87 rows=15739 width=4) (actual time=0.031..28.150 rows=15852 loops=1)
	              Index Cond: (output_id = 'o270'::text)
	              Heap Fetches: 15395
	              Buffers: shared hit=6769 read=8745
2026-10-10 08:30:13.011 UTC [1548] hel1435-S4-prod-noio-R100000-b40-explain-r1 LOG:  duration: 8.121 ms  plan:
	Query Text: SELECT count(*) FROM (SELECT 1 FROM output_snapshot_history WHERE output_id = $1 LIMIT $2) x
	Query Parameters: $1 = 'o271', $2 = '84149'
	Aggregate  (cost=904.60..904.61 rows=1 width=8) (actual time=8.119..8.119 rows=1 loops=1)
	  Buffers: shared hit=14817 read=697
	  ->  Limit  (cost=0.43..707.87 rows=15739 width=4) (actual time=0.027..7.636 rows=15852 loops=1)
	        Buffers: shared hit=14817 read=697
	        ->  Index Only Scan using idx_output_snapshot_history_output_captured on output_snapshot_history  (cost=0.43..707.87 rows=15739 width=4) (actual time=0.026..6.949 rows=15852 loops=1)
	              Index Cond: (output_id = 'o271'::text)
	              Heap Fetches: 15395
	              Buffers: shared hit=14817 read=697
2026-10-10 08:30:13.017 UTC [1548] hel1435-S4-prod-noio-R100000-b40-explain-r1 LOG:  duration: 5.272 ms  plan:
	Query Text: SELECT count(*) FROM (SELECT 1 FROM output_snapshot_history WHERE output_id = $1 LIMIT $2) x
	Query Parameters: $1 = 'o272', $2 = '68297'
	Aggregate  (cost=904.60..904.61 rows=1 width=8) (actual time=5.271..5.272 rows=1 loops=1)
	  Buffers: shared hit=15405 read=110
	  ->  Limit  (cost=0.43..707.87 rows=15739 width=4) (actual time=0.012..4.862 rows=15852 loops=1)
	        Buffers: shared hit=15405 read=110
	        ->  Index Only Scan using idx_output_snapshot_history_output_captured on output_snapshot_history  (cost=0.43..707.87 rows=15739 width=4) (actual time=0.012..4.257 rows=15852 loops=1)
	              Index Cond: (output_id = 'o272'::text)
	              Heap Fetches: 15395
	              Buffers: shared hit=15405 read=110
2026-10-10 08:30:13.089 UTC [1548] hel1435-S4-prod-noio-R100000-b40-explain-r1 LOG:  duration: 71.187 ms  plan:
	Query Text: SELECT count(*) FROM (SELECT 1 FROM output_snapshot_history WHERE output_id = $1 LIMIT $2) x
	Query Parameters: $1 = 'o273', $2 = '52445'
	Aggregate  (cost=904.60..904.61 rows=1 width=8) (actual time=71.179..71.180 rows=1 loops=1)
	  Buffers: shared hit=8297 read=7218
	  ->  Limit  (cost=0.43..707.87 rows=15739 width=4) (actual time=0.007..70.513 rows=15852 loops=1)
	        Buffers: shared hit=8297 read=7218
	        ->  Index Only Scan using idx_output_snapshot_history_output_captured on output_snapshot_history  (cost=0.43..707.87 rows=15739 width=4) (actual time=0.006..69.772 rows=15852 loops=1)
	              Index Cond: (output_id = 'o273'::text)
	              Heap Fetches: 15395
	              Buffers: shared hit=8297 read=7218
2026-10-10 08:30:13.101 UTC [1548] hel1435-S4-prod-noio-R100000-b40-explain-r1 LOG:  duration: 12.441 ms  plan:
	Query Text: SELECT count(*) FROM (SELECT 1 FROM output_snapshot_history WHERE output_id = $1 LIMIT $2) x
	Query Parameters: $1 = 'o274', $2 = '36593'
	Aggregate  (cost=904.60..904.61 rows=1 width=8) (actual time=12.439..12.439 rows=1 loops=1)
	  Buffers: shared hit=11974 read=3541
	  ->  Limit  (cost=0.43..707.87 rows=15739 width=4) (actual time=0.018..11.943 rows=15852 loops=1)
	        Buffers: shared hit=11974 read=3541
	        ->  Index Only Scan using idx_output_snapshot_history_output_captured on output_snapshot_history  (cost=0.43..707.87 rows=15739 width=4) (actual time=0.018..11.279 rows=15852 loops=1)
	              Index Cond: (output_id = 'o274'::text)
	              Heap Fetches: 15395
	              Buffers: shared hit=11974 read=3541
2026-10-10 08:30:13.111 UTC [1548] hel1435-S4-prod-noio-R100000-b40-explain-r1 LOG:  duration: 9.403 ms  plan:
	Query Text: SELECT count(*) FROM (SELECT 1 FROM output_snapshot_history WHERE output_id = $1 LIMIT $2) x
	Query Parameters: $1 = 'o275', $2 = '20741'
	Aggregate  (cost=904.60..904.61 rows=1 width=8) (actual time=9.401..9.402 rows=1 loops=1)
	  Buffers: shared hit=13330 read=2185
	  ->  Limit  (cost=0.43..707.87 rows=15739 width=4) (actual time=0.010..8.937 rows=15852 loops=1)
	        Buffers: shared hit=13330 read=2185
	        ->  Index Only Scan using idx_output_snapshot_history_output_captured on output_snapshot_history  (cost=0.43..707.87 rows=15739 width=4) (actual time=0.010..8.298 rows=15852 loops=1)
	              Index Cond: (output_id = 'o275'::text)
	              Heap Fetches: 15395
	              Buffers: shared hit=13330 read=2185
2026-10-10 08:30:13.689 UTC [1548] hel1435-S4-prod-noio-R100000-b40-explain-r1 LOG:  duration: 514.110 ms  plan:
	Query Text: DELETE FROM output_snapshot_history h
	             USING pipelines p, users u
	             WHERE h.output_id = ANY($1) AND h.captured_at < $2
	               AND h.pipeline_id = p.id AND p.owner_id = u.id
	               AND h.captured_at < COALESCE(($3::timestamptz[])[array_position($4::text[], u.tier)], $5)
	Query Parameters: $1 = '{o270,o271,o272,o273,o274,o275}', $2 = '2026-09-10 01:00:00-07', $3 = '{"2026-09-10 01:00:00-07","2026-07-12 01:00:00-07","2025-10-10 01:00:00-07"}', $4 = '{free,beta,owner}', $5 = '2026-09-10 01:00:00-07'
	Delete on output_snapshot_history h  (cost=663.49..105626.88 rows=0 width=0) (actual time=514.106..514.109 rows=0 loops=1)
	  Buffers: shared hit=49527 read=3710 dirtied=9614
	  WAL: records=43266 fpi=9614 bytes=78065842
	  ->  Hash Join  (cost=663.49..105626.88 rows=16654 width=18) (actual time=329.274..414.363 rows=43266 loops=1)
	        Hash Cond: ((h.pipeline_id = p.id) AND (u.id = p.owner_id))
	        Buffers: shared hit=6261 read=3710
	        ->  Nested Loop  (cost=659.99..101249.57 rows=832717 width=31) (actual time=3.348..327.115 rows=1644108 loops=1)
	              Buffers: shared hit=6261 read=3709
	              ->  Index Scan using users_pkey on users u  (cost=0.14..12.89 rows=50 width=27) (actual time=0.008..0.046 rows=50 loops=1)
	                    Buffers: shared hit=1 read=1
	              ->  Memoize  (cost=659.85..23063.19 rows=16654 width=17) (actual time=0.069..3.922 rows=32882 loops=50)
	                    Cache Key: COALESCE(('{"2026-09-10 01:00:00-07","2026-07-12 01:00:00-07","2025-10-10 01:00:00-07"}'::timestamp with time zone[])[array_position('{free,beta,owner}'::text[], u.tier)], '2026-09-10 01:00:00-07'::timestamp with time zone)
	                    Cache Mode: binary
	                    Hits: 47  Misses: 3  Evictions: 0  Overflows: 0  Memory Usage: 2367kB
	                    Buffers: shared hit=6260 read=3708
	                    ->  Bitmap Heap Scan on output_snapshot_history h  (cost=659.84..23063.18 rows=16654 width=17) (actual time=1.124..6.418 rows=14422 loops=3)
	                          Recheck Cond: ((output_id = ANY ('{o270,o271,o272,o273,o274,o275}'::text[])) AND (captured_at < COALESCE(('{"2026-09-10 01:00:00-07","2026-07-12 01:00:00-07","2025-10-10 01:00:00-07"}'::timestamp with time zone[])[array_position('{free,beta,owner}'::text[], u.tier)], '2026-09-10 01:00:00-07'::timestamp with time zone)) AND (captured_at < '2026-09-10 01:00:00-07'::timestamp with time zone))
	                          Heap Blocks: exact=9614
	                          Buffers: shared hit=6260 read=3708
	                          ->  Bitmap Index Scan on idx_output_snapshot_history_output_captured  (cost=0.00..655.68 rows=16654 width=0) (actual time=0.899..0.899 rows=14422 loops=3)
	                                Index Cond: ((output_id = ANY ('{o270,o271,o272,o273,o274,o275}'::text[])) AND (captured_at < COALESCE(('{"2026-09-10 01:00:00-07","2026-07-12 01:00:00-07","2025-10-10 01:00:00-07"}'::timestamp with time zone[])[array_position('{free,beta,owner}'::text[], u.tier)], '2026-09-10 01:00:00-07'::timestamp with time zone)) AND (captured_at < '2026-09-10 01:00:00-07'::timestamp with time zone))
	                                Buffers: shared hit=123 read=228
	        ->  Hash  (cost=2.00..2.00 rows=100 width=25) (actual time=5.387..5.387 rows=100 loops=1)
	              Buckets: 1024  Batches: 1  Memory Usage: 14kB
	              Buffers: shared read=1
	              ->  Seq Scan on pipelines p  (cost=0.00..2.00 rows=100 width=25) (actual time=5.366..5.371 rows=100 loops=1)
	                    Buffers: shared read=1
	JIT:
	  Functions: 22
	  Options: Inlining false, Optimization false, Expressions true, Deforming true
	  Timing: Generation 0.528 ms, Inlining 0.000 ms, Optimization 0.295 ms, Emission 5.094 ms, Total 5.917 ms
2026-10-10 08:30:14.510 UTC [1548] hel1435-S4-prod-noio-R100000-b40-explain-r1 LOG:  duration: 819.131 ms  plan:
	Query Text: DELETE FROM output_snapshot_history WHERE output_id = ANY($1) AND id IN (
	             SELECT id FROM (
	               SELECT id, age_class, bucket,
	                      row_number() OVER w AS recency,
	                      lag(age_class) OVER w AS prev_class,
	                      lag(bucket) OVER w AS prev_bucket
	               FROM (
	                 SELECT id, output_id, captured_at,
	                        CASE WHEN extract(epoch FROM ($2::timestamptz - captured_at)) < $3 THEN 0
	                             WHEN extract(epoch FROM ($4::timestamptz - captured_at)) < $5 THEN 1
	                             ELSE 2 END AS age_class,
	                        floor(extract(epoch FROM captured_at) /
	                          CASE WHEN extract(epoch FROM ($6::timestamptz - captured_at)) < $7 THEN $8
	                               WHEN extract(epoch FROM ($9::timestamptz - captured_at)) < $10 THEN $11
	                               ELSE $12 END) AS bucket
	                 FROM output_snapshot_history
	                 WHERE output_id = ANY($13)
	               ) classed
	               WINDOW w AS (PARTITION BY output_id ORDER BY captured_at DESC, id DESC)
	             ) ranked
	             WHERE recency > $14 AND prev_class = age_class AND prev_bucket = bucket)
	Query Parameters: $1 = '{o270,o271,o272,o273,o274,o275}', $2 = '2026-10-10 01:00:00-07', $3 = '86400', $4 = '2026-10-10 01:00:00-07', $5 = '604800', $6 = '2026-10-10 01:00:00-07', $7 = '86400', $8 = '300', $9 = '2026-10-10 01:00:00-07', $10 = '604800', $11 = '3600', $12 = '86400', $13 = '{o270,o271,o272,o273,o274,o275}', $14 = '102'
	Delete on output_snapshot_history  (cost=284625.42..284633.45 rows=0 width=0) (actual time=819.126..819.129 rows=0 loops=1)
	  Buffers: shared hit=200861 read=66468 dirtied=22541 written=24564, temp read=15 written=38
	  WAL: records=49104 fpi=10967 bytes=89038675
	  ->  Nested Loop  (cost=284625.42..284633.45 rows=1 width=46) (actual time=287.895..777.235 rows=49104 loops=1)
	        Buffers: shared hit=151757 read=66468 written=24564, temp read=15 written=38
	        ->  HashAggregate  (cost=284624.99..284625.00 rows=1 width=56) (actual time=287.857..298.785 rows=49104 loops=1)
	              Group Key: ranked.id
	              Batches: 5  Memory Usage: 8265kB  Disk Usage: 224kB
	              Buffers: shared hit=11481 read=10328, temp read=15 written=38
	              ->  Subquery Scan on ranked  (cost=272820.36..284624.98 rows=1 width=56) (actual time=116.195..279.049 rows=49104 loops=1)
	                    Filter: ((ranked.recency > 102) AND (ranked.prev_class = ranked.age_class) AND (ranked.prev_bucket = ranked.bucket))
	                    Rows Removed by Filter: 2742
	                    Buffers: shared hit=11481 read=10328
	                    ->  WindowAgg  (cost=272820.36..282972.34 rows=94437 width=108) (actual time=115.924..172.931 rows=51846 loops=1)
	                          Buffers: shared hit=11481 read=10328
	                          ->  Sort  (cost=272820.36..273056.45 rows=94437 width=28) (actual time=115.862..118.015 rows=51846 loops=1)
	                                Sort Key: output_snapshot_history_1.output_id, output_snapshot_history_1.captured_at DESC, output_snapshot_history_1.id DESC
	                                Sort Method: quicksort  Memory: 4065kB
	                                Buffers: shared hit=11481 read=10328
	                                ->  Bitmap Heap Scan on output_snapshot_history output_snapshot_history_1  (cost=3306.46..262755.53 rows=94437 width=28) (actual time=16.673..97.862 rows=51846 loops=1)
	                                      Recheck Cond: (output_id = ANY ('{o270,o271,o272,o273,o274,o275}'::text[]))
	                                      Heap Blocks: exact=21136
	                                      Buffers: shared hit=11472 read=10328
	                                      ->  Bitmap Index Scan on idx_output_snapshot_history_output_captured  (cost=0.00..3282.85 rows=94437 width=0) (actual time=5.090..5.091 rows=95112 loops=1)
	                                            Index Cond: (output_id = ANY ('{o270,o271,o272,o273,o274,o275}'::text[]))
	                                            Buffers: shared hit=363 read=301
	        ->  Index Scan using output_snapshot_history_pkey on output_snapshot_history  (cost=0.43..8.46 rows=1 width=22) (actual time=0.010..0.010 rows=1 loops=49104)
	              Index Cond: (id = ranked.id)
	              Filter: (output_id = ANY ('{o270,o271,o272,o273,o274,o275}'::text[]))
	              Buffers: shared hit=140276 read=56140 written=24564
	JIT:
	  Functions: 28
	  Options: Inlining false, Optimization false, Expressions true, Deforming true
	  Timing: Generation 0.721 ms, Inlining 0.000 ms, Optimization 0.438 ms, Emission 5.666 ms, Total 6.825 ms
2026-10-10 08:30:14.510 UTC [1548] hel1435-S4-prod-noio-R100000-b40-explain-r1 LOG:  temporary file: path "base/pgsql_tmp/pgsql_tmp1548.0", size 229376
2026-10-10 08:30:14.510 UTC [1548] hel1435-S4-prod-noio-R100000-b40-explain-r1 STATEMENT:  DELETE FROM output_snapshot_history WHERE output_id = ANY($1) AND id IN (
	             SELECT id FROM (
	               SELECT id, age_class, bucket,
	                      row_number() OVER w AS recency,
	                      lag(age_class) OVER w AS prev_class,
	                      lag(bucket) OVER w AS prev_bucket
	               FROM (
	                 SELECT id, output_id, captured_at,
	                        CASE WHEN extract(epoch FROM ($2::timestamptz - captured_at)) < $3 THEN 0
	                             WHEN extract(epoch FROM ($4::timestamptz - captured_at)) < $5 THEN 1
	                             ELSE 2 END AS age_class,
	                        floor(extract(epoch FROM captured_at) /
	                          CASE WHEN extract(epoch FROM ($6::timestamptz - captured_at)) < $7 THEN $8
	                               WHEN extract(epoch FROM ($9::timestamptz - captured_at)) < $10 THEN $11
	                               ELSE $12 END) AS bucket
	                 FROM output_snapshot_history
	                 WHERE output_id = ANY($13)
	               ) classed
	               WINDOW w AS (PARTITION BY output_id ORDER BY captured_at DESC, id DESC)
	             ) ranked
	             WHERE recency > $14 AND prev_class = age_class AND prev_bucket = bucket)
2026-10-10 08:30:14.871 UTC [1550] hel1435-S4-prod-noio-R100000-b40-explain-r2 LOG:  duration: 97.842 ms  plan:
	Query Text: SELECT count(*) FROM (SELECT 1 FROM output_snapshot_history WHERE output_id = $1 LIMIT $2) x
	Query Parameters: $1 = 'o270', $2 = '100001'
	Aggregate  (cost=904.60..904.61 rows=1 width=8) (actual time=97.835..97.836 rows=1 loops=1)
	  Buffers: shared hit=7660 read=7854 written=7187
	  ->  Limit  (cost=0.43..707.87 rows=15739 width=4) (actual time=0.036..97.151 rows=15852 loops=1)
	        Buffers: shared hit=7660 read=7854 written=7187
	        ->  Index Only Scan using idx_output_snapshot_history_output_captured on output_snapshot_history  (cost=0.43..707.87 rows=15739 width=4) (actual time=0.036..96.343 rows=15852 loops=1)
	              Index Cond: (output_id = 'o270'::text)
	              Heap Fetches: 15395
	              Buffers: shared hit=7660 read=7854 written=7187
2026-10-10 08:30:14.879 UTC [1550] hel1435-S4-prod-noio-R100000-b40-explain-r2 LOG:  duration: 7.993 ms  plan:
	Query Text: SELECT count(*) FROM (SELECT 1 FROM output_snapshot_history WHERE output_id = $1 LIMIT $2) x
	Query Parameters: $1 = 'o271', $2 = '84149'
	Aggregate  (cost=904.60..904.61 rows=1 width=8) (actual time=7.992..7.992 rows=1 loops=1)
	  Buffers: shared hit=15375 read=139 written=131
	  ->  Limit  (cost=0.43..707.87 rows=15739 width=4) (actual time=0.026..7.579 rows=15852 loops=1)
	        Buffers: shared hit=15375 read=139 written=131
	        ->  Index Only Scan using idx_output_snapshot_history_output_captured on output_snapshot_history  (cost=0.43..707.87 rows=15739 width=4) (actual time=0.026..6.968 rows=15852 loops=1)
	              Index Cond: (output_id = 'o271'::text)
	              Heap Fetches: 15395
	              Buffers: shared hit=15375 read=139 written=131
2026-10-10 08:30:14.885 UTC [1550] hel1435-S4-prod-noio-R100000-b40-explain-r2 LOG:  duration: 5.823 ms  plan:
	Query Text: SELECT count(*) FROM (SELECT 1 FROM output_snapshot_history WHERE output_id = $1 LIMIT $2) x
	Query Parameters: $1 = 'o272', $2 = '68297'
	Aggregate  (cost=904.60..904.61 rows=1 width=8) (actual time=5.821..5.822 rows=1 loops=1)
	  Buffers: shared hit=15405 read=110 written=103
	  ->  Limit  (cost=0.43..707.87 rows=15739 width=4) (actual time=0.018..5.407 rows=15852 loops=1)
	        Buffers: shared hit=15405 read=110 written=103
	        ->  Index Only Scan using idx_output_snapshot_history_output_captured on output_snapshot_history  (cost=0.43..707.87 rows=15739 width=4) (actual time=0.018..4.803 rows=15852 loops=1)
	              Index Cond: (output_id = 'o272'::text)
	              Heap Fetches: 15395
	              Buffers: shared hit=15405 read=110 written=103
2026-10-10 08:30:14.909 UTC [1550] hel1435-S4-prod-noio-R100000-b40-explain-r2 LOG:  duration: 22.786 ms  plan:
	Query Text: SELECT count(*) FROM (SELECT 1 FROM output_snapshot_history WHERE output_id = $1 LIMIT $2) x
	Query Parameters: $1 = 'o273', $2 = '52445'
	Aggregate  (cost=904.60..904.61 rows=1 width=8) (actual time=22.779..22.780 rows=1 loops=1)
	  Buffers: shared hit=8904 read=6611 written=2491
	  ->  Limit  (cost=0.43..707.87 rows=15739 width=4) (actual time=0.007..22.202 rows=15852 loops=1)
	        Buffers: shared hit=8904 read=6611 written=2491
	        ->  Index Only Scan using idx_output_snapshot_history_output_captured on output_snapshot_history  (cost=0.43..707.87 rows=15739 width=4) (actual time=0.007..21.477 rows=15852 loops=1)
	              Index Cond: (output_id = 'o273'::text)
	              Heap Fetches: 15395
	              Buffers: shared hit=8904 read=6611 written=2491
2026-10-10 08:30:14.971 UTC [1550] hel1435-S4-prod-noio-R100000-b40-explain-r2 LOG:  duration: 61.493 ms  plan:
	Query Text: SELECT count(*) FROM (SELECT 1 FROM output_snapshot_history WHERE output_id = $1 LIMIT $2) x
	Query Parameters: $1 = 'o274', $2 = '36593'
	Aggregate  (cost=904.60..904.61 rows=1 width=8) (actual time=61.489..61.489 rows=1 loops=1)
	  Buffers: shared hit=12693 read=2822 written=196
	  ->  Limit  (cost=0.43..707.87 rows=15739 width=4) (actual time=0.018..60.997 rows=15852 loops=1)
	        Buffers: shared hit=12693 read=2822 written=196
	        ->  Index Only Scan using idx_output_snapshot_history_output_captured on output_snapshot_history  (cost=0.43..707.87 rows=15739 width=4) (actual time=0.017..60.337 rows=15852 loops=1)
	              Index Cond: (output_id = 'o274'::text)
	              Heap Fetches: 15395
	              Buffers: shared hit=12693 read=2822 written=196
2026-10-10 08:30:14.985 UTC [1550] hel1435-S4-prod-noio-R100000-b40-explain-r2 LOG:  duration: 13.829 ms  plan:
	Query Text: SELECT count(*) FROM (SELECT 1 FROM output_snapshot_history WHERE output_id = $1 LIMIT $2) x
	Query Parameters: $1 = 'o275', $2 = '20741'
	Aggregate  (cost=904.60..904.61 rows=1 width=8) (actual time=13.824..13.825 rows=1 loops=1)
	  Buffers: shared hit=11631 read=3884 written=136
	  ->  Limit  (cost=0.43..707.87 rows=15739 width=4) (actual time=0.017..13.306 rows=15852 loops=1)
	        Buffers: shared hit=11631 read=3884 written=136
	        ->  Index Only Scan using idx_output_snapshot_history_output_captured on output_snapshot_history  (cost=0.43..707.87 rows=15739 width=4) (actual time=0.017..12.633 rows=15852 loops=1)
	              Index Cond: (output_id = 'o275'::text)
	              Heap Fetches: 15395
	              Buffers: shared hit=11631 read=3884 written=136
2026-10-10 08:30:15.497 UTC [1550] hel1435-S4-prod-noio-R100000-b40-explain-r2 LOG:  duration: 497.312 ms  plan:
	Query Text: DELETE FROM output_snapshot_history h
	             USING pipelines p, users u
	             WHERE h.output_id = ANY($1) AND h.captured_at < $2
	               AND h.pipeline_id = p.id AND p.owner_id = u.id
	               AND h.captured_at < COALESCE(($3::timestamptz[])[array_position($4::text[], u.tier)], $5)
	Query Parameters: $1 = '{o270,o271,o272,o273,o274,o275}', $2 = '2026-09-10 01:00:00-07', $3 = '{"2026-09-10 01:00:00-07","2026-07-12 01:00:00-07","2025-10-10 01:00:00-07"}', $4 = '{free,beta,owner}', $5 = '2026-09-10 01:00:00-07'
	Delete on output_snapshot_history h  (cost=663.49..105626.88 rows=0 width=0) (actual time=497.308..497.311 rows=0 loops=1)
	  Buffers: shared hit=49868 read=3369 dirtied=9614 written=172
	  WAL: records=43266 bytes=2336364
	  ->  Hash Join  (cost=663.49..105626.88 rows=16654 width=18) (actual time=391.913..484.803 rows=43266 loops=1)
	        Hash Cond: ((h.pipeline_id = p.id) AND (u.id = p.owner_id))
	        Buffers: shared hit=6602 read=3369 written=172
	        ->  Nested Loop  (cost=659.99..101249.57 rows=832717 width=31) (actual time=3.410..347.776 rows=1644108 loops=1)
	              Buffers: shared hit=6602 read=3368 written=172
	              ->  Index Scan using users_pkey on users u  (cost=0.14..12.89 rows=50 width=27) (actual time=0.008..0.046 rows=50 loops=1)
	                    Buffers: shared hit=1 read=1
	              ->  Memoize  (cost=659.85..23063.19 rows=16654 width=17) (actual time=0.071..2.251 rows=32882 loops=50)
	                    Cache Key: COALESCE(('{"2026-09-10 01:00:00-07","2026-07-12 01:00:00-07","2025-10-10 01:00:00-07"}'::timestamp with time zone[])[array_position('{free,beta,owner}'::text[], u.tier)], '2026-09-10 01:00:00-07'::timestamp with time zone)
	                    Cache Mode: binary
	                    Hits: 47  Misses: 3  Evictions: 0  Overflows: 0  Memory Usage: 2367kB
	                    Buffers: shared hit=6601 read=3367 written=172
	                    ->  Bitmap Heap Scan on output_snapshot_history h  (cost=659.84..23063.18 rows=16654 width=17) (actual time=1.147..24.795 rows=14422 loops=3)
	                          Recheck Cond: ((output_id = ANY ('{o270,o271,o272,o273,o274,o275}'::text[])) AND (captured_at < COALESCE(('{"2026-09-10 01:00:00-07","2026-07-12 01:00:00-07","2025-10-10 01:00:00-07"}'::timestamp with time zone[])[array_position('{free,beta,owner}'::text[], u.tier)], '2026-09-10 01:00:00-07'::timestamp with time zone)) AND (captured_at < '2026-09-10 01:00:00-07'::timestamp with time zone))
	                          Heap Blocks: exact=9614
	                          Buffers: shared hit=6601 read=3367 written=172
	                          ->  Bitmap Index Scan on idx_output_snapshot_history_output_captured  (cost=0.00..655.68 rows=16654 width=0) (actual time=0.920..0.920 rows=14422 loops=3)
	                                Index Cond: ((output_id = ANY ('{o270,o271,o272,o273,o274,o275}'::text[])) AND (captured_at < COALESCE(('{"2026-09-10 01:00:00-07","2026-07-12 01:00:00-07","2025-10-10 01:00:00-07"}'::timestamp with time zone[])[array_position('{free,beta,owner}'::text[], u.tier)], '2026-09-10 01:00:00-07'::timestamp with time zone)) AND (captured_at < '2026-09-10 01:00:00-07'::timestamp with time zone))
	                                Buffers: shared hit=123 read=228
	        ->  Hash  (cost=2.00..2.00 rows=100 width=25) (actual time=5.437..5.437 rows=100 loops=1)
	              Buckets: 1024  Batches: 1  Memory Usage: 14kB
	              Buffers: shared read=1
	              ->  Seq Scan on pipelines p  (cost=0.00..2.00 rows=100 width=25) (actual time=5.416..5.422 rows=100 loops=1)
	                    Buffers: shared read=1
	JIT:
	  Functions: 22
	  Options: Inlining false, Optimization false, Expressions true, Deforming true
	  Timing: Generation 0.518 ms, Inlining 0.000 ms, Optimization 0.292 ms, Emission 5.150 ms, Total 5.960 ms
2026-10-10 08:30:16.286 UTC [1550] hel1435-S4-prod-noio-R100000-b40-explain-r2 LOG:  duration: 787.017 ms  plan:
	Query Text: DELETE FROM output_snapshot_history WHERE output_id = ANY($1) AND id IN (
	             SELECT id FROM (
	               SELECT id, age_class, bucket,
	                      row_number() OVER w AS recency,
	                      lag(age_class) OVER w AS prev_class,
	                      lag(bucket) OVER w AS prev_bucket
	               FROM (
	                 SELECT id, output_id, captured_at,
	                        CASE WHEN extract(epoch FROM ($2::timestamptz - captured_at)) < $3 THEN 0
	                             WHEN extract(epoch FROM ($4::timestamptz - captured_at)) < $5 THEN 1
	                             ELSE 2 END AS age_class,
	                        floor(extract(epoch FROM captured_at) /
	                          CASE WHEN extract(epoch FROM ($6::timestamptz - captured_at)) < $7 THEN $8
	                               WHEN extract(epoch FROM ($9::timestamptz - captured_at)) < $10 THEN $11
	                               ELSE $12 END) AS bucket
	                 FROM output_snapshot_history
	                 WHERE output_id = ANY($13)
	               ) classed
	               WINDOW w AS (PARTITION BY output_id ORDER BY captured_at DESC, id DESC)
	             ) ranked
	             WHERE recency > $14 AND prev_class = age_class AND prev_bucket = bucket)
	Query Parameters: $1 = '{o270,o271,o272,o273,o274,o275}', $2 = '2026-10-10 01:00:00-07', $3 = '86400', $4 = '2026-10-10 01:00:00-07', $5 = '604800', $6 = '2026-10-10 01:00:00-07', $7 = '86400', $8 = '300', $9 = '2026-10-10 01:00:00-07', $10 = '604800', $11 = '3600', $12 = '86400', $13 = '{o270,o271,o272,o273,o274,o275}', $14 = '102'
	Delete on output_snapshot_history  (cost=284625.42..284633.45 rows=0 width=0) (actual time=787.013..787.016 rows=0 loops=1)
	  Buffers: shared hit=200504 read=66825 dirtied=22538 written=24532, temp read=15 written=38
	  WAL: records=49104 bytes=2651616
	  ->  Nested Loop  (cost=284625.42..284633.45 rows=1 width=46) (actual time=290.954..773.670 rows=49104 loops=1)
	        Buffers: shared hit=151400 read=66825 written=24532, temp read=15 written=38
	        ->  HashAggregate  (cost=284624.99..284625.00 rows=1 width=56) (actual time=290.917..301.816 rows=49104 loops=1)
	              Group Key: ranked.id
	              Batches: 5  Memory Usage: 8265kB  Disk Usage: 224kB
	              Buffers: shared hit=10974 read=10835 written=145, temp read=15 written=38
	              ->  Subquery Scan on ranked  (cost=272820.36..284624.98 rows=1 width=56) (actual time=115.201..231.641 rows=49104 loops=1)
	                    Filter: ((ranked.recency > 102) AND (ranked.prev_class = ranked.age_class) AND (ranked.prev_bucket = ranked.bucket))
	                    Rows Removed by Filter: 2742
	                    Buffers: shared hit=10974 read=10835 written=145
	                    ->  WindowAgg  (cost=272820.36..282972.34 rows=94437 width=108) (actual time=114.937..223.367 rows=51846 loops=1)
	                          Buffers: shared hit=10974 read=10835 written=145
	                          ->  Sort  (cost=272820.36..273056.45 rows=94437 width=28) (actual time=114.868..118.070 rows=51846 loops=1)
	                                Sort Key: output_snapshot_history_1.output_id, output_snapshot_history_1.captured_at DESC, output_snapshot_history_1.id DESC
	                                Sort Method: quicksort  Memory: 4065kB
	                                Buffers: shared hit=10974 read=10835 written=145
	                                ->  Bitmap Heap Scan on output_snapshot_history output_snapshot_history_1  (cost=3306.46..262755.53 rows=94437 width=28) (actual time=15.970..96.660 rows=51846 loops=1)
	                                      Recheck Cond: (output_id = ANY ('{o270,o271,o272,o273,o274,o275}'::text[]))
	                                      Heap Blocks: exact=21136
	                                      Buffers: shared hit=10965 read=10835 written=145
	                                      ->  Bitmap Index Scan on idx_output_snapshot_history_output_captured  (cost=0.00..3282.85 rows=94437 width=0) (actual time=4.747..4.747 rows=95112 loops=1)
	                                            Index Cond: (output_id = ANY ('{o270,o271,o272,o273,o274,o275}'::text[]))
	                                            Buffers: shared hit=336 read=328
	        ->  Index Scan using output_snapshot_history_pkey on output_snapshot_history  (cost=0.43..8.46 rows=1 width=22) (actual time=0.008..0.008 rows=1 loops=49104)
	              Index Cond: (id = ranked.id)
	              Filter: (output_id = ANY ('{o270,o271,o272,o273,o274,o275}'::text[]))
	              Buffers: shared hit=140426 read=55990 written=24387
	JIT:
	  Functions: 28
	  Options: Inlining false, Optimization false, Expressions true, Deforming true
	  Timing: Generation 0.619 ms, Inlining 0.000 ms, Optimization 0.432 ms, Emission 5.748 ms, Total 6.799 ms
2026-10-10 08:30:16.286 UTC [1550] hel1435-S4-prod-noio-R100000-b40-explain-r2 LOG:  temporary file: path "base/pgsql_tmp/pgsql_tmp1550.0", size 229376
2026-10-10 08:30:16.286 UTC [1550] hel1435-S4-prod-noio-R100000-b40-explain-r2 STATEMENT:  DELETE FROM output_snapshot_history WHERE output_id = ANY($1) AND id IN (
	             SELECT id FROM (
	               SELECT id, age_class, bucket,
	                      row_number() OVER w AS recency,
	                      lag(age_class) OVER w AS prev_class,
	                      lag(bucket) OVER w AS prev_bucket
	               FROM (
	                 SELECT id, output_id, captured_at,
	                        CASE WHEN extract(epoch FROM ($2::timestamptz - captured_at)) < $3 THEN 0
	                             WHEN extract(epoch FROM ($4::timestamptz - captured_at)) < $5 THEN 1
	                             ELSE 2 END AS age_class,
	                        floor(extract(epoch FROM captured_at) /
	                          CASE WHEN extract(epoch FROM ($6::timestamptz - captured_at)) < $7 THEN $8
	                               WHEN extract(epoch FROM ($9::timestamptz - captured_at)) < $10 THEN $11
	                               ELSE $12 END) AS bucket
	                 FROM output_snapshot_history
	                 WHERE output_id = ANY($13)
	               ) classed
	               WINDOW w AS (PARTITION BY output_id ORDER BY captured_at DESC, id DESC)
	             ) ranked
	             WHERE recency > $14 AND prev_class = age_class AND prev_bucket = bucket)
2026-10-10 08:30:16.597 UTC [1552] hel1435-S4-prod-noio-R100000-b40-explain-r3 LOG:  duration: 96.926 ms  plan:
	Query Text: SELECT count(*) FROM (SELECT 1 FROM output_snapshot_history WHERE output_id = $1 LIMIT $2) x
	Query Parameters: $1 = 'o270', $2 = '100001'
	Aggregate  (cost=904.60..904.61 rows=1 width=8) (actual time=96.919..96.920 rows=1 loops=1)
	  Buffers: shared hit=7689 read=7825 written=7158
	  ->  Limit  (cost=0.43..707.87 rows=15739 width=4) (actual time=0.032..96.205 rows=15852 loops=1)
	        Buffers: shared hit=7689 read=7825 written=7158
	        ->  Index Only Scan using idx_output_snapshot_history_output_captured on output_snapshot_history  (cost=0.43..707.87 rows=15739 width=4) (actual time=0.032..95.363 rows=15852 loops=1)
	              Index Cond: (output_id = 'o270'::text)
	              Heap Fetches: 15395
	              Buffers: shared hit=7689 read=7825 written=7158
2026-10-10 08:30:16.604 UTC [1552] hel1435-S4-prod-noio-R100000-b40-explain-r3 LOG:  duration: 7.470 ms  plan:
	Query Text: SELECT count(*) FROM (SELECT 1 FROM output_snapshot_history WHERE output_id = $1 LIMIT $2) x
	Query Parameters: $1 = 'o271', $2 = '84149'
	Aggregate  (cost=904.60..904.61 rows=1 width=8) (actual time=7.468..7.469 rows=1 loops=1)
	  Buffers: shared hit=15373 read=141 written=124
	  ->  Limit  (cost=0.43..707.87 rows=15739 width=4) (actual time=0.024..7.059 rows=15852 loops=1)
	        Buffers: shared hit=15373 read=141 written=124
	        ->  Index Only Scan using idx_output_snapshot_history_output_captured on output_snapshot_history  (cost=0.43..707.87 rows=15739 width=4) (actual time=0.023..6.455 rows=15852 loops=1)
	              Index Cond: (output_id = 'o271'::text)
	              Heap Fetches: 15395
	              Buffers: shared hit=15373 read=141 written=124
2026-10-10 08:30:16.611 UTC [1552] hel1435-S4-prod-noio-R100000-b40-explain-r3 LOG:  duration: 5.971 ms  plan:
	Query Text: SELECT count(*) FROM (SELECT 1 FROM output_snapshot_history WHERE output_id = $1 LIMIT $2) x
	Query Parameters: $1 = 'o272', $2 = '68297'
	Aggregate  (cost=904.60..904.61 rows=1 width=8) (actual time=5.970..5.970 rows=1 loops=1)
	  Buffers: shared hit=15405 read=110 written=12
	  ->  Limit  (cost=0.43..707.87 rows=15739 width=4) (actual time=0.014..5.561 rows=15852 loops=1)
	        Buffers: shared hit=15405 read=110 written=12
	        ->  Index Only Scan using idx_output_snapshot_history_output_captured on output_snapshot_history  (cost=0.43..707.87 rows=15739 width=4) (actual time=0.014..4.959 rows=15852 loops=1)
	              Index Cond: (output_id = 'o272'::text)
	              Heap Fetches: 15395
	              Buffers: shared hit=15405 read=110 written=12
2026-10-10 08:30:16.682 UTC [1552] hel1435-S4-prod-noio-R100000-b40-explain-r3 LOG:  duration: 71.039 ms  plan:
	Query Text: SELECT count(*) FROM (SELECT 1 FROM output_snapshot_history WHERE output_id = $1 LIMIT $2) x
	Query Parameters: $1 = 'o273', $2 = '52445'
	Aggregate  (cost=904.60..904.61 rows=1 width=8) (actual time=71.031..71.032 rows=1 loops=1)
	  Buffers: shared hit=8861 read=6654 written=2558
	  ->  Limit  (cost=0.43..707.87 rows=15739 width=4) (actual time=0.009..70.452 rows=15852 loops=1)
	        Buffers: shared hit=8861 read=6654 written=2558
	        ->  Index Only Scan using idx_output_snapshot_history_output_captured on output_snapshot_history  (cost=0.43..707.87 rows=15739 width=4) (actual time=0.008..69.723 rows=15852 loops=1)
	              Index Cond: (output_id = 'o273'::text)
	              Heap Fetches: 15395
	              Buffers: shared hit=8861 read=6654 written=2558
2026-10-10 08:30:16.696 UTC [1552] hel1435-S4-prod-noio-R100000-b40-explain-r3 LOG:  duration: 12.884 ms  plan:
	Query Text: SELECT count(*) FROM (SELECT 1 FROM output_snapshot_history WHERE output_id = $1 LIMIT $2) x
	Query Parameters: $1 = 'o274', $2 = '36593'
	Aggregate  (cost=904.60..904.61 rows=1 width=8) (actual time=12.879..12.880 rows=1 loops=1)
	  Buffers: shared hit=12707 read=2808 written=189
	  ->  Limit  (cost=0.43..707.87 rows=15739 width=4) (actual time=0.024..12.393 rows=15852 loops=1)
	        Buffers: shared hit=12707 read=2808 written=189
	        ->  Index Only Scan using idx_output_snapshot_history_output_captured on output_snapshot_history  (cost=0.43..707.87 rows=15739 width=4) (actual time=0.023..11.744 rows=15852 loops=1)
	              Index Cond: (output_id = 'o274'::text)
	              Heap Fetches: 15395
	              Buffers: shared hit=12707 read=2808 written=189
2026-10-10 08:30:16.710 UTC [1552] hel1435-S4-prod-noio-R100000-b40-explain-r3 LOG:  duration: 14.428 ms  plan:
	Query Text: SELECT count(*) FROM (SELECT 1 FROM output_snapshot_history WHERE output_id = $1 LIMIT $2) x
	Query Parameters: $1 = 'o275', $2 = '20741'
	Aggregate  (cost=904.60..904.61 rows=1 width=8) (actual time=14.422..14.423 rows=1 loops=1)
	  Buffers: shared hit=11623 read=3892 written=139
	  ->  Limit  (cost=0.43..707.87 rows=15739 width=4) (actual time=0.020..13.907 rows=15852 loops=1)
	        Buffers: shared hit=11623 read=3892 written=139
	        ->  Index Only Scan using idx_output_snapshot_history_output_captured on output_snapshot_history  (cost=0.43..707.87 rows=15739 width=4) (actual time=0.020..13.236 rows=15852 loops=1)
	              Index Cond: (output_id = 'o275'::text)
	              Heap Fetches: 15395
	              Buffers: shared hit=11623 read=3892 written=139
2026-10-10 08:30:17.294 UTC [1552] hel1435-S4-prod-noio-R100000-b40-explain-r3 LOG:  duration: 516.485 ms  plan:
	Query Text: DELETE FROM output_snapshot_history h
	             USING pipelines p, users u
	             WHERE h.output_id = ANY($1) AND h.captured_at < $2
	               AND h.pipeline_id = p.id AND p.owner_id = u.id
	               AND h.captured_at < COALESCE(($3::timestamptz[])[array_position($4::text[], u.tier)], $5)
	Query Parameters: $1 = '{o270,o271,o272,o273,o274,o275}', $2 = '2026-09-10 01:00:00-07', $3 = '{"2026-09-10 01:00:00-07","2026-07-12 01:00:00-07","2025-10-10 01:00:00-07"}', $4 = '{free,beta,owner}', $5 = '2026-09-10 01:00:00-07'
	Delete on output_snapshot_history h  (cost=663.49..105626.88 rows=0 width=0) (actual time=516.481..516.484 rows=0 loops=1)
	  Buffers: shared hit=49873 read=3364 dirtied=9614 written=174
	  WAL: records=43266 bytes=2336364
	  ->  Hash Join  (cost=663.49..105626.88 rows=16654 width=18) (actual time=405.437..501.555 rows=43266 loops=1)
	        Hash Cond: ((h.pipeline_id = p.id) AND (u.id = p.owner_id))
	        Buffers: shared hit=6607 read=3364 written=174
	        ->  Nested Loop  (cost=659.99..101249.57 rows=832717 width=31) (actual time=3.557..255.317 rows=1644108 loops=1)
	              Buffers: shared hit=6607 read=3363 written=173
	              ->  Index Scan using users_pkey on users u  (cost=0.14..12.89 rows=50 width=27) (actual time=0.022..0.170 rows=50 loops=1)
	                    Buffers: shared hit=1 read=1
	              ->  Memoize  (cost=659.85..23063.19 rows=16654 width=17) (actual time=0.076..2.325 rows=32882 loops=50)
	                    Cache Key: COALESCE(('{"2026-09-10 01:00:00-07","2026-07-12 01:00:00-07","2025-10-10 01:00:00-07"}'::timestamp with time zone[])[array_position('{free,beta,owner}'::text[], u.tier)], '2026-09-10 01:00:00-07'::timestamp with time zone)
	                    Cache Mode: binary
	                    Hits: 47  Misses: 3  Evictions: 0  Overflows: 0  Memory Usage: 2367kB
	                    Buffers: shared hit=6606 read=3362 written=173
	                    ->  Bitmap Heap Scan on output_snapshot_history h  (cost=659.84..23063.18 rows=16654 width=17) (actual time=1.196..25.029 rows=14422 loops=3)
	                          Recheck Cond: ((output_id = ANY ('{o270,o271,o272,o273,o274,o275}'::text[])) AND (captured_at < COALESCE(('{"2026-09-10 01:00:00-07","2026-07-12 01:00:00-07","2025-10-10 01:00:00-07"}'::timestamp with time zone[])[array_position('{free,beta,owner}'::text[], u.tier)], '2026-09-10 01:00:00-07'::timestamp with time zone)) AND (captured_at < '2026-09-10 01:00:00-07'::timestamp with time zone))
	                          Heap Blocks: exact=9614
	                          Buffers: shared hit=6606 read=3362 written=173
	                          ->  Bitmap Index Scan on idx_output_snapshot_history_output_captured  (cost=0.00..655.68 rows=16654 width=0) (actual time=0.963..0.964 rows=14422 loops=3)
	                                Index Cond: ((output_id = ANY ('{o270,o271,o272,o273,o274,o275}'::text[])) AND (captured_at < COALESCE(('{"2026-09-10 01:00:00-07","2026-07-12 01:00:00-07","2025-10-10 01:00:00-07"}'::timestamp with time zone[])[array_position('{free,beta,owner}'::text[], u.tier)], '2026-09-10 01:00:00-07'::timestamp with time zone)) AND (captured_at < '2026-09-10 01:00:00-07'::timestamp with time zone))
	                                Buffers: shared hit=123 read=228 written=20
	        ->  Hash  (cost=2.00..2.00 rows=100 width=25) (actual time=5.561..5.562 rows=100 loops=1)
	              Buckets: 1024  Batches: 1  Memory Usage: 14kB
	              Buffers: shared read=1 written=1
	              ->  Seq Scan on pipelines p  (cost=0.00..2.00 rows=100 width=25) (actual time=5.534..5.541 rows=100 loops=1)
	                    Buffers: shared read=1 written=1
	JIT:
	  Functions: 22
	  Options: Inlining false, Optimization false, Expressions true, Deforming true
	  Timing: Generation 0.650 ms, Inlining 0.000 ms, Optimization 0.307 ms, Emission 5.238 ms, Total 6.195 ms
2026-10-10 08:30:18.207 UTC [1552] hel1435-S4-prod-noio-R100000-b40-explain-r3 LOG:  duration: 910.507 ms  plan:
	Query Text: DELETE FROM output_snapshot_history WHERE output_id = ANY($1) AND id IN (
	             SELECT id FROM (
	               SELECT id, age_class, bucket,
	                      row_number() OVER w AS recency,
	                      lag(age_class) OVER w AS prev_class,
	                      lag(bucket) OVER w AS prev_bucket
	               FROM (
	                 SELECT id, output_id, captured_at,
	                        CASE WHEN extract(epoch FROM ($2::timestamptz - captured_at)) < $3 THEN 0
	                             WHEN extract(epoch FROM ($4::timestamptz - captured_at)) < $5 THEN 1
	                             ELSE 2 END AS age_class,
	                        floor(extract(epoch FROM captured_at) /
	                          CASE WHEN extract(epoch FROM ($6::timestamptz - captured_at)) < $7 THEN $8
	                               WHEN extract(epoch FROM ($9::timestamptz - captured_at)) < $10 THEN $11
	                               ELSE $12 END) AS bucket
	                 FROM output_snapshot_history
	                 WHERE output_id = ANY($13)
	               ) classed
	               WINDOW w AS (PARTITION BY output_id ORDER BY captured_at DESC, id DESC)
	             ) ranked
	             WHERE recency > $14 AND prev_class = age_class AND prev_bucket = bucket)
	Query Parameters: $1 = '{o270,o271,o272,o273,o274,o275}', $2 = '2026-10-10 01:00:00-07', $3 = '86400', $4 = '2026-10-10 01:00:00-07', $5 = '604800', $6 = '2026-10-10 01:00:00-07', $7 = '86400', $8 = '300', $9 = '2026-10-10 01:00:00-07', $10 = '604800', $11 = '3600', $12 = '86400', $13 = '{o270,o271,o272,o273,o274,o275}', $14 = '102'
	Delete on output_snapshot_history  (cost=284625.42..284633.45 rows=0 width=0) (actual time=910.502..910.506 rows=0 loops=1)
	  Buffers: shared hit=200523 read=66806 dirtied=22503 written=24496, temp read=15 written=38
	  WAL: records=49104 bytes=2651616
	  ->  Nested Loop  (cost=284625.42..284633.45 rows=1 width=46) (actual time=304.146..850.191 rows=49104 loops=1)
	        Buffers: shared hit=151419 read=66806 written=24496, temp read=15 written=38
	        ->  HashAggregate  (cost=284624.99..284625.00 rows=1 width=56) (actual time=304.113..316.364 rows=49104 loops=1)
	              Group Key: ranked.id
	              Batches: 5  Memory Usage: 8265kB  Disk Usage: 224kB
	              Buffers: shared hit=10989 read=10820 written=248, temp read=15 written=38
	              ->  Subquery Scan on ranked  (cost=272820.36..284624.98 rows=1 width=56) (actual time=121.056..243.019 rows=49104 loops=1)
	                    Filter: ((ranked.recency > 102) AND (ranked.prev_class = ranked.age_class) AND (ranked.prev_bucket = ranked.bucket))
	                    Rows Removed by Filter: 2742
	                    Buffers: shared hit=10989 read=10820 written=248
	                    ->  WindowAgg  (cost=272820.36..282972.34 rows=94437 width=108) (actual time=120.791..234.778 rows=51846 loops=1)
	                          Buffers: shared hit=10989 read=10820 written=248
	                          ->  Sort  (cost=272820.36..273056.45 rows=94437 width=28) (actual time=120.717..126.812 rows=51846 loops=1)
	                                Sort Key: output_snapshot_history_1.output_id, output_snapshot_history_1.captured_at DESC, output_snapshot_history_1.id DESC
	                                Sort Method: quicksort  Memory: 4065kB
	                                Buffers: shared hit=10989 read=10820 written=248
	                                ->  Bitmap Heap Scan on output_snapshot_history output_snapshot_history_1  (cost=3306.46..262755.53 rows=94437 width=28) (actual time=18.150..52.071 rows=51846 loops=1)
	                                      Recheck Cond: (output_id = ANY ('{o270,o271,o272,o273,o274,o275}'::text[]))
	                                      Heap Blocks: exact=21136
	                                      Buffers: shared hit=10980 read=10820 written=248
	                                      ->  Bitmap Index Scan on idx_output_snapshot_history_output_captured  (cost=0.00..3282.85 rows=94437 width=0) (actual time=5.513..5.514 rows=95112 loops=1)
	                                            Index Cond: (output_id = ANY ('{o270,o271,o272,o273,o274,o275}'::text[]))
	                                            Buffers: shared hit=336 read=328
	        ->  Index Scan using output_snapshot_history_pkey on output_snapshot_history  (cost=0.43..8.46 rows=1 width=22) (actual time=0.011..0.011 rows=1 loops=49104)
	              Index Cond: (id = ranked.id)
	              Filter: (output_id = ANY ('{o270,o271,o272,o273,o274,o275}'::text[]))
	              Buffers: shared hit=140430 read=55986 written=24248
	JIT:
	  Functions: 28
	  Options: Inlining false, Optimization false, Expressions true, Deforming true
	  Timing: Generation 0.711 ms, Inlining 0.000 ms, Optimization 0.498 ms, Emission 5.986 ms, Total 7.195 ms
2026-10-10 08:30:18.207 UTC [1552] hel1435-S4-prod-noio-R100000-b40-explain-r3 LOG:  temporary file: path "base/pgsql_tmp/pgsql_tmp1552.0", size 229376
2026-10-10 08:30:18.207 UTC [1552] hel1435-S4-prod-noio-R100000-b40-explain-r3 STATEMENT:  DELETE FROM output_snapshot_history WHERE output_id = ANY($1) AND id IN (
	             SELECT id FROM (
	               SELECT id, age_class, bucket,
	                      row_number() OVER w AS recency,
	                      lag(age_class) OVER w AS prev_class,
	                      lag(bucket) OVER w AS prev_bucket
	               FROM (
	                 SELECT id, output_id, captured_at,
	                        CASE WHEN extract(epoch FROM ($2::timestamptz - captured_at)) < $3 THEN 0
	                             WHEN extract(epoch FROM ($4::timestamptz - captured_at)) < $5 THEN 1
	                             ELSE 2 END AS age_class,
	                        floor(extract(epoch FROM captured_at) /
	                          CASE WHEN extract(epoch FROM ($6::timestamptz - captured_at)) < $7 THEN $8
	                               WHEN extract(epoch FROM ($9::timestamptz - captured_at)) < $10 THEN $11
	                               ELSE $12 END) AS bucket
	                 FROM output_snapshot_history
	                 WHERE output_id = ANY($13)
	               ) classed
	               WINDOW w AS (PARTITION BY output_id ORDER BY captured_at DESC, id DESC)
	             ) ranked
	             WHERE recency > $14 AND prev_class = age_class AND prev_bucket = bucket)
2026-10-10 08:30:19.888 UTC [1554] hel1435-S4-prod-noio-R100000-b40-timed-r1 LOG:  temporary file: path "base/pgsql_tmp/pgsql_tmp1554.0", size 229376
2026-10-10 08:30:19.888 UTC [1554] hel1435-S4-prod-noio-R100000-b40-timed-r1 STATEMENT:  DELETE FROM output_snapshot_history WHERE output_id = ANY($1) AND id IN (
	             SELECT id FROM (
	               SELECT id, age_class, bucket,
	                      row_number() OVER w AS recency,
	                      lag(age_class) OVER w AS prev_class,
	                      lag(bucket) OVER w AS prev_bucket
	               FROM (
	                 SELECT id, output_id, captured_at,
	                        CASE WHEN extract(epoch FROM ($2::timestamptz - captured_at)) < $3 THEN 0
	                             WHEN extract(epoch FROM ($4::timestamptz - captured_at)) < $5 THEN 1
	                             ELSE 2 END AS age_class,
	                        floor(extract(epoch FROM captured_at) /
	                          CASE WHEN extract(epoch FROM ($6::timestamptz - captured_at)) < $7 THEN $8
	                               WHEN extract(epoch FROM ($9::timestamptz - captured_at)) < $10 THEN $11
	                               ELSE $12 END) AS bucket
	                 FROM output_snapshot_history
	                 WHERE output_id = ANY($13)
	               ) classed
	               WINDOW w AS (PARTITION BY output_id ORDER BY captured_at DESC, id DESC)
	             ) ranked
	             WHERE recency > $14 AND prev_class = age_class AND prev_bucket = bucket)
2026-10-10 08:30:21.485 UTC [1556] hel1435-S4-prod-noio-R100000-b40-timed-r2 LOG:  temporary file: path "base/pgsql_tmp/pgsql_tmp1556.0", size 229376
2026-10-10 08:30:21.485 UTC [1556] hel1435-S4-prod-noio-R100000-b40-timed-r2 STATEMENT:  DELETE FROM output_snapshot_history WHERE output_id = ANY($1) AND id IN (
	             SELECT id FROM (
	               SELECT id, age_class, bucket,
	                      row_number() OVER w AS recency,
	                      lag(age_class) OVER w AS prev_class,
	                      lag(bucket) OVER w AS prev_bucket
	               FROM (
	                 SELECT id, output_id, captured_at,
	                        CASE WHEN extract(epoch FROM ($2::timestamptz - captured_at)) < $3 THEN 0
	                             WHEN extract(epoch FROM ($4::timestamptz - captured_at)) < $5 THEN 1
	                             ELSE 2 END AS age_class,
	                        floor(extract(epoch FROM captured_at) /
	                          CASE WHEN extract(epoch FROM ($6::timestamptz - captured_at)) < $7 THEN $8
	                               WHEN extract(epoch FROM ($9::timestamptz - captured_at)) < $10 THEN $11
	                               ELSE $12 END) AS bucket
	                 FROM output_snapshot_history
	                 WHERE output_id = ANY($13)
	               ) classed
	               WINDOW w AS (PARTITION BY output_id ORDER BY captured_at DESC, id DESC)
	             ) ranked
	             WHERE recency > $14 AND prev_class = age_class AND prev_bucket = bucket)
2026-10-10 08:30:23.190 UTC [1558] hel1435-S4-prod-noio-R100000-b40-timed-r3 LOG:  temporary file: path "base/pgsql_tmp/pgsql_tmp1558.0", size 229376
2026-10-10 08:30:23.190 UTC [1558] hel1435-S4-prod-noio-R100000-b40-timed-r3 STATEMENT:  DELETE FROM output_snapshot_history WHERE output_id = ANY($1) AND id IN (
	             SELECT id FROM (
	               SELECT id, age_class, bucket,
	                      row_number() OVER w AS recency,
	                      lag(age_class) OVER w AS prev_class,
	                      lag(bucket) OVER w AS prev_bucket
	               FROM (
	                 SELECT id, output_id, captured_at,
	                        CASE WHEN extract(epoch FROM ($2::timestamptz - captured_at)) < $3 THEN 0
	                             WHEN extract(epoch FROM ($4::timestamptz - captured_at)) < $5 THEN 1
	                             ELSE 2 END AS age_class,
	                        floor(extract(epoch FROM captured_at) /
	                          CASE WHEN extract(epoch FROM ($6::timestamptz - captured_at)) < $7 THEN $8
	                               WHEN extract(epoch FROM ($9::timestamptz - captured_at)) < $10 THEN $11
	                               ELSE $12 END) AS bucket
	                 FROM output_snapshot_history
	                 WHERE output_id = ANY($13)
	               ) classed
	               WINDOW w AS (PARTITION BY output_id ORDER BY captured_at DESC, id DESC)
	             ) ranked
	             WHERE recency > $14 AND prev_class = age_class AND prev_bucket = bucket)
2026-10-10 08:30:23.917 UTC [1561] hel1435-S4-prod-noio-R100000-b60-explain-r1 LOG:  duration: 146.103 ms  plan:
	Query Text: SELECT count(*) FROM (SELECT 1 FROM output_snapshot_history WHERE output_id = $1 LIMIT $2) x
	Query Parameters: $1 = 'o97', $2 = '100001'
	Aggregate  (cost=1557.82..1557.83 rows=1 width=8) (actual time=146.094..146.096 rows=1 loops=1)
	  Buffers: shared read=28505
	  ->  Limit  (cost=0.43..1218.91 rows=27113 width=4) (actual time=0.031..144.520 rows=28812 loops=1)
	        Buffers: shared read=28505
	        ->  Index Only Scan using idx_output_snapshot_history_output_captured on output_snapshot_history  (cost=0.43..1218.91 rows=27113 width=4) (actual time=0.030..142.745 rows=28812 loops=1)
	              Index Cond: (output_id = 'o97'::text)
	              Heap Fetches: 28295
	              Buffers: shared read=28505
2026-10-10 08:30:24.080 UTC [1561] hel1435-S4-prod-noio-R100000-b60-explain-r1 LOG:  duration: 161.561 ms  plan:
	Query Text: SELECT count(*) FROM (SELECT 1 FROM output_snapshot_history WHERE output_id = $1 LIMIT $2) x
	Query Parameters: $1 = 'o98', $2 = '71189'
	Aggregate  (cost=1506.16..1506.17 rows=1 width=8) (actual time=161.552..161.554 rows=1 loops=1)
	  Buffers: shared hit=1 read=28504
	  ->  Limit  (cost=0.43..1178.77 rows=26191 width=4) (actual time=0.017..160.104 rows=28812 loops=1)
	        Buffers: shared hit=1 read=28504
	        ->  Index Only Scan using idx_output_snapshot_history_output_captured on output_snapshot_history  (cost=0.43..1178.77 rows=26191 width=4) (actual time=0.016..158.404 rows=28812 loops=1)
	              Index Cond: (output_id = 'o98'::text)
	              Heap Fetches: 28295
	              Buffers: shared hit=1 read=28504
2026-10-10 08:30:24.191 UTC [1561] hel1435-S4-prod-noio-R100000-b60-explain-r1 LOG:  duration: 110.429 ms  plan:
	Query Text: SELECT count(*) FROM (SELECT 1 FROM output_snapshot_history WHERE output_id = $1 LIMIT $2) x
	Query Parameters: $1 = 'o99', $2 = '42377'
	Aggregate  (cost=1697.73..1697.74 rows=1 width=8) (actual time=110.421..110.422 rows=1 loops=1)
	  Buffers: shared hit=1 read=28504
	  ->  Limit  (cost=0.43..1328.86 rows=29510 width=4) (actual time=0.024..108.996 rows=28812 loops=1)
	        Buffers: shared hit=1 read=28504
	        ->  Index Only Scan using idx_output_snapshot_history_output_captured on output_snapshot_history  (cost=0.43..1328.86 rows=29510 width=4) (actual time=0.023..107.344 rows=28812 loops=1)
	              Index Cond: (output_id = 'o99'::text)
	              Heap Fetches: 28295
	              Buffers: shared hit=1 read=28504
2026-10-10 08:30:24.893 UTC [1561] hel1435-S4-prod-noio-R100000-b60-explain-r1 LOG:  duration: 690.450 ms  plan:
	Query Text: DELETE FROM output_snapshot_history h
	             USING pipelines p, users u
	             WHERE h.output_id = ANY($1) AND h.captured_at < $2
	               AND h.pipeline_id = p.id AND p.owner_id = u.id
	               AND h.captured_at < COALESCE(($3::timestamptz[])[array_position($4::text[], u.tier)], $5)
	Query Parameters: $1 = '{o97,o98,o99}', $2 = '2026-09-10 01:00:00-07', $3 = '{"2026-09-10 01:00:00-07","2026-07-12 01:00:00-07","2025-10-10 01:00:00-07"}', $4 = '{free,beta,owner}', $5 = '2026-09-10 01:00:00-07'
	Delete on output_snapshot_history h  (cost=573.47..103039.99 rows=0 width=0) (actual time=690.447..690.449 rows=0 loops=1)
	  Buffers: shared hit=26311 read=8449 dirtied=3195
	  WAL: records=8673 fpi=3195 bytes=25635357
	  ->  Hash Join  (cost=573.47..103039.99 rows=14604 width=18) (actual time=590.639..654.747 rows=8673 loops=1)
	        Hash Cond: ((h.pipeline_id = p.id) AND (u.id = p.owner_id))
	        Buffers: shared hit=17638 read=8449
	        ->  Nested Loop  (cost=569.97..99201.07 rows=730217 width=31) (actual time=6.042..485.343 rows=2386224 loops=1)
	              Buffers: shared hit=17638 read=8448
	              ->  Index Scan using users_pkey on users u  (cost=0.14..12.89 rows=50 width=27) (actual time=0.009..0.058 rows=50 loops=1)
	                    Buffers: shared hit=1 read=1
	              ->  Memoize  (cost=569.83..22867.16 rows=14604 width=17) (actual time=0.138..3.881 rows=47724 loops=50)
	                    Cache Key: COALESCE(('{"2026-09-10 01:00:00-07","2026-07-12 01:00:00-07","2025-10-10 01:00:00-07"}'::timestamp with time zone[])[array_position('{free,beta,owner}'::text[], u.tier)], '2026-09-10 01:00:00-07'::timestamp with time zone)
	                    Cache Mode: binary
	                    Hits: 47  Misses: 3  Evictions: 0  Overflows: 0  Memory Usage: 3784kB
	                    Buffers: shared hit=17637 read=8447
	                    ->  Bitmap Heap Scan on output_snapshot_history h  (cost=569.82..22867.15 rows=14604 width=17) (actual time=2.236..29.615 rows=23062 loops=3)
	                          Recheck Cond: ((output_id = ANY ('{o97,o98,o99}'::text[])) AND (captured_at < COALESCE(('{"2026-09-10 01:00:00-07","2026-07-12 01:00:00-07","2025-10-10 01:00:00-07"}'::timestamp with time zone[])[array_position('{free,beta,owner}'::text[], u.tier)], '2026-09-10 01:00:00-07'::timestamp with time zone)) AND (captured_at < '2026-09-10 01:00:00-07'::timestamp with time zone))
	                          Heap Blocks: exact=25580
	                          Buffers: shared hit=17637 read=8447
	                          ->  Bitmap Index Scan on idx_output_snapshot_history_output_captured  (cost=0.00..566.17 rows=14604 width=0) (actual time=1.615..1.616 rows=23062 loops=3)
	                                Index Cond: ((output_id = ANY ('{o97,o98,o99}'::text[])) AND (captured_at < COALESCE(('{"2026-09-10 01:00:00-07","2026-07-12 01:00:00-07","2025-10-10 01:00:00-07"}'::timestamp with time zone[])[array_position('{free,beta,owner}'::text[], u.tier)], '2026-09-10 01:00:00-07'::timestamp with time zone)) AND (captured_at < '2026-09-10 01:00:00-07'::timestamp with time zone))
	                                Buffers: shared hit=189 read=312
	        ->  Hash  (cost=2.00..2.00 rows=100 width=25) (actual time=5.343..5.343 rows=100 loops=1)
	              Buckets: 1024  Batches: 1  Memory Usage: 14kB
	              Buffers: shared read=1
	              ->  Seq Scan on pipelines p  (cost=0.00..2.00 rows=100 width=25) (actual time=5.322..5.327 rows=100 loops=1)
	                    Buffers: shared read=1
	JIT:
	  Functions: 22
	  Options: Inlining false, Optimization false, Expressions true, Deforming true
	  Timing: Generation 0.520 ms, Inlining 0.000 ms, Optimization 0.295 ms, Emission 5.051 ms, Total 5.866 ms
2026-10-10 08:30:26.079 UTC [33]  LOG:  checkpoint complete: wrote 423 buffers (2.6%); 0 WAL file(s) added, 5 removed, 30 recycled; write=21.652 s, sync=0.297 s, total=22.060 s; sync files=4, longest=0.159 s, average=0.075 s; distance=564004 kB, estimate=604473 kB; lsn=76/339B8A60, redo lsn=76/124053B8
2026-10-10 08:30:26.079 UTC [33]  LOG:  checkpoints are occurring too frequently (22 seconds apart)
2026-10-10 08:30:26.079 UTC [33]  HINT:  Consider increasing the configuration parameter "max_wal_size".
2026-10-10 08:30:26.079 UTC [33]  LOG:  checkpoint starting: wal
2026-10-10 08:30:26.891 UTC [1561] hel1435-S4-prod-noio-R100000-b60-explain-r1 LOG:  duration: 1995.371 ms  plan:
	Query Text: DELETE FROM output_snapshot_history WHERE output_id = ANY($1) AND id IN (
	             SELECT id FROM (
	               SELECT id, age_class, bucket,
	                      row_number() OVER w AS recency,
	                      lag(age_class) OVER w AS prev_class,
	                      lag(bucket) OVER w AS prev_bucket
	               FROM (
	                 SELECT id, output_id, captured_at,
	                        CASE WHEN extract(epoch FROM ($2::timestamptz - captured_at)) < $3 THEN 0
	                             WHEN extract(epoch FROM ($4::timestamptz - captured_at)) < $5 THEN 1
	                             ELSE 2 END AS age_class,
	                        floor(extract(epoch FROM captured_at) /
	                          CASE WHEN extract(epoch FROM ($6::timestamptz - captured_at)) < $7 THEN $8
	                               WHEN extract(epoch FROM ($9::timestamptz - captured_at)) < $10 THEN $11
	                               ELSE $12 END) AS bucket
	                 FROM output_snapshot_history
	                 WHERE output_id = ANY($13)
	               ) classed
	               WINDOW w AS (PARTITION BY output_id ORDER BY captured_at DESC, id DESC)
	             ) ranked
	             WHERE recency > $14 AND prev_class = age_class AND prev_bucket = bucket)
	Query Parameters: $1 = '{o97,o98,o99}', $2 = '2026-10-10 01:00:00-07', $3 = '86400', $4 = '2026-10-10 01:00:00-07', $5 = '604800', $6 = '2026-10-10 01:00:00-07', $7 = '86400', $8 = '300', $9 = '2026-10-10 01:00:00-07', $10 = '604800', $11 = '3600', $12 = '86400', $13 = '{o97,o98,o99}', $14 = '102'
	Delete on output_snapshot_history  (cost=249691.84..249699.87 rows=0 width=0) (actual time=1995.367..1995.370 rows=0 loops=1)
	  Buffers: shared hit=269636 read=145939 dirtied=65996 written=59319, temp read=734 written=1085
	  WAL: records=76212 fpi=49278 bytes=392278254
	  ->  Nested Loop  (cost=249691.84..249699.87 rows=1 width=46) (actual time=482.601..1482.216 rows=76212 loops=1)
	        Buffers: shared hit=193424 read=145939 written=59319, temp read=734 written=1085
	        ->  HashAggregate  (cost=249691.41..249691.42 rows=1 width=56) (actual time=482.563..500.832 rows=76212 loops=1)
	              Group Key: ranked.id
	              Batches: 5  Memory Usage: 8265kB  Disk Usage: 3624kB
	              Buffers: shared hit=8475 read=26040 written=287, temp read=734 written=1085
	              ->  Subquery Scan on ranked  (cost=239339.65..249691.40 rows=1 width=56) (actual time=210.765..418.762 rows=76212 loops=1)
	                    Filter: ((ranked.recency > 102) AND (ranked.prev_class = ranked.age_class) AND (ranked.prev_bucket = ranked.bucket))
	                    Rows Removed by Filter: 1551
	                    Buffers: shared hit=8475 read=26040 written=287, temp read=362 written=363
	                    ->  WindowAgg  (cost=239339.65..248242.16 rows=82814 width=108) (actual time=210.477..355.973 rows=77763 loops=1)
	                          Buffers: shared hit=8475 read=26040 written=287, temp read=362 written=363
	                          ->  Sort  (cost=239339.65..239546.69 rows=82814 width=28) (actual time=210.416..215.157 rows=77763 loops=1)
	                                Sort Key: output_snapshot_history_1.output_id, output_snapshot_history_1.captured_at DESC, output_snapshot_history_1.id DESC
	                                Sort Method: external merge  Disk: 2896kB
	                                Buffers: shared hit=8475 read=26040 written=287, temp read=362 written=363
	                                ->  Bitmap Heap Scan on output_snapshot_history output_snapshot_history_1  (cost=2907.11..230590.25 rows=82814 width=28) (actual time=14.943..186.439 rows=77763 loops=1)
	                                      Recheck Cond: (output_id = ANY ('{o97,o98,o99}'::text[]))
	                                      Heap Blocks: exact=33906
	                                      Buffers: shared hit=8467 read=26039 written=287
	                                      ->  Bitmap Index Scan on idx_output_snapshot_history_output_captured  (cost=0.00..2886.41 rows=82814 width=0) (actual time=5.628..5.629 rows=86436 loops=1)
	                                            Index Cond: (output_id = ANY ('{o97,o98,o99}'::text[]))
	                                            Buffers: shared hit=101 read=499
	        ->  Index Scan using output_snapshot_history_pkey on output_snapshot_history  (cost=0.43..8.45 rows=1 width=22) (actual time=0.013..0.013 rows=1 loops=76212)
	              Index Cond: (id = ranked.id)
	              Filter: (output_id = ANY ('{o97,o98,o99}'::text[]))
	              Buffers: shared hit=184949 read=119899 written=59032
	JIT:
	  Functions: 28
	  Options: Inlining false, Optimization false, Expressions true, Deforming true
	  Timing: Generation 0.629 ms, Inlining 0.000 ms, Optimization 0.444 ms, Emission 5.896 ms, Total 6.968 ms
2026-10-10 08:30:26.891 UTC [1561] hel1435-S4-prod-noio-R100000-b60-explain-r1 LOG:  temporary file: path "base/pgsql_tmp/pgsql_tmp1561.1", size 3710976
2026-10-10 08:30:26.891 UTC [1561] hel1435-S4-prod-noio-R100000-b60-explain-r1 STATEMENT:  DELETE FROM output_snapshot_history WHERE output_id = ANY($1) AND id IN (
	             SELECT id FROM (
	               SELECT id, age_class, bucket,
	                      row_number() OVER w AS recency,
	                      lag(age_class) OVER w AS prev_class,
	                      lag(bucket) OVER w AS prev_bucket
	               FROM (
	                 SELECT id, output_id, captured_at,
	                        CASE WHEN extract(epoch FROM ($2::timestamptz - captured_at)) < $3 THEN 0
	                             WHEN extract(epoch FROM ($4::timestamptz - captured_at)) < $5 THEN 1
	                             ELSE 2 END AS age_class,
	                        floor(extract(epoch FROM captured_at) /
	                          CASE WHEN extract(epoch FROM ($6::timestamptz - captured_at)) < $7 THEN $8
	                               WHEN extract(epoch FROM ($9::timestamptz - captured_at)) < $10 THEN $11
	                               ELSE $12 END) AS bucket
	                 FROM output_snapshot_history
	                 WHERE output_id = ANY($13)
	               ) classed
	               WINDOW w AS (PARTITION BY output_id ORDER BY captured_at DESC, id DESC)
	             ) ranked
	             WHERE recency > $14 AND prev_class = age_class AND prev_bucket = bucket)
2026-10-10 08:30:26.893 UTC [1561] hel1435-S4-prod-noio-R100000-b60-explain-r1 LOG:  temporary file: path "base/pgsql_tmp/pgsql_tmp1561.0", size 2965504
2026-10-10 08:30:26.893 UTC [1561] hel1435-S4-prod-noio-R100000-b60-explain-r1 STATEMENT:  DELETE FROM output_snapshot_history WHERE output_id = ANY($1) AND id IN (
	             SELECT id FROM (
	               SELECT id, age_class, bucket,
	                      row_number() OVER w AS recency,
	                      lag(age_class) OVER w AS prev_class,
	                      lag(bucket) OVER w AS prev_bucket
	               FROM (
	                 SELECT id, output_id, captured_at,
	                        CASE WHEN extract(epoch FROM ($2::timestamptz - captured_at)) < $3 THEN 0
	                             WHEN extract(epoch FROM ($4::timestamptz - captured_at)) < $5 THEN 1
	                             ELSE 2 END AS age_class,
	                        floor(extract(epoch FROM captured_at) /
	                          CASE WHEN extract(epoch FROM ($6::timestamptz - captured_at)) < $7 THEN $8
	                               WHEN extract(epoch FROM ($9::timestamptz - captured_at)) < $10 THEN $11
	                               ELSE $12 END) AS bucket
	                 FROM output_snapshot_history
	                 WHERE output_id = ANY($13)
	               ) classed
	               WINDOW w AS (PARTITION BY output_id ORDER BY captured_at DESC, id DESC)
	             ) ranked
	             WHERE recency > $14 AND prev_class = age_class AND prev_bucket = bucket)
2026-10-10 08:30:27.596 UTC [1563] hel1435-S4-prod-noio-R100000-b60-explain-r2 LOG:  duration: 184.597 ms  plan:
	Query Text: SELECT count(*) FROM (SELECT 1 FROM output_snapshot_history WHERE output_id = $1 LIMIT $2) x
	Query Parameters: $1 = 'o97', $2 = '100001'
	Aggregate  (cost=1557.82..1557.83 rows=1 width=8) (actual time=184.588..184.589 rows=1 loops=1)
	  Buffers: shared read=28505 written=1640
	  ->  Limit  (cost=0.43..1218.91 rows=27113 width=4) (actual time=0.034..183.095 rows=28812 loops=1)
	        Buffers: shared read=28505 written=1640
	        ->  Index Only Scan using idx_output_snapshot_history_output_captured on output_snapshot_history  (cost=0.43..1218.91 rows=27113 width=4) (actual time=0.033..181.453 rows=28812 loops=1)
	              Index Cond: (output_id = 'o97'::text)
	              Heap Fetches: 28295
	              Buffers: shared read=28505 written=1640
2026-10-10 08:30:27.707 UTC [1563] hel1435-S4-prod-noio-R100000-b60-explain-r2 LOG:  duration: 109.795 ms  plan:
	Query Text: SELECT count(*) FROM (SELECT 1 FROM output_snapshot_history WHERE output_id = $1 LIMIT $2) x
	Query Parameters: $1 = 'o98', $2 = '71189'
	Aggregate  (cost=1506.16..1506.17 rows=1 width=8) (actual time=109.786..109.787 rows=1 loops=1)
	  Buffers: shared hit=1 read=28504
	  ->  Limit  (cost=0.43..1178.77 rows=26191 width=4) (actual time=0.017..108.312 rows=28812 loops=1)
	        Buffers: shared hit=1 read=28504
	        ->  Index Only Scan using idx_output_snapshot_history_output_captured on output_snapshot_history  (cost=0.43..1178.77 rows=26191 width=4) (actual time=0.016..57.307 rows=28812 loops=1)
	              Index Cond: (output_id = 'o98'::text)
	              Heap Fetches: 28295
	              Buffers: shared hit=1 read=28504
2026-10-10 08:30:27.817 UTC [1563] hel1435-S4-prod-noio-R100000-b60-explain-r2 LOG:  duration: 109.152 ms  plan:
	Query Text: SELECT count(*) FROM (SELECT 1 FROM output_snapshot_history WHERE output_id = $1 LIMIT $2) x
	Query Parameters: $1 = 'o99', $2 = '42377'
	Aggregate  (cost=1697.73..1697.74 rows=1 width=8) (actual time=109.144..109.145 rows=1 loops=1)
	  Buffers: shared hit=1 read=28504
	  ->  Limit  (cost=0.43..1328.86 rows=29510 width=4) (actual time=0.020..107.669 rows=28812 loops=1)
	        Buffers: shared hit=1 read=28504
	        ->  Index Only Scan using idx_output_snapshot_history_output_captured on output_snapshot_history  (cost=0.43..1328.86 rows=29510 width=4) (actual time=0.019..106.027 rows=28812 loops=1)
	              Index Cond: (output_id = 'o99'::text)
	              Heap Fetches: 28295
	              Buffers: shared hit=1 read=28504
2026-10-10 08:30:28.577 UTC [1563] hel1435-S4-prod-noio-R100000-b60-explain-r2 LOG:  duration: 697.366 ms  plan:
	Query Text: DELETE FROM output_snapshot_history h
	             USING pipelines p, users u
	             WHERE h.output_id = ANY($1) AND h.captured_at < $2
	               AND h.pipeline_id = p.id AND p.owner_id = u.id
	               AND h.captured_at < COALESCE(($3::timestamptz[])[array_position($4::text[], u.tier)], $5)
	Query Parameters: $1 = '{o97,o98,o99}', $2 = '2026-09-10 01:00:00-07', $3 = '{"2026-09-10 01:00:00-07","2026-07-12 01:00:00-07","2025-10-10 01:00:00-07"}', $4 = '{free,beta,owner}', $5 = '2026-09-10 01:00:00-07'
	Delete on output_snapshot_history h  (cost=573.47..103039.99 rows=0 width=0) (actual time=697.362..697.364 rows=0 loops=1)
	  Buffers: shared hit=25963 read=8797 dirtied=3195
	  WAL: records=8673 fpi=3195 bytes=25635357
	  ->  Hash Join  (cost=573.47..103039.99 rows=14604 width=18) (actual time=593.457..671.726 rows=8673 loops=1)
	        Hash Cond: ((h.pipeline_id = p.id) AND (u.id = p.owner_id))
	        Buffers: shared hit=17290 read=8797
	        ->  Nested Loop  (cost=569.97..99201.07 rows=730217 width=31) (actual time=6.086..404.150 rows=2386224 loops=1)
	              Buffers: shared hit=17290 read=8796
	              ->  Index Scan using users_pkey on users u  (cost=0.14..12.89 rows=50 width=27) (actual time=0.010..0.069 rows=50 loops=1)
	                    Buffers: shared hit=1 read=1
	              ->  Memoize  (cost=569.83..22867.16 rows=14604 width=17) (actual time=0.140..3.949 rows=47724 loops=50)
	                    Cache Key: COALESCE(('{"2026-09-10 01:00:00-07","2026-07-12 01:00:00-07","2025-10-10 01:00:00-07"}'::timestamp with time zone[])[array_position('{free,beta,owner}'::text[], u.tier)], '2026-09-10 01:00:00-07'::timestamp with time zone)
	                    Cache Mode: binary
	                    Hits: 47  Misses: 3  Evictions: 0  Overflows: 0  Memory Usage: 3784kB
	                    Buffers: shared hit=17289 read=8795
	                    ->  Bitmap Heap Scan on output_snapshot_history h  (cost=569.82..22867.15 rows=14604 width=17) (actual time=2.270..30.628 rows=23062 loops=3)
	                          Recheck Cond: ((output_id = ANY ('{o97,o98,o99}'::text[])) AND (captured_at < COALESCE(('{"2026-09-10 01:00:00-07","2026-07-12 01:00:00-07","2025-10-10 01:00:00-07"}'::timestamp with time zone[])[array_position('{free,beta,owner}'::text[], u.tier)], '2026-09-10 01:00:00-07'::timestamp with time zone)) AND (captured_at < '2026-09-10 01:00:00-07'::timestamp with time zone))
	                          Heap Blocks: exact=25580
	                          Buffers: shared hit=17289 read=8795
	                          ->  Bitmap Index Scan on idx_output_snapshot_history_output_captured  (cost=0.00..566.17 rows=14604 width=0) (actual time=1.652..1.652 rows=23062 loops=3)
	                                Index Cond: ((output_id = ANY ('{o97,o98,o99}'::text[])) AND (captured_at < COALESCE(('{"2026-09-10 01:00:00-07","2026-07-12 01:00:00-07","2025-10-10 01:00:00-07"}'::timestamp with time zone[])[array_position('{free,beta,owner}'::text[], u.tier)], '2026-09-10 01:00:00-07'::timestamp with time zone)) AND (captured_at < '2026-09-10 01:00:00-07'::timestamp with time zone))
	                                Buffers: shared hit=145 read=356
	        ->  Hash  (cost=2.00..2.00 rows=100 width=25) (actual time=5.413..5.414 rows=100 loops=1)
	              Buckets: 1024  Batches: 1  Memory Usage: 14kB
	              Buffers: shared read=1
	              ->  Seq Scan on pipelines p  (cost=0.00..2.00 rows=100 width=25) (actual time=5.392..5.397 rows=100 loops=1)
	                    Buffers: shared read=1
	JIT:
	  Functions: 22
	  Options: Inlining false, Optimization false, Expressions true, Deforming true
	  Timing: Generation 0.592 ms, Inlining 0.000 ms, Optimization 0.296 ms, Emission 5.116 ms, Total 6.004 ms
2026-10-10 08:30:29.992 UTC [1563] hel1435-S4-prod-noio-R100000-b60-explain-r2 LOG:  duration: 1412.714 ms  plan:
	Query Text: DELETE FROM output_snapshot_history WHERE output_id = ANY($1) AND id IN (
	             SELECT id FROM (
	               SELECT id, age_class, bucket,
	                      row_number() OVER w AS recency,
	                      lag(age_class) OVER w AS prev_class,
	                      lag(bucket) OVER w AS prev_bucket
	               FROM (
	                 SELECT id, output_id, captured_at,
	                        CASE WHEN extract(epoch FROM ($2::timestamptz - captured_at)) < $3 THEN 0
	                             WHEN extract(epoch FROM ($4::timestamptz - captured_at)) < $5 THEN 1
	                             ELSE 2 END AS age_class,
	                        floor(extract(epoch FROM captured_at) /
	                          CASE WHEN extract(epoch FROM ($6::timestamptz - captured_at)) < $7 THEN $8
	                               WHEN extract(epoch FROM ($9::timestamptz - captured_at)) < $10 THEN $11
	                               ELSE $12 END) AS bucket
	                 FROM output_snapshot_history
	                 WHERE output_id = ANY($13)
	               ) classed
	               WINDOW w AS (PARTITION BY output_id ORDER BY captured_at DESC, id DESC)
	             ) ranked
	             WHERE recency > $14 AND prev_class = age_class AND prev_bucket = bucket)
	Query Parameters: $1 = '{o97,o98,o99}', $2 = '2026-10-10 01:00:00-07', $3 = '86400', $4 = '2026-10-10 01:00:00-07', $5 = '604800', $6 = '2026-10-10 01:00:00-07', $7 = '86400', $8 = '300', $9 = '2026-10-10 01:00:00-07', $10 = '604800', $11 = '3600', $12 = '86400', $13 = '{o97,o98,o99}', $14 = '102'
	Delete on output_snapshot_history  (cost=249691.84..249699.87 rows=0 width=0) (actual time=1412.709..1412.713 rows=0 loops=1)
	  Buffers: shared hit=269253 read=146322 dirtied=65995 written=59904, temp read=734 written=1085
	  WAL: records=76212 fpi=1557 bytes=16379937
	  ->  Nested Loop  (cost=249691.84..249699.87 rows=1 width=46) (actual time=427.764..1389.896 rows=76212 loops=1)
	        Buffers: shared hit=193041 read=146322 written=59904, temp read=734 written=1085
	        ->  HashAggregate  (cost=249691.41..249691.42 rows=1 width=56) (actual time=427.728..446.325 rows=76212 loops=1)
	              Group Key: ranked.id
	              Batches: 5  Memory Usage: 8265kB  Disk Usage: 3624kB
	              Buffers: shared hit=8041 read=26474 written=205, temp read=734 written=1085
	              ->  Subquery Scan on ranked  (cost=239339.65..249691.40 rows=1 width=56) (actual time=214.070..414.185 rows=76212 loops=1)
	                    Filter: ((ranked.recency > 102) AND (ranked.prev_class = ranked.age_class) AND (ranked.prev_bucket = ranked.bucket))
	                    Rows Removed by Filter: 1551
	                    Buffers: shared hit=8041 read=26474 written=205, temp read=362 written=363
	                    ->  WindowAgg  (cost=239339.65..248242.16 rows=82814 width=108) (actual time=213.796..402.080 rows=77763 loops=1)
	                          Buffers: shared hit=8041 read=26474 written=205, temp read=362 written=363
	                          ->  Sort  (cost=239339.65..239546.69 rows=82814 width=28) (actual time=213.726..218.183 rows=77763 loops=1)
	                                Sort Key: output_snapshot_history_1.output_id, output_snapshot_history_1.captured_at DESC, output_snapshot_history_1.id DESC
	                                Sort Method: external merge  Disk: 2896kB
	                                Buffers: shared hit=8041 read=26474 written=205, temp read=362 written=363
	                                ->  Bitmap Heap Scan on output_snapshot_history output_snapshot_history_1  (cost=2907.11..230590.25 rows=82814 width=28) (actual time=15.414..139.215 rows=77763 loops=1)
	                                      Recheck Cond: (output_id = ANY ('{o97,o98,o99}'::text[]))
	                                      Heap Blocks: exact=33906
	                                      Buffers: shared hit=8033 read=26473 written=205
	                                      ->  Bitmap Index Scan on idx_output_snapshot_history_output_captured  (cost=0.00..2886.41 rows=82814 width=0) (actual time=5.657..5.657 rows=86436 loops=1)
	                                            Index Cond: (output_id = ANY ('{o97,o98,o99}'::text[]))
	                                            Buffers: shared hit=104 read=496
	        ->  Index Scan using output_snapshot_history_pkey on output_snapshot_history  (cost=0.43..8.45 rows=1 width=22) (actual time=0.012..0.012 rows=1 loops=76212)
	              Index Cond: (id = ranked.id)
	              Filter: (output_id = ANY ('{o97,o98,o99}'::text[]))
	              Buffers: shared hit=185000 read=119848 written=59699
	JIT:
	  Functions: 28
	  Options: Inlining false, Optimization false, Expressions true, Deforming true
	  Timing: Generation 0.613 ms, Inlining 0.000 ms, Optimization 0.484 ms, Emission 6.072 ms, Total 7.169 ms
2026-10-10 08:30:29.992 UTC [1563] hel1435-S4-prod-noio-R100000-b60-explain-r2 LOG:  temporary file: path "base/pgsql_tmp/pgsql_tmp1563.1", size 3710976
2026-10-10 08:30:29.992 UTC [1563] hel1435-S4-prod-noio-R100000-b60-explain-r2 STATEMENT:  DELETE FROM output_snapshot_history WHERE output_id = ANY($1) AND id IN (
	             SELECT id FROM (
	               SELECT id, age_class, bucket,
	                      row_number() OVER w AS recency,
	                      lag(age_class) OVER w AS prev_class,
	                      lag(bucket) OVER w AS prev_bucket
	               FROM (
	                 SELECT id, output_id, captured_at,
	                        CASE WHEN extract(epoch FROM ($2::timestamptz - captured_at)) < $3 THEN 0
	                             WHEN extract(epoch FROM ($4::timestamptz - captured_at)) < $5 THEN 1
	                             ELSE 2 END AS age_class,
	                        floor(extract(epoch FROM captured_at) /
	                          CASE WHEN extract(epoch FROM ($6::timestamptz - captured_at)) < $7 THEN $8
	                               WHEN extract(epoch FROM ($9::timestamptz - captured_at)) < $10 THEN $11
	                               ELSE $12 END) AS bucket
	                 FROM output_snapshot_history
	                 WHERE output_id = ANY($13)
	               ) classed
	               WINDOW w AS (PARTITION BY output_id ORDER BY captured_at DESC, id DESC)
	             ) ranked
	             WHERE recency > $14 AND prev_class = age_class AND prev_bucket = bucket)
2026-10-10 08:30:29.993 UTC [1563] hel1435-S4-prod-noio-R100000-b60-explain-r2 LOG:  temporary file: path "base/pgsql_tmp/pgsql_tmp1563.0", size 2965504
2026-10-10 08:30:29.993 UTC [1563] hel1435-S4-prod-noio-R100000-b60-explain-r2 STATEMENT:  DELETE FROM output_snapshot_history WHERE output_id = ANY($1) AND id IN (
	             SELECT id FROM (
	               SELECT id, age_class, bucket,
	                      row_number() OVER w AS recency,
	                      lag(age_class) OVER w AS prev_class,
	                      lag(bucket) OVER w AS prev_bucket
	               FROM (
	                 SELECT id, output_id, captured_at,
	                        CASE WHEN extract(epoch FROM ($2::timestamptz - captured_at)) < $3 THEN 0
	                             WHEN extract(epoch FROM ($4::timestamptz - captured_at)) < $5 THEN 1
	                             ELSE 2 END AS age_class,
	                        floor(extract(epoch FROM captured_at) /
	                          CASE WHEN extract(epoch FROM ($6::timestamptz - captured_at)) < $7 THEN $8
	                               WHEN extract(epoch FROM ($9::timestamptz - captured_at)) < $10 THEN $11
	                               ELSE $12 END) AS bucket
	                 FROM output_snapshot_history
	                 WHERE output_id = ANY($13)
	               ) classed
	               WINDOW w AS (PARTITION BY output_id ORDER BY captured_at DESC, id DESC)
	             ) ranked
	             WHERE recency > $14 AND prev_class = age_class AND prev_bucket = bucket)
2026-10-10 08:30:30.701 UTC [1565] hel1435-S4-prod-noio-R100000-b60-explain-r3 LOG:  duration: 128.439 ms  plan:
	Query Text: SELECT count(*) FROM (SELECT 1 FROM output_snapshot_history WHERE output_id = $1 LIMIT $2) x
	Query Parameters: $1 = 'o97', $2 = '100001'
	Aggregate  (cost=1557.82..1557.83 rows=1 width=8) (actual time=128.431..128.432 rows=1 loops=1)
	  Buffers: shared read=28505 written=1740
	  ->  Limit  (cost=0.43..1218.91 rows=27113 width=4) (actual time=0.029..126.942 rows=28812 loops=1)
	        Buffers: shared read=28505 written=1740
	        ->  Index Only Scan using idx_output_snapshot_history_output_captured on output_snapshot_history  (cost=0.43..1218.91 rows=27113 width=4) (actual time=0.029..125.314 rows=28812 loops=1)
	              Index Cond: (output_id = 'o97'::text)
	              Heap Fetches: 28295
	              Buffers: shared read=28505 written=1740
2026-10-10 08:30:30.811 UTC [1565] hel1435-S4-prod-noio-R100000-b60-explain-r3 LOG:  duration: 109.358 ms  plan:
	Query Text: SELECT count(*) FROM (SELECT 1 FROM output_snapshot_history WHERE output_id = $1 LIMIT $2) x
	Query Parameters: $1 = 'o98', $2 = '71189'
	Aggregate  (cost=1506.16..1506.17 rows=1 width=8) (actual time=109.349..109.350 rows=1 loops=1)
	  Buffers: shared hit=1 read=28504
	  ->  Limit  (cost=0.43..1178.77 rows=26191 width=4) (actual time=0.016..107.874 rows=28812 loops=1)
	        Buffers: shared hit=1 read=28504
	        ->  Index Only Scan using idx_output_snapshot_history_output_captured on output_snapshot_history  (cost=0.43..1178.77 rows=26191 width=4) (actual time=0.015..106.226 rows=28812 loops=1)
	              Index Cond: (output_id = 'o98'::text)
	              Heap Fetches: 28295
	              Buffers: shared hit=1 read=28504
2026-10-10 08:30:30.974 UTC [1565] hel1435-S4-prod-noio-R100000-b60-explain-r3 LOG:  duration: 161.951 ms  plan:
	Query Text: SELECT count(*) FROM (SELECT 1 FROM output_snapshot_history WHERE output_id = $1 LIMIT $2) x
	Query Parameters: $1 = 'o99', $2 = '42377'
	Aggregate  (cost=1697.73..1697.74 rows=1 width=8) (actual time=161.944..161.945 rows=1 loops=1)
	  Buffers: shared hit=1 read=28504
	  ->  Limit  (cost=0.43..1328.86 rows=29510 width=4) (actual time=0.023..160.448 rows=28812 loops=1)
	        Buffers: shared hit=1 read=28504
	        ->  Index Only Scan using idx_output_snapshot_history_output_captured on output_snapshot_history  (cost=0.43..1328.86 rows=29510 width=4) (actual time=0.023..158.768 rows=28812 loops=1)
	              Index Cond: (output_id = 'o99'::text)
	              Heap Fetches: 28295
	              Buffers: shared hit=1 read=28504
2026-10-10 08:30:31.670 UTC [1565] hel1435-S4-prod-noio-R100000-b60-explain-r3 LOG:  duration: 683.653 ms  plan:
	Query Text: DELETE FROM output_snapshot_history h
	             USING pipelines p, users u
	             WHERE h.output_id = ANY($1) AND h.captured_at < $2
	               AND h.pipeline_id = p.id AND p.owner_id = u.id
	               AND h.captured_at < COALESCE(($3::timestamptz[])[array_position($4::text[], u.tier)], $5)
	Query Parameters: $1 = '{o97,o98,o99}', $2 = '2026-09-10 01:00:00-07', $3 = '{"2026-09-10 01:00:00-07","2026-07-12 01:00:00-07","2025-10-10 01:00:00-07"}', $4 = '{free,beta,owner}', $5 = '2026-09-10 01:00:00-07'
	Delete on output_snapshot_history h  (cost=573.47..103039.99 rows=0 width=0) (actual time=683.648..683.652 rows=0 loops=1)
	  Buffers: shared hit=25963 read=8797 dirtied=3195
	  WAL: records=8673 bytes=468342
	  ->  Hash Join  (cost=573.47..103039.99 rows=14604 width=18) (actual time=593.589..680.477 rows=8673 loops=1)
	        Hash Cond: ((h.pipeline_id = p.id) AND (u.id = p.owner_id))
	        Buffers: shared hit=17290 read=8797
	        ->  Nested Loop  (cost=569.97..99201.07 rows=730217 width=31) (actual time=6.122..460.407 rows=2386224 loops=1)
	              Buffers: shared hit=17290 read=8796
	              ->  Index Scan using users_pkey on users u  (cost=0.14..12.89 rows=50 width=27) (actual time=0.008..0.065 rows=50 loops=1)
	                    Buffers: shared hit=1 read=1
	              ->  Memoize  (cost=569.83..22867.16 rows=14604 width=17) (actual time=0.140..2.906 rows=47724 loops=50)
	                    Cache Key: COALESCE(('{"2026-09-10 01:00:00-07","2026-07-12 01:00:00-07","2025-10-10 01:00:00-07"}'::timestamp with time zone[])[array_position('{free,beta,owner}'::text[], u.tier)], '2026-09-10 01:00:00-07'::timestamp with time zone)
	                    Cache Mode: binary
	                    Hits: 47  Misses: 3  Evictions: 0  Overflows: 0  Memory Usage: 3784kB
	                    Buffers: shared hit=17289 read=8795
	                    ->  Bitmap Heap Scan on output_snapshot_history h  (cost=569.82..22867.15 rows=14604 width=17) (actual time=2.282..30.099 rows=23062 loops=3)
	                          Recheck Cond: ((output_id = ANY ('{o97,o98,o99}'::text[])) AND (captured_at < COALESCE(('{"2026-09-10 01:00:00-07","2026-07-12 01:00:00-07","2025-10-10 01:00:00-07"}'::timestamp with time zone[])[array_position('{free,beta,owner}'::text[], u.tier)], '2026-09-10 01:00:00-07'::timestamp with time zone)) AND (captured_at < '2026-09-10 01:00:00-07'::timestamp with time zone))
	                          Heap Blocks: exact=25580
	                          Buffers: shared hit=17289 read=8795
	                          ->  Bitmap Index Scan on idx_output_snapshot_history_output_captured  (cost=0.00..566.17 rows=14604 width=0) (actual time=1.661..1.661 rows=23062 loops=3)
	                                Index Cond: ((output_id = ANY ('{o97,o98,o99}'::text[])) AND (captured_at < COALESCE(('{"2026-09-10 01:00:00-07","2026-07-12 01:00:00-07","2025-10-10 01:00:00-07"}'::timestamp with time zone[])[array_position('{free,beta,owner}'::text[], u.tier)], '2026-09-10 01:00:00-07'::timestamp with time zone)) AND (captured_at < '2026-09-10 01:00:00-07'::timestamp with time zone))
	                                Buffers: shared hit=145 read=356
	        ->  Hash  (cost=2.00..2.00 rows=100 width=25) (actual time=5.394..5.395 rows=100 loops=1)
	              Buckets: 1024  Batches: 1  Memory Usage: 14kB
	              Buffers: shared read=1
	              ->  Seq Scan on pipelines p  (cost=0.00..2.00 rows=100 width=25) (actual time=5.373..5.378 rows=100 loops=1)
	                    Buffers: shared read=1
	JIT:
	  Functions: 22
	  Options: Inlining false, Optimization false, Expressions true, Deforming true
	  Timing: Generation 0.525 ms, Inlining 0.000 ms, Optimization 0.292 ms, Emission 5.108 ms, Total 5.925 ms
2026-10-10 08:30:33.075 UTC [1565] hel1435-S4-prod-noio-R100000-b60-explain-r3 LOG:  duration: 1402.997 ms  plan:
	Query Text: DELETE FROM output_snapshot_history WHERE output_id = ANY($1) AND id IN (
	             SELECT id FROM (
	               SELECT id, age_class, bucket,
	                      row_number() OVER w AS recency,
	                      lag(age_class) OVER w AS prev_class,
	                      lag(bucket) OVER w AS prev_bucket
	               FROM (
	                 SELECT id, output_id, captured_at,
	                        CASE WHEN extract(epoch FROM ($2::timestamptz - captured_at)) < $3 THEN 0
	                             WHEN extract(epoch FROM ($4::timestamptz - captured_at)) < $5 THEN 1
	                             ELSE 2 END AS age_class,
	                        floor(extract(epoch FROM captured_at) /
	                          CASE WHEN extract(epoch FROM ($6::timestamptz - captured_at)) < $7 THEN $8
	                               WHEN extract(epoch FROM ($9::timestamptz - captured_at)) < $10 THEN $11
	                               ELSE $12 END) AS bucket
	                 FROM output_snapshot_history
	                 WHERE output_id = ANY($13)
	               ) classed
	               WINDOW w AS (PARTITION BY output_id ORDER BY captured_at DESC, id DESC)
	             ) ranked
	             WHERE recency > $14 AND prev_class = age_class AND prev_bucket = bucket)
	Query Parameters: $1 = '{o97,o98,o99}', $2 = '2026-10-10 01:00:00-07', $3 = '86400', $4 = '2026-10-10 01:00:00-07', $5 = '604800', $6 = '2026-10-10 01:00:00-07', $7 = '86400', $8 = '300', $9 = '2026-10-10 01:00:00-07', $10 = '604800', $11 = '3600', $12 = '86400', $13 = '{o97,o98,o99}', $14 = '102'
	Delete on output_snapshot_history  (cost=249691.84..249699.87 rows=0 width=0) (actual time=1402.993..1402.996 rows=0 loops=1)
	  Buffers: shared hit=269258 read=146317 dirtied=66007 written=60017, temp read=734 written=1085
	  WAL: records=76212 bytes=4115448
	  ->  Nested Loop  (cost=249691.84..249699.87 rows=1 width=46) (actual time=424.222..1381.428 rows=76212 loops=1)
	        Buffers: shared hit=193046 read=146317 written=60017, temp read=734 written=1085
	        ->  HashAggregate  (cost=249691.41..249691.42 rows=1 width=56) (actual time=424.188..442.307 rows=76212 loops=1)
	              Group Key: ranked.id
	              Batches: 5  Memory Usage: 8265kB  Disk Usage: 3624kB
	              Buffers: shared hit=8044 read=26471 written=305, temp read=734 written=1085
	              ->  Subquery Scan on ranked  (cost=239339.65..249691.40 rows=1 width=56) (actual time=210.536..410.529 rows=76212 loops=1)
	                    Filter: ((ranked.recency > 102) AND (ranked.prev_class = ranked.age_class) AND (ranked.prev_bucket = ranked.bucket))
	                    Rows Removed by Filter: 1551
	                    Buffers: shared hit=8044 read=26471 written=305, temp read=362 written=363
	                    ->  WindowAgg  (cost=239339.65..248242.16 rows=82814 width=108) (actual time=210.260..398.416 rows=77763 loops=1)
	                          Buffers: shared hit=8044 read=26471 written=305, temp read=362 written=363
	                          ->  Sort  (cost=239339.65..239546.69 rows=82814 width=28) (actual time=210.194..214.746 rows=77763 loops=1)
	                                Sort Key: output_snapshot_history_1.output_id, output_snapshot_history_1.captured_at DESC, output_snapshot_history_1.id DESC
	                                Sort Method: external merge  Disk: 2896kB
	                                Buffers: shared hit=8044 read=26471 written=305, temp read=362 written=363
	                                ->  Bitmap Heap Scan on output_snapshot_history output_snapshot_history_1  (cost=2907.11..230590.25 rows=82814 width=28) (actual time=15.038..186.074 rows=77763 loops=1)
	                                      Recheck Cond: (output_id = ANY ('{o97,o98,o99}'::text[]))
	                                      Heap Blocks: exact=33906
	                                      Buffers: shared hit=8036 read=26470 written=305
	                                      ->  Bitmap Index Scan on idx_output_snapshot_history_output_captured  (cost=0.00..2886.41 rows=82814 width=0) (actual time=5.834..5.834 rows=86436 loops=1)
	                                            Index Cond: (output_id = ANY ('{o97,o98,o99}'::text[]))
	                                            Buffers: shared hit=104 read=496
	        ->  Index Scan using output_snapshot_history_pkey on output_snapshot_history  (cost=0.43..8.45 rows=1 width=22) (actual time=0.012..0.012 rows=1 loops=76212)
	              Index Cond: (id = ranked.id)
	              Filter: (output_id = ANY ('{o97,o98,o99}'::text[]))
	              Buffers: shared hit=185002 read=119846 written=59712
	JIT:
	  Functions: 28
	  Options: Inlining false, Optimization false, Expressions true, Deforming true
	  Timing: Generation 0.620 ms, Inlining 0.000 ms, Optimization 0.398 ms, Emission 5.827 ms, Total 6.844 ms
2026-10-10 08:30:33.076 UTC [1565] hel1435-S4-prod-noio-R100000-b60-explain-r3 LOG:  temporary file: path "base/pgsql_tmp/pgsql_tmp1565.1", size 3710976
2026-10-10 08:30:33.076 UTC [1565] hel1435-S4-prod-noio-R100000-b60-explain-r3 STATEMENT:  DELETE FROM output_snapshot_history WHERE output_id = ANY($1) AND id IN (
	             SELECT id FROM (
	               SELECT id, age_class, bucket,
	                      row_number() OVER w AS recency,
	                      lag(age_class) OVER w AS prev_class,
	                      lag(bucket) OVER w AS prev_bucket
	               FROM (
	                 SELECT id, output_id, captured_at,
	                        CASE WHEN extract(epoch FROM ($2::timestamptz - captured_at)) < $3 THEN 0
	                             WHEN extract(epoch FROM ($4::timestamptz - captured_at)) < $5 THEN 1
	                             ELSE 2 END AS age_class,
	                        floor(extract(epoch FROM captured_at) /
	                          CASE WHEN extract(epoch FROM ($6::timestamptz - captured_at)) < $7 THEN $8
	                               WHEN extract(epoch FROM ($9::timestamptz - captured_at)) < $10 THEN $11
	                               ELSE $12 END) AS bucket
	                 FROM output_snapshot_history
	                 WHERE output_id = ANY($13)
	               ) classed
	               WINDOW w AS (PARTITION BY output_id ORDER BY captured_at DESC, id DESC)
	             ) ranked
	             WHERE recency > $14 AND prev_class = age_class AND prev_bucket = bucket)
2026-10-10 08:30:33.077 UTC [1565] hel1435-S4-prod-noio-R100000-b60-explain-r3 LOG:  temporary file: path "base/pgsql_tmp/pgsql_tmp1565.0", size 2965504
2026-10-10 08:30:33.077 UTC [1565] hel1435-S4-prod-noio-R100000-b60-explain-r3 STATEMENT:  DELETE FROM output_snapshot_history WHERE output_id = ANY($1) AND id IN (
	             SELECT id FROM (
	               SELECT id, age_class, bucket,
	                      row_number() OVER w AS recency,
	                      lag(age_class) OVER w AS prev_class,
	                      lag(bucket) OVER w AS prev_bucket
	               FROM (
	                 SELECT id, output_id, captured_at,
	                        CASE WHEN extract(epoch FROM ($2::timestamptz - captured_at)) < $3 THEN 0
	                             WHEN extract(epoch FROM ($4::timestamptz - captured_at)) < $5 THEN 1
	                             ELSE 2 END AS age_class,
	                        floor(extract(epoch FROM captured_at) /
	                          CASE WHEN extract(epoch FROM ($6::timestamptz - captured_at)) < $7 THEN $8
	                               WHEN extract(epoch FROM ($9::timestamptz - captured_at)) < $10 THEN $11
	                               ELSE $12 END) AS bucket
	                 FROM output_snapshot_history
	                 WHERE output_id = ANY($13)
	               ) classed
	               WINDOW w AS (PARTITION BY output_id ORDER BY captured_at DESC, id DESC)
	             ) ranked
	             WHERE recency > $14 AND prev_class = age_class AND prev_bucket = bucket)
2026-10-10 08:30:35.784 UTC [1567] hel1435-S4-prod-noio-R100000-b60-timed-r1 LOG:  temporary file: path "base/pgsql_tmp/pgsql_tmp1567.1", size 3710976
2026-10-10 08:30:35.784 UTC [1567] hel1435-S4-prod-noio-R100000-b60-timed-r1 STATEMENT:  DELETE FROM output_snapshot_history WHERE output_id = ANY($1) AND id IN (
	             SELECT id FROM (
	               SELECT id, age_class, bucket,
	                      row_number() OVER w AS recency,
	                      lag(age_class) OVER w AS prev_class,
	                      lag(bucket) OVER w AS prev_bucket
	               FROM (
	                 SELECT id, output_id, captured_at,
	                        CASE WHEN extract(epoch FROM ($2::timestamptz - captured_at)) < $3 THEN 0
	                             WHEN extract(epoch FROM ($4::timestamptz - captured_at)) < $5 THEN 1
	                             ELSE 2 END AS age_class,
	                        floor(extract(epoch FROM captured_at) /
	                          CASE WHEN extract(epoch FROM ($6::timestamptz - captured_at)) < $7 THEN $8
	                               WHEN extract(epoch FROM ($9::timestamptz - captured_at)) < $10 THEN $11
	                               ELSE $12 END) AS bucket
	                 FROM output_snapshot_history
	                 WHERE output_id = ANY($13)
	               ) classed
	               WINDOW w AS (PARTITION BY output_id ORDER BY captured_at DESC, id DESC)
	             ) ranked
	             WHERE recency > $14 AND prev_class = age_class AND prev_bucket = bucket)
2026-10-10 08:30:35.785 UTC [1567] hel1435-S4-prod-noio-R100000-b60-timed-r1 LOG:  temporary file: path "base/pgsql_tmp/pgsql_tmp1567.0", size 2965504
2026-10-10 08:30:35.785 UTC [1567] hel1435-S4-prod-noio-R100000-b60-timed-r1 STATEMENT:  DELETE FROM output_snapshot_history WHERE output_id = ANY($1) AND id IN (
	             SELECT id FROM (
	               SELECT id, age_class, bucket,
	                      row_number() OVER w AS recency,
	                      lag(age_class) OVER w AS prev_class,
	                      lag(bucket) OVER w AS prev_bucket
	               FROM (
	                 SELECT id, output_id, captured_at,
	                        CASE WHEN extract(epoch FROM ($2::timestamptz - captured_at)) < $3 THEN 0
	                             WHEN extract(epoch FROM ($4::timestamptz - captured_at)) < $5 THEN 1
	                             ELSE 2 END AS age_class,
	                        floor(extract(epoch FROM captured_at) /
	                          CASE WHEN extract(epoch FROM ($6::timestamptz - captured_at)) < $7 THEN $8
	                               WHEN extract(epoch FROM ($9::timestamptz - captured_at)) < $10 THEN $11
	                               ELSE $12 END) AS bucket
	                 FROM output_snapshot_history
	                 WHERE output_id = ANY($13)
	               ) classed
	               WINDOW w AS (PARTITION BY output_id ORDER BY captured_at DESC, id DESC)
	             ) ranked
	             WHERE recency > $14 AND prev_class = age_class AND prev_bucket = bucket)
2026-10-10 08:30:38.477 UTC [1569] hel1435-S4-prod-noio-R100000-b60-timed-r2 LOG:  temporary file: path "base/pgsql_tmp/pgsql_tmp1569.1", size 3710976
2026-10-10 08:30:38.477 UTC [1569] hel1435-S4-prod-noio-R100000-b60-timed-r2 STATEMENT:  DELETE FROM output_snapshot_history WHERE output_id = ANY($1) AND id IN (
	             SELECT id FROM (
	               SELECT id, age_class, bucket,
	                      row_number() OVER w AS recency,
	                      lag(age_class) OVER w AS prev_class,
	                      lag(bucket) OVER w AS prev_bucket
	               FROM (
	                 SELECT id, output_id, captured_at,
	                        CASE WHEN extract(epoch FROM ($2::timestamptz - captured_at)) < $3 THEN 0
	                             WHEN extract(epoch FROM ($4::timestamptz - captured_at)) < $5 THEN 1
	                             ELSE 2 END AS age_class,
	                        floor(extract(epoch FROM captured_at) /
	                          CASE WHEN extract(epoch FROM ($6::timestamptz - captured_at)) < $7 THEN $8
	                               WHEN extract(epoch FROM ($9::timestamptz - captured_at)) < $10 THEN $11
	                               ELSE $12 END) AS bucket
	                 FROM output_snapshot_history
	                 WHERE output_id = ANY($13)
	               ) classed
	               WINDOW w AS (PARTITION BY output_id ORDER BY captured_at DESC, id DESC)
	             ) ranked
	             WHERE recency > $14 AND prev_class = age_class AND prev_bucket = bucket)
2026-10-10 08:30:38.478 UTC [1569] hel1435-S4-prod-noio-R100000-b60-timed-r2 LOG:  temporary file: path "base/pgsql_tmp/pgsql_tmp1569.0", size 2965504
2026-10-10 08:30:38.478 UTC [1569] hel1435-S4-prod-noio-R100000-b60-timed-r2 STATEMENT:  DELETE FROM output_snapshot_history WHERE output_id = ANY($1) AND id IN (
	             SELECT id FROM (
	               SELECT id, age_class, bucket,
	                      row_number() OVER w AS recency,
	                      lag(age_class) OVER w AS prev_class,
	                      lag(bucket) OVER w AS prev_bucket
	               FROM (
	                 SELECT id, output_id, captured_at,
	                        CASE WHEN extract(epoch FROM ($2::timestamptz - captured_at)) < $3 THEN 0
	                             WHEN extract(epoch FROM ($4::timestamptz - captured_at)) < $5 THEN 1
	                             ELSE 2 END AS age_class,
	                        floor(extract(epoch FROM captured_at) /
	                          CASE WHEN extract(epoch FROM ($6::timestamptz - captured_at)) < $7 THEN $8
	                               WHEN extract(epoch FROM ($9::timestamptz - captured_at)) < $10 THEN $11
	                               ELSE $12 END) AS bucket
	                 FROM output_snapshot_history
	                 WHERE output_id = ANY($13)
	               ) classed
	               WINDOW w AS (PARTITION BY output_id ORDER BY captured_at DESC, id DESC)
	             ) ranked
	             WHERE recency > $14 AND prev_class = age_class AND prev_bucket = bucket)
2026-10-10 08:30:41.177 UTC [1571] hel1435-S4-prod-noio-R100000-b60-timed-r3 LOG:  temporary file: path "base/pgsql_tmp/pgsql_tmp1571.1", size 3710976
2026-10-10 08:30:41.177 UTC [1571] hel1435-S4-prod-noio-R100000-b60-timed-r3 STATEMENT:  DELETE FROM output_snapshot_history WHERE output_id = ANY($1) AND id IN (
	             SELECT id FROM (
	               SELECT id, age_class, bucket,
	                      row_number() OVER w AS recency,
	                      lag(age_class) OVER w AS prev_class,
	                      lag(bucket) OVER w AS prev_bucket
	               FROM (
	                 SELECT id, output_id, captured_at,
	                        CASE WHEN extract(epoch FROM ($2::timestamptz - captured_at)) < $3 THEN 0
	                             WHEN extract(epoch FROM ($4::timestamptz - captured_at)) < $5 THEN 1
	                             ELSE 2 END AS age_class,
	                        floor(extract(epoch FROM captured_at) /
	                          CASE WHEN extract(epoch FROM ($6::timestamptz - captured_at)) < $7 THEN $8
	                               WHEN extract(epoch FROM ($9::timestamptz - captured_at)) < $10 THEN $11
	                               ELSE $12 END) AS bucket
	                 FROM output_snapshot_history
	                 WHERE output_id = ANY($13)
	               ) classed
	               WINDOW w AS (PARTITION BY output_id ORDER BY captured_at DESC, id DESC)
	             ) ranked
	             WHERE recency > $14 AND prev_class = age_class AND prev_bucket = bucket)
2026-10-10 08:30:41.177 UTC [1571] hel1435-S4-prod-noio-R100000-b60-timed-r3 LOG:  temporary file: path "base/pgsql_tmp/pgsql_tmp1571.0", size 2965504
2026-10-10 08:30:41.177 UTC [1571] hel1435-S4-prod-noio-R100000-b60-timed-r3 STATEMENT:  DELETE FROM output_snapshot_history WHERE output_id = ANY($1) AND id IN (
	             SELECT id FROM (
	               SELECT id, age_class, bucket,
	                      row_number() OVER w AS recency,
	                      lag(age_class) OVER w AS prev_class,
	                      lag(bucket) OVER w AS prev_bucket
	               FROM (
	                 SELECT id, output_id, captured_at,
	                        CASE WHEN extract(epoch FROM ($2::timestamptz - captured_at)) < $3 THEN 0
	                             WHEN extract(epoch FROM ($4::timestamptz - captured_at)) < $5 THEN 1
	                             ELSE 2 END AS age_class,
	                        floor(extract(epoch FROM captured_at) /
	                          CASE WHEN extract(epoch FROM ($6::timestamptz - captured_at)) < $7 THEN $8
	                               WHEN extract(epoch FROM ($9::timestamptz - captured_at)) < $10 THEN $11
	                               ELSE $12 END) AS bucket
	                 FROM output_snapshot_history
	                 WHERE output_id = ANY($13)
	               ) classed
	               WINDOW w AS (PARTITION BY output_id ORDER BY captured_at DESC, id DESC)
	             ) ranked
	             WHERE recency > $14 AND prev_class = age_class AND prev_bucket = bucket)
