DO
MARKER_AFTER_GUARD
CREATE TABLE
INSERT 0 3
INSERT 0 2
INSERT 0 1
INSERT 0 4
INSERT 0 1
@@ settings
                                                                v                                                                
---------------------------------------------------------------------------------------------------------------------------------
 @@ version=PostgreSQL 16.14 (Debian 16.14-1.pgdg13+1) on x86_64-pc-linux-gnu, compiled by gcc (Debian 14.2.0-19) 14.2.0, 64-bit
(1 row)

                  s                   
--------------------------------------
 @@ effective_cache_size=524288
 @@ max_parallel_workers_per_gather=2
 @@ random_page_cost=4
 @@ shared_buffers=16384
 @@ work_mem=4096
(5 rows)

                                 r                                 
-------------------------------------------------------------------
 @@ rows output_snapshot_history=4986648 node_payload_history=2901
(1 row)

        pv        
------------------
 @@ pg16_view=off
(1 row)

                                                                                                                                     ix                                                                                                                                      
-----------------------------------------------------------------------------------------------------------------------------------------------------------------------------------------------------------------------------------------------------------------------------
 @@ indexes idx_node_payload_history_captured_at, idx_node_payload_history_node_captured, idx_output_snapshot_history_captured_at, idx_output_snapshot_history_output_captured, idx_output_snapshot_history_payload, node_payload_history_pkey, output_snapshot_history_pkey
(1 row)

CREATE FUNCTION
CREATE FUNCTION
BEGIN
 ?column? 
----------
        1
(1 row)

psql:backend/scripts/perf/history-retention-batched-measure.sql:342: NOTICE:  @@LOCK run=1 repo=1 acquired=t
psql:backend/scripts/perf/history-retention-batched-measure.sql:342: NOTICE:  @@STMT run=1 repo=1 seq=11 label=history age purge free
psql:backend/scripts/perf/history-retention-batched-measure.sql:342: NOTICE:  @@P Delete on output_snapshot_history h  (cost=166.90..24081.93 rows=0 width=0) (actual time=167.473..167.476 rows=0 loops=1)
psql:backend/scripts/perf/history-retention-batched-measure.sql:342: NOTICE:  @@P   Buffers: shared hit=531 read=17751 dirtied=18
psql:backend/scripts/perf/history-retention-batched-measure.sql:342: NOTICE:  @@P   ->  Hash Join  (cost=166.90..24081.93 rows=205510 width=18) (actual time=167.203..167.354 rows=297 loops=1)
psql:backend/scripts/perf/history-retention-batched-measure.sql:342: NOTICE:  @@P         Hash Cond: (p.owner_id = u.id)
psql:backend/scripts/perf/history-retention-batched-measure.sql:342: NOTICE:  @@P         Buffers: shared hit=217 read=17751
psql:backend/scripts/perf/history-retention-batched-measure.sql:342: NOTICE:  @@P         ->  Hash Join  (cost=110.45..23254.24 rows=293059 width=28) (actual time=0.616..154.727 rows=316648 loops=1)
psql:backend/scripts/perf/history-retention-batched-measure.sql:342: NOTICE:  @@P               Hash Cond: (h.pipeline_id = p.id)
psql:backend/scripts/perf/history-retention-batched-measure.sql:342: NOTICE:  @@P               Buffers: shared hit=217 read=17730
psql:backend/scripts/perf/history-retention-batched-measure.sql:342: NOTICE:  @@P               ->  Index Scan using idx_output_snapshot_history_captured_at on output_snapshot_history h  (cost=0.43..22373.97 rows=293059 width=11) (actual time=0.016..121.719 rows=316648 loops=1)
psql:backend/scripts/perf/history-retention-batched-measure.sql:342: NOTICE:  @@P                     Index Cond: (captured_at < '2026-09-10 13:00:00+00'::timestamp with time zone)
psql:backend/scripts/perf/history-retention-batched-measure.sql:342: NOTICE:  @@P                     Buffers: shared hit=217 read=17695
psql:backend/scripts/perf/history-retention-batched-measure.sql:342: NOTICE:  @@P               ->  Hash  (cost=68.34..68.34 rows=3334 width=27) (actual time=0.587..0.588 rows=3334 loops=1)
psql:backend/scripts/perf/history-retention-batched-measure.sql:342: NOTICE:  @@P                     Buckets: 4096  Batches: 1  Memory Usage: 227kB
psql:backend/scripts/perf/history-retention-batched-measure.sql:342: NOTICE:  @@P                     Buffers: shared read=35
psql:backend/scripts/perf/history-retention-batched-measure.sql:342: NOTICE:  @@P                     ->  Seq Scan on pipelines p  (cost=0.00..68.34 rows=3334 width=27) (actual time=0.004..0.289 rows=3334 loops=1)
psql:backend/scripts/perf/history-retention-batched-measure.sql:342: NOTICE:  @@P                           Buffers: shared read=35
psql:backend/scripts/perf/history-retention-batched-measure.sql:342: NOTICE:  @@P         ->  Hash  (cost=41.84..41.84 rows=1169 width=22) (actual time=0.258..0.259 rows=1169 loops=1)
psql:backend/scripts/perf/history-retention-batched-measure.sql:342: NOTICE:  @@P               Buckets: 2048  Batches: 1  Memory Usage: 78kB
psql:backend/scripts/perf/history-retention-batched-measure.sql:342: NOTICE:  @@P               Buffers: shared read=21
psql:backend/scripts/perf/history-retention-batched-measure.sql:342: NOTICE:  @@P               ->  Seq Scan on users u  (cost=0.00..41.84 rows=1169 width=22) (actual time=0.005..0.171 rows=1169 loops=1)
psql:backend/scripts/perf/history-retention-batched-measure.sql:342: NOTICE:  @@P                     Filter: (tier = 'free'::text)
psql:backend/scripts/perf/history-retention-batched-measure.sql:342: NOTICE:  @@P                     Rows Removed by Filter: 498
psql:backend/scripts/perf/history-retention-batched-measure.sql:342: NOTICE:  @@P                     Buffers: shared read=21
psql:backend/scripts/perf/history-retention-batched-measure.sql:342: NOTICE:  @@P Planning:
psql:backend/scripts/perf/history-retention-batched-measure.sql:342: NOTICE:  @@P   Buffers: shared hit=287 read=26 dirtied=5
psql:backend/scripts/perf/history-retention-batched-measure.sql:342: NOTICE:  @@P Planning Time: 0.454 ms
psql:backend/scripts/perf/history-retention-batched-measure.sql:342: NOTICE:  @@P Execution Time: 167.536 ms
psql:backend/scripts/perf/history-retention-batched-measure.sql:342: NOTICE:  @@STMT run=1 repo=1 seq=12 label=history age purge beta
psql:backend/scripts/perf/history-retention-batched-measure.sql:342: NOTICE:  @@P Delete on output_snapshot_history h  (cost=134.95..10718.67 rows=0 width=0) (actual time=28.973..28.975 rows=0 loops=1)
psql:backend/scripts/perf/history-retention-batched-measure.sql:342: NOTICE:  @@P   Buffers: shared hit=158 read=7765 dirtied=7 written=3
psql:backend/scripts/perf/history-retention-batched-measure.sql:342: NOTICE:  @@P   ->  Hash Join  (cost=134.95..10718.67 rows=31898 width=18) (actual time=28.894..28.932 rows=104 loops=1)
psql:backend/scripts/perf/history-retention-batched-measure.sql:342: NOTICE:  @@P         Hash Cond: (h.pipeline_id = p.id)
psql:backend/scripts/perf/history-retention-batched-measure.sql:342: NOTICE:  @@P         Buffers: shared hit=47 read=7765 written=3
psql:backend/scripts/perf/history-retention-batched-measure.sql:342: NOTICE:  @@P         ->  Index Scan using idx_output_snapshot_history_captured_at on output_snapshot_history h  (cost=0.43..9784.69 rows=128129 width=11) (actual time=0.007..22.504 rows=137071 loops=1)
psql:backend/scripts/perf/history-retention-batched-measure.sql:342: NOTICE:  @@P               Index Cond: (captured_at < '2026-07-12 13:00:00+00'::timestamp with time zone)
psql:backend/scripts/perf/history-retention-batched-measure.sql:342: NOTICE:  @@P               Buffers: shared hit=47 read=7709 written=3
psql:backend/scripts/perf/history-retention-batched-measure.sql:342: NOTICE:  @@P         ->  Hash  (cost=124.14..124.14 rows=830 width=17) (actual time=0.638..0.640 rows=830 loops=1)
psql:backend/scripts/perf/history-retention-batched-measure.sql:342: NOTICE:  @@P               Buckets: 1024  Batches: 1  Memory Usage: 49kB
psql:backend/scripts/perf/history-retention-batched-measure.sql:342: NOTICE:  @@P               Buffers: shared read=56
psql:backend/scripts/perf/history-retention-batched-measure.sql:342: NOTICE:  @@P               ->  Hash Join  (cost=47.03..124.14 rows=830 width=17) (actual time=0.162..0.581 rows=830 loops=1)
psql:backend/scripts/perf/history-retention-batched-measure.sql:342: NOTICE:  @@P                     Hash Cond: (p.owner_id = u.id)
psql:backend/scripts/perf/history-retention-batched-measure.sql:342: NOTICE:  @@P                     Buffers: shared read=56
psql:backend/scripts/perf/history-retention-batched-measure.sql:342: NOTICE:  @@P                     ->  Seq Scan on pipelines p  (cost=0.00..68.34 rows=3334 width=27) (actual time=0.004..0.233 rows=3334 loops=1)
psql:backend/scripts/perf/history-retention-batched-measure.sql:342: NOTICE:  @@P                           Buffers: shared read=35
psql:backend/scripts/perf/history-retention-batched-measure.sql:342: NOTICE:  @@P                     ->  Hash  (cost=41.84..41.84 rows=415 width=22) (actual time=0.148..0.148 rows=415 loops=1)
psql:backend/scripts/perf/history-retention-batched-measure.sql:342: NOTICE:  @@P                           Buckets: 1024  Batches: 1  Memory Usage: 30kB
psql:backend/scripts/perf/history-retention-batched-measure.sql:342: NOTICE:  @@P                           Buffers: shared read=21
psql:backend/scripts/perf/history-retention-batched-measure.sql:342: NOTICE:  @@P                           ->  Seq Scan on users u  (cost=0.00..41.84 rows=415 width=22) (actual time=0.004..0.123 rows=415 loops=1)
psql:backend/scripts/perf/history-retention-batched-measure.sql:342: NOTICE:  @@P                                 Filter: (tier = 'beta'::text)
psql:backend/scripts/perf/history-retention-batched-measure.sql:342: NOTICE:  @@P                                 Rows Removed by Filter: 1252
psql:backend/scripts/perf/history-retention-batched-measure.sql:342: NOTICE:  @@P                                 Buffers: shared read=21
psql:backend/scripts/perf/history-retention-batched-measure.sql:342: NOTICE:  @@P Planning:
psql:backend/scripts/perf/history-retention-batched-measure.sql:342: NOTICE:  @@P   Buffers: shared hit=12 read=8
psql:backend/scripts/perf/history-retention-batched-measure.sql:342: NOTICE:  @@P Planning Time: 0.190 ms
psql:backend/scripts/perf/history-retention-batched-measure.sql:342: NOTICE:  @@P Execution Time: 28.991 ms
psql:backend/scripts/perf/history-retention-batched-measure.sql:342: NOTICE:  @@STMT run=1 repo=1 seq=13 label=history age purge owner
psql:backend/scripts/perf/history-retention-batched-measure.sql:342: NOTICE:  @@P Delete on output_snapshot_history h  (cost=0.99..64.99 rows=0 width=0) (actual time=0.077..0.077 rows=0 loops=1)
psql:backend/scripts/perf/history-retention-batched-measure.sql:342: NOTICE:  @@P   Buffers: shared hit=112 read=12 dirtied=1
psql:backend/scripts/perf/history-retention-batched-measure.sql:342: NOTICE:  @@P   ->  Nested Loop  (cost=0.99..64.99 rows=1 width=18) (actual time=0.007..0.071 rows=17 loops=1)
psql:backend/scripts/perf/history-retention-batched-measure.sql:342: NOTICE:  @@P         Buffers: shared hit=94 read=12
psql:backend/scripts/perf/history-retention-batched-measure.sql:342: NOTICE:  @@P         ->  Nested Loop  (cost=0.71..62.64 rows=7 width=28) (actual time=0.005..0.045 rows=17 loops=1)
psql:backend/scripts/perf/history-retention-batched-measure.sql:342: NOTICE:  @@P               Buffers: shared hit=48 read=7
psql:backend/scripts/perf/history-retention-batched-measure.sql:342: NOTICE:  @@P               ->  Index Scan using idx_output_snapshot_history_captured_at on output_snapshot_history h  (cost=0.43..8.55 rows=7 width=11) (actual time=0.002..0.004 rows=17 loops=1)
psql:backend/scripts/perf/history-retention-batched-measure.sql:342: NOTICE:  @@P                     Index Cond: (captured_at < '2025-10-10 13:00:00+00'::timestamp with time zone)
psql:backend/scripts/perf/history-retention-batched-measure.sql:342: NOTICE:  @@P                     Buffers: shared hit=4
psql:backend/scripts/perf/history-retention-batched-measure.sql:342: NOTICE:  @@P               ->  Index Scan using pipelines_pkey on pipelines p  (cost=0.28..7.73 rows=1 width=27) (actual time=0.002..0.002 rows=1 loops=17)
psql:backend/scripts/perf/history-retention-batched-measure.sql:342: NOTICE:  @@P                     Index Cond: (id = h.pipeline_id)
psql:backend/scripts/perf/history-retention-batched-measure.sql:342: NOTICE:  @@P                     Buffers: shared hit=44 read=7
psql:backend/scripts/perf/history-retention-batched-measure.sql:342: NOTICE:  @@P         ->  Index Scan using users_pkey on users u  (cost=0.28..0.34 rows=1 width=22) (actual time=0.001..0.001 rows=1 loops=17)
psql:backend/scripts/perf/history-retention-batched-measure.sql:342: NOTICE:  @@P               Index Cond: (id = p.owner_id)
psql:backend/scripts/perf/history-retention-batched-measure.sql:342: NOTICE:  @@P               Filter: (tier = 'owner'::text)
psql:backend/scripts/perf/history-retention-batched-measure.sql:342: NOTICE:  @@P               Buffers: shared hit=46 read=5
psql:backend/scripts/perf/history-retention-batched-measure.sql:342: NOTICE:  @@P Planning:
psql:backend/scripts/perf/history-retention-batched-measure.sql:342: NOTICE:  @@P   Buffers: shared hit=24
psql:backend/scripts/perf/history-retention-batched-measure.sql:342: NOTICE:  @@P Planning Time: 0.160 ms
psql:backend/scripts/perf/history-retention-batched-measure.sql:342: NOTICE:  @@P Execution Time: 0.086 ms
psql:backend/scripts/perf/history-retention-batched-measure.sql:342: NOTICE:  @@STMT run=1 repo=1 seq=20 label=history age purge unnamed-tier catch-all
psql:backend/scripts/perf/history-retention-batched-measure.sql:342: NOTICE:  @@P Delete on output_snapshot_history h  (cost=55.28..23529.55 rows=0 width=0) (actual time=0.114..0.114 rows=0 loops=1)
psql:backend/scripts/perf/history-retention-batched-measure.sql:342: NOTICE:  @@P   Buffers: shared hit=25
psql:backend/scripts/perf/history-retention-batched-measure.sql:342: NOTICE:  @@P   ->  Hash Join  (cost=55.28..23529.55 rows=176 width=18) (actual time=0.114..0.114 rows=0 loops=1)
psql:backend/scripts/perf/history-retention-batched-measure.sql:342: NOTICE:  @@P         Hash Cond: (h.pipeline_id = p.id)
psql:backend/scripts/perf/history-retention-batched-measure.sql:342: NOTICE:  @@P         Buffers: shared hit=25
psql:backend/scripts/perf/history-retention-batched-measure.sql:342: NOTICE:  @@P         ->  Index Scan using idx_output_snapshot_history_captured_at on output_snapshot_history h  (cost=0.43..22373.97 rows=293059 width=11) (actual time=0.004..0.004 rows=1 loops=1)
psql:backend/scripts/perf/history-retention-batched-measure.sql:342: NOTICE:  @@P               Index Cond: (captured_at < '2026-09-10 13:00:00+00'::timestamp with time zone)
psql:backend/scripts/perf/history-retention-batched-measure.sql:342: NOTICE:  @@P               Buffers: shared hit=4
psql:backend/scripts/perf/history-retention-batched-measure.sql:342: NOTICE:  @@P         ->  Hash  (cost=54.83..54.83 rows=2 width=17) (actual time=0.108..0.109 rows=0 loops=1)
psql:backend/scripts/perf/history-retention-batched-measure.sql:342: NOTICE:  @@P               Buckets: 1024  Batches: 1  Memory Usage: 8kB
psql:backend/scripts/perf/history-retention-batched-measure.sql:342: NOTICE:  @@P               Buffers: shared hit=21
psql:backend/scripts/perf/history-retention-batched-measure.sql:342: NOTICE:  @@P               ->  Nested Loop  (cost=4.30..54.83 rows=2 width=17) (actual time=0.108..0.108 rows=0 loops=1)
psql:backend/scripts/perf/history-retention-batched-measure.sql:342: NOTICE:  @@P                     Buffers: shared hit=21
psql:backend/scripts/perf/history-retention-batched-measure.sql:342: NOTICE:  @@P                     ->  Seq Scan on users u  (cost=0.00..43.92 rows=1 width=22) (actual time=0.108..0.108 rows=0 loops=1)
psql:backend/scripts/perf/history-retention-batched-measure.sql:342: NOTICE:  @@P                           Filter: (tier <> ALL ('{free,beta,owner}'::text[]))
psql:backend/scripts/perf/history-retention-batched-measure.sql:342: NOTICE:  @@P                           Rows Removed by Filter: 1667
psql:backend/scripts/perf/history-retention-batched-measure.sql:342: NOTICE:  @@P                           Buffers: shared hit=21
psql:backend/scripts/perf/history-retention-batched-measure.sql:342: NOTICE:  @@P                     ->  Bitmap Heap Scan on pipelines p  (cost=4.30..10.89 rows=2 width=27) (never executed)
psql:backend/scripts/perf/history-retention-batched-measure.sql:342: NOTICE:  @@P                           Recheck Cond: (u.id = owner_id)
psql:backend/scripts/perf/history-retention-batched-measure.sql:342: NOTICE:  @@P                           ->  Bitmap Index Scan on idx_pipelines_owner_id  (cost=0.00..4.29 rows=2 width=0) (never executed)
psql:backend/scripts/perf/history-retention-batched-measure.sql:342: NOTICE:  @@P                                 Index Cond: (owner_id = u.id)
psql:backend/scripts/perf/history-retention-batched-measure.sql:342: NOTICE:  @@P Planning:
psql:backend/scripts/perf/history-retention-batched-measure.sql:342: NOTICE:  @@P   Buffers: shared hit=20
psql:backend/scripts/perf/history-retention-batched-measure.sql:342: NOTICE:  @@P Planning Time: 0.112 ms
psql:backend/scripts/perf/history-retention-batched-measure.sql:342: NOTICE:  @@P Execution Time: 0.124 ms
psql:backend/scripts/perf/history-retention-batched-measure.sql:342: NOTICE:  @@STMT run=1 repo=1 seq=30 label=history thin (protected newest 101)
psql:backend/scripts/perf/history-retention-batched-measure.sql:342: NOTICE:  @@P Delete on output_snapshot_history  (cost=1584782.46..1994787.79 rows=0 width=0) (actual time=11358.044..11358.048 rows=0 loops=1)
psql:backend/scripts/perf/history-retention-batched-measure.sql:342: NOTICE:  @@P   Buffers: shared hit=157487 read=523265 dirtied=6792 written=16, temp read=74657 written=74756
psql:backend/scripts/perf/history-retention-batched-measure.sql:342: NOTICE:  @@P   ->  Hash Semi Join  (cost=1584782.46..1994787.79 rows=554063 width=46) (actual time=10186.282..11277.039 rows=120000 loops=1)
psql:backend/scripts/perf/history-retention-batched-measure.sql:342: NOTICE:  @@P         Hash Cond: (output_snapshot_history.id = ranked.id)
psql:backend/scripts/perf/history-retention-batched-measure.sql:342: NOTICE:  @@P         Buffers: shared hit=31437 read=522646 written=16, temp read=74657 written=74756
psql:backend/scripts/perf/history-retention-batched-measure.sql:342: NOTICE:  @@P         ->  Seq Scan on output_snapshot_history  (cost=0.00..326902.64 rows=4986564 width=22) (actual time=97.894..648.510 rows=4986230 loops=1)
psql:backend/scripts/perf/history-retention-batched-measure.sql:342: NOTICE:  @@P               Buffers: shared hit=15730 read=261307 written=16
psql:backend/scripts/perf/history-retention-batched-measure.sql:342: NOTICE:  @@P         ->  Hash  (cost=1572445.68..1572445.68 rows=554063 width=56) (actual time=9990.024..9990.027 rows=120000 loops=1)
psql:backend/scripts/perf/history-retention-batched-measure.sql:342: NOTICE:  @@P               Buckets: 131072  Batches: 8  Memory Usage: 2395kB
psql:backend/scripts/perf/history-retention-batched-measure.sql:342: NOTICE:  @@P               Buffers: shared hit=15707 read=261339, temp read=51239 written=52372
psql:backend/scripts/perf/history-retention-batched-measure.sql:342: NOTICE:  @@P               ->  Subquery Scan on ranked  (cost=1120294.66..1572445.68 rows=554063 width=56) (actual time=4428.082..9964.785 rows=120000 loops=1)
psql:backend/scripts/perf/history-retention-batched-measure.sql:342: NOTICE:  @@P                     Filter: (ranked.rn > 1)
psql:backend/scripts/perf/history-retention-batched-measure.sql:342: NOTICE:  @@P                     Rows Removed by Filter: 3856230
psql:backend/scripts/perf/history-retention-batched-measure.sql:342: NOTICE:  @@P                     Buffers: shared hit=15707 read=261339, temp read=51239 written=51338
psql:backend/scripts/perf/history-retention-batched-measure.sql:342: NOTICE:  @@P                     ->  WindowAgg  (cost=1120294.66..1551668.33 rows=1662188 width=73) (actual time=4427.979..9867.040 rows=3976230 loops=1)
psql:backend/scripts/perf/history-retention-batched-measure.sql:342: NOTICE:  @@P                           Buffers: shared hit=15707 read=261339, temp read=51239 written=51338
psql:backend/scripts/perf/history-retention-batched-measure.sql:342: NOTICE:  @@P                           ->  Incremental Sort  (cost=1120294.66..1443626.11 rows=1662188 width=65) (actual time=4427.974..9028.927 rows=3976230 loops=1)
psql:backend/scripts/perf/history-retention-batched-measure.sql:342: NOTICE:  @@P                                 Sort Key: recent.output_id, (CASE WHEN (EXTRACT(epoch FROM ('2026-10-10 13:00:00+00'::timestamp with time zone - recent.captured_at)) < '86400'::numeric) THEN 0 WHEN (EXTRACT(epoch FROM ('2026-10-10 13:00:00+00'::timestamp with time zone - recent.captured_at)) < '604800'::numeric) THEN 1 ELSE 2 END), (floor((EXTRACT(epoch FROM recent.captured_at) / (CASE WHEN (EXTRACT(epoch FROM ('2026-10-10 13:00:00+00'::timestamp with time zone - recent.captured_at)) < '86400'::numeric) THEN '300'::bigint WHEN (EXTRACT(epoch FROM ('2026-10-10 13:00:00+00'::timestamp with time zone - recent.captured_at)) < '604800'::numeric) THEN '3600'::bigint ELSE '86400'::bigint END)::numeric))), recent.captured_at DESC, recent.id DESC
psql:backend/scripts/perf/history-retention-batched-measure.sql:342: NOTICE:  @@P                                 Presorted Key: recent.output_id
psql:backend/scripts/perf/history-retention-batched-measure.sql:342: NOTICE:  @@P                                 Full-sort Groups: 10000  Sort Method: quicksort  Average Memory: 29kB  Peak Memory: 29kB
psql:backend/scripts/perf/history-retention-batched-measure.sql:342: NOTICE:  @@P                                 Pre-sorted Groups: 10000  Sort Method: quicksort  Average Memory: 49kB  Peak Memory: 50kB
psql:backend/scripts/perf/history-retention-batched-measure.sql:342: NOTICE:  @@P                                 Buffers: shared hit=15707 read=261339, temp read=51239 written=51338
psql:backend/scripts/perf/history-retention-batched-measure.sql:342: NOTICE:  @@P                                 ->  Subquery Scan on recent  (cost=1120264.28..1361281.54 rows=1662188 width=65) (actual time=4427.503..6993.316 rows=3976230 loops=1)
psql:backend/scripts/perf/history-retention-batched-measure.sql:342: NOTICE:  @@P                                       Filter: (recent.recency > 101)
psql:backend/scripts/perf/history-retention-batched-measure.sql:342: NOTICE:  @@P                                       Rows Removed by Filter: 1010000
psql:backend/scripts/perf/history-retention-batched-measure.sql:342: NOTICE:  @@P                                       Buffers: shared hit=15698 read=261339, temp read=51239 written=51338
psql:backend/scripts/perf/history-retention-batched-measure.sql:342: NOTICE:  @@P                                       ->  WindowAgg  (cost=1120264.28..1232461.97 rows=4986564 width=37) (actual time=4427.425..5530.244 rows=4986230 loops=1)
psql:backend/scripts/perf/history-retention-batched-measure.sql:342: NOTICE:  @@P                                             Buffers: shared hit=15698 read=261339, temp read=51239 written=51338
psql:backend/scripts/perf/history-retention-batched-measure.sql:342: NOTICE:  @@P                                             ->  Sort  (cost=1120264.28..1132730.69 rows=4986564 width=29) (actual time=4427.397..4898.592 rows=4986230 loops=1)
psql:backend/scripts/perf/history-retention-batched-measure.sql:342: NOTICE:  @@P                                                   Sort Key: output_snapshot_history_1.output_id, output_snapshot_history_1.captured_at DESC, output_snapshot_history_1.id DESC
psql:backend/scripts/perf/history-retention-batched-measure.sql:342: NOTICE:  @@P                                                   Sort Method: external merge  Disk: 204984kB
psql:backend/scripts/perf/history-retention-batched-measure.sql:342: NOTICE:  @@P                                                   Buffers: shared hit=15698 read=261339, temp read=51239 written=51338
psql:backend/scripts/perf/history-retention-batched-measure.sql:342: NOTICE:  @@P                                                   ->  Seq Scan on output_snapshot_history output_snapshot_history_1  (cost=0.00..326902.64 rows=4986564 width=29) (actual time=0.011..617.313 rows=4986230 loops=1)
psql:backend/scripts/perf/history-retention-batched-measure.sql:342: NOTICE:  @@P                                                         Buffers: shared hit=15698 read=261339
psql:backend/scripts/perf/history-retention-batched-measure.sql:342: NOTICE:  @@P Planning:
psql:backend/scripts/perf/history-retention-batched-measure.sql:342: NOTICE:  @@P   Buffers: shared hit=24 read=8
psql:backend/scripts/perf/history-retention-batched-measure.sql:342: NOTICE:  @@P Planning Time: 0.139 ms
psql:backend/scripts/perf/history-retention-batched-measure.sql:342: NOTICE:  @@P JIT:
psql:backend/scripts/perf/history-retention-batched-measure.sql:342: NOTICE:  @@P   Functions: 22
psql:backend/scripts/perf/history-retention-batched-measure.sql:342: NOTICE:  @@P   Options: Inlining true, Optimization true, Expressions true, Deforming true
psql:backend/scripts/perf/history-retention-batched-measure.sql:342: NOTICE:  @@P   Timing: Generation 0.597 ms, Inlining 34.514 ms, Optimization 34.894 ms, Emission 28.558 ms, Total 98.563 ms
psql:backend/scripts/perf/history-retention-batched-measure.sql:342: NOTICE:  @@P Execution Time: 11385.441 ms
 perf_explain 
--------------
 
(1 row)

ROLLBACK
BEGIN
 ?column? 
----------
        1
(1 row)

psql:backend/scripts/perf/history-retention-batched-measure.sql:342: NOTICE:  @@LOCK run=1 repo=2 acquired=t
psql:backend/scripts/perf/history-retention-batched-measure.sql:342: NOTICE:  @@STMT run=1 repo=2 seq=10 label=payload disallowed-tier
psql:backend/scripts/perf/history-retention-batched-measure.sql:342: NOTICE:  @@P Delete on node_payload_history h  (cost=137.63..880.57 rows=0 width=0) (actual time=2.542..2.544 rows=0 loops=1)
psql:backend/scripts/perf/history-retention-batched-measure.sql:342: NOTICE:  @@P   Buffers: shared hit=271 read=735 dirtied=50
psql:backend/scripts/perf/history-retention-batched-measure.sql:342: NOTICE:  @@P   ->  Hash Anti Join  (cost=137.63..880.57 rows=2034 width=18) (actual time=1.345..2.331 rows=47 loops=1)
psql:backend/scripts/perf/history-retention-batched-measure.sql:342: NOTICE:  @@P         Hash Cond: (h.pipeline_id = p.id)
psql:backend/scripts/perf/history-retention-batched-measure.sql:342: NOTICE:  @@P         Buffers: shared hit=34 read=707
psql:backend/scripts/perf/history-retention-batched-measure.sql:342: NOTICE:  @@P         ->  Seq Scan on node_payload_history h  (cost=0.00..714.01 rows=2901 width=11) (actual time=0.009..1.401 rows=2901 loops=1)
psql:backend/scripts/perf/history-retention-batched-measure.sql:342: NOTICE:  @@P               Buffers: shared read=685
psql:backend/scripts/perf/history-retention-batched-measure.sql:342: NOTICE:  @@P         ->  Hash  (cost=125.18..125.18 rows=996 width=17) (actual time=0.662..0.664 rows=996 loops=1)
psql:backend/scripts/perf/history-retention-batched-measure.sql:342: NOTICE:  @@P               Buckets: 1024  Batches: 1  Memory Usage: 57kB
psql:backend/scripts/perf/history-retention-batched-measure.sql:342: NOTICE:  @@P               Buffers: shared hit=34 read=22
psql:backend/scripts/perf/history-retention-batched-measure.sql:342: NOTICE:  @@P               ->  Hash Join  (cost=48.06..125.18 rows=996 width=17) (actual time=0.172..0.590 rows=996 loops=1)
psql:backend/scripts/perf/history-retention-batched-measure.sql:342: NOTICE:  @@P                     Hash Cond: (p.owner_id = u.id)
psql:backend/scripts/perf/history-retention-batched-measure.sql:342: NOTICE:  @@P                     Buffers: shared hit=34 read=22
psql:backend/scripts/perf/history-retention-batched-measure.sql:342: NOTICE:  @@P                     ->  Seq Scan on pipelines p  (cost=0.00..68.34 rows=3334 width=27) (actual time=0.003..0.217 rows=3334 loops=1)
psql:backend/scripts/perf/history-retention-batched-measure.sql:342: NOTICE:  @@P                           Buffers: shared hit=13 read=22
psql:backend/scripts/perf/history-retention-batched-measure.sql:342: NOTICE:  @@P                     ->  Hash  (cost=41.84..41.84 rows=498 width=22) (actual time=0.167..0.167 rows=498 loops=1)
psql:backend/scripts/perf/history-retention-batched-measure.sql:342: NOTICE:  @@P                           Buckets: 1024  Batches: 1  Memory Usage: 35kB
psql:backend/scripts/perf/history-retention-batched-measure.sql:342: NOTICE:  @@P                           Buffers: shared hit=21
psql:backend/scripts/perf/history-retention-batched-measure.sql:342: NOTICE:  @@P                           ->  Seq Scan on users u  (cost=0.00..41.84 rows=498 width=22) (actual time=0.004..0.138 rows=498 loops=1)
psql:backend/scripts/perf/history-retention-batched-measure.sql:342: NOTICE:  @@P                                 Filter: (tier = ANY ('{beta,owner}'::text[]))
psql:backend/scripts/perf/history-retention-batched-measure.sql:342: NOTICE:  @@P                                 Rows Removed by Filter: 1169
psql:backend/scripts/perf/history-retention-batched-measure.sql:342: NOTICE:  @@P                                 Buffers: shared hit=21
psql:backend/scripts/perf/history-retention-batched-measure.sql:342: NOTICE:  @@P Planning:
psql:backend/scripts/perf/history-retention-batched-measure.sql:342: NOTICE:  @@P   Buffers: shared hit=23 read=6
psql:backend/scripts/perf/history-retention-batched-measure.sql:342: NOTICE:  @@P Planning Time: 0.195 ms
psql:backend/scripts/perf/history-retention-batched-measure.sql:342: NOTICE:  @@P Trigger for constraint output_snapshot_history_payload_id_fkey: time=2.688 calls=47
psql:backend/scripts/perf/history-retention-batched-measure.sql:342: NOTICE:  @@P Execution Time: 5.255 ms
psql:backend/scripts/perf/history-retention-batched-measure.sql:342: NOTICE:  @@STMT run=1 repo=2 seq=20 label=payload age purge beta
psql:backend/scripts/perf/history-retention-batched-measure.sql:342: NOTICE:  @@P Delete on node_payload_history h  (cost=0.84..49.05 rows=0 width=0) (actual time=0.054..0.055 rows=0 loops=1)
psql:backend/scripts/perf/history-retention-batched-measure.sql:342: NOTICE:  @@P   Buffers: shared hit=49 read=8 dirtied=4
psql:backend/scripts/perf/history-retention-batched-measure.sql:342: NOTICE:  @@P   ->  Nested Loop  (cost=0.84..49.05 rows=1 width=18) (actual time=0.013..0.032 rows=4 loops=1)
psql:backend/scripts/perf/history-retention-batched-measure.sql:342: NOTICE:  @@P         Buffers: shared hit=23 read=4
psql:backend/scripts/perf/history-retention-batched-measure.sql:342: NOTICE:  @@P         ->  Nested Loop  (cost=0.56..47.71 rows=4 width=28) (actual time=0.010..0.022 rows=4 loops=1)
psql:backend/scripts/perf/history-retention-batched-measure.sql:342: NOTICE:  @@P               Buffers: shared hit=12 read=3
psql:backend/scripts/perf/history-retention-batched-measure.sql:342: NOTICE:  @@P               ->  Index Scan using idx_node_payload_history_captured_at on node_payload_history h  (cost=0.28..14.52 rows=4 width=11) (actual time=0.007..0.007 rows=4 loops=1)
psql:backend/scripts/perf/history-retention-batched-measure.sql:342: NOTICE:  @@P                     Index Cond: (captured_at < '2026-10-03 13:00:00+00'::timestamp with time zone)
psql:backend/scripts/perf/history-retention-batched-measure.sql:342: NOTICE:  @@P                     Buffers: shared hit=1 read=2
psql:backend/scripts/perf/history-retention-batched-measure.sql:342: NOTICE:  @@P               ->  Index Scan using pipelines_pkey on pipelines p  (cost=0.28..8.30 rows=1 width=27) (actual time=0.003..0.003 rows=1 loops=4)
psql:backend/scripts/perf/history-retention-batched-measure.sql:342: NOTICE:  @@P                     Index Cond: (id = h.pipeline_id)
psql:backend/scripts/perf/history-retention-batched-measure.sql:342: NOTICE:  @@P                     Buffers: shared hit=11 read=1
psql:backend/scripts/perf/history-retention-batched-measure.sql:342: NOTICE:  @@P         ->  Index Scan using users_pkey on users u  (cost=0.28..0.34 rows=1 width=22) (actual time=0.002..0.002 rows=1 loops=4)
psql:backend/scripts/perf/history-retention-batched-measure.sql:342: NOTICE:  @@P               Index Cond: (id = p.owner_id)
psql:backend/scripts/perf/history-retention-batched-measure.sql:342: NOTICE:  @@P               Filter: (tier = 'beta'::text)
psql:backend/scripts/perf/history-retention-batched-measure.sql:342: NOTICE:  @@P               Buffers: shared hit=11 read=1
psql:backend/scripts/perf/history-retention-batched-measure.sql:342: NOTICE:  @@P Planning:
psql:backend/scripts/perf/history-retention-batched-measure.sql:342: NOTICE:  @@P   Buffers: shared hit=27
psql:backend/scripts/perf/history-retention-batched-measure.sql:342: NOTICE:  @@P Planning Time: 0.151 ms
psql:backend/scripts/perf/history-retention-batched-measure.sql:342: NOTICE:  @@P Trigger for constraint output_snapshot_history_payload_id_fkey: time=0.184 calls=4
psql:backend/scripts/perf/history-retention-batched-measure.sql:342: NOTICE:  @@P Execution Time: 0.248 ms
psql:backend/scripts/perf/history-retention-batched-measure.sql:342: NOTICE:  @@STMT run=1 repo=2 seq=30 label=payload newest-N beta
psql:backend/scripts/perf/history-retention-batched-measure.sql:342: NOTICE:  @@P Delete on node_payload_history  (cost=932.80..1657.10 rows=0 width=0) (actual time=2.936..2.938 rows=0 loops=1)
psql:backend/scripts/perf/history-retention-batched-measure.sql:342: NOTICE:  @@P   Buffers: shared hit=1630 read=28 dirtied=38
psql:backend/scripts/perf/history-retention-batched-measure.sql:342: NOTICE:  @@P   ->  Hash Semi Join  (cost=932.80..1657.10 rows=241 width=46) (actual time=2.424..2.806 rows=25 loops=1)
psql:backend/scripts/perf/history-retention-batched-measure.sql:342: NOTICE:  @@P         Hash Cond: (node_payload_history.id = ranked.id)
psql:backend/scripts/perf/history-retention-batched-measure.sql:342: NOTICE:  @@P         Buffers: shared hit=1426
psql:backend/scripts/perf/history-retention-batched-measure.sql:342: NOTICE:  @@P         ->  Seq Scan on node_payload_history  (cost=0.00..714.01 rows=2901 width=22) (actual time=0.002..0.264 rows=2850 loops=1)
psql:backend/scripts/perf/history-retention-batched-measure.sql:342: NOTICE:  @@P               Buffers: shared hit=685
psql:backend/scripts/perf/history-retention-batched-measure.sql:342: NOTICE:  @@P         ->  Hash  (cost=929.78..929.78 rows=241 width=56) (actual time=2.420..2.422 rows=25 loops=1)
psql:backend/scripts/perf/history-retention-batched-measure.sql:342: NOTICE:  @@P               Buckets: 1024  Batches: 1  Memory Usage: 11kB
psql:backend/scripts/perf/history-retention-batched-measure.sql:342: NOTICE:  @@P               Buffers: shared hit=741
psql:backend/scripts/perf/history-retention-batched-measure.sql:342: NOTICE:  @@P               ->  Subquery Scan on ranked  (cost=900.90..929.78 rows=241 width=56) (actual time=2.069..2.419 rows=25 loops=1)
psql:backend/scripts/perf/history-retention-batched-measure.sql:342: NOTICE:  @@P                     Filter: (ranked.rn > 10)
psql:backend/scripts/perf/history-retention-batched-measure.sql:342: NOTICE:  @@P                     Rows Removed by Filter: 1650
psql:backend/scripts/perf/history-retention-batched-measure.sql:342: NOTICE:  @@P                     Buffers: shared hit=741
psql:backend/scripts/perf/history-retention-batched-measure.sql:342: NOTICE:  @@P                     ->  WindowAgg  (cost=900.90..920.76 rows=722 width=74) (actual time=2.062..2.368 rows=1675 loops=1)
psql:backend/scripts/perf/history-retention-batched-measure.sql:342: NOTICE:  @@P                           Buffers: shared hit=741
psql:backend/scripts/perf/history-retention-batched-measure.sql:342: NOTICE:  @@P                           ->  Sort  (cost=900.90..902.71 rows=722 width=66) (actual time=2.059..2.097 rows=1675 loops=1)
psql:backend/scripts/perf/history-retention-batched-measure.sql:342: NOTICE:  @@P                                 Sort Key: h.pipeline_id, h.node_step_id, h.root_id, h.captured_at DESC, h.id DESC
psql:backend/scripts/perf/history-retention-batched-measure.sql:342: NOTICE:  @@P                                 Sort Method: quicksort  Memory: 153kB
psql:backend/scripts/perf/history-retention-batched-measure.sql:342: NOTICE:  @@P                                 Buffers: shared hit=741
psql:backend/scripts/perf/history-retention-batched-measure.sql:342: NOTICE:  @@P                                 ->  Hash Join  (cost=134.51..866.62 rows=722 width=66) (actual time=0.524..1.230 rows=1675 loops=1)
psql:backend/scripts/perf/history-retention-batched-measure.sql:342: NOTICE:  @@P                                       Hash Cond: (h.pipeline_id = p.id)
psql:backend/scripts/perf/history-retention-batched-measure.sql:342: NOTICE:  @@P                                       Buffers: shared hit=741
psql:backend/scripts/perf/history-retention-batched-measure.sql:342: NOTICE:  @@P                                       ->  Seq Scan on node_payload_history h  (cost=0.00..714.01 rows=2901 width=66) (actual time=0.001..0.189 rows=2850 loops=1)
psql:backend/scripts/perf/history-retention-batched-measure.sql:342: NOTICE:  @@P                                             Buffers: shared hit=685
psql:backend/scripts/perf/history-retention-batched-measure.sql:342: NOTICE:  @@P                                       ->  Hash  (cost=124.14..124.14 rows=830 width=5) (actual time=0.521..0.522 rows=830 loops=1)
psql:backend/scripts/perf/history-retention-batched-measure.sql:342: NOTICE:  @@P                                             Buckets: 1024  Batches: 1  Memory Usage: 39kB
psql:backend/scripts/perf/history-retention-batched-measure.sql:342: NOTICE:  @@P                                             Buffers: shared hit=56
psql:backend/scripts/perf/history-retention-batched-measure.sql:342: NOTICE:  @@P                                             ->  Hash Join  (cost=47.03..124.14 rows=830 width=5) (actual time=0.126..0.473 rows=830 loops=1)
psql:backend/scripts/perf/history-retention-batched-measure.sql:342: NOTICE:  @@P                                                   Hash Cond: (p.owner_id = u.id)
psql:backend/scripts/perf/history-retention-batched-measure.sql:342: NOTICE:  @@P                                                   Buffers: shared hit=56
psql:backend/scripts/perf/history-retention-batched-measure.sql:342: NOTICE:  @@P                                                   ->  Seq Scan on pipelines p  (cost=0.00..68.34 rows=3334 width=21) (actual time=0.001..0.170 rows=3334 loops=1)
psql:backend/scripts/perf/history-retention-batched-measure.sql:342: NOTICE:  @@P                                                         Buffers: shared hit=35
psql:backend/scripts/perf/history-retention-batched-measure.sql:342: NOTICE:  @@P                                                   ->  Hash  (cost=41.84..41.84 rows=415 width=16) (actual time=0.123..0.123 rows=415 loops=1)
psql:backend/scripts/perf/history-retention-batched-measure.sql:342: NOTICE:  @@P                                                         Buckets: 1024  Batches: 1  Memory Usage: 28kB
psql:backend/scripts/perf/history-retention-batched-measure.sql:342: NOTICE:  @@P                                                         Buffers: shared hit=21
psql:backend/scripts/perf/history-retention-batched-measure.sql:342: NOTICE:  @@P                                                         ->  Seq Scan on users u  (cost=0.00..41.84 rows=415 width=16) (actual time=0.003..0.099 rows=415 loops=1)
psql:backend/scripts/perf/history-retention-batched-measure.sql:342: NOTICE:  @@P                                                               Filter: (tier = 'beta'::text)
psql:backend/scripts/perf/history-retention-batched-measure.sql:342: NOTICE:  @@P                                                               Rows Removed by Filter: 1252
psql:backend/scripts/perf/history-retention-batched-measure.sql:342: NOTICE:  @@P                                                               Buffers: shared hit=21
psql:backend/scripts/perf/history-retention-batched-measure.sql:342: NOTICE:  @@P Planning:
psql:backend/scripts/perf/history-retention-batched-measure.sql:342: NOTICE:  @@P   Buffers: shared hit=36 read=3 dirtied=2
psql:backend/scripts/perf/history-retention-batched-measure.sql:342: NOTICE:  @@P Planning Time: 0.205 ms
psql:backend/scripts/perf/history-retention-batched-measure.sql:342: NOTICE:  @@P Trigger for constraint output_snapshot_history_payload_id_fkey: time=0.727 calls=25
psql:backend/scripts/perf/history-retention-batched-measure.sql:342: NOTICE:  @@P Execution Time: 3.683 ms
psql:backend/scripts/perf/history-retention-batched-measure.sql:342: NOTICE:  @@STMT run=1 repo=2 seq=40 label=payload age purge owner
psql:backend/scripts/perf/history-retention-batched-measure.sql:342: NOTICE:  @@P Delete on node_payload_history h  (cost=0.84..16.94 rows=0 width=0) (actual time=0.001..0.002 rows=0 loops=1)
psql:backend/scripts/perf/history-retention-batched-measure.sql:342: NOTICE:  @@P   Buffers: shared hit=2
psql:backend/scripts/perf/history-retention-batched-measure.sql:342: NOTICE:  @@P   ->  Nested Loop  (cost=0.84..16.94 rows=1 width=18) (actual time=0.001..0.001 rows=0 loops=1)
psql:backend/scripts/perf/history-retention-batched-measure.sql:342: NOTICE:  @@P         Buffers: shared hit=2
psql:backend/scripts/perf/history-retention-batched-measure.sql:342: NOTICE:  @@P         ->  Nested Loop  (cost=0.56..16.60 rows=1 width=28) (actual time=0.001..0.001 rows=0 loops=1)
psql:backend/scripts/perf/history-retention-batched-measure.sql:342: NOTICE:  @@P               Buffers: shared hit=2
psql:backend/scripts/perf/history-retention-batched-measure.sql:342: NOTICE:  @@P               ->  Index Scan using idx_node_payload_history_captured_at on node_payload_history h  (cost=0.28..8.30 rows=1 width=11) (actual time=0.001..0.001 rows=0 loops=1)
psql:backend/scripts/perf/history-retention-batched-measure.sql:342: NOTICE:  @@P                     Index Cond: (captured_at < '2026-09-10 13:00:00+00'::timestamp with time zone)
psql:backend/scripts/perf/history-retention-batched-measure.sql:342: NOTICE:  @@P                     Buffers: shared hit=2
psql:backend/scripts/perf/history-retention-batched-measure.sql:342: NOTICE:  @@P               ->  Index Scan using pipelines_pkey on pipelines p  (cost=0.28..8.30 rows=1 width=27) (never executed)
psql:backend/scripts/perf/history-retention-batched-measure.sql:342: NOTICE:  @@P                     Index Cond: (id = h.pipeline_id)
psql:backend/scripts/perf/history-retention-batched-measure.sql:342: NOTICE:  @@P         ->  Index Scan using users_pkey on users u  (cost=0.28..0.34 rows=1 width=22) (never executed)
psql:backend/scripts/perf/history-retention-batched-measure.sql:342: NOTICE:  @@P               Index Cond: (id = p.owner_id)
psql:backend/scripts/perf/history-retention-batched-measure.sql:342: NOTICE:  @@P               Filter: (tier = 'owner'::text)
psql:backend/scripts/perf/history-retention-batched-measure.sql:342: NOTICE:  @@P Planning:
psql:backend/scripts/perf/history-retention-batched-measure.sql:342: NOTICE:  @@P   Buffers: shared hit=27
psql:backend/scripts/perf/history-retention-batched-measure.sql:342: NOTICE:  @@P Planning Time: 0.131 ms
psql:backend/scripts/perf/history-retention-batched-measure.sql:342: NOTICE:  @@P Execution Time: 0.009 ms
psql:backend/scripts/perf/history-retention-batched-measure.sql:342: NOTICE:  @@STMT run=1 repo=2 seq=50 label=payload newest-N owner
psql:backend/scripts/perf/history-retention-batched-measure.sql:342: NOTICE:  @@P Delete on node_payload_history  (cost=375.17..660.07 rows=0 width=0) (actual time=1.700..1.701 rows=0 loops=1)
psql:backend/scripts/perf/history-retention-batched-measure.sql:342: NOTICE:  @@P   Buffers: shared hit=1555 read=32 dirtied=1
psql:backend/scripts/perf/history-retention-batched-measure.sql:342: NOTICE:  @@P   ->  Nested Loop  (cost=375.17..660.07 rows=48 width=46) (actual time=1.683..1.695 rows=5 loops=1)
psql:backend/scripts/perf/history-retention-batched-measure.sql:342: NOTICE:  @@P         Buffers: shared hit=1544 read=32
psql:backend/scripts/perf/history-retention-batched-measure.sql:342: NOTICE:  @@P         ->  HashAggregate  (cost=374.89..375.37 rows=48 width=56) (actual time=1.678..1.680 rows=5 loops=1)
psql:backend/scripts/perf/history-retention-batched-measure.sql:342: NOTICE:  @@P               Group Key: ranked.id
psql:backend/scripts/perf/history-retention-batched-measure.sql:342: NOTICE:  @@P               Batches: 1  Memory Usage: 24kB
psql:backend/scripts/perf/history-retention-batched-measure.sql:342: NOTICE:  @@P               Buffers: shared hit=1534 read=27
psql:backend/scripts/perf/history-retention-batched-measure.sql:342: NOTICE:  @@P               ->  Subquery Scan on ranked  (cost=369.01..374.77 rows=48 width=56) (actual time=1.469..1.677 rows=5 loops=1)
psql:backend/scripts/perf/history-retention-batched-measure.sql:342: NOTICE:  @@P                     Filter: (ranked.rn > 30)
psql:backend/scripts/perf/history-retention-batched-measure.sql:342: NOTICE:  @@P                     Rows Removed by Filter: 1170
psql:backend/scripts/perf/history-retention-batched-measure.sql:342: NOTICE:  @@P                     Buffers: shared hit=1534 read=27
psql:backend/scripts/perf/history-retention-batched-measure.sql:342: NOTICE:  @@P                     ->  WindowAgg  (cost=369.01..372.97 rows=144 width=74) (actual time=1.425..1.643 rows=1175 loops=1)
psql:backend/scripts/perf/history-retention-batched-measure.sql:342: NOTICE:  @@P                           Buffers: shared hit=1534 read=27
psql:backend/scripts/perf/history-retention-batched-measure.sql:342: NOTICE:  @@P                           ->  Sort  (cost=369.01..369.37 rows=144 width=66) (actual time=1.423..1.450 rows=1175 loops=1)
psql:backend/scripts/perf/history-retention-batched-measure.sql:342: NOTICE:  @@P                                 Sort Key: h.pipeline_id, h.node_step_id, h.root_id, h.captured_at DESC, h.id DESC
psql:backend/scripts/perf/history-retention-batched-measure.sql:342: NOTICE:  @@P                                 Sort Method: quicksort  Memory: 122kB
psql:backend/scripts/perf/history-retention-batched-measure.sql:342: NOTICE:  @@P                                 Buffers: shared hit=1534 read=27
psql:backend/scripts/perf/history-retention-batched-measure.sql:342: NOTICE:  @@P                                 ->  Nested Loop  (cost=43.16..363.85 rows=144 width=66) (actual time=0.112..0.942 rows=1175 loops=1)
psql:backend/scripts/perf/history-retention-batched-measure.sql:342: NOTICE:  @@P                                       Buffers: shared hit=1534 read=27
psql:backend/scripts/perf/history-retention-batched-measure.sql:342: NOTICE:  @@P                                       ->  Hash Join  (cost=42.88..119.99 rows=166 width=5) (actual time=0.091..0.398 rows=166 loops=1)
psql:backend/scripts/perf/history-retention-batched-measure.sql:342: NOTICE:  @@P                                             Hash Cond: (p.owner_id = u.id)
psql:backend/scripts/perf/history-retention-batched-measure.sql:342: NOTICE:  @@P                                             Buffers: shared hit=56
psql:backend/scripts/perf/history-retention-batched-measure.sql:342: NOTICE:  @@P                                             ->  Seq Scan on pipelines p  (cost=0.00..68.34 rows=3334 width=21) (actual time=0.002..0.173 rows=3334 loops=1)
psql:backend/scripts/perf/history-retention-batched-measure.sql:342: NOTICE:  @@P                                                   Buffers: shared hit=35
psql:backend/scripts/perf/history-retention-batched-measure.sql:342: NOTICE:  @@P                                             ->  Hash  (cost=41.84..41.84 rows=83 width=16) (actual time=0.082..0.083 rows=83 loops=1)
psql:backend/scripts/perf/history-retention-batched-measure.sql:342: NOTICE:  @@P                                                   Buckets: 1024  Batches: 1  Memory Usage: 12kB
psql:backend/scripts/perf/history-retention-batched-measure.sql:342: NOTICE:  @@P                                                   Buffers: shared hit=21
psql:backend/scripts/perf/history-retention-batched-measure.sql:342: NOTICE:  @@P                                                   ->  Seq Scan on users u  (cost=0.00..41.84 rows=83 width=16) (actual time=0.003..0.077 rows=83 loops=1)
psql:backend/scripts/perf/history-retention-batched-measure.sql:342: NOTICE:  @@P                                                         Filter: (tier = 'owner'::text)
psql:backend/scripts/perf/history-retention-batched-measure.sql:342: NOTICE:  @@P                                                         Rows Removed by Filter: 1584
psql:backend/scripts/perf/history-retention-batched-measure.sql:342: NOTICE:  @@P                                                         Buffers: shared hit=21
psql:backend/scripts/perf/history-retention-batched-measure.sql:342: NOTICE:  @@P                                       ->  Index Scan using idx_node_payload_history_node_captured on node_payload_history h  (cost=0.28..1.35 rows=12 width=66) (actual time=0.001..0.003 rows=7 loops=166)
psql:backend/scripts/perf/history-retention-batched-measure.sql:342: NOTICE:  @@P                                             Index Cond: (pipeline_id = p.id)
psql:backend/scripts/perf/history-retention-batched-measure.sql:342: NOTICE:  @@P                                             Buffers: shared hit=1478 read=27
psql:backend/scripts/perf/history-retention-batched-measure.sql:342: NOTICE:  @@P         ->  Index Scan using node_payload_history_pkey on node_payload_history  (cost=0.28..6.05 rows=1 width=22) (actual time=0.003..0.003 rows=1 loops=5)
psql:backend/scripts/perf/history-retention-batched-measure.sql:342: NOTICE:  @@P               Index Cond: (id = ranked.id)
psql:backend/scripts/perf/history-retention-batched-measure.sql:342: NOTICE:  @@P               Buffers: shared hit=10 read=5
psql:backend/scripts/perf/history-retention-batched-measure.sql:342: NOTICE:  @@P Planning:
psql:backend/scripts/perf/history-retention-batched-measure.sql:342: NOTICE:  @@P   Buffers: shared hit=33
psql:backend/scripts/perf/history-retention-batched-measure.sql:342: NOTICE:  @@P Planning Time: 0.183 ms
psql:backend/scripts/perf/history-retention-batched-measure.sql:342: NOTICE:  @@P Trigger for constraint output_snapshot_history_payload_id_fkey: time=0.203 calls=5
psql:backend/scripts/perf/history-retention-batched-measure.sql:342: NOTICE:  @@P Execution Time: 1.921 ms
psql:backend/scripts/perf/history-retention-batched-measure.sql:342: NOTICE:  @@STMT run=1 repo=2 seq=60 label=payload unreferenced
psql:backend/scripts/perf/history-retention-batched-measure.sql:342: NOTICE:  @@P Delete on node_payload_history h  (cost=881.13..1020.95 rows=0 width=0) (actual time=7.179..7.179 rows=0 loops=1)
psql:backend/scripts/perf/history-retention-batched-measure.sql:342: NOTICE:  @@P   Buffers: shared hit=1629 read=2258 dirtied=2273
psql:backend/scripts/perf/history-retention-batched-measure.sql:342: NOTICE:  @@P   ->  Merge Right Anti Join  (cost=881.13..1020.95 rows=2132 width=12) (actual time=7.179..7.179 rows=0 loops=1)
psql:backend/scripts/perf/history-retention-batched-measure.sql:342: NOTICE:  @@P         Merge Cond: (o.payload_id = h.id)
psql:backend/scripts/perf/history-retention-batched-measure.sql:342: NOTICE:  @@P         Buffers: shared hit=1629 read=2258 dirtied=2273
psql:backend/scripts/perf/history-retention-batched-measure.sql:342: NOTICE:  @@P         ->  Index Scan using idx_output_snapshot_history_payload on output_snapshot_history o  (cost=0.28..27188.05 rows=4986780 width=22) (actual time=0.011..5.848 rows=8460 loops=1)
psql:backend/scripts/perf/history-retention-batched-measure.sql:342: NOTICE:  @@P               Buffers: shared hit=944 read=2258 dirtied=2273
psql:backend/scripts/perf/history-retention-batched-measure.sql:342: NOTICE:  @@P         ->  Sort  (cost=880.85..888.10 rows=2901 width=22) (actual time=0.510..0.671 rows=2820 loops=1)
psql:backend/scripts/perf/history-retention-batched-measure.sql:342: NOTICE:  @@P               Sort Key: h.id
psql:backend/scripts/perf/history-retention-batched-measure.sql:342: NOTICE:  @@P               Sort Method: quicksort  Memory: 229kB
psql:backend/scripts/perf/history-retention-batched-measure.sql:342: NOTICE:  @@P               Buffers: shared hit=685
psql:backend/scripts/perf/history-retention-batched-measure.sql:342: NOTICE:  @@P               ->  Seq Scan on node_payload_history h  (cost=0.00..714.01 rows=2901 width=22) (actual time=0.002..0.230 rows=2820 loops=1)
psql:backend/scripts/perf/history-retention-batched-measure.sql:342: NOTICE:  @@P                     Buffers: shared hit=685
psql:backend/scripts/perf/history-retention-batched-measure.sql:342: NOTICE:  @@P Planning Time: 0.041 ms
psql:backend/scripts/perf/history-retention-batched-measure.sql:342: NOTICE:  @@P Execution Time: 7.193 ms
 perf_explain 
--------------
 
(1 row)

ROLLBACK
BEGIN
 ?column? 
----------
        1
(1 row)

psql:backend/scripts/perf/history-retention-batched-measure.sql:342: NOTICE:  @@LOCK run=2 repo=1 acquired=t
psql:backend/scripts/perf/history-retention-batched-measure.sql:342: NOTICE:  @@STMT run=2 repo=1 seq=11 label=history age purge free
psql:backend/scripts/perf/history-retention-batched-measure.sql:342: NOTICE:  @@P Delete on output_snapshot_history h  (cost=166.90..24083.22 rows=0 width=0) (actual time=107.627..107.631 rows=0 loops=1)
psql:backend/scripts/perf/history-retention-batched-measure.sql:342: NOTICE:  @@P   Buffers: shared hit=751 read=17514 dirtied=24 written=2814
psql:backend/scripts/perf/history-retention-batched-measure.sql:342: NOTICE:  @@P   ->  Hash Join  (cost=166.90..24083.22 rows=205520 width=18) (actual time=107.401..107.562 rows=297 loops=1)
psql:backend/scripts/perf/history-retention-batched-measure.sql:342: NOTICE:  @@P         Hash Cond: (p.owner_id = u.id)
psql:backend/scripts/perf/history-retention-batched-measure.sql:342: NOTICE:  @@P         Buffers: shared hit=454 read=17514 dirtied=24 written=2814
psql:backend/scripts/perf/history-retention-batched-measure.sql:342: NOTICE:  @@P         ->  Hash Join  (cost=110.45..23255.50 rows=293072 width=28) (actual time=0.424..94.973 rows=316648 loops=1)
psql:backend/scripts/perf/history-retention-batched-measure.sql:342: NOTICE:  @@P               Hash Cond: (h.pipeline_id = p.id)
psql:backend/scripts/perf/history-retention-batched-measure.sql:342: NOTICE:  @@P               Buffers: shared hit=433 read=17514 dirtied=24 written=2814
psql:backend/scripts/perf/history-retention-batched-measure.sql:342: NOTICE:  @@P               ->  Index Scan using idx_output_snapshot_history_captured_at on output_snapshot_history h  (cost=0.43..22375.19 rows=293072 width=11) (actual time=0.006..61.358 rows=316648 loops=1)
psql:backend/scripts/perf/history-retention-batched-measure.sql:342: NOTICE:  @@P                     Index Cond: (captured_at < '2026-09-10 13:00:00+00'::timestamp with time zone)
psql:backend/scripts/perf/history-retention-batched-measure.sql:342: NOTICE:  @@P                     Buffers: shared hit=398 read=17514 dirtied=24 written=2814
psql:backend/scripts/perf/history-retention-batched-measure.sql:342: NOTICE:  @@P               ->  Hash  (cost=68.34..68.34 rows=3334 width=27) (actual time=0.416..0.417 rows=3334 loops=1)
psql:backend/scripts/perf/history-retention-batched-measure.sql:342: NOTICE:  @@P                     Buckets: 4096  Batches: 1  Memory Usage: 227kB
psql:backend/scripts/perf/history-retention-batched-measure.sql:342: NOTICE:  @@P                     Buffers: shared hit=35
psql:backend/scripts/perf/history-retention-batched-measure.sql:342: NOTICE:  @@P                     ->  Seq Scan on pipelines p  (cost=0.00..68.34 rows=3334 width=27) (actual time=0.001..0.183 rows=3334 loops=1)
psql:backend/scripts/perf/history-retention-batched-measure.sql:342: NOTICE:  @@P                           Buffers: shared hit=35
psql:backend/scripts/perf/history-retention-batched-measure.sql:342: NOTICE:  @@P         ->  Hash  (cost=41.84..41.84 rows=1169 width=22) (actual time=0.182..0.182 rows=1169 loops=1)
psql:backend/scripts/perf/history-retention-batched-measure.sql:342: NOTICE:  @@P               Buckets: 2048  Batches: 1  Memory Usage: 78kB
psql:backend/scripts/perf/history-retention-batched-measure.sql:342: NOTICE:  @@P               Buffers: shared hit=21
psql:backend/scripts/perf/history-retention-batched-measure.sql:342: NOTICE:  @@P               ->  Seq Scan on users u  (cost=0.00..41.84 rows=1169 width=22) (actual time=0.002..0.115 rows=1169 loops=1)
psql:backend/scripts/perf/history-retention-batched-measure.sql:342: NOTICE:  @@P                     Filter: (tier = 'free'::text)
psql:backend/scripts/perf/history-retention-batched-measure.sql:342: NOTICE:  @@P                     Rows Removed by Filter: 498
psql:backend/scripts/perf/history-retention-batched-measure.sql:342: NOTICE:  @@P                     Buffers: shared hit=21
psql:backend/scripts/perf/history-retention-batched-measure.sql:342: NOTICE:  @@P Planning:
psql:backend/scripts/perf/history-retention-batched-measure.sql:342: NOTICE:  @@P   Buffers: shared hit=20
psql:backend/scripts/perf/history-retention-batched-measure.sql:342: NOTICE:  @@P Planning Time: 0.106 ms
psql:backend/scripts/perf/history-retention-batched-measure.sql:342: NOTICE:  @@P Execution Time: 107.649 ms
psql:backend/scripts/perf/history-retention-batched-measure.sql:342: NOTICE:  @@STMT run=2 repo=1 seq=12 label=history age purge beta
psql:backend/scripts/perf/history-retention-batched-measure.sql:342: NOTICE:  @@P Delete on output_snapshot_history h  (cost=134.95..10718.78 rows=0 width=0) (actual time=33.148..33.150 rows=0 loops=1)
psql:backend/scripts/perf/history-retention-batched-measure.sql:342: NOTICE:  @@P   Buffers: shared hit=161 read=7755 dirtied=7 written=1685
psql:backend/scripts/perf/history-retention-batched-measure.sql:342: NOTICE:  @@P   ->  Hash Join  (cost=134.95..10718.78 rows=31899 width=18) (actual time=33.076..33.128 rows=104 loops=1)
psql:backend/scripts/perf/history-retention-batched-measure.sql:342: NOTICE:  @@P         Hash Cond: (h.pipeline_id = p.id)
psql:backend/scripts/perf/history-retention-batched-measure.sql:342: NOTICE:  @@P         Buffers: shared hit=57 read=7755 written=1685
psql:backend/scripts/perf/history-retention-batched-measure.sql:342: NOTICE:  @@P         ->  Index Scan using idx_output_snapshot_history_captured_at on output_snapshot_history h  (cost=0.43..9784.78 rows=128134 width=11) (actual time=0.011..26.694 rows=137071 loops=1)
psql:backend/scripts/perf/history-retention-batched-measure.sql:342: NOTICE:  @@P               Index Cond: (captured_at < '2026-07-12 13:00:00+00'::timestamp with time zone)
psql:backend/scripts/perf/history-retention-batched-measure.sql:342: NOTICE:  @@P               Buffers: shared hit=1 read=7755 written=1685
psql:backend/scripts/perf/history-retention-batched-measure.sql:342: NOTICE:  @@P         ->  Hash  (cost=124.14..124.14 rows=830 width=17) (actual time=0.607..0.608 rows=830 loops=1)
psql:backend/scripts/perf/history-retention-batched-measure.sql:342: NOTICE:  @@P               Buckets: 1024  Batches: 1  Memory Usage: 49kB
psql:backend/scripts/perf/history-retention-batched-measure.sql:342: NOTICE:  @@P               Buffers: shared hit=56
psql:backend/scripts/perf/history-retention-batched-measure.sql:342: NOTICE:  @@P               ->  Hash Join  (cost=47.03..124.14 rows=830 width=17) (actual time=0.134..0.544 rows=830 loops=1)
psql:backend/scripts/perf/history-retention-batched-measure.sql:342: NOTICE:  @@P                     Hash Cond: (p.owner_id = u.id)
psql:backend/scripts/perf/history-retention-batched-measure.sql:342: NOTICE:  @@P                     Buffers: shared hit=56
psql:backend/scripts/perf/history-retention-batched-measure.sql:342: NOTICE:  @@P                     ->  Seq Scan on pipelines p  (cost=0.00..68.34 rows=3334 width=27) (actual time=0.003..0.209 rows=3334 loops=1)
psql:backend/scripts/perf/history-retention-batched-measure.sql:342: NOTICE:  @@P                           Buffers: shared hit=35
psql:backend/scripts/perf/history-retention-batched-measure.sql:342: NOTICE:  @@P                     ->  Hash  (cost=41.84..41.84 rows=415 width=22) (actual time=0.129..0.130 rows=415 loops=1)
psql:backend/scripts/perf/history-retention-batched-measure.sql:342: NOTICE:  @@P                           Buckets: 1024  Batches: 1  Memory Usage: 30kB
psql:backend/scripts/perf/history-retention-batched-measure.sql:342: NOTICE:  @@P                           Buffers: shared hit=21
psql:backend/scripts/perf/history-retention-batched-measure.sql:342: NOTICE:  @@P                           ->  Seq Scan on users u  (cost=0.00..41.84 rows=415 width=22) (actual time=0.003..0.106 rows=415 loops=1)
psql:backend/scripts/perf/history-retention-batched-measure.sql:342: NOTICE:  @@P                                 Filter: (tier = 'beta'::text)
psql:backend/scripts/perf/history-retention-batched-measure.sql:342: NOTICE:  @@P                                 Rows Removed by Filter: 1252
psql:backend/scripts/perf/history-retention-batched-measure.sql:342: NOTICE:  @@P                                 Buffers: shared hit=21
psql:backend/scripts/perf/history-retention-batched-measure.sql:342: NOTICE:  @@P Planning:
psql:backend/scripts/perf/history-retention-batched-measure.sql:342: NOTICE:  @@P   Buffers: shared hit=20
psql:backend/scripts/perf/history-retention-batched-measure.sql:342: NOTICE:  @@P Planning Time: 0.183 ms
psql:backend/scripts/perf/history-retention-batched-measure.sql:342: NOTICE:  @@P Execution Time: 33.169 ms
psql:backend/scripts/perf/history-retention-batched-measure.sql:342: NOTICE:  @@STMT run=2 repo=1 seq=13 label=history age purge owner
psql:backend/scripts/perf/history-retention-batched-measure.sql:342: NOTICE:  @@P Delete on output_snapshot_history h  (cost=0.99..64.99 rows=0 width=0) (actual time=0.143..0.144 rows=0 loops=1)
psql:backend/scripts/perf/history-retention-batched-measure.sql:342: NOTICE:  @@P   Buffers: shared hit=101 read=22 dirtied=1 written=22
psql:backend/scripts/perf/history-retention-batched-measure.sql:342: NOTICE:  @@P   ->  Nested Loop  (cost=0.99..64.99 rows=1 width=18) (actual time=0.015..0.138 rows=17 loops=1)
psql:backend/scripts/perf/history-retention-batched-measure.sql:342: NOTICE:  @@P         Buffers: shared hit=84 read=22 written=22
psql:backend/scripts/perf/history-retention-batched-measure.sql:342: NOTICE:  @@P         ->  Nested Loop  (cost=0.71..62.64 rows=7 width=28) (actual time=0.013..0.100 rows=17 loops=1)
psql:backend/scripts/perf/history-retention-batched-measure.sql:342: NOTICE:  @@P               Buffers: shared hit=38 read=17 written=17
psql:backend/scripts/perf/history-retention-batched-measure.sql:342: NOTICE:  @@P               ->  Index Scan using idx_output_snapshot_history_captured_at on output_snapshot_history h  (cost=0.43..8.55 rows=7 width=11) (actual time=0.002..0.004 rows=17 loops=1)
psql:backend/scripts/perf/history-retention-batched-measure.sql:342: NOTICE:  @@P                     Index Cond: (captured_at < '2025-10-10 13:00:00+00'::timestamp with time zone)
psql:backend/scripts/perf/history-retention-batched-measure.sql:342: NOTICE:  @@P                     Buffers: shared hit=4
psql:backend/scripts/perf/history-retention-batched-measure.sql:342: NOTICE:  @@P               ->  Index Scan using pipelines_pkey on pipelines p  (cost=0.28..7.73 rows=1 width=27) (actual time=0.005..0.005 rows=1 loops=17)
psql:backend/scripts/perf/history-retention-batched-measure.sql:342: NOTICE:  @@P                     Index Cond: (id = h.pipeline_id)
psql:backend/scripts/perf/history-retention-batched-measure.sql:342: NOTICE:  @@P                     Buffers: shared hit=34 read=17 written=17
psql:backend/scripts/perf/history-retention-batched-measure.sql:342: NOTICE:  @@P         ->  Index Scan using users_pkey on users u  (cost=0.28..0.34 rows=1 width=22) (actual time=0.002..0.002 rows=1 loops=17)
psql:backend/scripts/perf/history-retention-batched-measure.sql:342: NOTICE:  @@P               Index Cond: (id = p.owner_id)
psql:backend/scripts/perf/history-retention-batched-measure.sql:342: NOTICE:  @@P               Filter: (tier = 'owner'::text)
psql:backend/scripts/perf/history-retention-batched-measure.sql:342: NOTICE:  @@P               Buffers: shared hit=46 read=5 written=5
psql:backend/scripts/perf/history-retention-batched-measure.sql:342: NOTICE:  @@P Planning:
psql:backend/scripts/perf/history-retention-batched-measure.sql:342: NOTICE:  @@P   Buffers: shared hit=25
psql:backend/scripts/perf/history-retention-batched-measure.sql:342: NOTICE:  @@P Planning Time: 0.154 ms
psql:backend/scripts/perf/history-retention-batched-measure.sql:342: NOTICE:  @@P Execution Time: 0.156 ms
psql:backend/scripts/perf/history-retention-batched-measure.sql:342: NOTICE:  @@STMT run=2 repo=1 seq=20 label=history age purge unnamed-tier catch-all
psql:backend/scripts/perf/history-retention-batched-measure.sql:342: NOTICE:  @@P Delete on output_snapshot_history h  (cost=55.28..23530.82 rows=0 width=0) (actual time=0.134..0.135 rows=0 loops=1)
psql:backend/scripts/perf/history-retention-batched-measure.sql:342: NOTICE:  @@P   Buffers: shared hit=18 read=7 written=7
psql:backend/scripts/perf/history-retention-batched-measure.sql:342: NOTICE:  @@P   ->  Hash Join  (cost=55.28..23530.82 rows=176 width=18) (actual time=0.134..0.134 rows=0 loops=1)
psql:backend/scripts/perf/history-retention-batched-measure.sql:342: NOTICE:  @@P         Hash Cond: (h.pipeline_id = p.id)
psql:backend/scripts/perf/history-retention-batched-measure.sql:342: NOTICE:  @@P         Buffers: shared hit=18 read=7 written=7
psql:backend/scripts/perf/history-retention-batched-measure.sql:342: NOTICE:  @@P         ->  Index Scan using idx_output_snapshot_history_captured_at on output_snapshot_history h  (cost=0.43..22375.19 rows=293072 width=11) (actual time=0.004..0.004 rows=1 loops=1)
psql:backend/scripts/perf/history-retention-batched-measure.sql:342: NOTICE:  @@P               Index Cond: (captured_at < '2026-09-10 13:00:00+00'::timestamp with time zone)
psql:backend/scripts/perf/history-retention-batched-measure.sql:342: NOTICE:  @@P               Buffers: shared hit=4
psql:backend/scripts/perf/history-retention-batched-measure.sql:342: NOTICE:  @@P         ->  Hash  (cost=54.83..54.83 rows=2 width=17) (actual time=0.130..0.130 rows=0 loops=1)
psql:backend/scripts/perf/history-retention-batched-measure.sql:342: NOTICE:  @@P               Buckets: 1024  Batches: 1  Memory Usage: 8kB
psql:backend/scripts/perf/history-retention-batched-measure.sql:342: NOTICE:  @@P               Buffers: shared hit=14 read=7 written=7
psql:backend/scripts/perf/history-retention-batched-measure.sql:342: NOTICE:  @@P               ->  Nested Loop  (cost=4.30..54.83 rows=2 width=17) (actual time=0.129..0.130 rows=0 loops=1)
psql:backend/scripts/perf/history-retention-batched-measure.sql:342: NOTICE:  @@P                     Buffers: shared hit=14 read=7 written=7
psql:backend/scripts/perf/history-retention-batched-measure.sql:342: NOTICE:  @@P                     ->  Seq Scan on users u  (cost=0.00..43.92 rows=1 width=22) (actual time=0.129..0.129 rows=0 loops=1)
psql:backend/scripts/perf/history-retention-batched-measure.sql:342: NOTICE:  @@P                           Filter: (tier <> ALL ('{free,beta,owner}'::text[]))
psql:backend/scripts/perf/history-retention-batched-measure.sql:342: NOTICE:  @@P                           Rows Removed by Filter: 1667
psql:backend/scripts/perf/history-retention-batched-measure.sql:342: NOTICE:  @@P                           Buffers: shared hit=14 read=7 written=7
psql:backend/scripts/perf/history-retention-batched-measure.sql:342: NOTICE:  @@P                     ->  Bitmap Heap Scan on pipelines p  (cost=4.30..10.89 rows=2 width=27) (never executed)
psql:backend/scripts/perf/history-retention-batched-measure.sql:342: NOTICE:  @@P                           Recheck Cond: (u.id = owner_id)
psql:backend/scripts/perf/history-retention-batched-measure.sql:342: NOTICE:  @@P                           ->  Bitmap Index Scan on idx_pipelines_owner_id  (cost=0.00..4.29 rows=2 width=0) (never executed)
psql:backend/scripts/perf/history-retention-batched-measure.sql:342: NOTICE:  @@P                                 Index Cond: (owner_id = u.id)
psql:backend/scripts/perf/history-retention-batched-measure.sql:342: NOTICE:  @@P Planning:
psql:backend/scripts/perf/history-retention-batched-measure.sql:342: NOTICE:  @@P   Buffers: shared hit=20
psql:backend/scripts/perf/history-retention-batched-measure.sql:342: NOTICE:  @@P Planning Time: 0.121 ms
psql:backend/scripts/perf/history-retention-batched-measure.sql:342: NOTICE:  @@P Execution Time: 0.145 ms
psql:backend/scripts/perf/history-retention-batched-measure.sql:342: NOTICE:  @@STMT run=2 repo=1 seq=30 label=history thin (protected newest 101)
psql:backend/scripts/perf/history-retention-batched-measure.sql:342: NOTICE:  @@P Delete on output_snapshot_history  (cost=1584857.61..1994880.92 rows=0 width=0) (actual time=11250.554..11250.559 rows=0 loops=1)
psql:backend/scripts/perf/history-retention-batched-measure.sql:342: NOTICE:  @@P   Buffers: shared hit=146863 read=527235 dirtied=9029 written=5961, temp read=74657 written=74756
psql:backend/scripts/perf/history-retention-batched-measure.sql:342: NOTICE:  @@P   ->  Hash Semi Join  (cost=1584857.61..1994880.92 rows=554087 width=46) (actual time=10107.344..11212.799 rows=120000 loops=1)
psql:backend/scripts/perf/history-retention-batched-measure.sql:342: NOTICE:  @@P         Hash Cond: (output_snapshot_history.id = ranked.id)
psql:backend/scripts/perf/history-retention-batched-measure.sql:342: NOTICE:  @@P         Buffers: shared hit=26956 read=527142 dirtied=2709 written=5961, temp read=74657 written=74756
psql:backend/scripts/perf/history-retention-batched-measure.sql:342: NOTICE:  @@P         ->  Seq Scan on output_snapshot_history  (cost=0.00..326916.80 rows=4986780 width=22) (actual time=71.634..631.831 rows=4986230 loops=1)
psql:backend/scripts/perf/history-retention-batched-measure.sql:342: NOTICE:  @@P               Buffers: shared hit=11386 read=265663 written=4034
psql:backend/scripts/perf/history-retention-batched-measure.sql:342: NOTICE:  @@P         ->  Hash  (cost=1572519.52..1572519.52 rows=554087 width=56) (actual time=9938.976..9938.979 rows=120000 loops=1)
psql:backend/scripts/perf/history-retention-batched-measure.sql:342: NOTICE:  @@P               Buckets: 131072  Batches: 8  Memory Usage: 2395kB
psql:backend/scripts/perf/history-retention-batched-measure.sql:342: NOTICE:  @@P               Buffers: shared hit=15570 read=261479 dirtied=2709 written=1927, temp read=51239 written=52372
psql:backend/scripts/perf/history-retention-batched-measure.sql:342: NOTICE:  @@P               ->  Subquery Scan on ranked  (cost=1120348.41..1572519.52 rows=554087 width=56) (actual time=4416.832..9920.818 rows=120000 loops=1)
psql:backend/scripts/perf/history-retention-batched-measure.sql:342: NOTICE:  @@P                     Filter: (ranked.rn > 1)
psql:backend/scripts/perf/history-retention-batched-measure.sql:342: NOTICE:  @@P                     Rows Removed by Filter: 3856230
psql:backend/scripts/perf/history-retention-batched-measure.sql:342: NOTICE:  @@P                     Buffers: shared hit=15570 read=261479 dirtied=2709 written=1927, temp read=51239 written=51338
psql:backend/scripts/perf/history-retention-batched-measure.sql:342: NOTICE:  @@P                     ->  WindowAgg  (cost=1120348.41..1551741.27 rows=1662260 width=73) (actual time=4416.738..9822.965 rows=3976230 loops=1)
psql:backend/scripts/perf/history-retention-batched-measure.sql:342: NOTICE:  @@P                           Buffers: shared hit=15570 read=261479 dirtied=2709 written=1927, temp read=51239 written=51338
psql:backend/scripts/perf/history-retention-batched-measure.sql:342: NOTICE:  @@P                           ->  Incremental Sort  (cost=1120348.41..1443694.37 rows=1662260 width=65) (actual time=4416.734..8972.312 rows=3976230 loops=1)
psql:backend/scripts/perf/history-retention-batched-measure.sql:342: NOTICE:  @@P                                 Sort Key: recent.output_id, (CASE WHEN (EXTRACT(epoch FROM ('2026-10-10 13:00:00+00'::timestamp with time zone - recent.captured_at)) < '86400'::numeric) THEN 0 WHEN (EXTRACT(epoch FROM ('2026-10-10 13:00:00+00'::timestamp with time zone - recent.captured_at)) < '604800'::numeric) THEN 1 ELSE 2 END), (floor((EXTRACT(epoch FROM recent.captured_at) / (CASE WHEN (EXTRACT(epoch FROM ('2026-10-10 13:00:00+00'::timestamp with time zone - recent.captured_at)) < '86400'::numeric) THEN '300'::bigint WHEN (EXTRACT(epoch FROM ('2026-10-10 13:00:00+00'::timestamp with time zone - recent.captured_at)) < '604800'::numeric) THEN '3600'::bigint ELSE '86400'::bigint END)::numeric))), recent.captured_at DESC, recent.id DESC
psql:backend/scripts/perf/history-retention-batched-measure.sql:342: NOTICE:  @@P                                 Presorted Key: recent.output_id
psql:backend/scripts/perf/history-retention-batched-measure.sql:342: NOTICE:  @@P                                 Full-sort Groups: 10000  Sort Method: quicksort  Average Memory: 29kB  Peak Memory: 29kB
psql:backend/scripts/perf/history-retention-batched-measure.sql:342: NOTICE:  @@P                                 Pre-sorted Groups: 10000  Sort Method: quicksort  Average Memory: 49kB  Peak Memory: 50kB
psql:backend/scripts/perf/history-retention-batched-measure.sql:342: NOTICE:  @@P                                 Buffers: shared hit=15570 read=261479 dirtied=2709 written=1927, temp read=51239 written=51338
psql:backend/scripts/perf/history-retention-batched-measure.sql:342: NOTICE:  @@P                                 ->  Subquery Scan on recent  (cost=1120318.02..1361345.72 rows=1662260 width=65) (actual time=4416.287..6940.655 rows=3976230 loops=1)
psql:backend/scripts/perf/history-retention-batched-measure.sql:342: NOTICE:  @@P                                       Filter: (recent.recency > 101)
psql:backend/scripts/perf/history-retention-batched-measure.sql:342: NOTICE:  @@P                                       Rows Removed by Filter: 1010000
psql:backend/scripts/perf/history-retention-batched-measure.sql:342: NOTICE:  @@P                                       Buffers: shared hit=15570 read=261479 dirtied=2709 written=1927, temp read=51239 written=51338
psql:backend/scripts/perf/history-retention-batched-measure.sql:342: NOTICE:  @@P                                       ->  WindowAgg  (cost=1120318.02..1232520.57 rows=4986780 width=37) (actual time=4416.250..5488.291 rows=4986230 loops=1)
psql:backend/scripts/perf/history-retention-batched-measure.sql:342: NOTICE:  @@P                                             Buffers: shared hit=15570 read=261479 dirtied=2709 written=1927, temp read=51239 written=51338
psql:backend/scripts/perf/history-retention-batched-measure.sql:342: NOTICE:  @@P                                             ->  Sort  (cost=1120318.02..1132784.97 rows=4986780 width=29) (actual time=4416.226..4883.771 rows=4986230 loops=1)
psql:backend/scripts/perf/history-retention-batched-measure.sql:342: NOTICE:  @@P                                                   Sort Key: output_snapshot_history_1.output_id, output_snapshot_history_1.captured_at DESC, output_snapshot_history_1.id DESC
psql:backend/scripts/perf/history-retention-batched-measure.sql:342: NOTICE:  @@P                                                   Sort Method: external merge  Disk: 204984kB
psql:backend/scripts/perf/history-retention-batched-measure.sql:342: NOTICE:  @@P                                                   Buffers: shared hit=15570 read=261479 dirtied=2709 written=1927, temp read=51239 written=51338
psql:backend/scripts/perf/history-retention-batched-measure.sql:342: NOTICE:  @@P                                                   ->  Seq Scan on output_snapshot_history output_snapshot_history_1  (cost=0.00..326916.80 rows=4986780 width=29) (actual time=0.015..614.040 rows=4986230 loops=1)
psql:backend/scripts/perf/history-retention-batched-measure.sql:342: NOTICE:  @@P                                                         Buffers: shared hit=15570 read=261479 dirtied=2709 written=1927
psql:backend/scripts/perf/history-retention-batched-measure.sql:342: NOTICE:  @@P Planning:
psql:backend/scripts/perf/history-retention-batched-measure.sql:342: NOTICE:  @@P   Buffers: shared hit=2 read=6 written=6
psql:backend/scripts/perf/history-retention-batched-measure.sql:342: NOTICE:  @@P Planning Time: 0.147 ms
psql:backend/scripts/perf/history-retention-batched-measure.sql:342: NOTICE:  @@P JIT:
psql:backend/scripts/perf/history-retention-batched-measure.sql:342: NOTICE:  @@P   Functions: 22
psql:backend/scripts/perf/history-retention-batched-measure.sql:342: NOTICE:  @@P   Options: Inlining true, Optimization true, Expressions true, Deforming true
psql:backend/scripts/perf/history-retention-batched-measure.sql:342: NOTICE:  @@P   Timing: Generation 0.585 ms, Inlining 8.555 ms, Optimization 35.295 ms, Emission 27.848 ms, Total 72.282 ms
psql:backend/scripts/perf/history-retention-batched-measure.sql:342: NOTICE:  @@P Execution Time: 11267.749 ms
 perf_explain 
--------------
 
(1 row)

ROLLBACK
BEGIN
 ?column? 
----------
        1
(1 row)

psql:backend/scripts/perf/history-retention-batched-measure.sql:342: NOTICE:  @@LOCK run=2 repo=2 acquired=t
psql:backend/scripts/perf/history-retention-batched-measure.sql:342: NOTICE:  @@STMT run=2 repo=2 seq=10 label=payload disallowed-tier
psql:backend/scripts/perf/history-retention-batched-measure.sql:342: NOTICE:  @@P Delete on node_payload_history h  (cost=137.63..880.57 rows=0 width=0) (actual time=11.052..11.054 rows=0 loops=1)
psql:backend/scripts/perf/history-retention-batched-measure.sql:342: NOTICE:  @@P   Buffers: shared hit=201 read=730 dirtied=60
psql:backend/scripts/perf/history-retention-batched-measure.sql:342: NOTICE:  @@P   ->  Hash Anti Join  (cost=137.63..880.57 rows=2034 width=18) (actual time=1.339..2.351 rows=47 loops=1)
psql:backend/scripts/perf/history-retention-batched-measure.sql:342: NOTICE:  @@P         Hash Cond: (h.pipeline_id = p.id)
psql:backend/scripts/perf/history-retention-batched-measure.sql:342: NOTICE:  @@P         Buffers: shared hit=35 read=706 dirtied=39
psql:backend/scripts/perf/history-retention-batched-measure.sql:342: NOTICE:  @@P         ->  Seq Scan on node_payload_history h  (cost=0.00..714.01 rows=2901 width=11) (actual time=0.006..1.422 rows=2901 loops=1)
psql:backend/scripts/perf/history-retention-batched-measure.sql:342: NOTICE:  @@P               Buffers: shared hit=1 read=684 dirtied=39
psql:backend/scripts/perf/history-retention-batched-measure.sql:342: NOTICE:  @@P         ->  Hash  (cost=125.18..125.18 rows=996 width=17) (actual time=0.655..0.657 rows=996 loops=1)
psql:backend/scripts/perf/history-retention-batched-measure.sql:342: NOTICE:  @@P               Buckets: 1024  Batches: 1  Memory Usage: 57kB
psql:backend/scripts/perf/history-retention-batched-measure.sql:342: NOTICE:  @@P               Buffers: shared hit=34 read=22
psql:backend/scripts/perf/history-retention-batched-measure.sql:342: NOTICE:  @@P               ->  Hash Join  (cost=48.06..125.18 rows=996 width=17) (actual time=0.170..0.588 rows=996 loops=1)
psql:backend/scripts/perf/history-retention-batched-measure.sql:342: NOTICE:  @@P                     Hash Cond: (p.owner_id = u.id)
psql:backend/scripts/perf/history-retention-batched-measure.sql:342: NOTICE:  @@P                     Buffers: shared hit=34 read=22
psql:backend/scripts/perf/history-retention-batched-measure.sql:342: NOTICE:  @@P                     ->  Seq Scan on pipelines p  (cost=0.00..68.34 rows=3334 width=27) (actual time=0.003..0.219 rows=3334 loops=1)
psql:backend/scripts/perf/history-retention-batched-measure.sql:342: NOTICE:  @@P                           Buffers: shared hit=13 read=22
psql:backend/scripts/perf/history-retention-batched-measure.sql:342: NOTICE:  @@P                     ->  Hash  (cost=41.84..41.84 rows=498 width=22) (actual time=0.164..0.165 rows=498 loops=1)
psql:backend/scripts/perf/history-retention-batched-measure.sql:342: NOTICE:  @@P                           Buckets: 1024  Batches: 1  Memory Usage: 35kB
psql:backend/scripts/perf/history-retention-batched-measure.sql:342: NOTICE:  @@P                           Buffers: shared hit=21
psql:backend/scripts/perf/history-retention-batched-measure.sql:342: NOTICE:  @@P                           ->  Seq Scan on users u  (cost=0.00..41.84 rows=498 width=22) (actual time=0.004..0.135 rows=498 loops=1)
psql:backend/scripts/perf/history-retention-batched-measure.sql:342: NOTICE:  @@P                                 Filter: (tier = ANY ('{beta,owner}'::text[]))
psql:backend/scripts/perf/history-retention-batched-measure.sql:342: NOTICE:  @@P                                 Rows Removed by Filter: 1169
psql:backend/scripts/perf/history-retention-batched-measure.sql:342: NOTICE:  @@P                                 Buffers: shared hit=21
psql:backend/scripts/perf/history-retention-batched-measure.sql:342: NOTICE:  @@P Planning:
psql:backend/scripts/perf/history-retention-batched-measure.sql:342: NOTICE:  @@P   Buffers: shared hit=22 read=5 dirtied=1
psql:backend/scripts/perf/history-retention-batched-measure.sql:342: NOTICE:  @@P Planning Time: 0.201 ms
psql:backend/scripts/perf/history-retention-batched-measure.sql:342: NOTICE:  @@P Trigger for constraint output_snapshot_history_payload_id_fkey: time=2.206 calls=47
psql:backend/scripts/perf/history-retention-batched-measure.sql:342: NOTICE:  @@P Execution Time: 13.276 ms
psql:backend/scripts/perf/history-retention-batched-measure.sql:342: NOTICE:  @@STMT run=2 repo=2 seq=20 label=payload age purge beta
psql:backend/scripts/perf/history-retention-batched-measure.sql:342: NOTICE:  @@P Delete on node_payload_history h  (cost=0.84..49.05 rows=0 width=0) (actual time=0.052..0.053 rows=0 loops=1)
psql:backend/scripts/perf/history-retention-batched-measure.sql:342: NOTICE:  @@P   Buffers: shared hit=45 read=8 dirtied=3
psql:backend/scripts/perf/history-retention-batched-measure.sql:342: NOTICE:  @@P   ->  Nested Loop  (cost=0.84..49.05 rows=1 width=18) (actual time=0.013..0.033 rows=4 loops=1)
psql:backend/scripts/perf/history-retention-batched-measure.sql:342: NOTICE:  @@P         Buffers: shared hit=23 read=4
psql:backend/scripts/perf/history-retention-batched-measure.sql:342: NOTICE:  @@P         ->  Nested Loop  (cost=0.56..47.71 rows=4 width=28) (actual time=0.010..0.022 rows=4 loops=1)
psql:backend/scripts/perf/history-retention-batched-measure.sql:342: NOTICE:  @@P               Buffers: shared hit=12 read=3
psql:backend/scripts/perf/history-retention-batched-measure.sql:342: NOTICE:  @@P               ->  Index Scan using idx_node_payload_history_captured_at on node_payload_history h  (cost=0.28..14.52 rows=4 width=11) (actual time=0.007..0.008 rows=4 loops=1)
psql:backend/scripts/perf/history-retention-batched-measure.sql:342: NOTICE:  @@P                     Index Cond: (captured_at < '2026-10-03 13:00:00+00'::timestamp with time zone)
psql:backend/scripts/perf/history-retention-batched-measure.sql:342: NOTICE:  @@P                     Buffers: shared hit=1 read=2
psql:backend/scripts/perf/history-retention-batched-measure.sql:342: NOTICE:  @@P               ->  Index Scan using pipelines_pkey on pipelines p  (cost=0.28..8.30 rows=1 width=27) (actual time=0.003..0.003 rows=1 loops=4)
psql:backend/scripts/perf/history-retention-batched-measure.sql:342: NOTICE:  @@P                     Index Cond: (id = h.pipeline_id)
psql:backend/scripts/perf/history-retention-batched-measure.sql:342: NOTICE:  @@P                     Buffers: shared hit=11 read=1
psql:backend/scripts/perf/history-retention-batched-measure.sql:342: NOTICE:  @@P         ->  Index Scan using users_pkey on users u  (cost=0.28..0.34 rows=1 width=22) (actual time=0.003..0.003 rows=1 loops=4)
psql:backend/scripts/perf/history-retention-batched-measure.sql:342: NOTICE:  @@P               Index Cond: (id = p.owner_id)
psql:backend/scripts/perf/history-retention-batched-measure.sql:342: NOTICE:  @@P               Filter: (tier = 'beta'::text)
psql:backend/scripts/perf/history-retention-batched-measure.sql:342: NOTICE:  @@P               Buffers: shared hit=11 read=1
psql:backend/scripts/perf/history-retention-batched-measure.sql:342: NOTICE:  @@P Planning:
psql:backend/scripts/perf/history-retention-batched-measure.sql:342: NOTICE:  @@P   Buffers: shared hit=27
psql:backend/scripts/perf/history-retention-batched-measure.sql:342: NOTICE:  @@P Planning Time: 0.154 ms
psql:backend/scripts/perf/history-retention-batched-measure.sql:342: NOTICE:  @@P Trigger for constraint output_snapshot_history_payload_id_fkey: time=0.172 calls=4
psql:backend/scripts/perf/history-retention-batched-measure.sql:342: NOTICE:  @@P Execution Time: 0.234 ms
psql:backend/scripts/perf/history-retention-batched-measure.sql:342: NOTICE:  @@STMT run=2 repo=2 seq=30 label=payload newest-N beta
psql:backend/scripts/perf/history-retention-batched-measure.sql:342: NOTICE:  @@P Delete on node_payload_history  (cost=932.80..1657.10 rows=0 width=0) (actual time=2.886..2.888 rows=0 loops=1)
psql:backend/scripts/perf/history-retention-batched-measure.sql:342: NOTICE:  @@P   Buffers: shared hit=1592 read=28 dirtied=27
psql:backend/scripts/perf/history-retention-batched-measure.sql:342: NOTICE:  @@P   ->  Hash Semi Join  (cost=932.80..1657.10 rows=241 width=46) (actual time=2.420..2.785 rows=25 loops=1)
psql:backend/scripts/perf/history-retention-batched-measure.sql:342: NOTICE:  @@P         Hash Cond: (node_payload_history.id = ranked.id)
psql:backend/scripts/perf/history-retention-batched-measure.sql:342: NOTICE:  @@P         Buffers: shared hit=1426
psql:backend/scripts/perf/history-retention-batched-measure.sql:342: NOTICE:  @@P         ->  Seq Scan on node_payload_history  (cost=0.00..714.01 rows=2901 width=22) (actual time=0.003..0.250 rows=2850 loops=1)
psql:backend/scripts/perf/history-retention-batched-measure.sql:342: NOTICE:  @@P               Buffers: shared hit=685
psql:backend/scripts/perf/history-retention-batched-measure.sql:342: NOTICE:  @@P         ->  Hash  (cost=929.78..929.78 rows=241 width=56) (actual time=2.416..2.417 rows=25 loops=1)
psql:backend/scripts/perf/history-retention-batched-measure.sql:342: NOTICE:  @@P               Buckets: 1024  Batches: 1  Memory Usage: 11kB
psql:backend/scripts/perf/history-retention-batched-measure.sql:342: NOTICE:  @@P               Buffers: shared hit=741
psql:backend/scripts/perf/history-retention-batched-measure.sql:342: NOTICE:  @@P               ->  Subquery Scan on ranked  (cost=900.90..929.78 rows=241 width=56) (actual time=2.066..2.415 rows=25 loops=1)
psql:backend/scripts/perf/history-retention-batched-measure.sql:342: NOTICE:  @@P                     Filter: (ranked.rn > 10)
psql:backend/scripts/perf/history-retention-batched-measure.sql:342: NOTICE:  @@P                     Rows Removed by Filter: 1650
psql:backend/scripts/perf/history-retention-batched-measure.sql:342: NOTICE:  @@P                     Buffers: shared hit=741
psql:backend/scripts/perf/history-retention-batched-measure.sql:342: NOTICE:  @@P                     ->  WindowAgg  (cost=900.90..920.76 rows=722 width=74) (actual time=2.059..2.366 rows=1675 loops=1)
psql:backend/scripts/perf/history-retention-batched-measure.sql:342: NOTICE:  @@P                           Buffers: shared hit=741
psql:backend/scripts/perf/history-retention-batched-measure.sql:342: NOTICE:  @@P                           ->  Sort  (cost=900.90..902.71 rows=722 width=66) (actual time=2.056..2.095 rows=1675 loops=1)
psql:backend/scripts/perf/history-retention-batched-measure.sql:342: NOTICE:  @@P                                 Sort Key: h.pipeline_id, h.node_step_id, h.root_id, h.captured_at DESC, h.id DESC
psql:backend/scripts/perf/history-retention-batched-measure.sql:342: NOTICE:  @@P                                 Sort Method: quicksort  Memory: 153kB
psql:backend/scripts/perf/history-retention-batched-measure.sql:342: NOTICE:  @@P                                 Buffers: shared hit=741
psql:backend/scripts/perf/history-retention-batched-measure.sql:342: NOTICE:  @@P                                 ->  Hash Join  (cost=134.51..866.62 rows=722 width=66) (actual time=0.529..1.233 rows=1675 loops=1)
psql:backend/scripts/perf/history-retention-batched-measure.sql:342: NOTICE:  @@P                                       Hash Cond: (h.pipeline_id = p.id)
psql:backend/scripts/perf/history-retention-batched-measure.sql:342: NOTICE:  @@P                                       Buffers: shared hit=741
psql:backend/scripts/perf/history-retention-batched-measure.sql:342: NOTICE:  @@P                                       ->  Seq Scan on node_payload_history h  (cost=0.00..714.01 rows=2901 width=66) (actual time=0.001..0.207 rows=2850 loops=1)
psql:backend/scripts/perf/history-retention-batched-measure.sql:342: NOTICE:  @@P                                             Buffers: shared hit=685
psql:backend/scripts/perf/history-retention-batched-measure.sql:342: NOTICE:  @@P                                       ->  Hash  (cost=124.14..124.14 rows=830 width=5) (actual time=0.526..0.527 rows=830 loops=1)
psql:backend/scripts/perf/history-retention-batched-measure.sql:342: NOTICE:  @@P                                             Buckets: 1024  Batches: 1  Memory Usage: 39kB
psql:backend/scripts/perf/history-retention-batched-measure.sql:342: NOTICE:  @@P                                             Buffers: shared hit=56
psql:backend/scripts/perf/history-retention-batched-measure.sql:342: NOTICE:  @@P                                             ->  Hash Join  (cost=47.03..124.14 rows=830 width=5) (actual time=0.126..0.481 rows=830 loops=1)
psql:backend/scripts/perf/history-retention-batched-measure.sql:342: NOTICE:  @@P                                                   Hash Cond: (p.owner_id = u.id)
psql:backend/scripts/perf/history-retention-batched-measure.sql:342: NOTICE:  @@P                                                   Buffers: shared hit=56
psql:backend/scripts/perf/history-retention-batched-measure.sql:342: NOTICE:  @@P                                                   ->  Seq Scan on pipelines p  (cost=0.00..68.34 rows=3334 width=21) (actual time=0.001..0.177 rows=3334 loops=1)
psql:backend/scripts/perf/history-retention-batched-measure.sql:342: NOTICE:  @@P                                                         Buffers: shared hit=35
psql:backend/scripts/perf/history-retention-batched-measure.sql:342: NOTICE:  @@P                                                   ->  Hash  (cost=41.84..41.84 rows=415 width=16) (actual time=0.123..0.123 rows=415 loops=1)
psql:backend/scripts/perf/history-retention-batched-measure.sql:342: NOTICE:  @@P                                                         Buckets: 1024  Batches: 1  Memory Usage: 28kB
psql:backend/scripts/perf/history-retention-batched-measure.sql:342: NOTICE:  @@P                                                         Buffers: shared hit=21
psql:backend/scripts/perf/history-retention-batched-measure.sql:342: NOTICE:  @@P                                                         ->  Seq Scan on users u  (cost=0.00..41.84 rows=415 width=16) (actual time=0.004..0.101 rows=415 loops=1)
psql:backend/scripts/perf/history-retention-batched-measure.sql:342: NOTICE:  @@P                                                               Filter: (tier = 'beta'::text)
psql:backend/scripts/perf/history-retention-batched-measure.sql:342: NOTICE:  @@P                                                               Rows Removed by Filter: 1252
psql:backend/scripts/perf/history-retention-batched-measure.sql:342: NOTICE:  @@P                                                               Buffers: shared hit=21
psql:backend/scripts/perf/history-retention-batched-measure.sql:342: NOTICE:  @@P Planning:
psql:backend/scripts/perf/history-retention-batched-measure.sql:342: NOTICE:  @@P   Buffers: shared hit=30 read=3
psql:backend/scripts/perf/history-retention-batched-measure.sql:342: NOTICE:  @@P Planning Time: 0.196 ms
psql:backend/scripts/perf/history-retention-batched-measure.sql:342: NOTICE:  @@P Trigger for constraint output_snapshot_history_payload_id_fkey: time=0.689 calls=25
psql:backend/scripts/perf/history-retention-batched-measure.sql:342: NOTICE:  @@P Execution Time: 3.595 ms
psql:backend/scripts/perf/history-retention-batched-measure.sql:342: NOTICE:  @@STMT run=2 repo=2 seq=40 label=payload age purge owner
psql:backend/scripts/perf/history-retention-batched-measure.sql:342: NOTICE:  @@P Delete on node_payload_history h  (cost=0.84..16.94 rows=0 width=0) (actual time=0.002..0.002 rows=0 loops=1)
psql:backend/scripts/perf/history-retention-batched-measure.sql:342: NOTICE:  @@P   Buffers: shared hit=2
psql:backend/scripts/perf/history-retention-batched-measure.sql:342: NOTICE:  @@P   ->  Nested Loop  (cost=0.84..16.94 rows=1 width=18) (actual time=0.001..0.002 rows=0 loops=1)
psql:backend/scripts/perf/history-retention-batched-measure.sql:342: NOTICE:  @@P         Buffers: shared hit=2
psql:backend/scripts/perf/history-retention-batched-measure.sql:342: NOTICE:  @@P         ->  Nested Loop  (cost=0.56..16.60 rows=1 width=28) (actual time=0.001..0.001 rows=0 loops=1)
psql:backend/scripts/perf/history-retention-batched-measure.sql:342: NOTICE:  @@P               Buffers: shared hit=2
psql:backend/scripts/perf/history-retention-batched-measure.sql:342: NOTICE:  @@P               ->  Index Scan using idx_node_payload_history_captured_at on node_payload_history h  (cost=0.28..8.30 rows=1 width=11) (actual time=0.001..0.001 rows=0 loops=1)
psql:backend/scripts/perf/history-retention-batched-measure.sql:342: NOTICE:  @@P                     Index Cond: (captured_at < '2026-09-10 13:00:00+00'::timestamp with time zone)
psql:backend/scripts/perf/history-retention-batched-measure.sql:342: NOTICE:  @@P                     Buffers: shared hit=2
psql:backend/scripts/perf/history-retention-batched-measure.sql:342: NOTICE:  @@P               ->  Index Scan using pipelines_pkey on pipelines p  (cost=0.28..8.30 rows=1 width=27) (never executed)
psql:backend/scripts/perf/history-retention-batched-measure.sql:342: NOTICE:  @@P                     Index Cond: (id = h.pipeline_id)
psql:backend/scripts/perf/history-retention-batched-measure.sql:342: NOTICE:  @@P         ->  Index Scan using users_pkey on users u  (cost=0.28..0.34 rows=1 width=22) (never executed)
psql:backend/scripts/perf/history-retention-batched-measure.sql:342: NOTICE:  @@P               Index Cond: (id = p.owner_id)
psql:backend/scripts/perf/history-retention-batched-measure.sql:342: NOTICE:  @@P               Filter: (tier = 'owner'::text)
psql:backend/scripts/perf/history-retention-batched-measure.sql:342: NOTICE:  @@P Planning:
psql:backend/scripts/perf/history-retention-batched-measure.sql:342: NOTICE:  @@P   Buffers: shared hit=27
psql:backend/scripts/perf/history-retention-batched-measure.sql:342: NOTICE:  @@P Planning Time: 0.132 ms
psql:backend/scripts/perf/history-retention-batched-measure.sql:342: NOTICE:  @@P Execution Time: 0.009 ms
psql:backend/scripts/perf/history-retention-batched-measure.sql:342: NOTICE:  @@STMT run=2 repo=2 seq=50 label=payload newest-N owner
psql:backend/scripts/perf/history-retention-batched-measure.sql:342: NOTICE:  @@P Delete on node_payload_history  (cost=375.17..660.07 rows=0 width=0) (actual time=1.715..1.716 rows=0 loops=1)
psql:backend/scripts/perf/history-retention-batched-measure.sql:342: NOTICE:  @@P   Buffers: shared hit=1554 read=32
psql:backend/scripts/perf/history-retention-batched-measure.sql:342: NOTICE:  @@P   ->  Nested Loop  (cost=375.17..660.07 rows=48 width=46) (actual time=1.700..1.712 rows=5 loops=1)
psql:backend/scripts/perf/history-retention-batched-measure.sql:342: NOTICE:  @@P         Buffers: shared hit=1544 read=32
psql:backend/scripts/perf/history-retention-batched-measure.sql:342: NOTICE:  @@P         ->  HashAggregate  (cost=374.89..375.37 rows=48 width=56) (actual time=1.695..1.697 rows=5 loops=1)
psql:backend/scripts/perf/history-retention-batched-measure.sql:342: NOTICE:  @@P               Group Key: ranked.id
psql:backend/scripts/perf/history-retention-batched-measure.sql:342: NOTICE:  @@P               Batches: 1  Memory Usage: 24kB
psql:backend/scripts/perf/history-retention-batched-measure.sql:342: NOTICE:  @@P               Buffers: shared hit=1534 read=27
psql:backend/scripts/perf/history-retention-batched-measure.sql:342: NOTICE:  @@P               ->  Subquery Scan on ranked  (cost=369.01..374.77 rows=48 width=56) (actual time=1.485..1.693 rows=5 loops=1)
psql:backend/scripts/perf/history-retention-batched-measure.sql:342: NOTICE:  @@P                     Filter: (ranked.rn > 30)
psql:backend/scripts/perf/history-retention-batched-measure.sql:342: NOTICE:  @@P                     Rows Removed by Filter: 1170
psql:backend/scripts/perf/history-retention-batched-measure.sql:342: NOTICE:  @@P                     Buffers: shared hit=1534 read=27
psql:backend/scripts/perf/history-retention-batched-measure.sql:342: NOTICE:  @@P                     ->  WindowAgg  (cost=369.01..372.97 rows=144 width=74) (actual time=1.444..1.659 rows=1175 loops=1)
psql:backend/scripts/perf/history-retention-batched-measure.sql:342: NOTICE:  @@P                           Buffers: shared hit=1534 read=27
psql:backend/scripts/perf/history-retention-batched-measure.sql:342: NOTICE:  @@P                           ->  Sort  (cost=369.01..369.37 rows=144 width=66) (actual time=1.443..1.470 rows=1175 loops=1)
psql:backend/scripts/perf/history-retention-batched-measure.sql:342: NOTICE:  @@P                                 Sort Key: h.pipeline_id, h.node_step_id, h.root_id, h.captured_at DESC, h.id DESC
psql:backend/scripts/perf/history-retention-batched-measure.sql:342: NOTICE:  @@P                                 Sort Method: quicksort  Memory: 122kB
psql:backend/scripts/perf/history-retention-batched-measure.sql:342: NOTICE:  @@P                                 Buffers: shared hit=1534 read=27
psql:backend/scripts/perf/history-retention-batched-measure.sql:342: NOTICE:  @@P                                 ->  Nested Loop  (cost=43.16..363.85 rows=144 width=66) (actual time=0.113..0.947 rows=1175 loops=1)
psql:backend/scripts/perf/history-retention-batched-measure.sql:342: NOTICE:  @@P                                       Buffers: shared hit=1534 read=27
psql:backend/scripts/perf/history-retention-batched-measure.sql:342: NOTICE:  @@P                                       ->  Hash Join  (cost=42.88..119.99 rows=166 width=5) (actual time=0.092..0.422 rows=166 loops=1)
psql:backend/scripts/perf/history-retention-batched-measure.sql:342: NOTICE:  @@P                                             Hash Cond: (p.owner_id = u.id)
psql:backend/scripts/perf/history-retention-batched-measure.sql:342: NOTICE:  @@P                                             Buffers: shared hit=56
psql:backend/scripts/perf/history-retention-batched-measure.sql:342: NOTICE:  @@P                                             ->  Seq Scan on pipelines p  (cost=0.00..68.34 rows=3334 width=21) (actual time=0.002..0.195 rows=3334 loops=1)
psql:backend/scripts/perf/history-retention-batched-measure.sql:342: NOTICE:  @@P                                                   Buffers: shared hit=35
psql:backend/scripts/perf/history-retention-batched-measure.sql:342: NOTICE:  @@P                                             ->  Hash  (cost=41.84..41.84 rows=83 width=16) (actual time=0.083..0.083 rows=83 loops=1)
psql:backend/scripts/perf/history-retention-batched-measure.sql:342: NOTICE:  @@P                                                   Buckets: 1024  Batches: 1  Memory Usage: 12kB
psql:backend/scripts/perf/history-retention-batched-measure.sql:342: NOTICE:  @@P                                                   Buffers: shared hit=21
psql:backend/scripts/perf/history-retention-batched-measure.sql:342: NOTICE:  @@P                                                   ->  Seq Scan on users u  (cost=0.00..41.84 rows=83 width=16) (actual time=0.003..0.078 rows=83 loops=1)
psql:backend/scripts/perf/history-retention-batched-measure.sql:342: NOTICE:  @@P                                                         Filter: (tier = 'owner'::text)
psql:backend/scripts/perf/history-retention-batched-measure.sql:342: NOTICE:  @@P                                                         Rows Removed by Filter: 1584
psql:backend/scripts/perf/history-retention-batched-measure.sql:342: NOTICE:  @@P                                                         Buffers: shared hit=21
psql:backend/scripts/perf/history-retention-batched-measure.sql:342: NOTICE:  @@P                                       ->  Index Scan using idx_node_payload_history_node_captured on node_payload_history h  (cost=0.28..1.35 rows=12 width=66) (actual time=0.001..0.003 rows=7 loops=166)
psql:backend/scripts/perf/history-retention-batched-measure.sql:342: NOTICE:  @@P                                             Index Cond: (pipeline_id = p.id)
psql:backend/scripts/perf/history-retention-batched-measure.sql:342: NOTICE:  @@P                                             Buffers: shared hit=1478 read=27
psql:backend/scripts/perf/history-retention-batched-measure.sql:342: NOTICE:  @@P         ->  Index Scan using node_payload_history_pkey on node_payload_history  (cost=0.28..6.05 rows=1 width=22) (actual time=0.003..0.003 rows=1 loops=5)
psql:backend/scripts/perf/history-retention-batched-measure.sql:342: NOTICE:  @@P               Index Cond: (id = ranked.id)
psql:backend/scripts/perf/history-retention-batched-measure.sql:342: NOTICE:  @@P               Buffers: shared hit=10 read=5
psql:backend/scripts/perf/history-retention-batched-measure.sql:342: NOTICE:  @@P Planning:
psql:backend/scripts/perf/history-retention-batched-measure.sql:342: NOTICE:  @@P   Buffers: shared hit=33
psql:backend/scripts/perf/history-retention-batched-measure.sql:342: NOTICE:  @@P Planning Time: 0.172 ms
psql:backend/scripts/perf/history-retention-batched-measure.sql:342: NOTICE:  @@P Trigger for constraint output_snapshot_history_payload_id_fkey: time=0.185 calls=5
psql:backend/scripts/perf/history-retention-batched-measure.sql:342: NOTICE:  @@P Execution Time: 1.919 ms
psql:backend/scripts/perf/history-retention-batched-measure.sql:342: NOTICE:  @@STMT run=2 repo=2 seq=60 label=payload unreferenced
psql:backend/scripts/perf/history-retention-batched-measure.sql:342: NOTICE:  @@P Delete on node_payload_history h  (cost=881.13..1020.97 rows=0 width=0) (actual time=7.011..7.011 rows=0 loops=1)
psql:backend/scripts/perf/history-retention-batched-measure.sql:342: NOTICE:  @@P   Buffers: shared hit=1629 read=2258
psql:backend/scripts/perf/history-retention-batched-measure.sql:342: NOTICE:  @@P   ->  Merge Right Anti Join  (cost=881.13..1020.97 rows=2132 width=12) (actual time=7.011..7.011 rows=0 loops=1)
psql:backend/scripts/perf/history-retention-batched-measure.sql:342: NOTICE:  @@P         Merge Cond: (o.payload_id = h.id)
psql:backend/scripts/perf/history-retention-batched-measure.sql:342: NOTICE:  @@P         Buffers: shared hit=1629 read=2258
psql:backend/scripts/perf/history-retention-batched-measure.sql:342: NOTICE:  @@P         ->  Index Scan using idx_output_snapshot_history_payload on output_snapshot_history o  (cost=0.28..27191.97 rows=4986996 width=22) (actual time=0.010..5.705 rows=8460 loops=1)
psql:backend/scripts/perf/history-retention-batched-measure.sql:342: NOTICE:  @@P               Buffers: shared hit=944 read=2258
psql:backend/scripts/perf/history-retention-batched-measure.sql:342: NOTICE:  @@P         ->  Sort  (cost=880.85..888.10 rows=2901 width=22) (actual time=0.486..0.647 rows=2820 loops=1)
psql:backend/scripts/perf/history-retention-batched-measure.sql:342: NOTICE:  @@P               Sort Key: h.id
psql:backend/scripts/perf/history-retention-batched-measure.sql:342: NOTICE:  @@P               Sort Method: quicksort  Memory: 229kB
psql:backend/scripts/perf/history-retention-batched-measure.sql:342: NOTICE:  @@P               Buffers: shared hit=685
psql:backend/scripts/perf/history-retention-batched-measure.sql:342: NOTICE:  @@P               ->  Seq Scan on node_payload_history h  (cost=0.00..714.01 rows=2901 width=22) (actual time=0.002..0.229 rows=2820 loops=1)
psql:backend/scripts/perf/history-retention-batched-measure.sql:342: NOTICE:  @@P                     Buffers: shared hit=685
psql:backend/scripts/perf/history-retention-batched-measure.sql:342: NOTICE:  @@P Planning Time: 0.040 ms
psql:backend/scripts/perf/history-retention-batched-measure.sql:342: NOTICE:  @@P Execution Time: 7.018 ms
 perf_explain 
--------------
 
(1 row)

ROLLBACK
BEGIN
 ?column? 
----------
        1
(1 row)

psql:backend/scripts/perf/history-retention-batched-measure.sql:342: NOTICE:  @@LOCK run=3 repo=1 acquired=t
psql:backend/scripts/perf/history-retention-batched-measure.sql:342: NOTICE:  @@STMT run=3 repo=1 seq=11 label=history age purge free
psql:backend/scripts/perf/history-retention-batched-measure.sql:342: NOTICE:  @@P Delete on output_snapshot_history h  (cost=166.90..24083.52 rows=0 width=0) (actual time=101.545..101.547 rows=0 loops=1)
psql:backend/scripts/perf/history-retention-batched-measure.sql:342: NOTICE:  @@P   Buffers: shared hit=2362 read=15903 dirtied=24 written=561
psql:backend/scripts/perf/history-retention-batched-measure.sql:342: NOTICE:  @@P   ->  Hash Join  (cost=166.90..24083.52 rows=205529 width=18) (actual time=101.324..101.481 rows=297 loops=1)
psql:backend/scripts/perf/history-retention-batched-measure.sql:342: NOTICE:  @@P         Hash Cond: (p.owner_id = u.id)
psql:backend/scripts/perf/history-retention-batched-measure.sql:342: NOTICE:  @@P         Buffers: shared hit=2065 read=15903 dirtied=24 written=561
psql:backend/scripts/perf/history-retention-batched-measure.sql:342: NOTICE:  @@P         ->  Hash Join  (cost=110.45..23255.76 rows=293085 width=28) (actual time=0.428..88.850 rows=316648 loops=1)
psql:backend/scripts/perf/history-retention-batched-measure.sql:342: NOTICE:  @@P               Hash Cond: (h.pipeline_id = p.id)
psql:backend/scripts/perf/history-retention-batched-measure.sql:342: NOTICE:  @@P               Buffers: shared hit=2044 read=15903 dirtied=24 written=561
psql:backend/scripts/perf/history-retention-batched-measure.sql:342: NOTICE:  @@P               ->  Index Scan using idx_output_snapshot_history_captured_at on output_snapshot_history h  (cost=0.43..22375.42 rows=293085 width=11) (actual time=0.005..55.116 rows=316648 loops=1)
psql:backend/scripts/perf/history-retention-batched-measure.sql:342: NOTICE:  @@P                     Index Cond: (captured_at < '2026-09-10 13:00:00+00'::timestamp with time zone)
psql:backend/scripts/perf/history-retention-batched-measure.sql:342: NOTICE:  @@P                     Buffers: shared hit=2009 read=15903 dirtied=24 written=561
psql:backend/scripts/perf/history-retention-batched-measure.sql:342: NOTICE:  @@P               ->  Hash  (cost=68.34..68.34 rows=3334 width=27) (actual time=0.420..0.421 rows=3334 loops=1)
psql:backend/scripts/perf/history-retention-batched-measure.sql:342: NOTICE:  @@P                     Buckets: 4096  Batches: 1  Memory Usage: 227kB
psql:backend/scripts/perf/history-retention-batched-measure.sql:342: NOTICE:  @@P                     Buffers: shared hit=35
psql:backend/scripts/perf/history-retention-batched-measure.sql:342: NOTICE:  @@P                     ->  Seq Scan on pipelines p  (cost=0.00..68.34 rows=3334 width=27) (actual time=0.001..0.184 rows=3334 loops=1)
psql:backend/scripts/perf/history-retention-batched-measure.sql:342: NOTICE:  @@P                           Buffers: shared hit=35
psql:backend/scripts/perf/history-retention-batched-measure.sql:342: NOTICE:  @@P         ->  Hash  (cost=41.84..41.84 rows=1169 width=22) (actual time=0.179..0.179 rows=1169 loops=1)
psql:backend/scripts/perf/history-retention-batched-measure.sql:342: NOTICE:  @@P               Buckets: 2048  Batches: 1  Memory Usage: 78kB
psql:backend/scripts/perf/history-retention-batched-measure.sql:342: NOTICE:  @@P               Buffers: shared hit=21
psql:backend/scripts/perf/history-retention-batched-measure.sql:342: NOTICE:  @@P               ->  Seq Scan on users u  (cost=0.00..41.84 rows=1169 width=22) (actual time=0.002..0.115 rows=1169 loops=1)
psql:backend/scripts/perf/history-retention-batched-measure.sql:342: NOTICE:  @@P                     Filter: (tier = 'free'::text)
psql:backend/scripts/perf/history-retention-batched-measure.sql:342: NOTICE:  @@P                     Rows Removed by Filter: 498
psql:backend/scripts/perf/history-retention-batched-measure.sql:342: NOTICE:  @@P                     Buffers: shared hit=21
psql:backend/scripts/perf/history-retention-batched-measure.sql:342: NOTICE:  @@P Planning:
psql:backend/scripts/perf/history-retention-batched-measure.sql:342: NOTICE:  @@P   Buffers: shared hit=20
psql:backend/scripts/perf/history-retention-batched-measure.sql:342: NOTICE:  @@P Planning Time: 0.106 ms
psql:backend/scripts/perf/history-retention-batched-measure.sql:342: NOTICE:  @@P Execution Time: 101.564 ms
psql:backend/scripts/perf/history-retention-batched-measure.sql:342: NOTICE:  @@STMT run=3 repo=1 seq=12 label=history age purge beta
psql:backend/scripts/perf/history-retention-batched-measure.sql:342: NOTICE:  @@P Delete on output_snapshot_history h  (cost=134.95..10719.92 rows=0 width=0) (actual time=29.235..29.237 rows=0 loops=1)
psql:backend/scripts/perf/history-retention-batched-measure.sql:342: NOTICE:  @@P   Buffers: shared hit=161 read=7755 dirtied=7 written=146
psql:backend/scripts/perf/history-retention-batched-measure.sql:342: NOTICE:  @@P   ->  Hash Join  (cost=134.95..10719.92 rows=31900 width=18) (actual time=29.175..29.215 rows=104 loops=1)
psql:backend/scripts/perf/history-retention-batched-measure.sql:342: NOTICE:  @@P         Hash Cond: (h.pipeline_id = p.id)
psql:backend/scripts/perf/history-retention-batched-measure.sql:342: NOTICE:  @@P         Buffers: shared hit=57 read=7755 written=146
psql:backend/scripts/perf/history-retention-batched-measure.sql:342: NOTICE:  @@P         ->  Index Scan using idx_output_snapshot_history_captured_at on output_snapshot_history h  (cost=0.43..9785.88 rows=128140 width=11) (actual time=0.010..22.861 rows=137071 loops=1)
psql:backend/scripts/perf/history-retention-batched-measure.sql:342: NOTICE:  @@P               Index Cond: (captured_at < '2026-07-12 13:00:00+00'::timestamp with time zone)
psql:backend/scripts/perf/history-retention-batched-measure.sql:342: NOTICE:  @@P               Buffers: shared hit=1 read=7755 written=146
psql:backend/scripts/perf/history-retention-batched-measure.sql:342: NOTICE:  @@P         ->  Hash  (cost=124.14..124.14 rows=830 width=17) (actual time=0.565..0.567 rows=830 loops=1)
psql:backend/scripts/perf/history-retention-batched-measure.sql:342: NOTICE:  @@P               Buckets: 1024  Batches: 1  Memory Usage: 49kB
psql:backend/scripts/perf/history-retention-batched-measure.sql:342: NOTICE:  @@P               Buffers: shared hit=56
psql:backend/scripts/perf/history-retention-batched-measure.sql:342: NOTICE:  @@P               ->  Hash Join  (cost=47.03..124.14 rows=830 width=17) (actual time=0.131..0.509 rows=830 loops=1)
psql:backend/scripts/perf/history-retention-batched-measure.sql:342: NOTICE:  @@P                     Hash Cond: (p.owner_id = u.id)
psql:backend/scripts/perf/history-retention-batched-measure.sql:342: NOTICE:  @@P                     Buffers: shared hit=56
psql:backend/scripts/perf/history-retention-batched-measure.sql:342: NOTICE:  @@P                     ->  Seq Scan on pipelines p  (cost=0.00..68.34 rows=3334 width=27) (actual time=0.003..0.185 rows=3334 loops=1)
psql:backend/scripts/perf/history-retention-batched-measure.sql:342: NOTICE:  @@P                           Buffers: shared hit=35
psql:backend/scripts/perf/history-retention-batched-measure.sql:342: NOTICE:  @@P                     ->  Hash  (cost=41.84..41.84 rows=415 width=22) (actual time=0.126..0.126 rows=415 loops=1)
psql:backend/scripts/perf/history-retention-batched-measure.sql:342: NOTICE:  @@P                           Buckets: 1024  Batches: 1  Memory Usage: 30kB
psql:backend/scripts/perf/history-retention-batched-measure.sql:342: NOTICE:  @@P                           Buffers: shared hit=21
psql:backend/scripts/perf/history-retention-batched-measure.sql:342: NOTICE:  @@P                           ->  Seq Scan on users u  (cost=0.00..41.84 rows=415 width=22) (actual time=0.003..0.103 rows=415 loops=1)
psql:backend/scripts/perf/history-retention-batched-measure.sql:342: NOTICE:  @@P                                 Filter: (tier = 'beta'::text)
psql:backend/scripts/perf/history-retention-batched-measure.sql:342: NOTICE:  @@P                                 Rows Removed by Filter: 1252
psql:backend/scripts/perf/history-retention-batched-measure.sql:342: NOTICE:  @@P                                 Buffers: shared hit=21
psql:backend/scripts/perf/history-retention-batched-measure.sql:342: NOTICE:  @@P Planning:
psql:backend/scripts/perf/history-retention-batched-measure.sql:342: NOTICE:  @@P   Buffers: shared hit=20
psql:backend/scripts/perf/history-retention-batched-measure.sql:342: NOTICE:  @@P Planning Time: 0.168 ms
psql:backend/scripts/perf/history-retention-batched-measure.sql:342: NOTICE:  @@P Execution Time: 29.253 ms
psql:backend/scripts/perf/history-retention-batched-measure.sql:342: NOTICE:  @@STMT run=3 repo=1 seq=13 label=history age purge owner
psql:backend/scripts/perf/history-retention-batched-measure.sql:342: NOTICE:  @@P Delete on output_snapshot_history h  (cost=0.99..64.99 rows=0 width=0) (actual time=0.090..0.090 rows=0 loops=1)
psql:backend/scripts/perf/history-retention-batched-measure.sql:342: NOTICE:  @@P   Buffers: shared hit=101 read=22 dirtied=1
psql:backend/scripts/perf/history-retention-batched-measure.sql:342: NOTICE:  @@P   ->  Nested Loop  (cost=0.99..64.99 rows=1 width=18) (actual time=0.009..0.085 rows=17 loops=1)
psql:backend/scripts/perf/history-retention-batched-measure.sql:342: NOTICE:  @@P         Buffers: shared hit=84 read=22
psql:backend/scripts/perf/history-retention-batched-measure.sql:342: NOTICE:  @@P         ->  Nested Loop  (cost=0.71..62.64 rows=7 width=28) (actual time=0.007..0.059 rows=17 loops=1)
psql:backend/scripts/perf/history-retention-batched-measure.sql:342: NOTICE:  @@P               Buffers: shared hit=38 read=17
psql:backend/scripts/perf/history-retention-batched-measure.sql:342: NOTICE:  @@P               ->  Index Scan using idx_output_snapshot_history_captured_at on output_snapshot_history h  (cost=0.43..8.55 rows=7 width=11) (actual time=0.002..0.004 rows=17 loops=1)
psql:backend/scripts/perf/history-retention-batched-measure.sql:342: NOTICE:  @@P                     Index Cond: (captured_at < '2025-10-10 13:00:00+00'::timestamp with time zone)
psql:backend/scripts/perf/history-retention-batched-measure.sql:342: NOTICE:  @@P                     Buffers: shared hit=4
psql:backend/scripts/perf/history-retention-batched-measure.sql:342: NOTICE:  @@P               ->  Index Scan using pipelines_pkey on pipelines p  (cost=0.28..7.73 rows=1 width=27) (actual time=0.003..0.003 rows=1 loops=17)
psql:backend/scripts/perf/history-retention-batched-measure.sql:342: NOTICE:  @@P                     Index Cond: (id = h.pipeline_id)
psql:backend/scripts/perf/history-retention-batched-measure.sql:342: NOTICE:  @@P                     Buffers: shared hit=34 read=17
psql:backend/scripts/perf/history-retention-batched-measure.sql:342: NOTICE:  @@P         ->  Index Scan using users_pkey on users u  (cost=0.28..0.34 rows=1 width=22) (actual time=0.001..0.001 rows=1 loops=17)
psql:backend/scripts/perf/history-retention-batched-measure.sql:342: NOTICE:  @@P               Index Cond: (id = p.owner_id)
psql:backend/scripts/perf/history-retention-batched-measure.sql:342: NOTICE:  @@P               Filter: (tier = 'owner'::text)
psql:backend/scripts/perf/history-retention-batched-measure.sql:342: NOTICE:  @@P               Buffers: shared hit=46 read=5
psql:backend/scripts/perf/history-retention-batched-measure.sql:342: NOTICE:  @@P Planning:
psql:backend/scripts/perf/history-retention-batched-measure.sql:342: NOTICE:  @@P   Buffers: shared hit=24 read=1
psql:backend/scripts/perf/history-retention-batched-measure.sql:342: NOTICE:  @@P Planning Time: 0.152 ms
psql:backend/scripts/perf/history-retention-batched-measure.sql:342: NOTICE:  @@P Execution Time: 0.100 ms
psql:backend/scripts/perf/history-retention-batched-measure.sql:342: NOTICE:  @@STMT run=3 repo=1 seq=20 label=history age purge unnamed-tier catch-all
psql:backend/scripts/perf/history-retention-batched-measure.sql:342: NOTICE:  @@P Delete on output_snapshot_history h  (cost=55.28..23531.10 rows=0 width=0) (actual time=0.122..0.122 rows=0 loops=1)
psql:backend/scripts/perf/history-retention-batched-measure.sql:342: NOTICE:  @@P   Buffers: shared hit=18 read=7
psql:backend/scripts/perf/history-retention-batched-measure.sql:342: NOTICE:  @@P   ->  Hash Join  (cost=55.28..23531.10 rows=176 width=18) (actual time=0.122..0.122 rows=0 loops=1)
psql:backend/scripts/perf/history-retention-batched-measure.sql:342: NOTICE:  @@P         Hash Cond: (h.pipeline_id = p.id)
psql:backend/scripts/perf/history-retention-batched-measure.sql:342: NOTICE:  @@P         Buffers: shared hit=18 read=7
psql:backend/scripts/perf/history-retention-batched-measure.sql:342: NOTICE:  @@P         ->  Index Scan using idx_output_snapshot_history_captured_at on output_snapshot_history h  (cost=0.43..22375.42 rows=293085 width=11) (actual time=0.004..0.004 rows=1 loops=1)
psql:backend/scripts/perf/history-retention-batched-measure.sql:342: NOTICE:  @@P               Index Cond: (captured_at < '2026-09-10 13:00:00+00'::timestamp with time zone)
psql:backend/scripts/perf/history-retention-batched-measure.sql:342: NOTICE:  @@P               Buffers: shared hit=4
psql:backend/scripts/perf/history-retention-batched-measure.sql:342: NOTICE:  @@P         ->  Hash  (cost=54.83..54.83 rows=2 width=17) (actual time=0.117..0.117 rows=0 loops=1)
psql:backend/scripts/perf/history-retention-batched-measure.sql:342: NOTICE:  @@P               Buckets: 1024  Batches: 1  Memory Usage: 8kB
psql:backend/scripts/perf/history-retention-batched-measure.sql:342: NOTICE:  @@P               Buffers: shared hit=14 read=7
psql:backend/scripts/perf/history-retention-batched-measure.sql:342: NOTICE:  @@P               ->  Nested Loop  (cost=4.30..54.83 rows=2 width=17) (actual time=0.117..0.117 rows=0 loops=1)
psql:backend/scripts/perf/history-retention-batched-measure.sql:342: NOTICE:  @@P                     Buffers: shared hit=14 read=7
psql:backend/scripts/perf/history-retention-batched-measure.sql:342: NOTICE:  @@P                     ->  Seq Scan on users u  (cost=0.00..43.92 rows=1 width=22) (actual time=0.116..0.117 rows=0 loops=1)
psql:backend/scripts/perf/history-retention-batched-measure.sql:342: NOTICE:  @@P                           Filter: (tier <> ALL ('{free,beta,owner}'::text[]))
psql:backend/scripts/perf/history-retention-batched-measure.sql:342: NOTICE:  @@P                           Rows Removed by Filter: 1667
psql:backend/scripts/perf/history-retention-batched-measure.sql:342: NOTICE:  @@P                           Buffers: shared hit=14 read=7
psql:backend/scripts/perf/history-retention-batched-measure.sql:342: NOTICE:  @@P                     ->  Bitmap Heap Scan on pipelines p  (cost=4.30..10.89 rows=2 width=27) (never executed)
psql:backend/scripts/perf/history-retention-batched-measure.sql:342: NOTICE:  @@P                           Recheck Cond: (u.id = owner_id)
psql:backend/scripts/perf/history-retention-batched-measure.sql:342: NOTICE:  @@P                           ->  Bitmap Index Scan on idx_pipelines_owner_id  (cost=0.00..4.29 rows=2 width=0) (never executed)
psql:backend/scripts/perf/history-retention-batched-measure.sql:342: NOTICE:  @@P                                 Index Cond: (owner_id = u.id)
psql:backend/scripts/perf/history-retention-batched-measure.sql:342: NOTICE:  @@P Planning:
psql:backend/scripts/perf/history-retention-batched-measure.sql:342: NOTICE:  @@P   Buffers: shared hit=20
psql:backend/scripts/perf/history-retention-batched-measure.sql:342: NOTICE:  @@P Planning Time: 0.113 ms
psql:backend/scripts/perf/history-retention-batched-measure.sql:342: NOTICE:  @@P Execution Time: 0.132 ms
psql:backend/scripts/perf/history-retention-batched-measure.sql:342: NOTICE:  @@STMT run=3 repo=1 seq=30 label=history thin (protected newest 101)
psql:backend/scripts/perf/history-retention-batched-measure.sql:342: NOTICE:  @@P Delete on output_snapshot_history  (cost=1584924.75..1994965.06 rows=0 width=0) (actual time=11448.377..11448.381 rows=0 loops=1)
psql:backend/scripts/perf/history-retention-batched-measure.sql:342: NOTICE:  @@P   Buffers: shared hit=151238 read=522884 dirtied=1480 written=220, temp read=74657 written=74756
psql:backend/scripts/perf/history-retention-batched-measure.sql:342: NOTICE:  @@P   ->  Hash Semi Join  (cost=1584924.75..1994965.06 rows=554111 width=46) (actual time=10337.197..11414.462 rows=120000 loops=1)
psql:backend/scripts/perf/history-retention-batched-measure.sql:342: NOTICE:  @@P         Hash Cond: (output_snapshot_history.id = ranked.id)
psql:backend/scripts/perf/history-retention-batched-measure.sql:342: NOTICE:  @@P         Buffers: shared hit=31238 read=522884 dirtied=1134 written=220, temp read=74657 written=74756
psql:backend/scripts/perf/history-retention-batched-measure.sql:342: NOTICE:  @@P         ->  Seq Scan on output_snapshot_history  (cost=0.00..326930.96 rows=4986996 width=22) (actual time=71.304..610.341 rows=4986230 loops=1)
psql:backend/scripts/perf/history-retention-batched-measure.sql:342: NOTICE:  @@P               Buffers: shared hit=15635 read=261426
psql:backend/scripts/perf/history-retention-batched-measure.sql:342: NOTICE:  @@P         ->  Hash  (cost=1572586.37..1572586.37 rows=554111 width=56) (actual time=10167.036..10167.039 rows=120000 loops=1)
psql:backend/scripts/perf/history-retention-batched-measure.sql:342: NOTICE:  @@P               Buckets: 131072  Batches: 8  Memory Usage: 2395kB
psql:backend/scripts/perf/history-retention-batched-measure.sql:342: NOTICE:  @@P               Buffers: shared hit=15603 read=261458 dirtied=1134 written=220, temp read=51239 written=52372
psql:backend/scripts/perf/history-retention-batched-measure.sql:342: NOTICE:  @@P               ->  Subquery Scan on ranked  (cost=1120395.16..1572586.37 rows=554111 width=56) (actual time=4494.275..10142.495 rows=120000 loops=1)
psql:backend/scripts/perf/history-retention-batched-measure.sql:342: NOTICE:  @@P                     Filter: (ranked.rn > 1)
psql:backend/scripts/perf/history-retention-batched-measure.sql:342: NOTICE:  @@P                     Rows Removed by Filter: 3856230
psql:backend/scripts/perf/history-retention-batched-measure.sql:342: NOTICE:  @@P                     Buffers: shared hit=15603 read=261458 dirtied=1134 written=220, temp read=51239 written=51338
psql:backend/scripts/perf/history-retention-batched-measure.sql:342: NOTICE:  @@P                     ->  WindowAgg  (cost=1120395.16..1551807.22 rows=1662332 width=73) (actual time=4494.178..10044.214 rows=3976230 loops=1)
psql:backend/scripts/perf/history-retention-batched-measure.sql:342: NOTICE:  @@P                           Buffers: shared hit=15603 read=261458 dirtied=1134 written=220, temp read=51239 written=51338
psql:backend/scripts/perf/history-retention-batched-measure.sql:342: NOTICE:  @@P                           ->  Incremental Sort  (cost=1120395.16..1443755.64 rows=1662332 width=65) (actual time=4494.174..9141.624 rows=3976230 loops=1)
psql:backend/scripts/perf/history-retention-batched-measure.sql:342: NOTICE:  @@P                                 Sort Key: recent.output_id, (CASE WHEN (EXTRACT(epoch FROM ('2026-10-10 13:00:00+00'::timestamp with time zone - recent.captured_at)) < '86400'::numeric) THEN 0 WHEN (EXTRACT(epoch FROM ('2026-10-10 13:00:00+00'::timestamp with time zone - recent.captured_at)) < '604800'::numeric) THEN 1 ELSE 2 END), (floor((EXTRACT(epoch FROM recent.captured_at) / (CASE WHEN (EXTRACT(epoch FROM ('2026-10-10 13:00:00+00'::timestamp with time zone - recent.captured_at)) < '86400'::numeric) THEN '300'::bigint WHEN (EXTRACT(epoch FROM ('2026-10-10 13:00:00+00'::timestamp with time zone - recent.captured_at)) < '604800'::numeric) THEN '3600'::bigint ELSE '86400'::bigint END)::numeric))), recent.captured_at DESC, recent.id DESC
psql:backend/scripts/perf/history-retention-batched-measure.sql:342: NOTICE:  @@P                                 Presorted Key: recent.output_id
psql:backend/scripts/perf/history-retention-batched-measure.sql:342: NOTICE:  @@P                                 Full-sort Groups: 10000  Sort Method: quicksort  Average Memory: 29kB  Peak Memory: 29kB
psql:backend/scripts/perf/history-retention-batched-measure.sql:342: NOTICE:  @@P                                 Pre-sorted Groups: 10000  Sort Method: quicksort  Average Memory: 49kB  Peak Memory: 50kB
psql:backend/scripts/perf/history-retention-batched-measure.sql:342: NOTICE:  @@P                                 Buffers: shared hit=15603 read=261458 dirtied=1134 written=220, temp read=51239 written=51338
psql:backend/scripts/perf/history-retention-batched-measure.sql:342: NOTICE:  @@P                                 ->  Subquery Scan on recent  (cost=1120364.77..1361402.91 rows=1662332 width=65) (actual time=4493.727..7034.960 rows=3976230 loops=1)
psql:backend/scripts/perf/history-retention-batched-measure.sql:342: NOTICE:  @@P                                       Filter: (recent.recency > 101)
psql:backend/scripts/perf/history-retention-batched-measure.sql:342: NOTICE:  @@P                                       Rows Removed by Filter: 1010000
psql:backend/scripts/perf/history-retention-batched-measure.sql:342: NOTICE:  @@P                                       Buffers: shared hit=15603 read=261458 dirtied=1134 written=220, temp read=51239 written=51338
psql:backend/scripts/perf/history-retention-batched-measure.sql:342: NOTICE:  @@P                                       ->  WindowAgg  (cost=1120364.77..1232572.18 rows=4986996 width=37) (actual time=4493.687..5568.522 rows=4986230 loops=1)
psql:backend/scripts/perf/history-retention-batched-measure.sql:342: NOTICE:  @@P                                             Buffers: shared hit=15603 read=261458 dirtied=1134 written=220, temp read=51239 written=51338
psql:backend/scripts/perf/history-retention-batched-measure.sql:342: NOTICE:  @@P                                             ->  Sort  (cost=1120364.77..1132832.26 rows=4986996 width=29) (actual time=4493.661..4968.004 rows=4986230 loops=1)
psql:backend/scripts/perf/history-retention-batched-measure.sql:342: NOTICE:  @@P                                                   Sort Key: output_snapshot_history_1.output_id, output_snapshot_history_1.captured_at DESC, output_snapshot_history_1.id DESC
psql:backend/scripts/perf/history-retention-batched-measure.sql:342: NOTICE:  @@P                                                   Sort Method: external merge  Disk: 204984kB
psql:backend/scripts/perf/history-retention-batched-measure.sql:342: NOTICE:  @@P                                                   Buffers: shared hit=15603 read=261458 dirtied=1134 written=220, temp read=51239 written=51338
psql:backend/scripts/perf/history-retention-batched-measure.sql:342: NOTICE:  @@P                                                   ->  Seq Scan on output_snapshot_history output_snapshot_history_1  (cost=0.00..326930.96 rows=4986996 width=29) (actual time=0.008..614.226 rows=4986230 loops=1)
psql:backend/scripts/perf/history-retention-batched-measure.sql:342: NOTICE:  @@P                                                         Buffers: shared hit=15603 read=261458 dirtied=1134 written=220
psql:backend/scripts/perf/history-retention-batched-measure.sql:342: NOTICE:  @@P Planning:
psql:backend/scripts/perf/history-retention-batched-measure.sql:342: NOTICE:  @@P   Buffers: shared hit=2 read=6
psql:backend/scripts/perf/history-retention-batched-measure.sql:342: NOTICE:  @@P Planning Time: 0.136 ms
psql:backend/scripts/perf/history-retention-batched-measure.sql:342: NOTICE:  @@P JIT:
psql:backend/scripts/perf/history-retention-batched-measure.sql:342: NOTICE:  @@P   Functions: 22
psql:backend/scripts/perf/history-retention-batched-measure.sql:342: NOTICE:  @@P   Options: Inlining true, Optimization true, Expressions true, Deforming true
psql:backend/scripts/perf/history-retention-batched-measure.sql:342: NOTICE:  @@P   Timing: Generation 0.606 ms, Inlining 8.503 ms, Optimization 35.206 ms, Emission 27.656 ms, Total 71.972 ms
psql:backend/scripts/perf/history-retention-batched-measure.sql:342: NOTICE:  @@P Execution Time: 11464.895 ms
 perf_explain 
--------------
 
(1 row)

ROLLBACK
BEGIN
 ?column? 
----------
        1
(1 row)

psql:backend/scripts/perf/history-retention-batched-measure.sql:342: NOTICE:  @@LOCK run=3 repo=2 acquired=t
psql:backend/scripts/perf/history-retention-batched-measure.sql:342: NOTICE:  @@STMT run=3 repo=2 seq=10 label=payload disallowed-tier
psql:backend/scripts/perf/history-retention-batched-measure.sql:342: NOTICE:  @@P Delete on node_payload_history h  (cost=137.63..880.57 rows=0 width=0) (actual time=2.573..2.575 rows=0 loops=1)
psql:backend/scripts/perf/history-retention-batched-measure.sql:342: NOTICE:  @@P   Buffers: shared hit=204 read=727 dirtied=60
psql:backend/scripts/perf/history-retention-batched-measure.sql:342: NOTICE:  @@P   ->  Hash Anti Join  (cost=137.63..880.57 rows=2034 width=18) (actual time=1.347..2.458 rows=47 loops=1)
psql:backend/scripts/perf/history-retention-batched-measure.sql:342: NOTICE:  @@P         Hash Cond: (h.pipeline_id = p.id)
psql:backend/scripts/perf/history-retention-batched-measure.sql:342: NOTICE:  @@P         Buffers: shared hit=38 read=703 dirtied=39
psql:backend/scripts/perf/history-retention-batched-measure.sql:342: NOTICE:  @@P         ->  Seq Scan on node_payload_history h  (cost=0.00..714.01 rows=2901 width=11) (actual time=0.006..1.540 rows=2901 loops=1)
psql:backend/scripts/perf/history-retention-batched-measure.sql:342: NOTICE:  @@P               Buffers: shared hit=1 read=684 dirtied=39
psql:backend/scripts/perf/history-retention-batched-measure.sql:342: NOTICE:  @@P         ->  Hash  (cost=125.18..125.18 rows=996 width=17) (actual time=0.651..0.653 rows=996 loops=1)
psql:backend/scripts/perf/history-retention-batched-measure.sql:342: NOTICE:  @@P               Buckets: 1024  Batches: 1  Memory Usage: 57kB
psql:backend/scripts/perf/history-retention-batched-measure.sql:342: NOTICE:  @@P               Buffers: shared hit=37 read=19
psql:backend/scripts/perf/history-retention-batched-measure.sql:342: NOTICE:  @@P               ->  Hash Join  (cost=48.06..125.18 rows=996 width=17) (actual time=0.173..0.584 rows=996 loops=1)
psql:backend/scripts/perf/history-retention-batched-measure.sql:342: NOTICE:  @@P                     Hash Cond: (p.owner_id = u.id)
psql:backend/scripts/perf/history-retention-batched-measure.sql:342: NOTICE:  @@P                     Buffers: shared hit=37 read=19
psql:backend/scripts/perf/history-retention-batched-measure.sql:342: NOTICE:  @@P                     ->  Seq Scan on pipelines p  (cost=0.00..68.34 rows=3334 width=27) (actual time=0.003..0.213 rows=3334 loops=1)
psql:backend/scripts/perf/history-retention-batched-measure.sql:342: NOTICE:  @@P                           Buffers: shared hit=16 read=19
psql:backend/scripts/perf/history-retention-batched-measure.sql:342: NOTICE:  @@P                     ->  Hash  (cost=41.84..41.84 rows=498 width=22) (actual time=0.167..0.168 rows=498 loops=1)
psql:backend/scripts/perf/history-retention-batched-measure.sql:342: NOTICE:  @@P                           Buckets: 1024  Batches: 1  Memory Usage: 35kB
psql:backend/scripts/perf/history-retention-batched-measure.sql:342: NOTICE:  @@P                           Buffers: shared hit=21
psql:backend/scripts/perf/history-retention-batched-measure.sql:342: NOTICE:  @@P                           ->  Seq Scan on users u  (cost=0.00..41.84 rows=498 width=22) (actual time=0.004..0.137 rows=498 loops=1)
psql:backend/scripts/perf/history-retention-batched-measure.sql:342: NOTICE:  @@P                                 Filter: (tier = ANY ('{beta,owner}'::text[]))
psql:backend/scripts/perf/history-retention-batched-measure.sql:342: NOTICE:  @@P                                 Rows Removed by Filter: 1169
psql:backend/scripts/perf/history-retention-batched-measure.sql:342: NOTICE:  @@P                                 Buffers: shared hit=21
psql:backend/scripts/perf/history-retention-batched-measure.sql:342: NOTICE:  @@P Planning:
psql:backend/scripts/perf/history-retention-batched-measure.sql:342: NOTICE:  @@P   Buffers: shared hit=22 read=5 dirtied=1
psql:backend/scripts/perf/history-retention-batched-measure.sql:342: NOTICE:  @@P Planning Time: 0.207 ms
psql:backend/scripts/perf/history-retention-batched-measure.sql:342: NOTICE:  @@P Trigger for constraint output_snapshot_history_payload_id_fkey: time=1.931 calls=47
psql:backend/scripts/perf/history-retention-batched-measure.sql:342: NOTICE:  @@P Execution Time: 4.522 ms
psql:backend/scripts/perf/history-retention-batched-measure.sql:342: NOTICE:  @@STMT run=3 repo=2 seq=20 label=payload age purge beta
psql:backend/scripts/perf/history-retention-batched-measure.sql:342: NOTICE:  @@P Delete on node_payload_history h  (cost=0.84..49.05 rows=0 width=0) (actual time=0.059..0.059 rows=0 loops=1)
psql:backend/scripts/perf/history-retention-batched-measure.sql:342: NOTICE:  @@P   Buffers: shared hit=45 read=8 dirtied=3
psql:backend/scripts/perf/history-retention-batched-measure.sql:342: NOTICE:  @@P   ->  Nested Loop  (cost=0.84..49.05 rows=1 width=18) (actual time=0.020..0.038 rows=4 loops=1)
psql:backend/scripts/perf/history-retention-batched-measure.sql:342: NOTICE:  @@P         Buffers: shared hit=23 read=4
psql:backend/scripts/perf/history-retention-batched-measure.sql:342: NOTICE:  @@P         ->  Nested Loop  (cost=0.56..47.71 rows=4 width=28) (actual time=0.011..0.023 rows=4 loops=1)
psql:backend/scripts/perf/history-retention-batched-measure.sql:342: NOTICE:  @@P               Buffers: shared hit=12 read=3
psql:backend/scripts/perf/history-retention-batched-measure.sql:342: NOTICE:  @@P               ->  Index Scan using idx_node_payload_history_captured_at on node_payload_history h  (cost=0.28..14.52 rows=4 width=11) (actual time=0.008..0.009 rows=4 loops=1)
psql:backend/scripts/perf/history-retention-batched-measure.sql:342: NOTICE:  @@P                     Index Cond: (captured_at < '2026-10-03 13:00:00+00'::timestamp with time zone)
psql:backend/scripts/perf/history-retention-batched-measure.sql:342: NOTICE:  @@P                     Buffers: shared hit=1 read=2
psql:backend/scripts/perf/history-retention-batched-measure.sql:342: NOTICE:  @@P               ->  Index Scan using pipelines_pkey on pipelines p  (cost=0.28..8.30 rows=1 width=27) (actual time=0.003..0.003 rows=1 loops=4)
psql:backend/scripts/perf/history-retention-batched-measure.sql:342: NOTICE:  @@P                     Index Cond: (id = h.pipeline_id)
psql:backend/scripts/perf/history-retention-batched-measure.sql:342: NOTICE:  @@P                     Buffers: shared hit=11 read=1
psql:backend/scripts/perf/history-retention-batched-measure.sql:342: NOTICE:  @@P         ->  Index Scan using users_pkey on users u  (cost=0.28..0.34 rows=1 width=22) (actual time=0.004..0.004 rows=1 loops=4)
psql:backend/scripts/perf/history-retention-batched-measure.sql:342: NOTICE:  @@P               Index Cond: (id = p.owner_id)
psql:backend/scripts/perf/history-retention-batched-measure.sql:342: NOTICE:  @@P               Filter: (tier = 'beta'::text)
psql:backend/scripts/perf/history-retention-batched-measure.sql:342: NOTICE:  @@P               Buffers: shared hit=11 read=1
psql:backend/scripts/perf/history-retention-batched-measure.sql:342: NOTICE:  @@P Planning:
psql:backend/scripts/perf/history-retention-batched-measure.sql:342: NOTICE:  @@P   Buffers: shared hit=27
psql:backend/scripts/perf/history-retention-batched-measure.sql:342: NOTICE:  @@P Planning Time: 0.153 ms
psql:backend/scripts/perf/history-retention-batched-measure.sql:342: NOTICE:  @@P Trigger for constraint output_snapshot_history_payload_id_fkey: time=0.181 calls=4
psql:backend/scripts/perf/history-retention-batched-measure.sql:342: NOTICE:  @@P Execution Time: 0.248 ms
psql:backend/scripts/perf/history-retention-batched-measure.sql:342: NOTICE:  @@STMT run=3 repo=2 seq=30 label=payload newest-N beta
psql:backend/scripts/perf/history-retention-batched-measure.sql:342: NOTICE:  @@P Delete on node_payload_history  (cost=932.80..1657.10 rows=0 width=0) (actual time=3.023..3.025 rows=0 loops=1)
psql:backend/scripts/perf/history-retention-batched-measure.sql:342: NOTICE:  @@P   Buffers: shared hit=1592 read=28 dirtied=27
psql:backend/scripts/perf/history-retention-batched-measure.sql:342: NOTICE:  @@P   ->  Hash Semi Join  (cost=932.80..1657.10 rows=241 width=46) (actual time=2.539..2.926 rows=25 loops=1)
psql:backend/scripts/perf/history-retention-batched-measure.sql:342: NOTICE:  @@P         Hash Cond: (node_payload_history.id = ranked.id)
psql:backend/scripts/perf/history-retention-batched-measure.sql:342: NOTICE:  @@P         Buffers: shared hit=1426
psql:backend/scripts/perf/history-retention-batched-measure.sql:342: NOTICE:  @@P         ->  Seq Scan on node_payload_history  (cost=0.00..714.01 rows=2901 width=22) (actual time=0.002..0.272 rows=2850 loops=1)
psql:backend/scripts/perf/history-retention-batched-measure.sql:342: NOTICE:  @@P               Buffers: shared hit=685
psql:backend/scripts/perf/history-retention-batched-measure.sql:342: NOTICE:  @@P         ->  Hash  (cost=929.78..929.78 rows=241 width=56) (actual time=2.535..2.536 rows=25 loops=1)
psql:backend/scripts/perf/history-retention-batched-measure.sql:342: NOTICE:  @@P               Buckets: 1024  Batches: 1  Memory Usage: 11kB
psql:backend/scripts/perf/history-retention-batched-measure.sql:342: NOTICE:  @@P               Buffers: shared hit=741
psql:backend/scripts/perf/history-retention-batched-measure.sql:342: NOTICE:  @@P               ->  Subquery Scan on ranked  (cost=900.90..929.78 rows=241 width=56) (actual time=2.172..2.534 rows=25 loops=1)
psql:backend/scripts/perf/history-retention-batched-measure.sql:342: NOTICE:  @@P                     Filter: (ranked.rn > 10)
psql:backend/scripts/perf/history-retention-batched-measure.sql:342: NOTICE:  @@P                     Rows Removed by Filter: 1650
psql:backend/scripts/perf/history-retention-batched-measure.sql:342: NOTICE:  @@P                     Buffers: shared hit=741
psql:backend/scripts/perf/history-retention-batched-measure.sql:342: NOTICE:  @@P                     ->  WindowAgg  (cost=900.90..920.76 rows=722 width=74) (actual time=2.165..2.483 rows=1675 loops=1)
psql:backend/scripts/perf/history-retention-batched-measure.sql:342: NOTICE:  @@P                           Buffers: shared hit=741
psql:backend/scripts/perf/history-retention-batched-measure.sql:342: NOTICE:  @@P                           ->  Sort  (cost=900.90..902.71 rows=722 width=66) (actual time=2.162..2.201 rows=1675 loops=1)
psql:backend/scripts/perf/history-retention-batched-measure.sql:342: NOTICE:  @@P                                 Sort Key: h.pipeline_id, h.node_step_id, h.root_id, h.captured_at DESC, h.id DESC
psql:backend/scripts/perf/history-retention-batched-measure.sql:342: NOTICE:  @@P                                 Sort Method: quicksort  Memory: 153kB
psql:backend/scripts/perf/history-retention-batched-measure.sql:342: NOTICE:  @@P                                 Buffers: shared hit=741
psql:backend/scripts/perf/history-retention-batched-measure.sql:342: NOTICE:  @@P                                 ->  Hash Join  (cost=134.51..866.62 rows=722 width=66) (actual time=0.587..1.336 rows=1675 loops=1)
psql:backend/scripts/perf/history-retention-batched-measure.sql:342: NOTICE:  @@P                                       Hash Cond: (h.pipeline_id = p.id)
psql:backend/scripts/perf/history-retention-batched-measure.sql:342: NOTICE:  @@P                                       Buffers: shared hit=741
psql:backend/scripts/perf/history-retention-batched-measure.sql:342: NOTICE:  @@P                                       ->  Seq Scan on node_payload_history h  (cost=0.00..714.01 rows=2901 width=66) (actual time=0.001..0.241 rows=2850 loops=1)
psql:backend/scripts/perf/history-retention-batched-measure.sql:342: NOTICE:  @@P                                             Buffers: shared hit=685
psql:backend/scripts/perf/history-retention-batched-measure.sql:342: NOTICE:  @@P                                       ->  Hash  (cost=124.14..124.14 rows=830 width=5) (actual time=0.584..0.585 rows=830 loops=1)
psql:backend/scripts/perf/history-retention-batched-measure.sql:342: NOTICE:  @@P                                             Buckets: 1024  Batches: 1  Memory Usage: 39kB
psql:backend/scripts/perf/history-retention-batched-measure.sql:342: NOTICE:  @@P                                             Buffers: shared hit=56
psql:backend/scripts/perf/history-retention-batched-measure.sql:342: NOTICE:  @@P                                             ->  Hash Join  (cost=47.03..124.14 rows=830 width=5) (actual time=0.126..0.537 rows=830 loops=1)
psql:backend/scripts/perf/history-retention-batched-measure.sql:342: NOTICE:  @@P                                                   Hash Cond: (p.owner_id = u.id)
psql:backend/scripts/perf/history-retention-batched-measure.sql:342: NOTICE:  @@P                                                   Buffers: shared hit=56
psql:backend/scripts/perf/history-retention-batched-measure.sql:342: NOTICE:  @@P                                                   ->  Seq Scan on pipelines p  (cost=0.00..68.34 rows=3334 width=21) (actual time=0.001..0.170 rows=3334 loops=1)
psql:backend/scripts/perf/history-retention-batched-measure.sql:342: NOTICE:  @@P                                                         Buffers: shared hit=35
psql:backend/scripts/perf/history-retention-batched-measure.sql:342: NOTICE:  @@P                                                   ->  Hash  (cost=41.84..41.84 rows=415 width=16) (actual time=0.122..0.123 rows=415 loops=1)
psql:backend/scripts/perf/history-retention-batched-measure.sql:342: NOTICE:  @@P                                                         Buckets: 1024  Batches: 1  Memory Usage: 28kB
psql:backend/scripts/perf/history-retention-batched-measure.sql:342: NOTICE:  @@P                                                         Buffers: shared hit=21
psql:backend/scripts/perf/history-retention-batched-measure.sql:342: NOTICE:  @@P                                                         ->  Seq Scan on users u  (cost=0.00..41.84 rows=415 width=16) (actual time=0.003..0.101 rows=415 loops=1)
psql:backend/scripts/perf/history-retention-batched-measure.sql:342: NOTICE:  @@P                                                               Filter: (tier = 'beta'::text)
psql:backend/scripts/perf/history-retention-batched-measure.sql:342: NOTICE:  @@P                                                               Rows Removed by Filter: 1252
psql:backend/scripts/perf/history-retention-batched-measure.sql:342: NOTICE:  @@P                                                               Buffers: shared hit=21
psql:backend/scripts/perf/history-retention-batched-measure.sql:342: NOTICE:  @@P Planning:
psql:backend/scripts/perf/history-retention-batched-measure.sql:342: NOTICE:  @@P   Buffers: shared hit=30 read=3
psql:backend/scripts/perf/history-retention-batched-measure.sql:342: NOTICE:  @@P Planning Time: 0.187 ms
psql:backend/scripts/perf/history-retention-batched-measure.sql:342: NOTICE:  @@P Trigger for constraint output_snapshot_history_payload_id_fkey: time=0.705 calls=25
psql:backend/scripts/perf/history-retention-batched-measure.sql:342: NOTICE:  @@P Execution Time: 3.748 ms
psql:backend/scripts/perf/history-retention-batched-measure.sql:342: NOTICE:  @@STMT run=3 repo=2 seq=40 label=payload age purge owner
psql:backend/scripts/perf/history-retention-batched-measure.sql:342: NOTICE:  @@P Delete on node_payload_history h  (cost=0.84..16.94 rows=0 width=0) (actual time=0.002..0.002 rows=0 loops=1)
psql:backend/scripts/perf/history-retention-batched-measure.sql:342: NOTICE:  @@P   Buffers: shared hit=2
psql:backend/scripts/perf/history-retention-batched-measure.sql:342: NOTICE:  @@P   ->  Nested Loop  (cost=0.84..16.94 rows=1 width=18) (actual time=0.001..0.002 rows=0 loops=1)
psql:backend/scripts/perf/history-retention-batched-measure.sql:342: NOTICE:  @@P         Buffers: shared hit=2
psql:backend/scripts/perf/history-retention-batched-measure.sql:342: NOTICE:  @@P         ->  Nested Loop  (cost=0.56..16.60 rows=1 width=28) (actual time=0.001..0.001 rows=0 loops=1)
psql:backend/scripts/perf/history-retention-batched-measure.sql:342: NOTICE:  @@P               Buffers: shared hit=2
psql:backend/scripts/perf/history-retention-batched-measure.sql:342: NOTICE:  @@P               ->  Index Scan using idx_node_payload_history_captured_at on node_payload_history h  (cost=0.28..8.30 rows=1 width=11) (actual time=0.001..0.001 rows=0 loops=1)
psql:backend/scripts/perf/history-retention-batched-measure.sql:342: NOTICE:  @@P                     Index Cond: (captured_at < '2026-09-10 13:00:00+00'::timestamp with time zone)
psql:backend/scripts/perf/history-retention-batched-measure.sql:342: NOTICE:  @@P                     Buffers: shared hit=2
psql:backend/scripts/perf/history-retention-batched-measure.sql:342: NOTICE:  @@P               ->  Index Scan using pipelines_pkey on pipelines p  (cost=0.28..8.30 rows=1 width=27) (never executed)
psql:backend/scripts/perf/history-retention-batched-measure.sql:342: NOTICE:  @@P                     Index Cond: (id = h.pipeline_id)
psql:backend/scripts/perf/history-retention-batched-measure.sql:342: NOTICE:  @@P         ->  Index Scan using users_pkey on users u  (cost=0.28..0.34 rows=1 width=22) (never executed)
psql:backend/scripts/perf/history-retention-batched-measure.sql:342: NOTICE:  @@P               Index Cond: (id = p.owner_id)
psql:backend/scripts/perf/history-retention-batched-measure.sql:342: NOTICE:  @@P               Filter: (tier = 'owner'::text)
psql:backend/scripts/perf/history-retention-batched-measure.sql:342: NOTICE:  @@P Planning:
psql:backend/scripts/perf/history-retention-batched-measure.sql:342: NOTICE:  @@P   Buffers: shared hit=27
psql:backend/scripts/perf/history-retention-batched-measure.sql:342: NOTICE:  @@P Planning Time: 0.127 ms
psql:backend/scripts/perf/history-retention-batched-measure.sql:342: NOTICE:  @@P Execution Time: 0.009 ms
psql:backend/scripts/perf/history-retention-batched-measure.sql:342: NOTICE:  @@STMT run=3 repo=2 seq=50 label=payload newest-N owner
psql:backend/scripts/perf/history-retention-batched-measure.sql:342: NOTICE:  @@P Delete on node_payload_history  (cost=375.17..660.07 rows=0 width=0) (actual time=1.693..1.694 rows=0 loops=1)
psql:backend/scripts/perf/history-retention-batched-measure.sql:342: NOTICE:  @@P   Buffers: shared hit=1554 read=32
psql:backend/scripts/perf/history-retention-batched-measure.sql:342: NOTICE:  @@P   ->  Nested Loop  (cost=375.17..660.07 rows=48 width=46) (actual time=1.678..1.690 rows=5 loops=1)
psql:backend/scripts/perf/history-retention-batched-measure.sql:342: NOTICE:  @@P         Buffers: shared hit=1544 read=32
psql:backend/scripts/perf/history-retention-batched-measure.sql:342: NOTICE:  @@P         ->  HashAggregate  (cost=374.89..375.37 rows=48 width=56) (actual time=1.673..1.675 rows=5 loops=1)
psql:backend/scripts/perf/history-retention-batched-measure.sql:342: NOTICE:  @@P               Group Key: ranked.id
psql:backend/scripts/perf/history-retention-batched-measure.sql:342: NOTICE:  @@P               Batches: 1  Memory Usage: 24kB
psql:backend/scripts/perf/history-retention-batched-measure.sql:342: NOTICE:  @@P               Buffers: shared hit=1534 read=27
psql:backend/scripts/perf/history-retention-batched-measure.sql:342: NOTICE:  @@P               ->  Subquery Scan on ranked  (cost=369.01..374.77 rows=48 width=56) (actual time=1.459..1.671 rows=5 loops=1)
psql:backend/scripts/perf/history-retention-batched-measure.sql:342: NOTICE:  @@P                     Filter: (ranked.rn > 30)
psql:backend/scripts/perf/history-retention-batched-measure.sql:342: NOTICE:  @@P                     Rows Removed by Filter: 1170
psql:backend/scripts/perf/history-retention-batched-measure.sql:342: NOTICE:  @@P                     Buffers: shared hit=1534 read=27
psql:backend/scripts/perf/history-retention-batched-measure.sql:342: NOTICE:  @@P                     ->  WindowAgg  (cost=369.01..372.97 rows=144 width=74) (actual time=1.419..1.635 rows=1175 loops=1)
psql:backend/scripts/perf/history-retention-batched-measure.sql:342: NOTICE:  @@P                           Buffers: shared hit=1534 read=27
psql:backend/scripts/perf/history-retention-batched-measure.sql:342: NOTICE:  @@P                           ->  Sort  (cost=369.01..369.37 rows=144 width=66) (actual time=1.417..1.444 rows=1175 loops=1)
psql:backend/scripts/perf/history-retention-batched-measure.sql:342: NOTICE:  @@P                                 Sort Key: h.pipeline_id, h.node_step_id, h.root_id, h.captured_at DESC, h.id DESC
psql:backend/scripts/perf/history-retention-batched-measure.sql:342: NOTICE:  @@P                                 Sort Method: quicksort  Memory: 122kB
psql:backend/scripts/perf/history-retention-batched-measure.sql:342: NOTICE:  @@P                                 Buffers: shared hit=1534 read=27
psql:backend/scripts/perf/history-retention-batched-measure.sql:342: NOTICE:  @@P                                 ->  Nested Loop  (cost=43.16..363.85 rows=144 width=66) (actual time=0.115..0.940 rows=1175 loops=1)
psql:backend/scripts/perf/history-retention-batched-measure.sql:342: NOTICE:  @@P                                       Buffers: shared hit=1534 read=27
psql:backend/scripts/perf/history-retention-batched-measure.sql:342: NOTICE:  @@P                                       ->  Hash Join  (cost=42.88..119.99 rows=166 width=5) (actual time=0.093..0.399 rows=166 loops=1)
psql:backend/scripts/perf/history-retention-batched-measure.sql:342: NOTICE:  @@P                                             Hash Cond: (p.owner_id = u.id)
psql:backend/scripts/perf/history-retention-batched-measure.sql:342: NOTICE:  @@P                                             Buffers: shared hit=56
psql:backend/scripts/perf/history-retention-batched-measure.sql:342: NOTICE:  @@P                                             ->  Seq Scan on pipelines p  (cost=0.00..68.34 rows=3334 width=21) (actual time=0.002..0.173 rows=3334 loops=1)
psql:backend/scripts/perf/history-retention-batched-measure.sql:342: NOTICE:  @@P                                                   Buffers: shared hit=35
psql:backend/scripts/perf/history-retention-batched-measure.sql:342: NOTICE:  @@P                                             ->  Hash  (cost=41.84..41.84 rows=83 width=16) (actual time=0.084..0.085 rows=83 loops=1)
psql:backend/scripts/perf/history-retention-batched-measure.sql:342: NOTICE:  @@P                                                   Buckets: 1024  Batches: 1  Memory Usage: 12kB
psql:backend/scripts/perf/history-retention-batched-measure.sql:342: NOTICE:  @@P                                                   Buffers: shared hit=21
psql:backend/scripts/perf/history-retention-batched-measure.sql:342: NOTICE:  @@P                                                   ->  Seq Scan on users u  (cost=0.00..41.84 rows=83 width=16) (actual time=0.003..0.079 rows=83 loops=1)
psql:backend/scripts/perf/history-retention-batched-measure.sql:342: NOTICE:  @@P                                                         Filter: (tier = 'owner'::text)
psql:backend/scripts/perf/history-retention-batched-measure.sql:342: NOTICE:  @@P                                                         Rows Removed by Filter: 1584
psql:backend/scripts/perf/history-retention-batched-measure.sql:342: NOTICE:  @@P                                                         Buffers: shared hit=21
psql:backend/scripts/perf/history-retention-batched-measure.sql:342: NOTICE:  @@P                                       ->  Index Scan using idx_node_payload_history_node_captured on node_payload_history h  (cost=0.28..1.35 rows=12 width=66) (actual time=0.001..0.003 rows=7 loops=166)
psql:backend/scripts/perf/history-retention-batched-measure.sql:342: NOTICE:  @@P                                             Index Cond: (pipeline_id = p.id)
psql:backend/scripts/perf/history-retention-batched-measure.sql:342: NOTICE:  @@P                                             Buffers: shared hit=1478 read=27
psql:backend/scripts/perf/history-retention-batched-measure.sql:342: NOTICE:  @@P         ->  Index Scan using node_payload_history_pkey on node_payload_history  (cost=0.28..6.05 rows=1 width=22) (actual time=0.003..0.003 rows=1 loops=5)
psql:backend/scripts/perf/history-retention-batched-measure.sql:342: NOTICE:  @@P               Index Cond: (id = ranked.id)
psql:backend/scripts/perf/history-retention-batched-measure.sql:342: NOTICE:  @@P               Buffers: shared hit=10 read=5
psql:backend/scripts/perf/history-retention-batched-measure.sql:342: NOTICE:  @@P Planning:
psql:backend/scripts/perf/history-retention-batched-measure.sql:342: NOTICE:  @@P   Buffers: shared hit=33
psql:backend/scripts/perf/history-retention-batched-measure.sql:342: NOTICE:  @@P Planning Time: 0.173 ms
psql:backend/scripts/perf/history-retention-batched-measure.sql:342: NOTICE:  @@P Trigger for constraint output_snapshot_history_payload_id_fkey: time=0.179 calls=5
psql:backend/scripts/perf/history-retention-batched-measure.sql:342: NOTICE:  @@P Execution Time: 1.891 ms
psql:backend/scripts/perf/history-retention-batched-measure.sql:342: NOTICE:  @@STMT run=3 repo=2 seq=60 label=payload unreferenced
psql:backend/scripts/perf/history-retention-batched-measure.sql:342: NOTICE:  @@P Delete on node_payload_history h  (cost=881.13..1020.97 rows=0 width=0) (actual time=7.059..7.060 rows=0 loops=1)
psql:backend/scripts/perf/history-retention-batched-measure.sql:342: NOTICE:  @@P   Buffers: shared hit=1628 read=2259 written=17
psql:backend/scripts/perf/history-retention-batched-measure.sql:342: NOTICE:  @@P   ->  Merge Right Anti Join  (cost=881.13..1020.97 rows=2132 width=12) (actual time=7.059..7.059 rows=0 loops=1)
psql:backend/scripts/perf/history-retention-batched-measure.sql:342: NOTICE:  @@P         Merge Cond: (o.payload_id = h.id)
psql:backend/scripts/perf/history-retention-batched-measure.sql:342: NOTICE:  @@P         Buffers: shared hit=1628 read=2259 written=17
psql:backend/scripts/perf/history-retention-batched-measure.sql:342: NOTICE:  @@P         ->  Index Scan using idx_output_snapshot_history_payload on output_snapshot_history o  (cost=0.28..27191.97 rows=4987194 width=22) (actual time=0.010..5.748 rows=8460 loops=1)
psql:backend/scripts/perf/history-retention-batched-measure.sql:342: NOTICE:  @@P               Buffers: shared hit=943 read=2259 written=17
psql:backend/scripts/perf/history-retention-batched-measure.sql:342: NOTICE:  @@P         ->  Sort  (cost=880.85..888.10 rows=2901 width=22) (actual time=0.497..0.656 rows=2820 loops=1)
psql:backend/scripts/perf/history-retention-batched-measure.sql:342: NOTICE:  @@P               Sort Key: h.id
psql:backend/scripts/perf/history-retention-batched-measure.sql:342: NOTICE:  @@P               Sort Method: quicksort  Memory: 229kB
psql:backend/scripts/perf/history-retention-batched-measure.sql:342: NOTICE:  @@P               Buffers: shared hit=685
psql:backend/scripts/perf/history-retention-batched-measure.sql:342: NOTICE:  @@P               ->  Seq Scan on node_payload_history h  (cost=0.00..714.01 rows=2901 width=22) (actual time=0.002..0.245 rows=2820 loops=1)
psql:backend/scripts/perf/history-retention-batched-measure.sql:342: NOTICE:  @@P                     Buffers: shared hit=685
psql:backend/scripts/perf/history-retention-batched-measure.sql:342: NOTICE:  @@P Planning Time: 0.039 ms
psql:backend/scripts/perf/history-retention-batched-measure.sql:342: NOTICE:  @@P Execution Time: 7.067 ms
 perf_explain 
--------------
 
(1 row)

ROLLBACK
BEGIN
 ?column? 
----------
        1
(1 row)

psql:backend/scripts/perf/history-retention-batched-measure.sql:345: NOTICE:  @@T run=1 repo=1 seq=11 deleted=297 ms=81.73 label=history age purge free
psql:backend/scripts/perf/history-retention-batched-measure.sql:345: NOTICE:  @@T run=1 repo=1 seq=12 deleted=104 ms=30.05 label=history age purge beta
psql:backend/scripts/perf/history-retention-batched-measure.sql:345: NOTICE:  @@T run=1 repo=1 seq=13 deleted=17 ms=0.35 label=history age purge owner
psql:backend/scripts/perf/history-retention-batched-measure.sql:345: NOTICE:  @@T run=1 repo=1 seq=20 deleted=0 ms=0.27 label=history age purge unnamed-tier catch-all
psql:backend/scripts/perf/history-retention-batched-measure.sql:345: NOTICE:  @@T run=1 repo=1 seq=30 deleted=120000 ms=10173.23 label=history thin (protected newest 101)
psql:backend/scripts/perf/history-retention-batched-measure.sql:345: NOTICE:  @@TX run=1 repo=1 lock_hold_ms=10286.22
 perf_time 
-----------
 
(1 row)

ROLLBACK
BEGIN
 ?column? 
----------
        1
(1 row)

psql:backend/scripts/perf/history-retention-batched-measure.sql:345: NOTICE:  @@T run=1 repo=2 seq=10 deleted=47 ms=4.46 label=payload disallowed-tier
psql:backend/scripts/perf/history-retention-batched-measure.sql:345: NOTICE:  @@T run=1 repo=2 seq=20 deleted=4 ms=0.43 label=payload age purge beta
psql:backend/scripts/perf/history-retention-batched-measure.sql:345: NOTICE:  @@T run=1 repo=2 seq=30 deleted=25 ms=3.55 label=payload newest-N beta
psql:backend/scripts/perf/history-retention-batched-measure.sql:345: NOTICE:  @@T run=1 repo=2 seq=40 deleted=0 ms=0.16 label=payload age purge owner
psql:backend/scripts/perf/history-retention-batched-measure.sql:345: NOTICE:  @@T run=1 repo=2 seq=50 deleted=5 ms=1.83 label=payload newest-N owner
psql:backend/scripts/perf/history-retention-batched-measure.sql:345: NOTICE:  @@T run=1 repo=2 seq=60 deleted=0 ms=6.62 label=payload unreferenced
psql:backend/scripts/perf/history-retention-batched-measure.sql:345: NOTICE:  @@TX run=1 repo=2 lock_hold_ms=17.22
 perf_time 
-----------
 
(1 row)

ROLLBACK
BEGIN
 ?column? 
----------
        1
(1 row)

psql:backend/scripts/perf/history-retention-batched-measure.sql:345: NOTICE:  @@T run=2 repo=1 seq=11 deleted=297 ms=82.04 label=history age purge free
psql:backend/scripts/perf/history-retention-batched-measure.sql:345: NOTICE:  @@T run=2 repo=1 seq=12 deleted=104 ms=28.22 label=history age purge beta
psql:backend/scripts/perf/history-retention-batched-measure.sql:345: NOTICE:  @@T run=2 repo=1 seq=13 deleted=17 ms=0.35 label=history age purge owner
psql:backend/scripts/perf/history-retention-batched-measure.sql:345: NOTICE:  @@T run=2 repo=1 seq=20 deleted=0 ms=0.29 label=history age purge unnamed-tier catch-all
psql:backend/scripts/perf/history-retention-batched-measure.sql:345: NOTICE:  @@T run=2 repo=1 seq=30 deleted=120000 ms=10148.27 label=history thin (protected newest 101)
psql:backend/scripts/perf/history-retention-batched-measure.sql:345: NOTICE:  @@TX run=2 repo=1 lock_hold_ms=10259.39
 perf_time 
-----------
 
(1 row)

ROLLBACK
BEGIN
 ?column? 
----------
        1
(1 row)

psql:backend/scripts/perf/history-retention-batched-measure.sql:345: NOTICE:  @@T run=2 repo=2 seq=10 deleted=47 ms=4.61 label=payload disallowed-tier
psql:backend/scripts/perf/history-retention-batched-measure.sql:345: NOTICE:  @@T run=2 repo=2 seq=20 deleted=4 ms=0.42 label=payload age purge beta
psql:backend/scripts/perf/history-retention-batched-measure.sql:345: NOTICE:  @@T run=2 repo=2 seq=30 deleted=25 ms=3.48 label=payload newest-N beta
psql:backend/scripts/perf/history-retention-batched-measure.sql:345: NOTICE:  @@T run=2 repo=2 seq=40 deleted=0 ms=0.16 label=payload age purge owner
psql:backend/scripts/perf/history-retention-batched-measure.sql:345: NOTICE:  @@T run=2 repo=2 seq=50 deleted=5 ms=1.85 label=payload newest-N owner
psql:backend/scripts/perf/history-retention-batched-measure.sql:345: NOTICE:  @@T run=2 repo=2 seq=60 deleted=0 ms=6.45 label=payload unreferenced
psql:backend/scripts/perf/history-retention-batched-measure.sql:345: NOTICE:  @@TX run=2 repo=2 lock_hold_ms=17.15
 perf_time 
-----------
 
(1 row)

ROLLBACK
BEGIN
 ?column? 
----------
        1
(1 row)

psql:backend/scripts/perf/history-retention-batched-measure.sql:345: NOTICE:  @@T run=3 repo=1 seq=11 deleted=297 ms=82.15 label=history age purge free
psql:backend/scripts/perf/history-retention-batched-measure.sql:345: NOTICE:  @@T run=3 repo=1 seq=12 deleted=104 ms=28.78 label=history age purge beta
psql:backend/scripts/perf/history-retention-batched-measure.sql:345: NOTICE:  @@T run=3 repo=1 seq=13 deleted=17 ms=0.35 label=history age purge owner
psql:backend/scripts/perf/history-retention-batched-measure.sql:345: NOTICE:  @@T run=3 repo=1 seq=20 deleted=0 ms=0.29 label=history age purge unnamed-tier catch-all
psql:backend/scripts/perf/history-retention-batched-measure.sql:345: NOTICE:  @@T run=3 repo=1 seq=30 deleted=120000 ms=10162.06 label=history thin (protected newest 101)
psql:backend/scripts/perf/history-retention-batched-measure.sql:345: NOTICE:  @@TX run=3 repo=1 lock_hold_ms=10273.86
 perf_time 
-----------
 
(1 row)

ROLLBACK
BEGIN
 ?column? 
----------
        1
(1 row)

psql:backend/scripts/perf/history-retention-batched-measure.sql:345: NOTICE:  @@T run=3 repo=2 seq=10 deleted=47 ms=4.76 label=payload disallowed-tier
psql:backend/scripts/perf/history-retention-batched-measure.sql:345: NOTICE:  @@T run=3 repo=2 seq=20 deleted=4 ms=0.41 label=payload age purge beta
psql:backend/scripts/perf/history-retention-batched-measure.sql:345: NOTICE:  @@T run=3 repo=2 seq=30 deleted=25 ms=3.00 label=payload newest-N beta
psql:backend/scripts/perf/history-retention-batched-measure.sql:345: NOTICE:  @@T run=3 repo=2 seq=40 deleted=0 ms=0.14 label=payload age purge owner
psql:backend/scripts/perf/history-retention-batched-measure.sql:345: NOTICE:  @@T run=3 repo=2 seq=50 deleted=5 ms=1.71 label=payload newest-N owner
psql:backend/scripts/perf/history-retention-batched-measure.sql:345: NOTICE:  @@T run=3 repo=2 seq=60 deleted=0 ms=6.01 label=payload unreferenced
psql:backend/scripts/perf/history-retention-batched-measure.sql:345: NOTICE:  @@TX run=3 repo=2 lock_hold_ms=16.20
 perf_time 
-----------
 
(1 row)

ROLLBACK
