DO
MARKER_AFTER_GUARD
CREATE TABLE
INSERT 0 3
INSERT 0 2
INSERT 0 1
INSERT 0 4
INSERT 0 1
@@ settings
                                                                v                                                                
---------------------------------------------------------------------------------------------------------------------------------
 @@ version=PostgreSQL 16.14 (Debian 16.14-1.pgdg13+1) on x86_64-pc-linux-gnu, compiled by gcc (Debian 14.2.0-19) 14.2.0, 64-bit
(1 row)

                  s                   
--------------------------------------
 @@ effective_cache_size=524288
 @@ max_parallel_workers_per_gather=2
 @@ random_page_cost=4
 @@ shared_buffers=16384
 @@ work_mem=4096
(5 rows)

                                 r                                 
-------------------------------------------------------------------
 @@ rows output_snapshot_history=4986648 node_payload_history=2901
(1 row)

        pv        
------------------
 @@ pg16_view=off
(1 row)

                                                                                                                                     ix                                                                                                                                      
-----------------------------------------------------------------------------------------------------------------------------------------------------------------------------------------------------------------------------------------------------------------------------
 @@ indexes idx_node_payload_history_captured_at, idx_node_payload_history_node_captured, idx_output_snapshot_history_captured_at, idx_output_snapshot_history_output_captured, idx_output_snapshot_history_payload, node_payload_history_pkey, output_snapshot_history_pkey
(1 row)

CREATE FUNCTION
CREATE FUNCTION
BEGIN
 ?column? 
----------
        1
(1 row)

psql:backend/scripts/perf/history-retention-batched-measure.sql:342: NOTICE:  @@LOCK run=1 repo=1 acquired=t
psql:backend/scripts/perf/history-retention-batched-measure.sql:342: NOTICE:  @@STMT run=1 repo=1 seq=11 label=history age purge free
psql:backend/scripts/perf/history-retention-batched-measure.sql:342: NOTICE:  @@P Delete on output_snapshot_history h  (cost=166.90..25410.90 rows=0 width=0) (actual time=294.203..294.206 rows=0 loops=1)
psql:backend/scripts/perf/history-retention-batched-measure.sql:342: NOTICE:  @@P   Buffers: shared hit=413 read=17852 written=10
psql:backend/scripts/perf/history-retention-batched-measure.sql:342: NOTICE:  @@P   ->  Hash Join  (cost=166.90..25410.90 rows=216883 width=18) (actual time=293.804..294.010 rows=297 loops=1)
psql:backend/scripts/perf/history-retention-batched-measure.sql:342: NOTICE:  @@P         Hash Cond: (p.owner_id = u.id)
psql:backend/scripts/perf/history-retention-batched-measure.sql:342: NOTICE:  @@P         Buffers: shared hit=116 read=17852 written=10
psql:backend/scripts/perf/history-retention-batched-measure.sql:342: NOTICE:  @@P         ->  Hash Join  (cost=110.45..24540.53 rows=309276 width=28) (actual time=0.618..229.765 rows=316648 loops=1)
psql:backend/scripts/perf/history-retention-batched-measure.sql:342: NOTICE:  @@P               Hash Cond: (h.pipeline_id = p.id)
psql:backend/scripts/perf/history-retention-batched-measure.sql:342: NOTICE:  @@P               Buffers: shared hit=116 read=17831 written=10
psql:backend/scripts/perf/history-retention-batched-measure.sql:342: NOTICE:  @@P               ->  Index Scan using idx_output_snapshot_history_captured_at on output_snapshot_history h  (cost=0.43..23617.39 rows=309369 width=11) (actual time=0.011..190.494 rows=316648 loops=1)
psql:backend/scripts/perf/history-retention-batched-measure.sql:342: NOTICE:  @@P                     Index Cond: (captured_at < '2026-09-10 05:00:00+00'::timestamp with time zone)
psql:backend/scripts/perf/history-retention-batched-measure.sql:342: NOTICE:  @@P                     Buffers: shared hit=116 read=17796 written=10
psql:backend/scripts/perf/history-retention-batched-measure.sql:342: NOTICE:  @@P               ->  Hash  (cost=68.34..68.34 rows=3334 width=27) (actual time=0.587..0.588 rows=3334 loops=1)
psql:backend/scripts/perf/history-retention-batched-measure.sql:342: NOTICE:  @@P                     Buckets: 4096  Batches: 1  Memory Usage: 227kB
psql:backend/scripts/perf/history-retention-batched-measure.sql:342: NOTICE:  @@P                     Buffers: shared read=35
psql:backend/scripts/perf/history-retention-batched-measure.sql:342: NOTICE:  @@P                     ->  Seq Scan on pipelines p  (cost=0.00..68.34 rows=3334 width=27) (actual time=0.005..0.284 rows=3334 loops=1)
psql:backend/scripts/perf/history-retention-batched-measure.sql:342: NOTICE:  @@P                           Buffers: shared read=35
psql:backend/scripts/perf/history-retention-batched-measure.sql:342: NOTICE:  @@P         ->  Hash  (cost=41.84..41.84 rows=1169 width=22) (actual time=0.238..0.239 rows=1169 loops=1)
psql:backend/scripts/perf/history-retention-batched-measure.sql:342: NOTICE:  @@P               Buckets: 2048  Batches: 1  Memory Usage: 78kB
psql:backend/scripts/perf/history-retention-batched-measure.sql:342: NOTICE:  @@P               Buffers: shared read=21
psql:backend/scripts/perf/history-retention-batched-measure.sql:342: NOTICE:  @@P               ->  Seq Scan on users u  (cost=0.00..41.84 rows=1169 width=22) (actual time=0.007..0.151 rows=1169 loops=1)
psql:backend/scripts/perf/history-retention-batched-measure.sql:342: NOTICE:  @@P                     Filter: (tier = 'free'::text)
psql:backend/scripts/perf/history-retention-batched-measure.sql:342: NOTICE:  @@P                     Rows Removed by Filter: 498
psql:backend/scripts/perf/history-retention-batched-measure.sql:342: NOTICE:  @@P                     Buffers: shared read=21
psql:backend/scripts/perf/history-retention-batched-measure.sql:342: NOTICE:  @@P Planning:
psql:backend/scripts/perf/history-retention-batched-measure.sql:342: NOTICE:  @@P   Buffers: shared hit=268 read=30 dirtied=3
psql:backend/scripts/perf/history-retention-batched-measure.sql:342: NOTICE:  @@P Planning Time: 0.523 ms
psql:backend/scripts/perf/history-retention-batched-measure.sql:342: NOTICE:  @@P Execution Time: 294.270 ms
psql:backend/scripts/perf/history-retention-batched-measure.sql:342: NOTICE:  @@STMT run=1 repo=1 seq=12 label=history age purge beta
psql:backend/scripts/perf/history-retention-batched-measure.sql:342: NOTICE:  @@P Delete on output_snapshot_history h  (cost=134.95..11646.56 rows=0 width=0) (actual time=98.770..98.775 rows=0 loops=1)
psql:backend/scripts/perf/history-retention-batched-measure.sql:342: NOTICE:  @@P   Buffers: shared hit=111 read=7805 dirtied=1 written=2174
psql:backend/scripts/perf/history-retention-batched-measure.sql:342: NOTICE:  @@P   ->  Hash Join  (cost=134.95..11646.56 rows=34687 width=18) (actual time=98.639..98.701 rows=104 loops=1)
psql:backend/scripts/perf/history-retention-batched-measure.sql:342: NOTICE:  @@P         Hash Cond: (h.pipeline_id = p.id)
psql:backend/scripts/perf/history-retention-batched-measure.sql:342: NOTICE:  @@P         Buffers: shared hit=7 read=7805 written=2174
psql:backend/scripts/perf/history-retention-batched-measure.sql:342: NOTICE:  @@P         ->  Index Scan using idx_output_snapshot_history_captured_at on output_snapshot_history h  (cost=0.43..10642.51 rows=139376 width=11) (actual time=0.012..89.202 rows=137071 loops=1)
psql:backend/scripts/perf/history-retention-batched-measure.sql:342: NOTICE:  @@P               Index Cond: (captured_at < '2026-07-12 05:00:00+00'::timestamp with time zone)
psql:backend/scripts/perf/history-retention-batched-measure.sql:342: NOTICE:  @@P               Buffers: shared hit=7 read=7749 written=2174
psql:backend/scripts/perf/history-retention-batched-measure.sql:342: NOTICE:  @@P         ->  Hash  (cost=124.14..124.14 rows=830 width=17) (actual time=0.991..0.995 rows=830 loops=1)
psql:backend/scripts/perf/history-retention-batched-measure.sql:342: NOTICE:  @@P               Buckets: 1024  Batches: 1  Memory Usage: 49kB
psql:backend/scripts/perf/history-retention-batched-measure.sql:342: NOTICE:  @@P               Buffers: shared read=56
psql:backend/scripts/perf/history-retention-batched-measure.sql:342: NOTICE:  @@P               ->  Hash Join  (cost=47.03..124.14 rows=830 width=17) (actual time=0.255..0.890 rows=830 loops=1)
psql:backend/scripts/perf/history-retention-batched-measure.sql:342: NOTICE:  @@P                     Hash Cond: (p.owner_id = u.id)
psql:backend/scripts/perf/history-retention-batched-measure.sql:342: NOTICE:  @@P                     Buffers: shared read=56
psql:backend/scripts/perf/history-retention-batched-measure.sql:342: NOTICE:  @@P                     ->  Seq Scan on pipelines p  (cost=0.00..68.34 rows=3334 width=27) (actual time=0.006..0.379 rows=3334 loops=1)
psql:backend/scripts/perf/history-retention-batched-measure.sql:342: NOTICE:  @@P                           Buffers: shared read=35
psql:backend/scripts/perf/history-retention-batched-measure.sql:342: NOTICE:  @@P                     ->  Hash  (cost=41.84..41.84 rows=415 width=22) (actual time=0.243..0.245 rows=415 loops=1)
psql:backend/scripts/perf/history-retention-batched-measure.sql:342: NOTICE:  @@P                           Buckets: 1024  Batches: 1  Memory Usage: 30kB
psql:backend/scripts/perf/history-retention-batched-measure.sql:342: NOTICE:  @@P                           Buffers: shared read=21
psql:backend/scripts/perf/history-retention-batched-measure.sql:342: NOTICE:  @@P                           ->  Seq Scan on users u  (cost=0.00..41.84 rows=415 width=22) (actual time=0.006..0.202 rows=415 loops=1)
psql:backend/scripts/perf/history-retention-batched-measure.sql:342: NOTICE:  @@P                                 Filter: (tier = 'beta'::text)
psql:backend/scripts/perf/history-retention-batched-measure.sql:342: NOTICE:  @@P                                 Rows Removed by Filter: 1252
psql:backend/scripts/perf/history-retention-batched-measure.sql:342: NOTICE:  @@P                                 Buffers: shared read=21
psql:backend/scripts/perf/history-retention-batched-measure.sql:342: NOTICE:  @@P Planning:
psql:backend/scripts/perf/history-retention-batched-measure.sql:342: NOTICE:  @@P   Buffers: shared hit=8 read=12
psql:backend/scripts/perf/history-retention-batched-measure.sql:342: NOTICE:  @@P Planning Time: 0.268 ms
psql:backend/scripts/perf/history-retention-batched-measure.sql:342: NOTICE:  @@P Execution Time: 98.803 ms
psql:backend/scripts/perf/history-retention-batched-measure.sql:342: NOTICE:  @@STMT run=1 repo=1 seq=13 label=history age purge owner
psql:backend/scripts/perf/history-retention-batched-measure.sql:342: NOTICE:  @@P Delete on output_snapshot_history h  (cost=0.99..74.30 rows=0 width=0) (actual time=0.119..0.120 rows=0 loops=1)
psql:backend/scripts/perf/history-retention-batched-measure.sql:342: NOTICE:  @@P   Buffers: shared hit=111 read=12 written=12
psql:backend/scripts/perf/history-retention-batched-measure.sql:342: NOTICE:  @@P   ->  Nested Loop  (cost=0.99..74.30 rows=1 width=18) (actual time=0.008..0.108 rows=17 loops=1)
psql:backend/scripts/perf/history-retention-batched-measure.sql:342: NOTICE:  @@P         Buffers: shared hit=94 read=12 written=12
psql:backend/scripts/perf/history-retention-batched-measure.sql:342: NOTICE:  @@P         ->  Nested Loop  (cost=0.71..71.27 rows=9 width=28) (actual time=0.006..0.066 rows=17 loops=1)
psql:backend/scripts/perf/history-retention-batched-measure.sql:342: NOTICE:  @@P               Buffers: shared hit=48 read=7 written=7
psql:backend/scripts/perf/history-retention-batched-measure.sql:342: NOTICE:  @@P               ->  Index Scan using idx_output_snapshot_history_captured_at on output_snapshot_history h  (cost=0.43..8.59 rows=9 width=11) (actual time=0.002..0.004 rows=17 loops=1)
psql:backend/scripts/perf/history-retention-batched-measure.sql:342: NOTICE:  @@P                     Index Cond: (captured_at < '2025-10-10 05:00:00+00'::timestamp with time zone)
psql:backend/scripts/perf/history-retention-batched-measure.sql:342: NOTICE:  @@P                     Buffers: shared hit=4
psql:backend/scripts/perf/history-retention-batched-measure.sql:342: NOTICE:  @@P               ->  Index Scan using pipelines_pkey on pipelines p  (cost=0.28..6.96 rows=1 width=27) (actual time=0.003..0.003 rows=1 loops=17)
psql:backend/scripts/perf/history-retention-batched-measure.sql:342: NOTICE:  @@P                     Index Cond: (id = h.pipeline_id)
psql:backend/scripts/perf/history-retention-batched-measure.sql:342: NOTICE:  @@P                     Buffers: shared hit=44 read=7 written=7
psql:backend/scripts/perf/history-retention-batched-measure.sql:342: NOTICE:  @@P         ->  Index Scan using users_pkey on users u  (cost=0.28..0.34 rows=1 width=22) (actual time=0.002..0.002 rows=1 loops=17)
psql:backend/scripts/perf/history-retention-batched-measure.sql:342: NOTICE:  @@P               Index Cond: (id = p.owner_id)
psql:backend/scripts/perf/history-retention-batched-measure.sql:342: NOTICE:  @@P               Filter: (tier = 'owner'::text)
psql:backend/scripts/perf/history-retention-batched-measure.sql:342: NOTICE:  @@P               Buffers: shared hit=46 read=5 written=5
psql:backend/scripts/perf/history-retention-batched-measure.sql:342: NOTICE:  @@P Planning:
psql:backend/scripts/perf/history-retention-batched-measure.sql:342: NOTICE:  @@P   Buffers: shared hit=24 read=1 written=1
psql:backend/scripts/perf/history-retention-batched-measure.sql:342: NOTICE:  @@P Planning Time: 0.215 ms
psql:backend/scripts/perf/history-retention-batched-measure.sql:342: NOTICE:  @@P Execution Time: 0.135 ms
psql:backend/scripts/perf/history-retention-batched-measure.sql:342: NOTICE:  @@STMT run=1 repo=1 seq=20 label=history age purge unnamed-tier catch-all
psql:backend/scripts/perf/history-retention-batched-measure.sql:342: NOTICE:  @@P Delete on output_snapshot_history h  (cost=55.28..24834.24 rows=0 width=0) (actual time=0.121..0.122 rows=0 loops=1)
psql:backend/scripts/perf/history-retention-batched-measure.sql:342: NOTICE:  @@P   Buffers: shared hit=25
psql:backend/scripts/perf/history-retention-batched-measure.sql:342: NOTICE:  @@P   ->  Hash Join  (cost=55.28..24834.24 rows=186 width=18) (actual time=0.121..0.122 rows=0 loops=1)
psql:backend/scripts/perf/history-retention-batched-measure.sql:342: NOTICE:  @@P         Hash Cond: (h.pipeline_id = p.id)
psql:backend/scripts/perf/history-retention-batched-measure.sql:342: NOTICE:  @@P         Buffers: shared hit=25
psql:backend/scripts/perf/history-retention-batched-measure.sql:342: NOTICE:  @@P         ->  Index Scan using idx_output_snapshot_history_captured_at on output_snapshot_history h  (cost=0.43..23617.39 rows=309369 width=11) (actual time=0.004..0.004 rows=1 loops=1)
psql:backend/scripts/perf/history-retention-batched-measure.sql:342: NOTICE:  @@P               Index Cond: (captured_at < '2026-09-10 05:00:00+00'::timestamp with time zone)
psql:backend/scripts/perf/history-retention-batched-measure.sql:342: NOTICE:  @@P               Buffers: shared hit=4
psql:backend/scripts/perf/history-retention-batched-measure.sql:342: NOTICE:  @@P         ->  Hash  (cost=54.83..54.83 rows=2 width=17) (actual time=0.115..0.115 rows=0 loops=1)
psql:backend/scripts/perf/history-retention-batched-measure.sql:342: NOTICE:  @@P               Buckets: 1024  Batches: 1  Memory Usage: 8kB
psql:backend/scripts/perf/history-retention-batched-measure.sql:342: NOTICE:  @@P               Buffers: shared hit=21
psql:backend/scripts/perf/history-retention-batched-measure.sql:342: NOTICE:  @@P               ->  Nested Loop  (cost=4.30..54.83 rows=2 width=17) (actual time=0.115..0.115 rows=0 loops=1)
psql:backend/scripts/perf/history-retention-batched-measure.sql:342: NOTICE:  @@P                     Buffers: shared hit=21
psql:backend/scripts/perf/history-retention-batched-measure.sql:342: NOTICE:  @@P                     ->  Seq Scan on users u  (cost=0.00..43.92 rows=1 width=22) (actual time=0.115..0.115 rows=0 loops=1)
psql:backend/scripts/perf/history-retention-batched-measure.sql:342: NOTICE:  @@P                           Filter: (tier <> ALL ('{free,beta,owner}'::text[]))
psql:backend/scripts/perf/history-retention-batched-measure.sql:342: NOTICE:  @@P                           Rows Removed by Filter: 1667
psql:backend/scripts/perf/history-retention-batched-measure.sql:342: NOTICE:  @@P                           Buffers: shared hit=21
psql:backend/scripts/perf/history-retention-batched-measure.sql:342: NOTICE:  @@P                     ->  Bitmap Heap Scan on pipelines p  (cost=4.30..10.89 rows=2 width=27) (never executed)
psql:backend/scripts/perf/history-retention-batched-measure.sql:342: NOTICE:  @@P                           Recheck Cond: (u.id = owner_id)
psql:backend/scripts/perf/history-retention-batched-measure.sql:342: NOTICE:  @@P                           ->  Bitmap Index Scan on idx_pipelines_owner_id  (cost=0.00..4.29 rows=2 width=0) (never executed)
psql:backend/scripts/perf/history-retention-batched-measure.sql:342: NOTICE:  @@P                                 Index Cond: (owner_id = u.id)
psql:backend/scripts/perf/history-retention-batched-measure.sql:342: NOTICE:  @@P Planning:
psql:backend/scripts/perf/history-retention-batched-measure.sql:342: NOTICE:  @@P   Buffers: shared hit=20
psql:backend/scripts/perf/history-retention-batched-measure.sql:342: NOTICE:  @@P Planning Time: 0.120 ms
psql:backend/scripts/perf/history-retention-batched-measure.sql:342: NOTICE:  @@P Execution Time: 0.134 ms
psql:backend/scripts/perf/history-retention-batched-measure.sql:342: NOTICE:  @@STMT run=1 repo=1 seq=30 label=history thin (protected newest 101)
psql:backend/scripts/perf/history-retention-batched-measure.sql:342: NOTICE:  @@P Delete on output_snapshot_history  (cost=1585235.43..1995348.87 rows=0 width=0) (actual time=26315.377..26315.382 rows=0 loops=1)
psql:backend/scripts/perf/history-retention-batched-measure.sql:342: NOTICE:  @@P   Buffers: shared hit=148832 read=525393 dirtied=5354 written=502, temp read=74646 written=74745
psql:backend/scripts/perf/history-retention-batched-measure.sql:342: NOTICE:  @@P   ->  Hash Semi Join  (cost=1585235.43..1995348.87 rows=554216 width=46) (actual time=23379.088..26119.547 rows=120000 loops=1)
psql:backend/scripts/perf/history-retention-batched-measure.sql:342: NOTICE:  @@P         Hash Cond: (output_snapshot_history.id = ranked.id)
psql:backend/scripts/perf/history-retention-batched-measure.sql:342: NOTICE:  @@P         Buffers: shared hit=29931 read=524294 dirtied=22 written=502, temp read=74646 written=74745
psql:backend/scripts/perf/history-retention-batched-measure.sql:342: NOTICE:  @@P         ->  Seq Scan on output_snapshot_history  (cost=0.00..326987.44 rows=4987944 width=22) (actual time=282.329..1749.256 rows=4986230 loops=1)
psql:backend/scripts/perf/history-retention-batched-measure.sql:342: NOTICE:  @@P               Buffers: shared hit=14094 read=263014 written=502
psql:backend/scripts/perf/history-retention-batched-measure.sql:342: NOTICE:  @@P         ->  Hash  (cost=1572894.73..1572894.73 rows=554216 width=56) (actual time=22829.581..22829.584 rows=120000 loops=1)
psql:backend/scripts/perf/history-retention-batched-measure.sql:342: NOTICE:  @@P               Buckets: 131072  Batches: 8  Memory Usage: 2389kB
psql:backend/scripts/perf/history-retention-batched-measure.sql:342: NOTICE:  @@P               Buffers: shared hit=15837 read=261280 dirtied=22, temp read=51239 written=52372
psql:backend/scripts/perf/history-retention-batched-measure.sql:342: NOTICE:  @@P               ->  Subquery Scan on ranked  (cost=1120612.96..1572894.73 rows=554216 width=56) (actual time=10320.809..22742.112 rows=120000 loops=1)
psql:backend/scripts/perf/history-retention-batched-measure.sql:342: NOTICE:  @@P                     Filter: (ranked.rn > 1)
psql:backend/scripts/perf/history-retention-batched-measure.sql:342: NOTICE:  @@P                     Rows Removed by Filter: 3856230
psql:backend/scripts/perf/history-retention-batched-measure.sql:342: NOTICE:  @@P                     Buffers: shared hit=15837 read=261280 dirtied=22, temp read=51239 written=51338
psql:backend/scripts/perf/history-retention-batched-measure.sql:342: NOTICE:  @@P                     ->  WindowAgg  (cost=1120612.96..1552111.63 rows=1662648 width=73) (actual time=10320.654..22530.937 rows=3976230 loops=1)
psql:backend/scripts/perf/history-retention-batched-measure.sql:342: NOTICE:  @@P                           Buffers: shared hit=15837 read=261280 dirtied=22, temp read=51239 written=51338
psql:backend/scripts/perf/history-retention-batched-measure.sql:342: NOTICE:  @@P                           ->  Incremental Sort  (cost=1120612.96..1444039.51 rows=1662648 width=65) (actual time=10320.646..21084.239 rows=3976230 loops=1)
psql:backend/scripts/perf/history-retention-batched-measure.sql:342: NOTICE:  @@P                                 Sort Key: recent.output_id, (CASE WHEN (EXTRACT(epoch FROM ('2026-10-10 05:00:00+00'::timestamp with time zone - recent.captured_at)) < '86400'::numeric) THEN 0 WHEN (EXTRACT(epoch FROM ('2026-10-10 05:00:00+00'::timestamp with time zone - recent.captured_at)) < '604800'::numeric) THEN 1 ELSE 2 END), (floor((EXTRACT(epoch FROM recent.captured_at) / (CASE WHEN (EXTRACT(epoch FROM ('2026-10-10 05:00:00+00'::timestamp with time zone - recent.captured_at)) < '86400'::numeric) THEN '300'::bigint WHEN (EXTRACT(epoch FROM ('2026-10-10 05:00:00+00'::timestamp with time zone - recent.captured_at)) < '604800'::numeric) THEN '3600'::bigint ELSE '86400'::bigint END)::numeric))), recent.captured_at DESC, recent.id DESC
psql:backend/scripts/perf/history-retention-batched-measure.sql:342: NOTICE:  @@P                                 Presorted Key: recent.output_id
psql:backend/scripts/perf/history-retention-batched-measure.sql:342: NOTICE:  @@P                                 Full-sort Groups: 10000  Sort Method: quicksort  Average Memory: 29kB  Peak Memory: 29kB
psql:backend/scripts/perf/history-retention-batched-measure.sql:342: NOTICE:  @@P                                 Pre-sorted Groups: 10000  Sort Method: quicksort  Average Memory: 49kB  Peak Memory: 50kB
psql:backend/scripts/perf/history-retention-batched-measure.sql:342: NOTICE:  @@P                                 Buffers: shared hit=15837 read=261280 dirtied=22, temp read=51239 written=51338
psql:backend/scripts/perf/history-retention-batched-measure.sql:342: NOTICE:  @@P                                 ->  Subquery Scan on recent  (cost=1120582.56..1361666.52 rows=1662648 width=65) (actual time=10320.116..15969.470 rows=3976230 loops=1)
psql:backend/scripts/perf/history-retention-batched-measure.sql:342: NOTICE:  @@P                                       Filter: (recent.recency > 101)
psql:backend/scripts/perf/history-retention-batched-measure.sql:342: NOTICE:  @@P                                       Rows Removed by Filter: 1010000
psql:backend/scripts/perf/history-retention-batched-measure.sql:342: NOTICE:  @@P                                       Buffers: shared hit=15828 read=261280 dirtied=22, temp read=51239 written=51338
psql:backend/scripts/perf/history-retention-batched-measure.sql:342: NOTICE:  @@P                                       ->  WindowAgg  (cost=1120582.56..1232811.30 rows=4987944 width=37) (actual time=10320.037..12826.192 rows=4986230 loops=1)
psql:backend/scripts/perf/history-retention-batched-measure.sql:342: NOTICE:  @@P                                             Buffers: shared hit=15828 read=261280 dirtied=22, temp read=51239 written=51338
psql:backend/scripts/perf/history-retention-batched-measure.sql:342: NOTICE:  @@P                                             ->  Sort  (cost=1120582.56..1133052.42 rows=4987944 width=29) (actual time=10320.010..11457.372 rows=4986230 loops=1)
psql:backend/scripts/perf/history-retention-batched-measure.sql:342: NOTICE:  @@P                                                   Sort Key: output_snapshot_history_1.output_id, output_snapshot_history_1.captured_at DESC, output_snapshot_history_1.id DESC
psql:backend/scripts/perf/history-retention-batched-measure.sql:342: NOTICE:  @@P                                                   Sort Method: external merge  Disk: 204984kB
psql:backend/scripts/perf/history-retention-batched-measure.sql:342: NOTICE:  @@P                                                   Buffers: shared hit=15828 read=261280 dirtied=22, temp read=51239 written=51338
psql:backend/scripts/perf/history-retention-batched-measure.sql:342: NOTICE:  @@P                                                   ->  Seq Scan on output_snapshot_history output_snapshot_history_1  (cost=0.00..326987.44 rows=4987944 width=29) (actual time=0.017..1285.997 rows=4986230 loops=1)
psql:backend/scripts/perf/history-retention-batched-measure.sql:342: NOTICE:  @@P                                                         Buffers: shared hit=15828 read=261280 dirtied=22
psql:backend/scripts/perf/history-retention-batched-measure.sql:342: NOTICE:  @@P Planning:
psql:backend/scripts/perf/history-retention-batched-measure.sql:342: NOTICE:  @@P   Buffers: shared hit=21 read=11 written=9
psql:backend/scripts/perf/history-retention-batched-measure.sql:342: NOTICE:  @@P Planning Time: 0.185 ms
psql:backend/scripts/perf/history-retention-batched-measure.sql:342: NOTICE:  @@P JIT:
psql:backend/scripts/perf/history-retention-batched-measure.sql:342: NOTICE:  @@P   Functions: 22
psql:backend/scripts/perf/history-retention-batched-measure.sql:342: NOTICE:  @@P   Options: Inlining true, Optimization true, Expressions true, Deforming true
psql:backend/scripts/perf/history-retention-batched-measure.sql:342: NOTICE:  @@P   Timing: Generation 0.620 ms, Inlining 93.329 ms, Optimization 94.454 ms, Emission 94.610 ms, Total 283.013 ms
psql:backend/scripts/perf/history-retention-batched-measure.sql:342: NOTICE:  @@P Execution Time: 26387.936 ms
 perf_explain 
--------------
 
(1 row)

ROLLBACK
BEGIN
 ?column? 
----------
        1
(1 row)

psql:backend/scripts/perf/history-retention-batched-measure.sql:342: NOTICE:  @@LOCK run=1 repo=2 acquired=t
psql:backend/scripts/perf/history-retention-batched-measure.sql:342: NOTICE:  @@STMT run=1 repo=2 seq=10 label=payload disallowed-tier
psql:backend/scripts/perf/history-retention-batched-measure.sql:342: NOTICE:  @@P Delete on node_payload_history h  (cost=137.63..857.57 rows=0 width=0) (actual time=3.031..3.033 rows=0 loops=1)
psql:backend/scripts/perf/history-retention-batched-measure.sql:342: NOTICE:  @@P   Buffers: shared hit=317 read=743 dirtied=75
psql:backend/scripts/perf/history-retention-batched-measure.sql:342: NOTICE:  @@P   ->  Hash Anti Join  (cost=137.63..857.57 rows=2034 width=18) (actual time=1.679..2.686 rows=47 loops=1)
psql:backend/scripts/perf/history-retention-batched-measure.sql:342: NOTICE:  @@P         Hash Cond: (h.pipeline_id = p.id)
psql:backend/scripts/perf/history-retention-batched-measure.sql:342: NOTICE:  @@P         Buffers: shared hit=35 read=683
psql:backend/scripts/perf/history-retention-batched-measure.sql:342: NOTICE:  @@P         ->  Seq Scan on node_payload_history h  (cost=0.00..691.01 rows=2901 width=11) (actual time=0.005..1.456 rows=2901 loops=1)
psql:backend/scripts/perf/history-retention-batched-measure.sql:342: NOTICE:  @@P               Buffers: shared hit=1 read=661
psql:backend/scripts/perf/history-retention-batched-measure.sql:342: NOTICE:  @@P         ->  Hash  (cost=125.18..125.18 rows=996 width=17) (actual time=0.978..0.979 rows=996 loops=1)
psql:backend/scripts/perf/history-retention-batched-measure.sql:342: NOTICE:  @@P               Buckets: 1024  Batches: 1  Memory Usage: 57kB
psql:backend/scripts/perf/history-retention-batched-measure.sql:342: NOTICE:  @@P               Buffers: shared hit=34 read=22
psql:backend/scripts/perf/history-retention-batched-measure.sql:342: NOTICE:  @@P               ->  Hash Join  (cost=48.06..125.18 rows=996 width=17) (actual time=0.264..0.869 rows=996 loops=1)
psql:backend/scripts/perf/history-retention-batched-measure.sql:342: NOTICE:  @@P                     Hash Cond: (p.owner_id = u.id)
psql:backend/scripts/perf/history-retention-batched-measure.sql:342: NOTICE:  @@P                     Buffers: shared hit=34 read=22
psql:backend/scripts/perf/history-retention-batched-measure.sql:342: NOTICE:  @@P                     ->  Seq Scan on pipelines p  (cost=0.00..68.34 rows=3334 width=27) (actual time=0.005..0.336 rows=3334 loops=1)
psql:backend/scripts/perf/history-retention-batched-measure.sql:342: NOTICE:  @@P                           Buffers: shared hit=13 read=22
psql:backend/scripts/perf/history-retention-batched-measure.sql:342: NOTICE:  @@P                     ->  Hash  (cost=41.84..41.84 rows=498 width=22) (actual time=0.256..0.256 rows=498 loops=1)
psql:backend/scripts/perf/history-retention-batched-measure.sql:342: NOTICE:  @@P                           Buckets: 1024  Batches: 1  Memory Usage: 35kB
psql:backend/scripts/perf/history-retention-batched-measure.sql:342: NOTICE:  @@P                           Buffers: shared hit=21
psql:backend/scripts/perf/history-retention-batched-measure.sql:342: NOTICE:  @@P                           ->  Seq Scan on users u  (cost=0.00..41.84 rows=498 width=22) (actual time=0.004..0.206 rows=498 loops=1)
psql:backend/scripts/perf/history-retention-batched-measure.sql:342: NOTICE:  @@P                                 Filter: (tier = ANY ('{beta,owner}'::text[]))
psql:backend/scripts/perf/history-retention-batched-measure.sql:342: NOTICE:  @@P                                 Rows Removed by Filter: 1169
psql:backend/scripts/perf/history-retention-batched-measure.sql:342: NOTICE:  @@P                                 Buffers: shared hit=21
psql:backend/scripts/perf/history-retention-batched-measure.sql:342: NOTICE:  @@P Planning:
psql:backend/scripts/perf/history-retention-batched-measure.sql:342: NOTICE:  @@P   Buffers: shared hit=22 read=8
psql:backend/scripts/perf/history-retention-batched-measure.sql:342: NOTICE:  @@P Planning Time: 0.308 ms
psql:backend/scripts/perf/history-retention-batched-measure.sql:342: NOTICE:  @@P Trigger for constraint output_snapshot_history_payload_id_fkey: time=3.035 calls=47
psql:backend/scripts/perf/history-retention-batched-measure.sql:342: NOTICE:  @@P Execution Time: 6.105 ms
psql:backend/scripts/perf/history-retention-batched-measure.sql:342: NOTICE:  @@STMT run=1 repo=2 seq=20 label=payload age purge beta
psql:backend/scripts/perf/history-retention-batched-measure.sql:342: NOTICE:  @@P Delete on node_payload_history h  (cost=0.84..49.06 rows=0 width=0) (actual time=0.048..0.048 rows=0 loops=1)
psql:backend/scripts/perf/history-retention-batched-measure.sql:342: NOTICE:  @@P   Buffers: shared hit=31 read=4 dirtied=1
psql:backend/scripts/perf/history-retention-batched-measure.sql:342: NOTICE:  @@P   ->  Nested Loop  (cost=0.84..49.06 rows=1 width=18) (actual time=0.015..0.039 rows=4 loops=1)
psql:backend/scripts/perf/history-retention-batched-measure.sql:342: NOTICE:  @@P         Buffers: shared hit=23 read=4
psql:backend/scripts/perf/history-retention-batched-measure.sql:342: NOTICE:  @@P         ->  Nested Loop  (cost=0.56..47.71 rows=4 width=28) (actual time=0.011..0.026 rows=4 loops=1)
psql:backend/scripts/perf/history-retention-batched-measure.sql:342: NOTICE:  @@P               Buffers: shared hit=12 read=3
psql:backend/scripts/perf/history-retention-batched-measure.sql:342: NOTICE:  @@P               ->  Index Scan using idx_node_payload_history_captured_at on node_payload_history h  (cost=0.28..14.52 rows=4 width=11) (actual time=0.008..0.009 rows=4 loops=1)
psql:backend/scripts/perf/history-retention-batched-measure.sql:342: NOTICE:  @@P                     Index Cond: (captured_at < '2026-10-03 05:00:00+00'::timestamp with time zone)
psql:backend/scripts/perf/history-retention-batched-measure.sql:342: NOTICE:  @@P                     Buffers: shared hit=1 read=2
psql:backend/scripts/perf/history-retention-batched-measure.sql:342: NOTICE:  @@P               ->  Index Scan using pipelines_pkey on pipelines p  (cost=0.28..8.30 rows=1 width=27) (actual time=0.004..0.004 rows=1 loops=4)
psql:backend/scripts/perf/history-retention-batched-measure.sql:342: NOTICE:  @@P                     Index Cond: (id = h.pipeline_id)
psql:backend/scripts/perf/history-retention-batched-measure.sql:342: NOTICE:  @@P                     Buffers: shared hit=11 read=1
psql:backend/scripts/perf/history-retention-batched-measure.sql:342: NOTICE:  @@P         ->  Index Scan using users_pkey on users u  (cost=0.28..0.34 rows=1 width=22) (actual time=0.003..0.003 rows=1 loops=4)
psql:backend/scripts/perf/history-retention-batched-measure.sql:342: NOTICE:  @@P               Index Cond: (id = p.owner_id)
psql:backend/scripts/perf/history-retention-batched-measure.sql:342: NOTICE:  @@P               Filter: (tier = 'beta'::text)
psql:backend/scripts/perf/history-retention-batched-measure.sql:342: NOTICE:  @@P               Buffers: shared hit=11 read=1
psql:backend/scripts/perf/history-retention-batched-measure.sql:342: NOTICE:  @@P Planning:
psql:backend/scripts/perf/history-retention-batched-measure.sql:342: NOTICE:  @@P   Buffers: shared hit=27
psql:backend/scripts/perf/history-retention-batched-measure.sql:342: NOTICE:  @@P Planning Time: 0.178 ms
psql:backend/scripts/perf/history-retention-batched-measure.sql:342: NOTICE:  @@P Trigger for constraint output_snapshot_history_payload_id_fkey: time=0.206 calls=4
psql:backend/scripts/perf/history-retention-batched-measure.sql:342: NOTICE:  @@P Execution Time: 0.263 ms
psql:backend/scripts/perf/history-retention-batched-measure.sql:342: NOTICE:  @@STMT run=1 repo=2 seq=30 label=payload newest-N beta
psql:backend/scripts/perf/history-retention-batched-measure.sql:342: NOTICE:  @@P Delete on node_payload_history  (cost=909.80..1611.10 rows=0 width=0) (actual time=2.961..2.963 rows=0 loops=1)
psql:backend/scripts/perf/history-retention-batched-measure.sql:342: NOTICE:  @@P   Buffers: shared hit=1506 read=20 dirtied=30
psql:backend/scripts/perf/history-retention-batched-measure.sql:342: NOTICE:  @@P   ->  Hash Semi Join  (cost=909.80..1611.10 rows=241 width=46) (actual time=2.558..2.852 rows=25 loops=1)
psql:backend/scripts/perf/history-retention-batched-measure.sql:342: NOTICE:  @@P         Hash Cond: (node_payload_history.id = ranked.id)
psql:backend/scripts/perf/history-retention-batched-measure.sql:342: NOTICE:  @@P         Buffers: shared hit=1380
psql:backend/scripts/perf/history-retention-batched-measure.sql:342: NOTICE:  @@P         ->  Seq Scan on node_payload_history  (cost=0.00..691.01 rows=2901 width=22) (actual time=0.003..0.209 rows=2850 loops=1)
psql:backend/scripts/perf/history-retention-batched-measure.sql:342: NOTICE:  @@P               Buffers: shared hit=662
psql:backend/scripts/perf/history-retention-batched-measure.sql:342: NOTICE:  @@P         ->  Hash  (cost=906.78..906.78 rows=241 width=56) (actual time=2.529..2.530 rows=25 loops=1)
psql:backend/scripts/perf/history-retention-batched-measure.sql:342: NOTICE:  @@P               Buckets: 1024  Batches: 1  Memory Usage: 11kB
psql:backend/scripts/perf/history-retention-batched-measure.sql:342: NOTICE:  @@P               Buffers: shared hit=718
psql:backend/scripts/perf/history-retention-batched-measure.sql:342: NOTICE:  @@P               ->  Subquery Scan on ranked  (cost=877.90..906.78 rows=241 width=56) (actual time=2.166..2.528 rows=25 loops=1)
psql:backend/scripts/perf/history-retention-batched-measure.sql:342: NOTICE:  @@P                     Filter: (ranked.rn > 10)
psql:backend/scripts/perf/history-retention-batched-measure.sql:342: NOTICE:  @@P                     Rows Removed by Filter: 1650
psql:backend/scripts/perf/history-retention-batched-measure.sql:342: NOTICE:  @@P                     Buffers: shared hit=718
psql:backend/scripts/perf/history-retention-batched-measure.sql:342: NOTICE:  @@P                     ->  WindowAgg  (cost=877.90..897.76 rows=722 width=74) (actual time=2.159..2.477 rows=1675 loops=1)
psql:backend/scripts/perf/history-retention-batched-measure.sql:342: NOTICE:  @@P                           Buffers: shared hit=718
psql:backend/scripts/perf/history-retention-batched-measure.sql:342: NOTICE:  @@P                           ->  Sort  (cost=877.90..879.71 rows=722 width=66) (actual time=2.156..2.194 rows=1675 loops=1)
psql:backend/scripts/perf/history-retention-batched-measure.sql:342: NOTICE:  @@P                                 Sort Key: h.pipeline_id, h.node_step_id, h.root_id, h.captured_at DESC, h.id DESC
psql:backend/scripts/perf/history-retention-batched-measure.sql:342: NOTICE:  @@P                                 Sort Method: quicksort  Memory: 153kB
psql:backend/scripts/perf/history-retention-batched-measure.sql:342: NOTICE:  @@P                                 Buffers: shared hit=718
psql:backend/scripts/perf/history-retention-batched-measure.sql:342: NOTICE:  @@P                                 ->  Hash Join  (cost=134.51..843.62 rows=722 width=66) (actual time=0.553..1.333 rows=1675 loops=1)
psql:backend/scripts/perf/history-retention-batched-measure.sql:342: NOTICE:  @@P                                       Hash Cond: (h.pipeline_id = p.id)
psql:backend/scripts/perf/history-retention-batched-measure.sql:342: NOTICE:  @@P                                       Buffers: shared hit=718
psql:backend/scripts/perf/history-retention-batched-measure.sql:342: NOTICE:  @@P                                       ->  Seq Scan on node_payload_history h  (cost=0.00..691.01 rows=2901 width=66) (actual time=0.001..0.259 rows=2850 loops=1)
psql:backend/scripts/perf/history-retention-batched-measure.sql:342: NOTICE:  @@P                                             Buffers: shared hit=662
psql:backend/scripts/perf/history-retention-batched-measure.sql:342: NOTICE:  @@P                                       ->  Hash  (cost=124.14..124.14 rows=830 width=5) (actual time=0.550..0.551 rows=830 loops=1)
psql:backend/scripts/perf/history-retention-batched-measure.sql:342: NOTICE:  @@P                                             Buckets: 1024  Batches: 1  Memory Usage: 39kB
psql:backend/scripts/perf/history-retention-batched-measure.sql:342: NOTICE:  @@P                                             Buffers: shared hit=56
psql:backend/scripts/perf/history-retention-batched-measure.sql:342: NOTICE:  @@P                                             ->  Hash Join  (cost=47.03..124.14 rows=830 width=5) (actual time=0.131..0.502 rows=830 loops=1)
psql:backend/scripts/perf/history-retention-batched-measure.sql:342: NOTICE:  @@P                                                   Hash Cond: (p.owner_id = u.id)
psql:backend/scripts/perf/history-retention-batched-measure.sql:342: NOTICE:  @@P                                                   Buffers: shared hit=56
psql:backend/scripts/perf/history-retention-batched-measure.sql:342: NOTICE:  @@P                                                   ->  Seq Scan on pipelines p  (cost=0.00..68.34 rows=3334 width=21) (actual time=0.002..0.182 rows=3334 loops=1)
psql:backend/scripts/perf/history-retention-batched-measure.sql:342: NOTICE:  @@P                                                         Buffers: shared hit=35
psql:backend/scripts/perf/history-retention-batched-measure.sql:342: NOTICE:  @@P                                                   ->  Hash  (cost=41.84..41.84 rows=415 width=16) (actual time=0.126..0.127 rows=415 loops=1)
psql:backend/scripts/perf/history-retention-batched-measure.sql:342: NOTICE:  @@P                                                         Buckets: 1024  Batches: 1  Memory Usage: 28kB
psql:backend/scripts/perf/history-retention-batched-measure.sql:342: NOTICE:  @@P                                                         Buffers: shared hit=21
psql:backend/scripts/perf/history-retention-batched-measure.sql:342: NOTICE:  @@P                                                         ->  Seq Scan on users u  (cost=0.00..41.84 rows=415 width=16) (actual time=0.003..0.103 rows=415 loops=1)
psql:backend/scripts/perf/history-retention-batched-measure.sql:342: NOTICE:  @@P                                                               Filter: (tier = 'beta'::text)
psql:backend/scripts/perf/history-retention-batched-measure.sql:342: NOTICE:  @@P                                                               Rows Removed by Filter: 1252
psql:backend/scripts/perf/history-retention-batched-measure.sql:342: NOTICE:  @@P                                                               Buffers: shared hit=21
psql:backend/scripts/perf/history-retention-batched-measure.sql:342: NOTICE:  @@P Planning:
psql:backend/scripts/perf/history-retention-batched-measure.sql:342: NOTICE:  @@P   Buffers: shared hit=36 read=5 dirtied=3
psql:backend/scripts/perf/history-retention-batched-measure.sql:342: NOTICE:  @@P Planning Time: 0.200 ms
psql:backend/scripts/perf/history-retention-batched-measure.sql:342: NOTICE:  @@P Trigger for constraint output_snapshot_history_payload_id_fkey: time=0.940 calls=25
psql:backend/scripts/perf/history-retention-batched-measure.sql:342: NOTICE:  @@P Execution Time: 3.921 ms
psql:backend/scripts/perf/history-retention-batched-measure.sql:342: NOTICE:  @@STMT run=1 repo=2 seq=40 label=payload age purge owner
psql:backend/scripts/perf/history-retention-batched-measure.sql:342: NOTICE:  @@P Delete on node_payload_history h  (cost=0.84..16.94 rows=0 width=0) (actual time=0.002..0.002 rows=0 loops=1)
psql:backend/scripts/perf/history-retention-batched-measure.sql:342: NOTICE:  @@P   Buffers: shared hit=2
psql:backend/scripts/perf/history-retention-batched-measure.sql:342: NOTICE:  @@P   ->  Nested Loop  (cost=0.84..16.94 rows=1 width=18) (actual time=0.002..0.002 rows=0 loops=1)
psql:backend/scripts/perf/history-retention-batched-measure.sql:342: NOTICE:  @@P         Buffers: shared hit=2
psql:backend/scripts/perf/history-retention-batched-measure.sql:342: NOTICE:  @@P         ->  Nested Loop  (cost=0.56..16.60 rows=1 width=28) (actual time=0.002..0.002 rows=0 loops=1)
psql:backend/scripts/perf/history-retention-batched-measure.sql:342: NOTICE:  @@P               Buffers: shared hit=2
psql:backend/scripts/perf/history-retention-batched-measure.sql:342: NOTICE:  @@P               ->  Index Scan using idx_node_payload_history_captured_at on node_payload_history h  (cost=0.28..8.30 rows=1 width=11) (actual time=0.001..0.002 rows=0 loops=1)
psql:backend/scripts/perf/history-retention-batched-measure.sql:342: NOTICE:  @@P                     Index Cond: (captured_at < '2026-09-10 05:00:00+00'::timestamp with time zone)
psql:backend/scripts/perf/history-retention-batched-measure.sql:342: NOTICE:  @@P                     Buffers: shared hit=2
psql:backend/scripts/perf/history-retention-batched-measure.sql:342: NOTICE:  @@P               ->  Index Scan using pipelines_pkey on pipelines p  (cost=0.28..8.30 rows=1 width=27) (never executed)
psql:backend/scripts/perf/history-retention-batched-measure.sql:342: NOTICE:  @@P                     Index Cond: (id = h.pipeline_id)
psql:backend/scripts/perf/history-retention-batched-measure.sql:342: NOTICE:  @@P         ->  Index Scan using users_pkey on users u  (cost=0.28..0.34 rows=1 width=22) (never executed)
psql:backend/scripts/perf/history-retention-batched-measure.sql:342: NOTICE:  @@P               Index Cond: (id = p.owner_id)
psql:backend/scripts/perf/history-retention-batched-measure.sql:342: NOTICE:  @@P               Filter: (tier = 'owner'::text)
psql:backend/scripts/perf/history-retention-batched-measure.sql:342: NOTICE:  @@P Planning:
psql:backend/scripts/perf/history-retention-batched-measure.sql:342: NOTICE:  @@P   Buffers: shared hit=27
psql:backend/scripts/perf/history-retention-batched-measure.sql:342: NOTICE:  @@P Planning Time: 0.128 ms
psql:backend/scripts/perf/history-retention-batched-measure.sql:342: NOTICE:  @@P Execution Time: 0.010 ms
psql:backend/scripts/perf/history-retention-batched-measure.sql:342: NOTICE:  @@STMT run=1 repo=2 seq=50 label=payload newest-N owner
psql:backend/scripts/perf/history-retention-batched-measure.sql:342: NOTICE:  @@P Delete on node_payload_history  (cost=370.59..651.57 rows=0 width=0) (actual time=1.720..1.721 rows=0 loops=1)
psql:backend/scripts/perf/history-retention-batched-measure.sql:342: NOTICE:  @@P   Buffers: shared hit=1587 read=36 dirtied=5
psql:backend/scripts/perf/history-retention-batched-measure.sql:342: NOTICE:  @@P   ->  Nested Loop  (cost=370.59..651.57 rows=48 width=46) (actual time=1.663..1.677 rows=5 loops=1)
psql:backend/scripts/perf/history-retention-batched-measure.sql:342: NOTICE:  @@P         Buffers: shared hit=1546 read=31
psql:backend/scripts/perf/history-retention-batched-measure.sql:342: NOTICE:  @@P         ->  HashAggregate  (cost=370.31..370.79 rows=48 width=56) (actual time=1.659..1.661 rows=5 loops=1)
psql:backend/scripts/perf/history-retention-batched-measure.sql:342: NOTICE:  @@P               Group Key: ranked.id
psql:backend/scripts/perf/history-retention-batched-measure.sql:342: NOTICE:  @@P               Batches: 1  Memory Usage: 24kB
psql:backend/scripts/perf/history-retention-batched-measure.sql:342: NOTICE:  @@P               Buffers: shared hit=1535 read=27
psql:backend/scripts/perf/history-retention-batched-measure.sql:342: NOTICE:  @@P               ->  Subquery Scan on ranked  (cost=364.43..370.19 rows=48 width=56) (actual time=1.451..1.657 rows=5 loops=1)
psql:backend/scripts/perf/history-retention-batched-measure.sql:342: NOTICE:  @@P                     Filter: (ranked.rn > 30)
psql:backend/scripts/perf/history-retention-batched-measure.sql:342: NOTICE:  @@P                     Rows Removed by Filter: 1170
psql:backend/scripts/perf/history-retention-batched-measure.sql:342: NOTICE:  @@P                     Buffers: shared hit=1535 read=27
psql:backend/scripts/perf/history-retention-batched-measure.sql:342: NOTICE:  @@P                     ->  WindowAgg  (cost=364.43..368.39 rows=144 width=74) (actual time=1.411..1.622 rows=1175 loops=1)
psql:backend/scripts/perf/history-retention-batched-measure.sql:342: NOTICE:  @@P                           Buffers: shared hit=1535 read=27
psql:backend/scripts/perf/history-retention-batched-measure.sql:342: NOTICE:  @@P                           ->  Sort  (cost=364.43..364.79 rows=144 width=66) (actual time=1.409..1.435 rows=1175 loops=1)
psql:backend/scripts/perf/history-retention-batched-measure.sql:342: NOTICE:  @@P                                 Sort Key: h.pipeline_id, h.node_step_id, h.root_id, h.captured_at DESC, h.id DESC
psql:backend/scripts/perf/history-retention-batched-measure.sql:342: NOTICE:  @@P                                 Sort Method: quicksort  Memory: 122kB
psql:backend/scripts/perf/history-retention-batched-measure.sql:342: NOTICE:  @@P                                 Buffers: shared hit=1535 read=27
psql:backend/scripts/perf/history-retention-batched-measure.sql:342: NOTICE:  @@P                                 ->  Nested Loop  (cost=43.16..359.27 rows=144 width=66) (actual time=0.110..0.918 rows=1175 loops=1)
psql:backend/scripts/perf/history-retention-batched-measure.sql:342: NOTICE:  @@P                                       Buffers: shared hit=1535 read=27
psql:backend/scripts/perf/history-retention-batched-measure.sql:342: NOTICE:  @@P                                       ->  Hash Join  (cost=42.88..119.99 rows=166 width=5) (actual time=0.089..0.404 rows=166 loops=1)
psql:backend/scripts/perf/history-retention-batched-measure.sql:342: NOTICE:  @@P                                             Hash Cond: (p.owner_id = u.id)
psql:backend/scripts/perf/history-retention-batched-measure.sql:342: NOTICE:  @@P                                             Buffers: shared hit=56
psql:backend/scripts/perf/history-retention-batched-measure.sql:342: NOTICE:  @@P                                             ->  Seq Scan on pipelines p  (cost=0.00..68.34 rows=3334 width=21) (actual time=0.002..0.181 rows=3334 loops=1)
psql:backend/scripts/perf/history-retention-batched-measure.sql:342: NOTICE:  @@P                                                   Buffers: shared hit=35
psql:backend/scripts/perf/history-retention-batched-measure.sql:342: NOTICE:  @@P                                             ->  Hash  (cost=41.84..41.84 rows=83 width=16) (actual time=0.080..0.080 rows=83 loops=1)
psql:backend/scripts/perf/history-retention-batched-measure.sql:342: NOTICE:  @@P                                                   Buckets: 1024  Batches: 1  Memory Usage: 12kB
psql:backend/scripts/perf/history-retention-batched-measure.sql:342: NOTICE:  @@P                                                   Buffers: shared hit=21
psql:backend/scripts/perf/history-retention-batched-measure.sql:342: NOTICE:  @@P                                                   ->  Seq Scan on users u  (cost=0.00..41.84 rows=83 width=16) (actual time=0.002..0.075 rows=83 loops=1)
psql:backend/scripts/perf/history-retention-batched-measure.sql:342: NOTICE:  @@P                                                         Filter: (tier = 'owner'::text)
psql:backend/scripts/perf/history-retention-batched-measure.sql:342: NOTICE:  @@P                                                         Rows Removed by Filter: 1584
psql:backend/scripts/perf/history-retention-batched-measure.sql:342: NOTICE:  @@P                                                         Buffers: shared hit=21
psql:backend/scripts/perf/history-retention-batched-measure.sql:342: NOTICE:  @@P                                       ->  Index Scan using idx_node_payload_history_node_captured on node_payload_history h  (cost=0.28..1.32 rows=12 width=66) (actual time=0.001..0.002 rows=7 loops=166)
psql:backend/scripts/perf/history-retention-batched-measure.sql:342: NOTICE:  @@P                                             Index Cond: (pipeline_id = p.id)
psql:backend/scripts/perf/history-retention-batched-measure.sql:342: NOTICE:  @@P                                             Buffers: shared hit=1479 read=27
psql:backend/scripts/perf/history-retention-batched-measure.sql:342: NOTICE:  @@P         ->  Index Scan using node_payload_history_pkey on node_payload_history  (cost=0.28..5.96 rows=1 width=22) (actual time=0.003..0.003 rows=1 loops=5)
psql:backend/scripts/perf/history-retention-batched-measure.sql:342: NOTICE:  @@P               Index Cond: (id = ranked.id)
psql:backend/scripts/perf/history-retention-batched-measure.sql:342: NOTICE:  @@P               Buffers: shared hit=11 read=4
psql:backend/scripts/perf/history-retention-batched-measure.sql:342: NOTICE:  @@P Planning:
psql:backend/scripts/perf/history-retention-batched-measure.sql:342: NOTICE:  @@P   Buffers: shared hit=33
psql:backend/scripts/perf/history-retention-batched-measure.sql:342: NOTICE:  @@P Planning Time: 0.169 ms
psql:backend/scripts/perf/history-retention-batched-measure.sql:342: NOTICE:  @@P Trigger for constraint output_snapshot_history_payload_id_fkey: time=0.250 calls=5
psql:backend/scripts/perf/history-retention-batched-measure.sql:342: NOTICE:  @@P Execution Time: 1.990 ms
psql:backend/scripts/perf/history-retention-batched-measure.sql:342: NOTICE:  @@STMT run=1 repo=2 seq=60 label=payload unreferenced
psql:backend/scripts/perf/history-retention-batched-measure.sql:342: NOTICE:  @@P Delete on node_payload_history h  (cost=858.14..1033.72 rows=0 width=0) (actual time=7.498..7.500 rows=0 loops=1)
psql:backend/scripts/perf/history-retention-batched-measure.sql:342: NOTICE:  @@P   Buffers: shared hit=1590 read=2274 dirtied=1751
psql:backend/scripts/perf/history-retention-batched-measure.sql:342: NOTICE:  @@P   ->  Merge Right Anti Join  (cost=858.14..1033.72 rows=2611 width=12) (actual time=7.497..7.499 rows=0 loops=1)
psql:backend/scripts/perf/history-retention-batched-measure.sql:342: NOTICE:  @@P         Merge Cond: (o.payload_id = h.id)
psql:backend/scripts/perf/history-retention-batched-measure.sql:342: NOTICE:  @@P         Buffers: shared hit=1590 read=2274 dirtied=1751
psql:backend/scripts/perf/history-retention-batched-measure.sql:342: NOTICE:  @@P         ->  Index Scan using idx_output_snapshot_history_payload on output_snapshot_history o  (cost=0.29..32409.59 rows=4988160 width=22) (actual time=0.010..6.098 rows=8460 loops=1)
psql:backend/scripts/perf/history-retention-batched-measure.sql:342: NOTICE:  @@P               Buffers: shared hit=928 read=2274 dirtied=1751
psql:backend/scripts/perf/history-retention-batched-measure.sql:342: NOTICE:  @@P         ->  Sort  (cost=857.85..865.10 rows=2901 width=22) (actual time=0.562..0.762 rows=2820 loops=1)
psql:backend/scripts/perf/history-retention-batched-measure.sql:342: NOTICE:  @@P               Sort Key: h.id
psql:backend/scripts/perf/history-retention-batched-measure.sql:342: NOTICE:  @@P               Sort Method: quicksort  Memory: 229kB
psql:backend/scripts/perf/history-retention-batched-measure.sql:342: NOTICE:  @@P               Buffers: shared hit=662
psql:backend/scripts/perf/history-retention-batched-measure.sql:342: NOTICE:  @@P               ->  Seq Scan on node_payload_history h  (cost=0.00..691.01 rows=2901 width=22) (actual time=0.002..0.301 rows=2820 loops=1)
psql:backend/scripts/perf/history-retention-batched-measure.sql:342: NOTICE:  @@P                     Buffers: shared hit=662
psql:backend/scripts/perf/history-retention-batched-measure.sql:342: NOTICE:  @@P Planning Time: 0.049 ms
psql:backend/scripts/perf/history-retention-batched-measure.sql:342: NOTICE:  @@P Execution Time: 7.518 ms
 perf_explain 
--------------
 
(1 row)

ROLLBACK
BEGIN
 ?column? 
----------
        1
(1 row)

psql:backend/scripts/perf/history-retention-batched-measure.sql:342: NOTICE:  @@LOCK run=2 repo=1 acquired=t
psql:backend/scripts/perf/history-retention-batched-measure.sql:342: NOTICE:  @@STMT run=2 repo=1 seq=11 label=history age purge free
psql:backend/scripts/perf/history-retention-batched-measure.sql:342: NOTICE:  @@P Delete on output_snapshot_history h  (cost=166.90..25411.22 rows=0 width=0) (actual time=284.823..284.826 rows=0 loops=1)
psql:backend/scripts/perf/history-retention-batched-measure.sql:342: NOTICE:  @@P   Buffers: shared hit=360 read=17905 dirtied=24 written=2204
psql:backend/scripts/perf/history-retention-batched-measure.sql:342: NOTICE:  @@P   ->  Hash Join  (cost=166.90..25411.22 rows=216893 width=18) (actual time=284.584..284.757 rows=297 loops=1)
psql:backend/scripts/perf/history-retention-batched-measure.sql:342: NOTICE:  @@P         Hash Cond: (p.owner_id = u.id)
psql:backend/scripts/perf/history-retention-batched-measure.sql:342: NOTICE:  @@P         Buffers: shared hit=63 read=17905 dirtied=24 written=2204
psql:backend/scripts/perf/history-retention-batched-measure.sql:342: NOTICE:  @@P         ->  Hash Join  (cost=110.45..24540.81 rows=309290 width=28) (actual time=0.439..269.939 rows=316648 loops=1)
psql:backend/scripts/perf/history-retention-batched-measure.sql:342: NOTICE:  @@P               Hash Cond: (h.pipeline_id = p.id)
psql:backend/scripts/perf/history-retention-batched-measure.sql:342: NOTICE:  @@P               Buffers: shared hit=42 read=17905 dirtied=24 written=2204
psql:backend/scripts/perf/history-retention-batched-measure.sql:342: NOTICE:  @@P               ->  Index Scan using idx_output_snapshot_history_captured_at on output_snapshot_history h  (cost=0.43..23617.63 rows=309383 width=11) (actual time=0.008..230.084 rows=316648 loops=1)
psql:backend/scripts/perf/history-retention-batched-measure.sql:342: NOTICE:  @@P                     Index Cond: (captured_at < '2026-09-10 05:00:00+00'::timestamp with time zone)
psql:backend/scripts/perf/history-retention-batched-measure.sql:342: NOTICE:  @@P                     Buffers: shared hit=7 read=17905 dirtied=24 written=2204
psql:backend/scripts/perf/history-retention-batched-measure.sql:342: NOTICE:  @@P               ->  Hash  (cost=68.34..68.34 rows=3334 width=27) (actual time=0.427..0.428 rows=3334 loops=1)
psql:backend/scripts/perf/history-retention-batched-measure.sql:342: NOTICE:  @@P                     Buckets: 4096  Batches: 1  Memory Usage: 227kB
psql:backend/scripts/perf/history-retention-batched-measure.sql:342: NOTICE:  @@P                     Buffers: shared hit=35
psql:backend/scripts/perf/history-retention-batched-measure.sql:342: NOTICE:  @@P                     ->  Seq Scan on pipelines p  (cost=0.00..68.34 rows=3334 width=27) (actual time=0.002..0.194 rows=3334 loops=1)
psql:backend/scripts/perf/history-retention-batched-measure.sql:342: NOTICE:  @@P                           Buffers: shared hit=35
psql:backend/scripts/perf/history-retention-batched-measure.sql:342: NOTICE:  @@P         ->  Hash  (cost=41.84..41.84 rows=1169 width=22) (actual time=0.184..0.184 rows=1169 loops=1)
psql:backend/scripts/perf/history-retention-batched-measure.sql:342: NOTICE:  @@P               Buckets: 2048  Batches: 1  Memory Usage: 78kB
psql:backend/scripts/perf/history-retention-batched-measure.sql:342: NOTICE:  @@P               Buffers: shared hit=21
psql:backend/scripts/perf/history-retention-batched-measure.sql:342: NOTICE:  @@P               ->  Seq Scan on users u  (cost=0.00..41.84 rows=1169 width=22) (actual time=0.003..0.118 rows=1169 loops=1)
psql:backend/scripts/perf/history-retention-batched-measure.sql:342: NOTICE:  @@P                     Filter: (tier = 'free'::text)
psql:backend/scripts/perf/history-retention-batched-measure.sql:342: NOTICE:  @@P                     Rows Removed by Filter: 498
psql:backend/scripts/perf/history-retention-batched-measure.sql:342: NOTICE:  @@P                     Buffers: shared hit=21
psql:backend/scripts/perf/history-retention-batched-measure.sql:342: NOTICE:  @@P Planning:
psql:backend/scripts/perf/history-retention-batched-measure.sql:342: NOTICE:  @@P   Buffers: shared hit=20
psql:backend/scripts/perf/history-retention-batched-measure.sql:342: NOTICE:  @@P Planning Time: 0.176 ms
psql:backend/scripts/perf/history-retention-batched-measure.sql:342: NOTICE:  @@P Execution Time: 284.850 ms
psql:backend/scripts/perf/history-retention-batched-measure.sql:342: NOTICE:  @@STMT run=2 repo=1 seq=12 label=history age purge beta
psql:backend/scripts/perf/history-retention-batched-measure.sql:342: NOTICE:  @@P Delete on output_snapshot_history h  (cost=134.95..11646.70 rows=0 width=0) (actual time=90.998..91.002 rows=0 loops=1)
psql:backend/scripts/perf/history-retention-batched-measure.sql:342: NOTICE:  @@P   Buffers: shared hit=144 read=7772 dirtied=7 written=2167
psql:backend/scripts/perf/history-retention-batched-measure.sql:342: NOTICE:  @@P   ->  Hash Join  (cost=134.95..11646.70 rows=34689 width=18) (actual time=90.899..90.969 rows=104 loops=1)
psql:backend/scripts/perf/history-retention-batched-measure.sql:342: NOTICE:  @@P         Hash Cond: (h.pipeline_id = p.id)
psql:backend/scripts/perf/history-retention-batched-measure.sql:342: NOTICE:  @@P         Buffers: shared hit=40 read=7772 written=2167
psql:backend/scripts/perf/history-retention-batched-measure.sql:342: NOTICE:  @@P         ->  Index Scan using idx_output_snapshot_history_captured_at on output_snapshot_history h  (cost=0.43..10642.62 rows=139382 width=11) (actual time=0.015..83.118 rows=137071 loops=1)
psql:backend/scripts/perf/history-retention-batched-measure.sql:342: NOTICE:  @@P               Index Cond: (captured_at < '2026-07-12 05:00:00+00'::timestamp with time zone)
psql:backend/scripts/perf/history-retention-batched-measure.sql:342: NOTICE:  @@P               Buffers: shared hit=1 read=7755 written=2167
psql:backend/scripts/perf/history-retention-batched-measure.sql:342: NOTICE:  @@P         ->  Hash  (cost=124.14..124.14 rows=830 width=17) (actual time=0.622..0.625 rows=830 loops=1)
psql:backend/scripts/perf/history-retention-batched-measure.sql:342: NOTICE:  @@P               Buckets: 1024  Batches: 1  Memory Usage: 49kB
psql:backend/scripts/perf/history-retention-batched-measure.sql:342: NOTICE:  @@P               Buffers: shared hit=39 read=17
psql:backend/scripts/perf/history-retention-batched-measure.sql:342: NOTICE:  @@P               ->  Hash Join  (cost=47.03..124.14 rows=830 width=17) (actual time=0.159..0.564 rows=830 loops=1)
psql:backend/scripts/perf/history-retention-batched-measure.sql:342: NOTICE:  @@P                     Hash Cond: (p.owner_id = u.id)
psql:backend/scripts/perf/history-retention-batched-measure.sql:342: NOTICE:  @@P                     Buffers: shared hit=39 read=17
psql:backend/scripts/perf/history-retention-batched-measure.sql:342: NOTICE:  @@P                     ->  Seq Scan on pipelines p  (cost=0.00..68.34 rows=3334 width=27) (actual time=0.004..0.217 rows=3334 loops=1)
psql:backend/scripts/perf/history-retention-batched-measure.sql:342: NOTICE:  @@P                           Buffers: shared hit=25 read=10
psql:backend/scripts/perf/history-retention-batched-measure.sql:342: NOTICE:  @@P                     ->  Hash  (cost=41.84..41.84 rows=415 width=22) (actual time=0.153..0.154 rows=415 loops=1)
psql:backend/scripts/perf/history-retention-batched-measure.sql:342: NOTICE:  @@P                           Buckets: 1024  Batches: 1  Memory Usage: 30kB
psql:backend/scripts/perf/history-retention-batched-measure.sql:342: NOTICE:  @@P                           Buffers: shared hit=14 read=7
psql:backend/scripts/perf/history-retention-batched-measure.sql:342: NOTICE:  @@P                           ->  Seq Scan on users u  (cost=0.00..41.84 rows=415 width=22) (actual time=0.004..0.126 rows=415 loops=1)
psql:backend/scripts/perf/history-retention-batched-measure.sql:342: NOTICE:  @@P                                 Filter: (tier = 'beta'::text)
psql:backend/scripts/perf/history-retention-batched-measure.sql:342: NOTICE:  @@P                                 Rows Removed by Filter: 1252
psql:backend/scripts/perf/history-retention-batched-measure.sql:342: NOTICE:  @@P                                 Buffers: shared hit=14 read=7
psql:backend/scripts/perf/history-retention-batched-measure.sql:342: NOTICE:  @@P Planning:
psql:backend/scripts/perf/history-retention-batched-measure.sql:342: NOTICE:  @@P   Buffers: shared hit=20
psql:backend/scripts/perf/history-retention-batched-measure.sql:342: NOTICE:  @@P Planning Time: 0.196 ms
psql:backend/scripts/perf/history-retention-batched-measure.sql:342: NOTICE:  @@P Execution Time: 91.030 ms
psql:backend/scripts/perf/history-retention-batched-measure.sql:342: NOTICE:  @@STMT run=2 repo=1 seq=13 label=history age purge owner
psql:backend/scripts/perf/history-retention-batched-measure.sql:342: NOTICE:  @@P Delete on output_snapshot_history h  (cost=0.99..74.30 rows=0 width=0) (actual time=0.127..0.128 rows=0 loops=1)
psql:backend/scripts/perf/history-retention-batched-measure.sql:342: NOTICE:  @@P   Buffers: shared hit=111 read=12 dirtied=1 written=12
psql:backend/scripts/perf/history-retention-batched-measure.sql:342: NOTICE:  @@P   ->  Nested Loop  (cost=0.99..74.30 rows=1 width=18) (actual time=0.009..0.121 rows=17 loops=1)
psql:backend/scripts/perf/history-retention-batched-measure.sql:342: NOTICE:  @@P         Buffers: shared hit=94 read=12 written=12
psql:backend/scripts/perf/history-retention-batched-measure.sql:342: NOTICE:  @@P         ->  Nested Loop  (cost=0.71..71.27 rows=9 width=28) (actual time=0.006..0.076 rows=17 loops=1)
psql:backend/scripts/perf/history-retention-batched-measure.sql:342: NOTICE:  @@P               Buffers: shared hit=48 read=7 written=7
psql:backend/scripts/perf/history-retention-batched-measure.sql:342: NOTICE:  @@P               ->  Index Scan using idx_output_snapshot_history_captured_at on output_snapshot_history h  (cost=0.43..8.59 rows=9 width=11) (actual time=0.002..0.006 rows=17 loops=1)
psql:backend/scripts/perf/history-retention-batched-measure.sql:342: NOTICE:  @@P                     Index Cond: (captured_at < '2025-10-10 05:00:00+00'::timestamp with time zone)
psql:backend/scripts/perf/history-retention-batched-measure.sql:342: NOTICE:  @@P                     Buffers: shared hit=4
psql:backend/scripts/perf/history-retention-batched-measure.sql:342: NOTICE:  @@P               ->  Index Scan using pipelines_pkey on pipelines p  (cost=0.28..6.96 rows=1 width=27) (actual time=0.004..0.004 rows=1 loops=17)
psql:backend/scripts/perf/history-retention-batched-measure.sql:342: NOTICE:  @@P                     Index Cond: (id = h.pipeline_id)
psql:backend/scripts/perf/history-retention-batched-measure.sql:342: NOTICE:  @@P                     Buffers: shared hit=44 read=7 written=7
psql:backend/scripts/perf/history-retention-batched-measure.sql:342: NOTICE:  @@P         ->  Index Scan using users_pkey on users u  (cost=0.28..0.34 rows=1 width=22) (actual time=0.002..0.002 rows=1 loops=17)
psql:backend/scripts/perf/history-retention-batched-measure.sql:342: NOTICE:  @@P               Index Cond: (id = p.owner_id)
psql:backend/scripts/perf/history-retention-batched-measure.sql:342: NOTICE:  @@P               Filter: (tier = 'owner'::text)
psql:backend/scripts/perf/history-retention-batched-measure.sql:342: NOTICE:  @@P               Buffers: shared hit=46 read=5 written=5
psql:backend/scripts/perf/history-retention-batched-measure.sql:342: NOTICE:  @@P Planning:
psql:backend/scripts/perf/history-retention-batched-measure.sql:342: NOTICE:  @@P   Buffers: shared hit=24 read=1 written=1
psql:backend/scripts/perf/history-retention-batched-measure.sql:342: NOTICE:  @@P Planning Time: 0.240 ms
psql:backend/scripts/perf/history-retention-batched-measure.sql:342: NOTICE:  @@P Execution Time: 0.145 ms
psql:backend/scripts/perf/history-retention-batched-measure.sql:342: NOTICE:  @@STMT run=2 repo=1 seq=20 label=history age purge unnamed-tier catch-all
psql:backend/scripts/perf/history-retention-batched-measure.sql:342: NOTICE:  @@P Delete on output_snapshot_history h  (cost=55.28..24834.53 rows=0 width=0) (actual time=0.125..0.125 rows=0 loops=1)
psql:backend/scripts/perf/history-retention-batched-measure.sql:342: NOTICE:  @@P   Buffers: shared hit=25
psql:backend/scripts/perf/history-retention-batched-measure.sql:342: NOTICE:  @@P   ->  Hash Join  (cost=55.28..24834.53 rows=186 width=18) (actual time=0.124..0.125 rows=0 loops=1)
psql:backend/scripts/perf/history-retention-batched-measure.sql:342: NOTICE:  @@P         Hash Cond: (h.pipeline_id = p.id)
psql:backend/scripts/perf/history-retention-batched-measure.sql:342: NOTICE:  @@P         Buffers: shared hit=25
psql:backend/scripts/perf/history-retention-batched-measure.sql:342: NOTICE:  @@P         ->  Index Scan using idx_output_snapshot_history_captured_at on output_snapshot_history h  (cost=0.43..23617.63 rows=309383 width=11) (actual time=0.004..0.004 rows=1 loops=1)
psql:backend/scripts/perf/history-retention-batched-measure.sql:342: NOTICE:  @@P               Index Cond: (captured_at < '2026-09-10 05:00:00+00'::timestamp with time zone)
psql:backend/scripts/perf/history-retention-batched-measure.sql:342: NOTICE:  @@P               Buffers: shared hit=4
psql:backend/scripts/perf/history-retention-batched-measure.sql:342: NOTICE:  @@P         ->  Hash  (cost=54.83..54.83 rows=2 width=17) (actual time=0.119..0.119 rows=0 loops=1)
psql:backend/scripts/perf/history-retention-batched-measure.sql:342: NOTICE:  @@P               Buckets: 1024  Batches: 1  Memory Usage: 8kB
psql:backend/scripts/perf/history-retention-batched-measure.sql:342: NOTICE:  @@P               Buffers: shared hit=21
psql:backend/scripts/perf/history-retention-batched-measure.sql:342: NOTICE:  @@P               ->  Nested Loop  (cost=4.30..54.83 rows=2 width=17) (actual time=0.119..0.119 rows=0 loops=1)
psql:backend/scripts/perf/history-retention-batched-measure.sql:342: NOTICE:  @@P                     Buffers: shared hit=21
psql:backend/scripts/perf/history-retention-batched-measure.sql:342: NOTICE:  @@P                     ->  Seq Scan on users u  (cost=0.00..43.92 rows=1 width=22) (actual time=0.119..0.119 rows=0 loops=1)
psql:backend/scripts/perf/history-retention-batched-measure.sql:342: NOTICE:  @@P                           Filter: (tier <> ALL ('{free,beta,owner}'::text[]))
psql:backend/scripts/perf/history-retention-batched-measure.sql:342: NOTICE:  @@P                           Rows Removed by Filter: 1667
psql:backend/scripts/perf/history-retention-batched-measure.sql:342: NOTICE:  @@P                           Buffers: shared hit=21
psql:backend/scripts/perf/history-retention-batched-measure.sql:342: NOTICE:  @@P                     ->  Bitmap Heap Scan on pipelines p  (cost=4.30..10.89 rows=2 width=27) (never executed)
psql:backend/scripts/perf/history-retention-batched-measure.sql:342: NOTICE:  @@P                           Recheck Cond: (u.id = owner_id)
psql:backend/scripts/perf/history-retention-batched-measure.sql:342: NOTICE:  @@P                           ->  Bitmap Index Scan on idx_pipelines_owner_id  (cost=0.00..4.29 rows=2 width=0) (never executed)
psql:backend/scripts/perf/history-retention-batched-measure.sql:342: NOTICE:  @@P                                 Index Cond: (owner_id = u.id)
psql:backend/scripts/perf/history-retention-batched-measure.sql:342: NOTICE:  @@P Planning:
psql:backend/scripts/perf/history-retention-batched-measure.sql:342: NOTICE:  @@P   Buffers: shared hit=20
psql:backend/scripts/perf/history-retention-batched-measure.sql:342: NOTICE:  @@P Planning Time: 0.132 ms
psql:backend/scripts/perf/history-retention-batched-measure.sql:342: NOTICE:  @@P Execution Time: 0.136 ms
psql:backend/scripts/perf/history-retention-batched-measure.sql:342: NOTICE:  @@STMT run=2 repo=1 seq=30 label=history thin (protected newest 101)
psql:backend/scripts/perf/history-retention-batched-measure.sql:342: NOTICE:  @@P Delete on output_snapshot_history  (cost=1585302.57..1995433.01 rows=0 width=0) (actual time=26034.445..26034.450 rows=0 loops=1)
psql:backend/scripts/perf/history-retention-batched-measure.sql:342: NOTICE:  @@P   Buffers: shared hit=147523 read=526717 dirtied=10631 written=5297, temp read=74646 written=74745
psql:backend/scripts/perf/history-retention-batched-measure.sql:342: NOTICE:  @@P   ->  Hash Semi Join  (cost=1585302.57..1995433.01 rows=554240 width=46) (actual time=23123.138..25936.906 rows=120000 loops=1)
psql:backend/scripts/perf/history-retention-batched-measure.sql:342: NOTICE:  @@P         Hash Cond: (output_snapshot_history.id = ranked.id)
psql:backend/scripts/perf/history-retention-batched-measure.sql:342: NOTICE:  @@P         Buffers: shared hit=27694 read=526546 dirtied=4146 written=5297, temp read=74646 written=74745
psql:backend/scripts/perf/history-retention-batched-measure.sql:342: NOTICE:  @@P         ->  Seq Scan on output_snapshot_history  (cost=0.00..327001.60 rows=4988160 width=22) (actual time=129.665..1428.985 rows=4986230 loops=1)
psql:backend/scripts/perf/history-retention-batched-measure.sql:342: NOTICE:  @@P               Buffers: shared hit=12125 read=264995 written=2935
psql:backend/scripts/perf/history-retention-batched-measure.sql:342: NOTICE:  @@P         ->  Hash  (cost=1572961.57..1572961.57 rows=554240 width=56) (actual time=22778.674..22778.677 rows=120000 loops=1)
psql:backend/scripts/perf/history-retention-batched-measure.sql:342: NOTICE:  @@P               Buckets: 131072  Batches: 8  Memory Usage: 2389kB
psql:backend/scripts/perf/history-retention-batched-measure.sql:342: NOTICE:  @@P               Buffers: shared hit=15569 read=261551 dirtied=4146 written=2362, temp read=51239 written=52372
psql:backend/scripts/perf/history-retention-batched-measure.sql:342: NOTICE:  @@P               ->  Subquery Scan on ranked  (cost=1120659.71..1572961.57 rows=554240 width=56) (actual time=9916.735..22643.500 rows=120000 loops=1)
psql:backend/scripts/perf/history-retention-batched-measure.sql:342: NOTICE:  @@P                     Filter: (ranked.rn > 1)
psql:backend/scripts/perf/history-retention-batched-measure.sql:342: NOTICE:  @@P                     Rows Removed by Filter: 3856230
psql:backend/scripts/perf/history-retention-batched-measure.sql:342: NOTICE:  @@P                     Buffers: shared hit=15569 read=261551 dirtied=4146 written=2362, temp read=51239 written=51338
psql:backend/scripts/perf/history-retention-batched-measure.sql:342: NOTICE:  @@P                     ->  WindowAgg  (cost=1120659.71..1552177.57 rows=1662720 width=73) (actual time=9916.640..22336.153 rows=3976230 loops=1)
psql:backend/scripts/perf/history-retention-batched-measure.sql:342: NOTICE:  @@P                           Buffers: shared hit=15569 read=261551 dirtied=4146 written=2362, temp read=51239 written=51338
psql:backend/scripts/perf/history-retention-batched-measure.sql:342: NOTICE:  @@P                           ->  Incremental Sort  (cost=1120659.71..1444100.77 rows=1662720 width=65) (actual time=9916.629..20660.629 rows=3976230 loops=1)
psql:backend/scripts/perf/history-retention-batched-measure.sql:342: NOTICE:  @@P                                 Sort Key: recent.output_id, (CASE WHEN (EXTRACT(epoch FROM ('2026-10-10 05:00:00+00'::timestamp with time zone - recent.captured_at)) < '86400'::numeric) THEN 0 WHEN (EXTRACT(epoch FROM ('2026-10-10 05:00:00+00'::timestamp with time zone - recent.captured_at)) < '604800'::numeric) THEN 1 ELSE 2 END), (floor((EXTRACT(epoch FROM recent.captured_at) / (CASE WHEN (EXTRACT(epoch FROM ('2026-10-10 05:00:00+00'::timestamp with time zone - recent.captured_at)) < '86400'::numeric) THEN '300'::bigint WHEN (EXTRACT(epoch FROM ('2026-10-10 05:00:00+00'::timestamp with time zone - recent.captured_at)) < '604800'::numeric) THEN '3600'::bigint ELSE '86400'::bigint END)::numeric))), recent.captured_at DESC, recent.id DESC
psql:backend/scripts/perf/history-retention-batched-measure.sql:342: NOTICE:  @@P                                 Presorted Key: recent.output_id
psql:backend/scripts/perf/history-retention-batched-measure.sql:342: NOTICE:  @@P                                 Full-sort Groups: 10000  Sort Method: quicksort  Average Memory: 29kB  Peak Memory: 29kB
psql:backend/scripts/perf/history-retention-batched-measure.sql:342: NOTICE:  @@P                                 Pre-sorted Groups: 10000  Sort Method: quicksort  Average Memory: 49kB  Peak Memory: 50kB
psql:backend/scripts/perf/history-retention-batched-measure.sql:342: NOTICE:  @@P                                 Buffers: shared hit=15569 read=261551 dirtied=4146 written=2362, temp read=51239 written=51338
psql:backend/scripts/perf/history-retention-batched-measure.sql:342: NOTICE:  @@P                                 ->  Subquery Scan on recent  (cost=1120629.30..1361723.70 rows=1662720 width=65) (actual time=9916.017..16218.391 rows=3976230 loops=1)
psql:backend/scripts/perf/history-retention-batched-measure.sql:342: NOTICE:  @@P                                       Filter: (recent.recency > 101)
psql:backend/scripts/perf/history-retention-batched-measure.sql:342: NOTICE:  @@P                                       Rows Removed by Filter: 1010000
psql:backend/scripts/perf/history-retention-batched-measure.sql:342: NOTICE:  @@P                                       Buffers: shared hit=15569 read=261551 dirtied=4146 written=2362, temp read=51239 written=51338
psql:backend/scripts/perf/history-retention-batched-measure.sql:342: NOTICE:  @@P                                       ->  WindowAgg  (cost=1120629.30..1232862.90 rows=4988160 width=37) (actual time=9915.968..12574.425 rows=4986230 loops=1)
psql:backend/scripts/perf/history-retention-batched-measure.sql:342: NOTICE:  @@P                                             Buffers: shared hit=15569 read=261551 dirtied=4146 written=2362, temp read=51239 written=51338
psql:backend/scripts/perf/history-retention-batched-measure.sql:342: NOTICE:  @@P                                             ->  Sort  (cost=1120629.30..1133099.70 rows=4988160 width=29) (actual time=9915.936..10885.695 rows=4986230 loops=1)
psql:backend/scripts/perf/history-retention-batched-measure.sql:342: NOTICE:  @@P                                                   Sort Key: output_snapshot_history_1.output_id, output_snapshot_history_1.captured_at DESC, output_snapshot_history_1.id DESC
psql:backend/scripts/perf/history-retention-batched-measure.sql:342: NOTICE:  @@P                                                   Sort Method: external merge  Disk: 204984kB
psql:backend/scripts/perf/history-retention-batched-measure.sql:342: NOTICE:  @@P                                                   Buffers: shared hit=15569 read=261551 dirtied=4146 written=2362, temp read=51239 written=51338
psql:backend/scripts/perf/history-retention-batched-measure.sql:342: NOTICE:  @@P                                                   ->  Seq Scan on output_snapshot_history output_snapshot_history_1  (cost=0.00..327001.60 rows=4988160 width=29) (actual time=0.018..1325.785 rows=4986230 loops=1)
psql:backend/scripts/perf/history-retention-batched-measure.sql:342: NOTICE:  @@P                                                         Buffers: shared hit=15569 read=261551 dirtied=4146 written=2362
psql:backend/scripts/perf/history-retention-batched-measure.sql:342: NOTICE:  @@P Planning:
psql:backend/scripts/perf/history-retention-batched-measure.sql:342: NOTICE:  @@P   Buffers: shared hit=2 read=6 written=6
psql:backend/scripts/perf/history-retention-batched-measure.sql:342: NOTICE:  @@P Planning Time: 0.144 ms
psql:backend/scripts/perf/history-retention-batched-measure.sql:342: NOTICE:  @@P JIT:
psql:backend/scripts/perf/history-retention-batched-measure.sql:342: NOTICE:  @@P   Functions: 22
psql:backend/scripts/perf/history-retention-batched-measure.sql:342: NOTICE:  @@P   Options: Inlining true, Optimization true, Expressions true, Deforming true
psql:backend/scripts/perf/history-retention-batched-measure.sql:342: NOTICE:  @@P   Timing: Generation 0.608 ms, Inlining 8.988 ms, Optimization 89.281 ms, Emission 31.471 ms, Total 130.348 ms
psql:backend/scripts/perf/history-retention-batched-measure.sql:342: NOTICE:  @@P Execution Time: 26097.143 ms
 perf_explain 
--------------
 
(1 row)

ROLLBACK
BEGIN
 ?column? 
----------
        1
(1 row)

psql:backend/scripts/perf/history-retention-batched-measure.sql:342: NOTICE:  @@LOCK run=2 repo=2 acquired=t
psql:backend/scripts/perf/history-retention-batched-measure.sql:342: NOTICE:  @@STMT run=2 repo=2 seq=10 label=payload disallowed-tier
psql:backend/scripts/perf/history-retention-batched-measure.sql:342: NOTICE:  @@P Delete on node_payload_history h  (cost=137.63..857.57 rows=0 width=0) (actual time=2.971..2.973 rows=0 loops=1)
psql:backend/scripts/perf/history-retention-batched-measure.sql:342: NOTICE:  @@P   Buffers: shared hit=302 read=732 dirtied=87
psql:backend/scripts/perf/history-retention-batched-measure.sql:342: NOTICE:  @@P   ->  Hash Anti Join  (cost=137.63..857.57 rows=2034 width=18) (actual time=1.619..2.754 rows=47 loops=1)
psql:backend/scripts/perf/history-retention-batched-measure.sql:342: NOTICE:  @@P         Hash Cond: (h.pipeline_id = p.id)
psql:backend/scripts/perf/history-retention-batched-measure.sql:342: NOTICE:  @@P         Buffers: shared hit=35 read=683 dirtied=42
psql:backend/scripts/perf/history-retention-batched-measure.sql:342: NOTICE:  @@P         ->  Seq Scan on node_payload_history h  (cost=0.00..691.01 rows=2901 width=11) (actual time=0.005..1.624 rows=2901 loops=1)
psql:backend/scripts/perf/history-retention-batched-measure.sql:342: NOTICE:  @@P               Buffers: shared hit=1 read=661 dirtied=42
psql:backend/scripts/perf/history-retention-batched-measure.sql:342: NOTICE:  @@P         ->  Hash  (cost=125.18..125.18 rows=996 width=17) (actual time=0.816..0.818 rows=996 loops=1)
psql:backend/scripts/perf/history-retention-batched-measure.sql:342: NOTICE:  @@P               Buckets: 1024  Batches: 1  Memory Usage: 57kB
psql:backend/scripts/perf/history-retention-batched-measure.sql:342: NOTICE:  @@P               Buffers: shared hit=34 read=22
psql:backend/scripts/perf/history-retention-batched-measure.sql:342: NOTICE:  @@P               ->  Hash Join  (cost=48.06..125.18 rows=996 width=17) (actual time=0.209..0.732 rows=996 loops=1)
psql:backend/scripts/perf/history-retention-batched-measure.sql:342: NOTICE:  @@P                     Hash Cond: (p.owner_id = u.id)
psql:backend/scripts/perf/history-retention-batched-measure.sql:342: NOTICE:  @@P                     Buffers: shared hit=34 read=22
psql:backend/scripts/perf/history-retention-batched-measure.sql:342: NOTICE:  @@P                     ->  Seq Scan on pipelines p  (cost=0.00..68.34 rows=3334 width=27) (actual time=0.005..0.274 rows=3334 loops=1)
psql:backend/scripts/perf/history-retention-batched-measure.sql:342: NOTICE:  @@P                           Buffers: shared hit=13 read=22
psql:backend/scripts/perf/history-retention-batched-measure.sql:342: NOTICE:  @@P                     ->  Hash  (cost=41.84..41.84 rows=498 width=22) (actual time=0.201..0.201 rows=498 loops=1)
psql:backend/scripts/perf/history-retention-batched-measure.sql:342: NOTICE:  @@P                           Buckets: 1024  Batches: 1  Memory Usage: 35kB
psql:backend/scripts/perf/history-retention-batched-measure.sql:342: NOTICE:  @@P                           Buffers: shared hit=21
psql:backend/scripts/perf/history-retention-batched-measure.sql:342: NOTICE:  @@P                           ->  Seq Scan on users u  (cost=0.00..41.84 rows=498 width=22) (actual time=0.004..0.165 rows=498 loops=1)
psql:backend/scripts/perf/history-retention-batched-measure.sql:342: NOTICE:  @@P                                 Filter: (tier = ANY ('{beta,owner}'::text[]))
psql:backend/scripts/perf/history-retention-batched-measure.sql:342: NOTICE:  @@P                                 Rows Removed by Filter: 1169
psql:backend/scripts/perf/history-retention-batched-measure.sql:342: NOTICE:  @@P                                 Buffers: shared hit=21
psql:backend/scripts/perf/history-retention-batched-measure.sql:342: NOTICE:  @@P Planning:
psql:backend/scripts/perf/history-retention-batched-measure.sql:342: NOTICE:  @@P   Buffers: shared hit=22 read=5 dirtied=1
psql:backend/scripts/perf/history-retention-batched-measure.sql:342: NOTICE:  @@P Planning Time: 0.246 ms
psql:backend/scripts/perf/history-retention-batched-measure.sql:342: NOTICE:  @@P Trigger for constraint output_snapshot_history_payload_id_fkey: time=2.434 calls=47
psql:backend/scripts/perf/history-retention-batched-measure.sql:342: NOTICE:  @@P Execution Time: 5.427 ms
psql:backend/scripts/perf/history-retention-batched-measure.sql:342: NOTICE:  @@STMT run=2 repo=2 seq=20 label=payload age purge beta
psql:backend/scripts/perf/history-retention-batched-measure.sql:342: NOTICE:  @@P Delete on node_payload_history h  (cost=0.84..49.06 rows=0 width=0) (actual time=0.040..0.040 rows=0 loops=1)
psql:backend/scripts/perf/history-retention-batched-measure.sql:342: NOTICE:  @@P   Buffers: shared hit=31 read=4
psql:backend/scripts/perf/history-retention-batched-measure.sql:342: NOTICE:  @@P   ->  Nested Loop  (cost=0.84..49.06 rows=1 width=18) (actual time=0.014..0.037 rows=4 loops=1)
psql:backend/scripts/perf/history-retention-batched-measure.sql:342: NOTICE:  @@P         Buffers: shared hit=23 read=4
psql:backend/scripts/perf/history-retention-batched-measure.sql:342: NOTICE:  @@P         ->  Nested Loop  (cost=0.56..47.71 rows=4 width=28) (actual time=0.011..0.025 rows=4 loops=1)
psql:backend/scripts/perf/history-retention-batched-measure.sql:342: NOTICE:  @@P               Buffers: shared hit=12 read=3
psql:backend/scripts/perf/history-retention-batched-measure.sql:342: NOTICE:  @@P               ->  Index Scan using idx_node_payload_history_captured_at on node_payload_history h  (cost=0.28..14.52 rows=4 width=11) (actual time=0.008..0.009 rows=4 loops=1)
psql:backend/scripts/perf/history-retention-batched-measure.sql:342: NOTICE:  @@P                     Index Cond: (captured_at < '2026-10-03 05:00:00+00'::timestamp with time zone)
psql:backend/scripts/perf/history-retention-batched-measure.sql:342: NOTICE:  @@P                     Buffers: shared hit=1 read=2
psql:backend/scripts/perf/history-retention-batched-measure.sql:342: NOTICE:  @@P               ->  Index Scan using pipelines_pkey on pipelines p  (cost=0.28..8.30 rows=1 width=27) (actual time=0.004..0.004 rows=1 loops=4)
psql:backend/scripts/perf/history-retention-batched-measure.sql:342: NOTICE:  @@P                     Index Cond: (id = h.pipeline_id)
psql:backend/scripts/perf/history-retention-batched-measure.sql:342: NOTICE:  @@P                     Buffers: shared hit=11 read=1
psql:backend/scripts/perf/history-retention-batched-measure.sql:342: NOTICE:  @@P         ->  Index Scan using users_pkey on users u  (cost=0.28..0.34 rows=1 width=22) (actual time=0.003..0.003 rows=1 loops=4)
psql:backend/scripts/perf/history-retention-batched-measure.sql:342: NOTICE:  @@P               Index Cond: (id = p.owner_id)
psql:backend/scripts/perf/history-retention-batched-measure.sql:342: NOTICE:  @@P               Filter: (tier = 'beta'::text)
psql:backend/scripts/perf/history-retention-batched-measure.sql:342: NOTICE:  @@P               Buffers: shared hit=11 read=1
psql:backend/scripts/perf/history-retention-batched-measure.sql:342: NOTICE:  @@P Planning:
psql:backend/scripts/perf/history-retention-batched-measure.sql:342: NOTICE:  @@P   Buffers: shared hit=27
psql:backend/scripts/perf/history-retention-batched-measure.sql:342: NOTICE:  @@P Planning Time: 0.171 ms
psql:backend/scripts/perf/history-retention-batched-measure.sql:342: NOTICE:  @@P Trigger for constraint output_snapshot_history_payload_id_fkey: time=0.247 calls=4
psql:backend/scripts/perf/history-retention-batched-measure.sql:342: NOTICE:  @@P Execution Time: 0.298 ms
psql:backend/scripts/perf/history-retention-batched-measure.sql:342: NOTICE:  @@STMT run=2 repo=2 seq=30 label=payload newest-N beta
psql:backend/scripts/perf/history-retention-batched-measure.sql:342: NOTICE:  @@P Delete on node_payload_history  (cost=909.80..1611.10 rows=0 width=0) (actual time=3.712..3.716 rows=0 loops=1)
psql:backend/scripts/perf/history-retention-batched-measure.sql:342: NOTICE:  @@P   Buffers: shared hit=1506 read=20 dirtied=18
psql:backend/scripts/perf/history-retention-batched-measure.sql:342: NOTICE:  @@P   ->  Hash Semi Join  (cost=909.80..1611.10 rows=241 width=46) (actual time=2.995..3.612 rows=25 loops=1)
psql:backend/scripts/perf/history-retention-batched-measure.sql:342: NOTICE:  @@P         Hash Cond: (node_payload_history.id = ranked.id)
psql:backend/scripts/perf/history-retention-batched-measure.sql:342: NOTICE:  @@P         Buffers: shared hit=1380
psql:backend/scripts/perf/history-retention-batched-measure.sql:342: NOTICE:  @@P         ->  Seq Scan on node_payload_history  (cost=0.00..691.01 rows=2901 width=22) (actual time=0.002..0.529 rows=2850 loops=1)
psql:backend/scripts/perf/history-retention-batched-measure.sql:342: NOTICE:  @@P               Buffers: shared hit=662
psql:backend/scripts/perf/history-retention-batched-measure.sql:342: NOTICE:  @@P         ->  Hash  (cost=906.78..906.78 rows=241 width=56) (actual time=2.939..2.942 rows=25 loops=1)
psql:backend/scripts/perf/history-retention-batched-measure.sql:342: NOTICE:  @@P               Buckets: 1024  Batches: 1  Memory Usage: 11kB
psql:backend/scripts/perf/history-retention-batched-measure.sql:342: NOTICE:  @@P               Buffers: shared hit=718
psql:backend/scripts/perf/history-retention-batched-measure.sql:342: NOTICE:  @@P               ->  Subquery Scan on ranked  (cost=877.90..906.78 rows=241 width=56) (actual time=2.571..2.937 rows=25 loops=1)
psql:backend/scripts/perf/history-retention-batched-measure.sql:342: NOTICE:  @@P                     Filter: (ranked.rn > 10)
psql:backend/scripts/perf/history-retention-batched-measure.sql:342: NOTICE:  @@P                     Rows Removed by Filter: 1650
psql:backend/scripts/perf/history-retention-batched-measure.sql:342: NOTICE:  @@P                     Buffers: shared hit=718
psql:backend/scripts/perf/history-retention-batched-measure.sql:342: NOTICE:  @@P                     ->  WindowAgg  (cost=877.90..897.76 rows=722 width=74) (actual time=2.561..2.885 rows=1675 loops=1)
psql:backend/scripts/perf/history-retention-batched-measure.sql:342: NOTICE:  @@P                           Buffers: shared hit=718
psql:backend/scripts/perf/history-retention-batched-measure.sql:342: NOTICE:  @@P                           ->  Sort  (cost=877.90..879.71 rows=722 width=66) (actual time=2.558..2.599 rows=1675 loops=1)
psql:backend/scripts/perf/history-retention-batched-measure.sql:342: NOTICE:  @@P                                 Sort Key: h.pipeline_id, h.node_step_id, h.root_id, h.captured_at DESC, h.id DESC
psql:backend/scripts/perf/history-retention-batched-measure.sql:342: NOTICE:  @@P                                 Sort Method: quicksort  Memory: 153kB
psql:backend/scripts/perf/history-retention-batched-measure.sql:342: NOTICE:  @@P                                 Buffers: shared hit=718
psql:backend/scripts/perf/history-retention-batched-measure.sql:342: NOTICE:  @@P                                 ->  Hash Join  (cost=134.51..843.62 rows=722 width=66) (actual time=0.745..1.685 rows=1675 loops=1)
psql:backend/scripts/perf/history-retention-batched-measure.sql:342: NOTICE:  @@P                                       Hash Cond: (h.pipeline_id = p.id)
psql:backend/scripts/perf/history-retention-batched-measure.sql:342: NOTICE:  @@P                                       Buffers: shared hit=718
psql:backend/scripts/perf/history-retention-batched-measure.sql:342: NOTICE:  @@P                                       ->  Seq Scan on node_payload_history h  (cost=0.00..691.01 rows=2901 width=66) (actual time=0.001..0.342 rows=2850 loops=1)
psql:backend/scripts/perf/history-retention-batched-measure.sql:342: NOTICE:  @@P                                             Buffers: shared hit=662
psql:backend/scripts/perf/history-retention-batched-measure.sql:342: NOTICE:  @@P                                       ->  Hash  (cost=124.14..124.14 rows=830 width=5) (actual time=0.742..0.743 rows=830 loops=1)
psql:backend/scripts/perf/history-retention-batched-measure.sql:342: NOTICE:  @@P                                             Buckets: 1024  Batches: 1  Memory Usage: 39kB
psql:backend/scripts/perf/history-retention-batched-measure.sql:342: NOTICE:  @@P                                             Buffers: shared hit=56
psql:backend/scripts/perf/history-retention-batched-measure.sql:342: NOTICE:  @@P                                             ->  Hash Join  (cost=47.03..124.14 rows=830 width=5) (actual time=0.177..0.671 rows=830 loops=1)
psql:backend/scripts/perf/history-retention-batched-measure.sql:342: NOTICE:  @@P                                                   Hash Cond: (p.owner_id = u.id)
psql:backend/scripts/perf/history-retention-batched-measure.sql:342: NOTICE:  @@P                                                   Buffers: shared hit=56
psql:backend/scripts/perf/history-retention-batched-measure.sql:342: NOTICE:  @@P                                                   ->  Seq Scan on pipelines p  (cost=0.00..68.34 rows=3334 width=21) (actual time=0.002..0.265 rows=3334 loops=1)
psql:backend/scripts/perf/history-retention-batched-measure.sql:342: NOTICE:  @@P                                                         Buffers: shared hit=35
psql:backend/scripts/perf/history-retention-batched-measure.sql:342: NOTICE:  @@P                                                   ->  Hash  (cost=41.84..41.84 rows=415 width=16) (actual time=0.172..0.172 rows=415 loops=1)
psql:backend/scripts/perf/history-retention-batched-measure.sql:342: NOTICE:  @@P                                                         Buckets: 1024  Batches: 1  Memory Usage: 28kB
psql:backend/scripts/perf/history-retention-batched-measure.sql:342: NOTICE:  @@P                                                         Buffers: shared hit=21
psql:backend/scripts/perf/history-retention-batched-measure.sql:342: NOTICE:  @@P                                                         ->  Seq Scan on users u  (cost=0.00..41.84 rows=415 width=16) (actual time=0.003..0.141 rows=415 loops=1)
psql:backend/scripts/perf/history-retention-batched-measure.sql:342: NOTICE:  @@P                                                               Filter: (tier = 'beta'::text)
psql:backend/scripts/perf/history-retention-batched-measure.sql:342: NOTICE:  @@P                                                               Rows Removed by Filter: 1252
psql:backend/scripts/perf/history-retention-batched-measure.sql:342: NOTICE:  @@P                                                               Buffers: shared hit=21
psql:backend/scripts/perf/history-retention-batched-measure.sql:342: NOTICE:  @@P Planning:
psql:backend/scripts/perf/history-retention-batched-measure.sql:342: NOTICE:  @@P   Buffers: shared hit=30 read=3
psql:backend/scripts/perf/history-retention-batched-measure.sql:342: NOTICE:  @@P Planning Time: 0.223 ms
psql:backend/scripts/perf/history-retention-batched-measure.sql:342: NOTICE:  @@P Trigger for constraint output_snapshot_history_payload_id_fkey: time=0.903 calls=25
psql:backend/scripts/perf/history-retention-batched-measure.sql:342: NOTICE:  @@P Execution Time: 4.645 ms
psql:backend/scripts/perf/history-retention-batched-measure.sql:342: NOTICE:  @@STMT run=2 repo=2 seq=40 label=payload age purge owner
psql:backend/scripts/perf/history-retention-batched-measure.sql:342: NOTICE:  @@P Delete on node_payload_history h  (cost=0.84..16.94 rows=0 width=0) (actual time=0.003..0.004 rows=0 loops=1)
psql:backend/scripts/perf/history-retention-batched-measure.sql:342: NOTICE:  @@P   Buffers: shared hit=2
psql:backend/scripts/perf/history-retention-batched-measure.sql:342: NOTICE:  @@P   ->  Nested Loop  (cost=0.84..16.94 rows=1 width=18) (actual time=0.003..0.003 rows=0 loops=1)
psql:backend/scripts/perf/history-retention-batched-measure.sql:342: NOTICE:  @@P         Buffers: shared hit=2
psql:backend/scripts/perf/history-retention-batched-measure.sql:342: NOTICE:  @@P         ->  Nested Loop  (cost=0.56..16.60 rows=1 width=28) (actual time=0.003..0.003 rows=0 loops=1)
psql:backend/scripts/perf/history-retention-batched-measure.sql:342: NOTICE:  @@P               Buffers: shared hit=2
psql:backend/scripts/perf/history-retention-batched-measure.sql:342: NOTICE:  @@P               ->  Index Scan using idx_node_payload_history_captured_at on node_payload_history h  (cost=0.28..8.30 rows=1 width=11) (actual time=0.003..0.003 rows=0 loops=1)
psql:backend/scripts/perf/history-retention-batched-measure.sql:342: NOTICE:  @@P                     Index Cond: (captured_at < '2026-09-10 05:00:00+00'::timestamp with time zone)
psql:backend/scripts/perf/history-retention-batched-measure.sql:342: NOTICE:  @@P                     Buffers: shared hit=2
psql:backend/scripts/perf/history-retention-batched-measure.sql:342: NOTICE:  @@P               ->  Index Scan using pipelines_pkey on pipelines p  (cost=0.28..8.30 rows=1 width=27) (never executed)
psql:backend/scripts/perf/history-retention-batched-measure.sql:342: NOTICE:  @@P                     Index Cond: (id = h.pipeline_id)
psql:backend/scripts/perf/history-retention-batched-measure.sql:342: NOTICE:  @@P         ->  Index Scan using users_pkey on users u  (cost=0.28..0.34 rows=1 width=22) (never executed)
psql:backend/scripts/perf/history-retention-batched-measure.sql:342: NOTICE:  @@P               Index Cond: (id = p.owner_id)
psql:backend/scripts/perf/history-retention-batched-measure.sql:342: NOTICE:  @@P               Filter: (tier = 'owner'::text)
psql:backend/scripts/perf/history-retention-batched-measure.sql:342: NOTICE:  @@P Planning:
psql:backend/scripts/perf/history-retention-batched-measure.sql:342: NOTICE:  @@P   Buffers: shared hit=27
psql:backend/scripts/perf/history-retention-batched-measure.sql:342: NOTICE:  @@P Planning Time: 0.239 ms
psql:backend/scripts/perf/history-retention-batched-measure.sql:342: NOTICE:  @@P Execution Time: 0.019 ms
psql:backend/scripts/perf/history-retention-batched-measure.sql:342: NOTICE:  @@STMT run=2 repo=2 seq=50 label=payload newest-N owner
psql:backend/scripts/perf/history-retention-batched-measure.sql:342: NOTICE:  @@P Delete on node_payload_history  (cost=370.59..651.57 rows=0 width=0) (actual time=2.072..2.074 rows=0 loops=1)
psql:backend/scripts/perf/history-retention-batched-measure.sql:342: NOTICE:  @@P   Buffers: shared hit=1587 read=36 dirtied=5
psql:backend/scripts/perf/history-retention-batched-measure.sql:342: NOTICE:  @@P   ->  Nested Loop  (cost=370.59..651.57 rows=48 width=46) (actual time=2.022..2.039 rows=5 loops=1)
psql:backend/scripts/perf/history-retention-batched-measure.sql:342: NOTICE:  @@P         Buffers: shared hit=1546 read=31
psql:backend/scripts/perf/history-retention-batched-measure.sql:342: NOTICE:  @@P         ->  HashAggregate  (cost=370.31..370.79 rows=48 width=56) (actual time=2.017..2.020 rows=5 loops=1)
psql:backend/scripts/perf/history-retention-batched-measure.sql:342: NOTICE:  @@P               Group Key: ranked.id
psql:backend/scripts/perf/history-retention-batched-measure.sql:342: NOTICE:  @@P               Batches: 1  Memory Usage: 24kB
psql:backend/scripts/perf/history-retention-batched-measure.sql:342: NOTICE:  @@P               Buffers: shared hit=1535 read=27
psql:backend/scripts/perf/history-retention-batched-measure.sql:342: NOTICE:  @@P               ->  Subquery Scan on ranked  (cost=364.43..370.19 rows=48 width=56) (actual time=1.801..2.016 rows=5 loops=1)
psql:backend/scripts/perf/history-retention-batched-measure.sql:342: NOTICE:  @@P                     Filter: (ranked.rn > 30)
psql:backend/scripts/perf/history-retention-batched-measure.sql:342: NOTICE:  @@P                     Rows Removed by Filter: 1170
psql:backend/scripts/perf/history-retention-batched-measure.sql:342: NOTICE:  @@P                     Buffers: shared hit=1535 read=27
psql:backend/scripts/perf/history-retention-batched-measure.sql:342: NOTICE:  @@P                     ->  WindowAgg  (cost=364.43..368.39 rows=144 width=74) (actual time=1.759..1.977 rows=1175 loops=1)
psql:backend/scripts/perf/history-retention-batched-measure.sql:342: NOTICE:  @@P                           Buffers: shared hit=1535 read=27
psql:backend/scripts/perf/history-retention-batched-measure.sql:342: NOTICE:  @@P                           ->  Sort  (cost=364.43..364.79 rows=144 width=66) (actual time=1.757..1.785 rows=1175 loops=1)
psql:backend/scripts/perf/history-retention-batched-measure.sql:342: NOTICE:  @@P                                 Sort Key: h.pipeline_id, h.node_step_id, h.root_id, h.captured_at DESC, h.id DESC
psql:backend/scripts/perf/history-retention-batched-measure.sql:342: NOTICE:  @@P                                 Sort Method: quicksort  Memory: 122kB
psql:backend/scripts/perf/history-retention-batched-measure.sql:342: NOTICE:  @@P                                 Buffers: shared hit=1535 read=27
psql:backend/scripts/perf/history-retention-batched-measure.sql:342: NOTICE:  @@P                                 ->  Nested Loop  (cost=43.16..359.27 rows=144 width=66) (actual time=0.129..1.254 rows=1175 loops=1)
psql:backend/scripts/perf/history-retention-batched-measure.sql:342: NOTICE:  @@P                                       Buffers: shared hit=1535 read=27
psql:backend/scripts/perf/history-retention-batched-measure.sql:342: NOTICE:  @@P                                       ->  Hash Join  (cost=42.88..119.99 rows=166 width=5) (actual time=0.104..0.450 rows=166 loops=1)
psql:backend/scripts/perf/history-retention-batched-measure.sql:342: NOTICE:  @@P                                             Hash Cond: (p.owner_id = u.id)
psql:backend/scripts/perf/history-retention-batched-measure.sql:342: NOTICE:  @@P                                             Buffers: shared hit=56
psql:backend/scripts/perf/history-retention-batched-measure.sql:342: NOTICE:  @@P                                             ->  Seq Scan on pipelines p  (cost=0.00..68.34 rows=3334 width=21) (actual time=0.003..0.204 rows=3334 loops=1)
psql:backend/scripts/perf/history-retention-batched-measure.sql:342: NOTICE:  @@P                                                   Buffers: shared hit=35
psql:backend/scripts/perf/history-retention-batched-measure.sql:342: NOTICE:  @@P                                             ->  Hash  (cost=41.84..41.84 rows=83 width=16) (actual time=0.093..0.094 rows=83 loops=1)
psql:backend/scripts/perf/history-retention-batched-measure.sql:342: NOTICE:  @@P                                                   Buckets: 1024  Batches: 1  Memory Usage: 12kB
psql:backend/scripts/perf/history-retention-batched-measure.sql:342: NOTICE:  @@P                                                   Buffers: shared hit=21
psql:backend/scripts/perf/history-retention-batched-measure.sql:342: NOTICE:  @@P                                                   ->  Seq Scan on users u  (cost=0.00..41.84 rows=83 width=16) (actual time=0.003..0.088 rows=83 loops=1)
psql:backend/scripts/perf/history-retention-batched-measure.sql:342: NOTICE:  @@P                                                         Filter: (tier = 'owner'::text)
psql:backend/scripts/perf/history-retention-batched-measure.sql:342: NOTICE:  @@P                                                         Rows Removed by Filter: 1584
psql:backend/scripts/perf/history-retention-batched-measure.sql:342: NOTICE:  @@P                                                         Buffers: shared hit=21
psql:backend/scripts/perf/history-retention-batched-measure.sql:342: NOTICE:  @@P                                       ->  Index Scan using idx_node_payload_history_node_captured on node_payload_history h  (cost=0.28..1.32 rows=12 width=66) (actual time=0.002..0.004 rows=7 loops=166)
psql:backend/scripts/perf/history-retention-batched-measure.sql:342: NOTICE:  @@P                                             Index Cond: (pipeline_id = p.id)
psql:backend/scripts/perf/history-retention-batched-measure.sql:342: NOTICE:  @@P                                             Buffers: shared hit=1479 read=27
psql:backend/scripts/perf/history-retention-batched-measure.sql:342: NOTICE:  @@P         ->  Index Scan using node_payload_history_pkey on node_payload_history  (cost=0.28..5.96 rows=1 width=22) (actual time=0.003..0.003 rows=1 loops=5)
psql:backend/scripts/perf/history-retention-batched-measure.sql:342: NOTICE:  @@P               Index Cond: (id = ranked.id)
psql:backend/scripts/perf/history-retention-batched-measure.sql:342: NOTICE:  @@P               Buffers: shared hit=11 read=4
psql:backend/scripts/perf/history-retention-batched-measure.sql:342: NOTICE:  @@P Planning:
psql:backend/scripts/perf/history-retention-batched-measure.sql:342: NOTICE:  @@P   Buffers: shared hit=33
psql:backend/scripts/perf/history-retention-batched-measure.sql:342: NOTICE:  @@P Planning Time: 0.210 ms
psql:backend/scripts/perf/history-retention-batched-measure.sql:342: NOTICE:  @@P Trigger for constraint output_snapshot_history_payload_id_fkey: time=0.256 calls=5
psql:backend/scripts/perf/history-retention-batched-measure.sql:342: NOTICE:  @@P Execution Time: 2.359 ms
psql:backend/scripts/perf/history-retention-batched-measure.sql:342: NOTICE:  @@STMT run=2 repo=2 seq=60 label=payload unreferenced
psql:backend/scripts/perf/history-retention-batched-measure.sql:342: NOTICE:  @@P Delete on node_payload_history h  (cost=858.14..1033.72 rows=0 width=0) (actual time=8.917..8.919 rows=0 loops=1)
psql:backend/scripts/perf/history-retention-batched-measure.sql:342: NOTICE:  @@P   Buffers: shared hit=1591 read=2273
psql:backend/scripts/perf/history-retention-batched-measure.sql:342: NOTICE:  @@P   ->  Merge Right Anti Join  (cost=858.14..1033.72 rows=2611 width=12) (actual time=8.917..8.918 rows=0 loops=1)
psql:backend/scripts/perf/history-retention-batched-measure.sql:342: NOTICE:  @@P         Merge Cond: (o.payload_id = h.id)
psql:backend/scripts/perf/history-retention-batched-measure.sql:342: NOTICE:  @@P         Buffers: shared hit=1591 read=2273
psql:backend/scripts/perf/history-retention-batched-measure.sql:342: NOTICE:  @@P         ->  Index Scan using idx_output_snapshot_history_payload on output_snapshot_history o  (cost=0.29..32409.59 rows=4988376 width=22) (actual time=0.011..7.111 rows=8460 loops=1)
psql:backend/scripts/perf/history-retention-batched-measure.sql:342: NOTICE:  @@P               Buffers: shared hit=929 read=2273
psql:backend/scripts/perf/history-retention-batched-measure.sql:342: NOTICE:  @@P         ->  Sort  (cost=857.85..865.10 rows=2901 width=22) (actual time=0.774..1.040 rows=2820 loops=1)
psql:backend/scripts/perf/history-retention-batched-measure.sql:342: NOTICE:  @@P               Sort Key: h.id
psql:backend/scripts/perf/history-retention-batched-measure.sql:342: NOTICE:  @@P               Sort Method: quicksort  Memory: 229kB
psql:backend/scripts/perf/history-retention-batched-measure.sql:342: NOTICE:  @@P               Buffers: shared hit=662
psql:backend/scripts/perf/history-retention-batched-measure.sql:342: NOTICE:  @@P               ->  Seq Scan on node_payload_history h  (cost=0.00..691.01 rows=2901 width=22) (actual time=0.002..0.487 rows=2820 loops=1)
psql:backend/scripts/perf/history-retention-batched-measure.sql:342: NOTICE:  @@P                     Buffers: shared hit=662
psql:backend/scripts/perf/history-retention-batched-measure.sql:342: NOTICE:  @@P Planning Time: 0.061 ms
psql:backend/scripts/perf/history-retention-batched-measure.sql:342: NOTICE:  @@P Execution Time: 8.936 ms
 perf_explain 
--------------
 
(1 row)

ROLLBACK
BEGIN
 ?column? 
----------
        1
(1 row)

psql:backend/scripts/perf/history-retention-batched-measure.sql:342: NOTICE:  @@LOCK run=3 repo=1 acquired=t
psql:backend/scripts/perf/history-retention-batched-measure.sql:342: NOTICE:  @@STMT run=3 repo=1 seq=11 label=history age purge free
psql:backend/scripts/perf/history-retention-batched-measure.sql:342: NOTICE:  @@P Delete on output_snapshot_history h  (cost=166.90..25412.52 rows=0 width=0) (actual time=288.399..288.403 rows=0 loops=1)
psql:backend/scripts/perf/history-retention-batched-measure.sql:342: NOTICE:  @@P   Buffers: shared hit=366 read=17899 dirtied=24 written=577
psql:backend/scripts/perf/history-retention-batched-measure.sql:342: NOTICE:  @@P   ->  Hash Join  (cost=166.90..25412.52 rows=216902 width=18) (actual time=288.069..288.299 rows=297 loops=1)
psql:backend/scripts/perf/history-retention-batched-measure.sql:342: NOTICE:  @@P         Hash Cond: (p.owner_id = u.id)
psql:backend/scripts/perf/history-retention-batched-measure.sql:342: NOTICE:  @@P         Buffers: shared hit=69 read=17899 dirtied=24 written=577
psql:backend/scripts/perf/history-retention-batched-measure.sql:342: NOTICE:  @@P         ->  Hash Join  (cost=110.45..24542.08 rows=309303 width=28) (actual time=0.439..272.670 rows=316648 loops=1)
psql:backend/scripts/perf/history-retention-batched-measure.sql:342: NOTICE:  @@P               Hash Cond: (h.pipeline_id = p.id)
psql:backend/scripts/perf/history-retention-batched-measure.sql:342: NOTICE:  @@P               Buffers: shared hit=48 read=17899 dirtied=24 written=577
psql:backend/scripts/perf/history-retention-batched-measure.sql:342: NOTICE:  @@P               ->  Index Scan using idx_output_snapshot_history_captured_at on output_snapshot_history h  (cost=0.43..23618.86 rows=309396 width=11) (actual time=0.008..131.665 rows=316648 loops=1)
psql:backend/scripts/perf/history-retention-batched-measure.sql:342: NOTICE:  @@P                     Index Cond: (captured_at < '2026-09-10 05:00:00+00'::timestamp with time zone)
psql:backend/scripts/perf/history-retention-batched-measure.sql:342: NOTICE:  @@P                     Buffers: shared hit=13 read=17899 dirtied=24 written=577
psql:backend/scripts/perf/history-retention-batched-measure.sql:342: NOTICE:  @@P               ->  Hash  (cost=68.34..68.34 rows=3334 width=27) (actual time=0.428..0.429 rows=3334 loops=1)
psql:backend/scripts/perf/history-retention-batched-measure.sql:342: NOTICE:  @@P                     Buckets: 4096  Batches: 1  Memory Usage: 227kB
psql:backend/scripts/perf/history-retention-batched-measure.sql:342: NOTICE:  @@P                     Buffers: shared hit=35
psql:backend/scripts/perf/history-retention-batched-measure.sql:342: NOTICE:  @@P                     ->  Seq Scan on pipelines p  (cost=0.00..68.34 rows=3334 width=27) (actual time=0.002..0.191 rows=3334 loops=1)
psql:backend/scripts/perf/history-retention-batched-measure.sql:342: NOTICE:  @@P                           Buffers: shared hit=35
psql:backend/scripts/perf/history-retention-batched-measure.sql:342: NOTICE:  @@P         ->  Hash  (cost=41.84..41.84 rows=1169 width=22) (actual time=0.191..0.191 rows=1169 loops=1)
psql:backend/scripts/perf/history-retention-batched-measure.sql:342: NOTICE:  @@P               Buckets: 2048  Batches: 1  Memory Usage: 78kB
psql:backend/scripts/perf/history-retention-batched-measure.sql:342: NOTICE:  @@P               Buffers: shared hit=21
psql:backend/scripts/perf/history-retention-batched-measure.sql:342: NOTICE:  @@P               ->  Seq Scan on users u  (cost=0.00..41.84 rows=1169 width=22) (actual time=0.003..0.123 rows=1169 loops=1)
psql:backend/scripts/perf/history-retention-batched-measure.sql:342: NOTICE:  @@P                     Filter: (tier = 'free'::text)
psql:backend/scripts/perf/history-retention-batched-measure.sql:342: NOTICE:  @@P                     Rows Removed by Filter: 498
psql:backend/scripts/perf/history-retention-batched-measure.sql:342: NOTICE:  @@P                     Buffers: shared hit=21
psql:backend/scripts/perf/history-retention-batched-measure.sql:342: NOTICE:  @@P Planning:
psql:backend/scripts/perf/history-retention-batched-measure.sql:342: NOTICE:  @@P   Buffers: shared hit=20
psql:backend/scripts/perf/history-retention-batched-measure.sql:342: NOTICE:  @@P Planning Time: 0.208 ms
psql:backend/scripts/perf/history-retention-batched-measure.sql:342: NOTICE:  @@P Execution Time: 288.430 ms
psql:backend/scripts/perf/history-retention-batched-measure.sql:342: NOTICE:  @@STMT run=3 repo=1 seq=12 label=history age purge beta
psql:backend/scripts/perf/history-retention-batched-measure.sql:342: NOTICE:  @@P Delete on output_snapshot_history h  (cost=134.95..11646.84 rows=0 width=0) (actual time=92.816..92.821 rows=0 loops=1)
psql:backend/scripts/perf/history-retention-batched-measure.sql:342: NOTICE:  @@P   Buffers: shared hit=144 read=7772 dirtied=7 written=1981
psql:backend/scripts/perf/history-retention-batched-measure.sql:342: NOTICE:  @@P   ->  Hash Join  (cost=134.95..11646.84 rows=34690 width=18) (actual time=92.726..92.792 rows=104 loops=1)
psql:backend/scripts/perf/history-retention-batched-measure.sql:342: NOTICE:  @@P         Hash Cond: (h.pipeline_id = p.id)
psql:backend/scripts/perf/history-retention-batched-measure.sql:342: NOTICE:  @@P         Buffers: shared hit=40 read=7772 written=1981
psql:backend/scripts/perf/history-retention-batched-measure.sql:342: NOTICE:  @@P         ->  Index Scan using idx_output_snapshot_history_captured_at on output_snapshot_history h  (cost=0.43..10642.72 rows=139388 width=11) (actual time=0.015..84.088 rows=137071 loops=1)
psql:backend/scripts/perf/history-retention-batched-measure.sql:342: NOTICE:  @@P               Index Cond: (captured_at < '2026-07-12 05:00:00+00'::timestamp with time zone)
psql:backend/scripts/perf/history-retention-batched-measure.sql:342: NOTICE:  @@P               Buffers: shared hit=1 read=7755 written=1981
psql:backend/scripts/perf/history-retention-batched-measure.sql:342: NOTICE:  @@P         ->  Hash  (cost=124.14..124.14 rows=830 width=17) (actual time=0.905..0.908 rows=830 loops=1)
psql:backend/scripts/perf/history-retention-batched-measure.sql:342: NOTICE:  @@P               Buckets: 1024  Batches: 1  Memory Usage: 49kB
psql:backend/scripts/perf/history-retention-batched-measure.sql:342: NOTICE:  @@P               Buffers: shared hit=39 read=17
psql:backend/scripts/perf/history-retention-batched-measure.sql:342: NOTICE:  @@P               ->  Hash Join  (cost=47.03..124.14 rows=830 width=17) (actual time=0.232..0.816 rows=830 loops=1)
psql:backend/scripts/perf/history-retention-batched-measure.sql:342: NOTICE:  @@P                     Hash Cond: (p.owner_id = u.id)
psql:backend/scripts/perf/history-retention-batched-measure.sql:342: NOTICE:  @@P                     Buffers: shared hit=39 read=17
psql:backend/scripts/perf/history-retention-batched-measure.sql:342: NOTICE:  @@P                     ->  Seq Scan on pipelines p  (cost=0.00..68.34 rows=3334 width=27) (actual time=0.003..0.339 rows=3334 loops=1)
psql:backend/scripts/perf/history-retention-batched-measure.sql:342: NOTICE:  @@P                           Buffers: shared hit=25 read=10
psql:backend/scripts/perf/history-retention-batched-measure.sql:342: NOTICE:  @@P                     ->  Hash  (cost=41.84..41.84 rows=415 width=22) (actual time=0.226..0.227 rows=415 loops=1)
psql:backend/scripts/perf/history-retention-batched-measure.sql:342: NOTICE:  @@P                           Buckets: 1024  Batches: 1  Memory Usage: 30kB
psql:backend/scripts/perf/history-retention-batched-measure.sql:342: NOTICE:  @@P                           Buffers: shared hit=14 read=7
psql:backend/scripts/perf/history-retention-batched-measure.sql:342: NOTICE:  @@P                           ->  Seq Scan on users u  (cost=0.00..41.84 rows=415 width=22) (actual time=0.004..0.187 rows=415 loops=1)
psql:backend/scripts/perf/history-retention-batched-measure.sql:342: NOTICE:  @@P                                 Filter: (tier = 'beta'::text)
psql:backend/scripts/perf/history-retention-batched-measure.sql:342: NOTICE:  @@P                                 Rows Removed by Filter: 1252
psql:backend/scripts/perf/history-retention-batched-measure.sql:342: NOTICE:  @@P                                 Buffers: shared hit=14 read=7
psql:backend/scripts/perf/history-retention-batched-measure.sql:342: NOTICE:  @@P Planning:
psql:backend/scripts/perf/history-retention-batched-measure.sql:342: NOTICE:  @@P   Buffers: shared hit=20
psql:backend/scripts/perf/history-retention-batched-measure.sql:342: NOTICE:  @@P Planning Time: 0.252 ms
psql:backend/scripts/perf/history-retention-batched-measure.sql:342: NOTICE:  @@P Execution Time: 92.853 ms
psql:backend/scripts/perf/history-retention-batched-measure.sql:342: NOTICE:  @@STMT run=3 repo=1 seq=13 label=history age purge owner
psql:backend/scripts/perf/history-retention-batched-measure.sql:342: NOTICE:  @@P Delete on output_snapshot_history h  (cost=0.99..74.30 rows=0 width=0) (actual time=0.127..0.127 rows=0 loops=1)
psql:backend/scripts/perf/history-retention-batched-measure.sql:342: NOTICE:  @@P   Buffers: shared hit=111 read=12 dirtied=1 written=12
psql:backend/scripts/perf/history-retention-batched-measure.sql:342: NOTICE:  @@P   ->  Nested Loop  (cost=0.99..74.30 rows=1 width=18) (actual time=0.008..0.120 rows=17 loops=1)
psql:backend/scripts/perf/history-retention-batched-measure.sql:342: NOTICE:  @@P         Buffers: shared hit=94 read=12 written=12
psql:backend/scripts/perf/history-retention-batched-measure.sql:342: NOTICE:  @@P         ->  Nested Loop  (cost=0.71..71.27 rows=9 width=28) (actual time=0.006..0.074 rows=17 loops=1)
psql:backend/scripts/perf/history-retention-batched-measure.sql:342: NOTICE:  @@P               Buffers: shared hit=48 read=7 written=7
psql:backend/scripts/perf/history-retention-batched-measure.sql:342: NOTICE:  @@P               ->  Index Scan using idx_output_snapshot_history_captured_at on output_snapshot_history h  (cost=0.43..8.59 rows=9 width=11) (actual time=0.002..0.006 rows=17 loops=1)
psql:backend/scripts/perf/history-retention-batched-measure.sql:342: NOTICE:  @@P                     Index Cond: (captured_at < '2025-10-10 05:00:00+00'::timestamp with time zone)
psql:backend/scripts/perf/history-retention-batched-measure.sql:342: NOTICE:  @@P                     Buffers: shared hit=4
psql:backend/scripts/perf/history-retention-batched-measure.sql:342: NOTICE:  @@P               ->  Index Scan using pipelines_pkey on pipelines p  (cost=0.28..6.96 rows=1 width=27) (actual time=0.004..0.004 rows=1 loops=17)
psql:backend/scripts/perf/history-retention-batched-measure.sql:342: NOTICE:  @@P                     Index Cond: (id = h.pipeline_id)
psql:backend/scripts/perf/history-retention-batched-measure.sql:342: NOTICE:  @@P                     Buffers: shared hit=44 read=7 written=7
psql:backend/scripts/perf/history-retention-batched-measure.sql:342: NOTICE:  @@P         ->  Index Scan using users_pkey on users u  (cost=0.28..0.34 rows=1 width=22) (actual time=0.003..0.003 rows=1 loops=17)
psql:backend/scripts/perf/history-retention-batched-measure.sql:342: NOTICE:  @@P               Index Cond: (id = p.owner_id)
psql:backend/scripts/perf/history-retention-batched-measure.sql:342: NOTICE:  @@P               Filter: (tier = 'owner'::text)
psql:backend/scripts/perf/history-retention-batched-measure.sql:342: NOTICE:  @@P               Buffers: shared hit=46 read=5 written=5
psql:backend/scripts/perf/history-retention-batched-measure.sql:342: NOTICE:  @@P Planning:
psql:backend/scripts/perf/history-retention-batched-measure.sql:342: NOTICE:  @@P   Buffers: shared hit=24 read=1 written=1
psql:backend/scripts/perf/history-retention-batched-measure.sql:342: NOTICE:  @@P Planning Time: 0.229 ms
psql:backend/scripts/perf/history-retention-batched-measure.sql:342: NOTICE:  @@P Execution Time: 0.142 ms
psql:backend/scripts/perf/history-retention-batched-measure.sql:342: NOTICE:  @@STMT run=3 repo=1 seq=20 label=history age purge unnamed-tier catch-all
psql:backend/scripts/perf/history-retention-batched-measure.sql:342: NOTICE:  @@P Delete on output_snapshot_history h  (cost=55.28..24835.81 rows=0 width=0) (actual time=0.129..0.130 rows=0 loops=1)
psql:backend/scripts/perf/history-retention-batched-measure.sql:342: NOTICE:  @@P   Buffers: shared hit=25
psql:backend/scripts/perf/history-retention-batched-measure.sql:342: NOTICE:  @@P   ->  Hash Join  (cost=55.28..24835.81 rows=186 width=18) (actual time=0.129..0.130 rows=0 loops=1)
psql:backend/scripts/perf/history-retention-batched-measure.sql:342: NOTICE:  @@P         Hash Cond: (h.pipeline_id = p.id)
psql:backend/scripts/perf/history-retention-batched-measure.sql:342: NOTICE:  @@P         Buffers: shared hit=25
psql:backend/scripts/perf/history-retention-batched-measure.sql:342: NOTICE:  @@P         ->  Index Scan using idx_output_snapshot_history_captured_at on output_snapshot_history h  (cost=0.43..23618.86 rows=309396 width=11) (actual time=0.005..0.005 rows=1 loops=1)
psql:backend/scripts/perf/history-retention-batched-measure.sql:342: NOTICE:  @@P               Index Cond: (captured_at < '2026-09-10 05:00:00+00'::timestamp with time zone)
psql:backend/scripts/perf/history-retention-batched-measure.sql:342: NOTICE:  @@P               Buffers: shared hit=4
psql:backend/scripts/perf/history-retention-batched-measure.sql:342: NOTICE:  @@P         ->  Hash  (cost=54.83..54.83 rows=2 width=17) (actual time=0.123..0.123 rows=0 loops=1)
psql:backend/scripts/perf/history-retention-batched-measure.sql:342: NOTICE:  @@P               Buckets: 1024  Batches: 1  Memory Usage: 8kB
psql:backend/scripts/perf/history-retention-batched-measure.sql:342: NOTICE:  @@P               Buffers: shared hit=21
psql:backend/scripts/perf/history-retention-batched-measure.sql:342: NOTICE:  @@P               ->  Nested Loop  (cost=4.30..54.83 rows=2 width=17) (actual time=0.123..0.123 rows=0 loops=1)
psql:backend/scripts/perf/history-retention-batched-measure.sql:342: NOTICE:  @@P                     Buffers: shared hit=21
psql:backend/scripts/perf/history-retention-batched-measure.sql:342: NOTICE:  @@P                     ->  Seq Scan on users u  (cost=0.00..43.92 rows=1 width=22) (actual time=0.123..0.123 rows=0 loops=1)
psql:backend/scripts/perf/history-retention-batched-measure.sql:342: NOTICE:  @@P                           Filter: (tier <> ALL ('{free,beta,owner}'::text[]))
psql:backend/scripts/perf/history-retention-batched-measure.sql:342: NOTICE:  @@P                           Rows Removed by Filter: 1667
psql:backend/scripts/perf/history-retention-batched-measure.sql:342: NOTICE:  @@P                           Buffers: shared hit=21
psql:backend/scripts/perf/history-retention-batched-measure.sql:342: NOTICE:  @@P                     ->  Bitmap Heap Scan on pipelines p  (cost=4.30..10.89 rows=2 width=27) (never executed)
psql:backend/scripts/perf/history-retention-batched-measure.sql:342: NOTICE:  @@P                           Recheck Cond: (u.id = owner_id)
psql:backend/scripts/perf/history-retention-batched-measure.sql:342: NOTICE:  @@P                           ->  Bitmap Index Scan on idx_pipelines_owner_id  (cost=0.00..4.29 rows=2 width=0) (never executed)
psql:backend/scripts/perf/history-retention-batched-measure.sql:342: NOTICE:  @@P                                 Index Cond: (owner_id = u.id)
psql:backend/scripts/perf/history-retention-batched-measure.sql:342: NOTICE:  @@P Planning:
psql:backend/scripts/perf/history-retention-batched-measure.sql:342: NOTICE:  @@P   Buffers: shared hit=20
psql:backend/scripts/perf/history-retention-batched-measure.sql:342: NOTICE:  @@P Planning Time: 0.124 ms
psql:backend/scripts/perf/history-retention-batched-measure.sql:342: NOTICE:  @@P Execution Time: 0.142 ms
psql:backend/scripts/perf/history-retention-batched-measure.sql:342: NOTICE:  @@STMT run=3 repo=1 seq=30 label=history thin (protected newest 101)
psql:backend/scripts/perf/history-retention-batched-measure.sql:342: NOTICE:  @@P Delete on output_snapshot_history  (cost=1585376.72..1995524.15 rows=0 width=0) (actual time=29404.223..29404.229 rows=0 loops=1)
psql:backend/scripts/perf/history-retention-batched-measure.sql:342: NOTICE:  @@P   Buffers: shared hit=147649 read=526615 dirtied=11518 written=2181, temp read=74646 written=74745
psql:backend/scripts/perf/history-retention-batched-measure.sql:342: NOTICE:  @@P   ->  Hash Semi Join  (cost=1585376.72..1995524.15 rows=554264 width=46) (actual time=25789.532..29290.132 rows=120000 loops=1)
psql:backend/scripts/perf/history-retention-batched-measure.sql:342: NOTICE:  @@P         Hash Cond: (output_snapshot_history.id = ranked.id)
psql:backend/scripts/perf/history-retention-batched-measure.sql:342: NOTICE:  @@P         Buffers: shared hit=27931 read=526333 dirtied=4051 written=2181, temp read=74646 written=74745
psql:backend/scripts/perf/history-retention-batched-measure.sql:342: NOTICE:  @@P         ->  Seq Scan on output_snapshot_history  (cost=0.00..327015.76 rows=4988376 width=22) (actual time=128.681..1814.467 rows=4986230 loops=1)
psql:backend/scripts/perf/history-retention-batched-measure.sql:342: NOTICE:  @@P               Buffers: shared hit=12373 read=264759 written=11
psql:backend/scripts/perf/history-retention-batched-measure.sql:342: NOTICE:  @@P         ->  Hash  (cost=1573035.42..1573035.42 rows=554264 width=56) (actual time=25376.374..25376.378 rows=120000 loops=1)
psql:backend/scripts/perf/history-retention-batched-measure.sql:342: NOTICE:  @@P               Buckets: 131072  Batches: 8  Memory Usage: 2389kB
psql:backend/scripts/perf/history-retention-batched-measure.sql:342: NOTICE:  @@P               Buffers: shared hit=15558 read=261574 dirtied=4051 written=2170, temp read=51239 written=52372
psql:backend/scripts/perf/history-retention-batched-measure.sql:342: NOTICE:  @@P               ->  Subquery Scan on ranked  (cost=1120713.46..1573035.42 rows=554264 width=56) (actual time=10110.218..25336.036 rows=120000 loops=1)
psql:backend/scripts/perf/history-retention-batched-measure.sql:342: NOTICE:  @@P                     Filter: (ranked.rn > 1)
psql:backend/scripts/perf/history-retention-batched-measure.sql:342: NOTICE:  @@P                     Rows Removed by Filter: 3856230
psql:backend/scripts/perf/history-retention-batched-measure.sql:342: NOTICE:  @@P                     Buffers: shared hit=15558 read=261574 dirtied=4051 written=2170, temp read=51239 written=51338
psql:backend/scripts/perf/history-retention-batched-measure.sql:342: NOTICE:  @@P                     ->  WindowAgg  (cost=1120713.46..1552250.52 rows=1662792 width=73) (actual time=10110.126..25106.310 rows=3976230 loops=1)
psql:backend/scripts/perf/history-retention-batched-measure.sql:342: NOTICE:  @@P                           Buffers: shared hit=15558 read=261574 dirtied=4051 written=2170, temp read=51239 written=51338
psql:backend/scripts/perf/history-retention-batched-measure.sql:342: NOTICE:  @@P                           ->  Incremental Sort  (cost=1120713.46..1444169.04 rows=1662792 width=65) (actual time=10110.120..22574.475 rows=3976230 loops=1)
psql:backend/scripts/perf/history-retention-batched-measure.sql:342: NOTICE:  @@P                                 Sort Key: recent.output_id, (CASE WHEN (EXTRACT(epoch FROM ('2026-10-10 05:00:00+00'::timestamp with time zone - recent.captured_at)) < '86400'::numeric) THEN 0 WHEN (EXTRACT(epoch FROM ('2026-10-10 05:00:00+00'::timestamp with time zone - recent.captured_at)) < '604800'::numeric) THEN 1 ELSE 2 END), (floor((EXTRACT(epoch FROM recent.captured_at) / (CASE WHEN (EXTRACT(epoch FROM ('2026-10-10 05:00:00+00'::timestamp with time zone - recent.captured_at)) < '86400'::numeric) THEN '300'::bigint WHEN (EXTRACT(epoch FROM ('2026-10-10 05:00:00+00'::timestamp with time zone - recent.captured_at)) < '604800'::numeric) THEN '3600'::bigint ELSE '86400'::bigint END)::numeric))), recent.captured_at DESC, recent.id DESC
psql:backend/scripts/perf/history-retention-batched-measure.sql:342: NOTICE:  @@P                                 Presorted Key: recent.output_id
psql:backend/scripts/perf/history-retention-batched-measure.sql:342: NOTICE:  @@P                                 Full-sort Groups: 10000  Sort Method: quicksort  Average Memory: 29kB  Peak Memory: 29kB
psql:backend/scripts/perf/history-retention-batched-measure.sql:342: NOTICE:  @@P                                 Pre-sorted Groups: 10000  Sort Method: quicksort  Average Memory: 49kB  Peak Memory: 50kB
psql:backend/scripts/perf/history-retention-batched-measure.sql:342: NOTICE:  @@P                                 Buffers: shared hit=15558 read=261574 dirtied=4051 written=2170, temp read=51239 written=51338
psql:backend/scripts/perf/history-retention-batched-measure.sql:342: NOTICE:  @@P                                 ->  Subquery Scan on recent  (cost=1120683.05..1361787.89 rows=1662792 width=65) (actual time=10109.634..16812.302 rows=3976230 loops=1)
psql:backend/scripts/perf/history-retention-batched-measure.sql:342: NOTICE:  @@P                                       Filter: (recent.recency > 101)
psql:backend/scripts/perf/history-retention-batched-measure.sql:342: NOTICE:  @@P                                       Rows Removed by Filter: 1010000
psql:backend/scripts/perf/history-retention-batched-measure.sql:342: NOTICE:  @@P                                       Buffers: shared hit=15558 read=261574 dirtied=4051 written=2170, temp read=51239 written=51338
psql:backend/scripts/perf/history-retention-batched-measure.sql:342: NOTICE:  @@P                                       ->  WindowAgg  (cost=1120683.05..1232921.51 rows=4988376 width=37) (actual time=10109.596..13233.762 rows=4986230 loops=1)
psql:backend/scripts/perf/history-retention-batched-measure.sql:342: NOTICE:  @@P                                             Buffers: shared hit=15558 read=261574 dirtied=4051 written=2170, temp read=51239 written=51338
psql:backend/scripts/perf/history-retention-batched-measure.sql:342: NOTICE:  @@P                                             ->  Sort  (cost=1120683.05..1133153.99 rows=4988376 width=29) (actual time=10109.569..11328.425 rows=4986230 loops=1)
psql:backend/scripts/perf/history-retention-batched-measure.sql:342: NOTICE:  @@P                                                   Sort Key: output_snapshot_history_1.output_id, output_snapshot_history_1.captured_at DESC, output_snapshot_history_1.id DESC
psql:backend/scripts/perf/history-retention-batched-measure.sql:342: NOTICE:  @@P                                                   Sort Method: external merge  Disk: 204984kB
psql:backend/scripts/perf/history-retention-batched-measure.sql:342: NOTICE:  @@P                                                   Buffers: shared hit=15558 read=261574 dirtied=4051 written=2170, temp read=51239 written=51338
psql:backend/scripts/perf/history-retention-batched-measure.sql:342: NOTICE:  @@P                                                   ->  Seq Scan on output_snapshot_history output_snapshot_history_1  (cost=0.00..327015.76 rows=4988376 width=29) (actual time=0.018..1486.191 rows=4986230 loops=1)
psql:backend/scripts/perf/history-retention-batched-measure.sql:342: NOTICE:  @@P                                                         Buffers: shared hit=15558 read=261574 dirtied=4051 written=2170
psql:backend/scripts/perf/history-retention-batched-measure.sql:342: NOTICE:  @@P Planning:
psql:backend/scripts/perf/history-retention-batched-measure.sql:342: NOTICE:  @@P   Buffers: shared hit=2 read=6 written=6
psql:backend/scripts/perf/history-retention-batched-measure.sql:342: NOTICE:  @@P Planning Time: 0.164 ms
psql:backend/scripts/perf/history-retention-batched-measure.sql:342: NOTICE:  @@P JIT:
psql:backend/scripts/perf/history-retention-batched-measure.sql:342: NOTICE:  @@P   Functions: 22
psql:backend/scripts/perf/history-retention-batched-measure.sql:342: NOTICE:  @@P   Options: Inlining true, Optimization true, Expressions true, Deforming true
psql:backend/scripts/perf/history-retention-batched-measure.sql:342: NOTICE:  @@P   Timing: Generation 0.692 ms, Inlining 9.387 ms, Optimization 89.054 ms, Emission 30.313 ms, Total 129.446 ms
psql:backend/scripts/perf/history-retention-batched-measure.sql:342: NOTICE:  @@P Execution Time: 29429.198 ms
 perf_explain 
--------------
 
(1 row)

ROLLBACK
BEGIN
 ?column? 
----------
        1
(1 row)

psql:backend/scripts/perf/history-retention-batched-measure.sql:342: NOTICE:  @@LOCK run=3 repo=2 acquired=t
psql:backend/scripts/perf/history-retention-batched-measure.sql:342: NOTICE:  @@STMT run=3 repo=2 seq=10 label=payload disallowed-tier
psql:backend/scripts/perf/history-retention-batched-measure.sql:342: NOTICE:  @@P Delete on node_payload_history h  (cost=137.63..857.57 rows=0 width=0) (actual time=2.925..2.928 rows=0 loops=1)
psql:backend/scripts/perf/history-retention-batched-measure.sql:342: NOTICE:  @@P   Buffers: shared hit=299 read=735 dirtied=87
psql:backend/scripts/perf/history-retention-batched-measure.sql:342: NOTICE:  @@P   ->  Hash Anti Join  (cost=137.63..857.57 rows=2034 width=18) (actual time=1.529..2.695 rows=47 loops=1)
psql:backend/scripts/perf/history-retention-batched-measure.sql:342: NOTICE:  @@P         Hash Cond: (h.pipeline_id = p.id)
psql:backend/scripts/perf/history-retention-batched-measure.sql:342: NOTICE:  @@P         Buffers: shared hit=32 read=686 dirtied=42
psql:backend/scripts/perf/history-retention-batched-measure.sql:342: NOTICE:  @@P         ->  Seq Scan on node_payload_history h  (cost=0.00..691.01 rows=2901 width=11) (actual time=0.004..1.643 rows=2901 loops=1)
psql:backend/scripts/perf/history-retention-batched-measure.sql:342: NOTICE:  @@P               Buffers: shared hit=1 read=661 dirtied=42
psql:backend/scripts/perf/history-retention-batched-measure.sql:342: NOTICE:  @@P         ->  Hash  (cost=125.18..125.18 rows=996 width=17) (actual time=0.745..0.747 rows=996 loops=1)
psql:backend/scripts/perf/history-retention-batched-measure.sql:342: NOTICE:  @@P               Buckets: 1024  Batches: 1  Memory Usage: 57kB
psql:backend/scripts/perf/history-retention-batched-measure.sql:342: NOTICE:  @@P               Buffers: shared hit=31 read=25
psql:backend/scripts/perf/history-retention-batched-measure.sql:342: NOTICE:  @@P               ->  Hash Join  (cost=48.06..125.18 rows=996 width=17) (actual time=0.174..0.674 rows=996 loops=1)
psql:backend/scripts/perf/history-retention-batched-measure.sql:342: NOTICE:  @@P                     Hash Cond: (p.owner_id = u.id)
psql:backend/scripts/perf/history-retention-batched-measure.sql:342: NOTICE:  @@P                     Buffers: shared hit=31 read=25
psql:backend/scripts/perf/history-retention-batched-measure.sql:342: NOTICE:  @@P                     ->  Seq Scan on pipelines p  (cost=0.00..68.34 rows=3334 width=27) (actual time=0.004..0.240 rows=3334 loops=1)
psql:backend/scripts/perf/history-retention-batched-measure.sql:342: NOTICE:  @@P                           Buffers: shared hit=13 read=22
psql:backend/scripts/perf/history-retention-batched-measure.sql:342: NOTICE:  @@P                     ->  Hash  (cost=41.84..41.84 rows=498 width=22) (actual time=0.167..0.167 rows=498 loops=1)
psql:backend/scripts/perf/history-retention-batched-measure.sql:342: NOTICE:  @@P                           Buckets: 1024  Batches: 1  Memory Usage: 35kB
psql:backend/scripts/perf/history-retention-batched-measure.sql:342: NOTICE:  @@P                           Buffers: shared hit=18 read=3
psql:backend/scripts/perf/history-retention-batched-measure.sql:342: NOTICE:  @@P                           ->  Seq Scan on users u  (cost=0.00..41.84 rows=498 width=22) (actual time=0.004..0.138 rows=498 loops=1)
psql:backend/scripts/perf/history-retention-batched-measure.sql:342: NOTICE:  @@P                                 Filter: (tier = ANY ('{beta,owner}'::text[]))
psql:backend/scripts/perf/history-retention-batched-measure.sql:342: NOTICE:  @@P                                 Rows Removed by Filter: 1169
psql:backend/scripts/perf/history-retention-batched-measure.sql:342: NOTICE:  @@P                                 Buffers: shared hit=18 read=3
psql:backend/scripts/perf/history-retention-batched-measure.sql:342: NOTICE:  @@P Planning:
psql:backend/scripts/perf/history-retention-batched-measure.sql:342: NOTICE:  @@P   Buffers: shared hit=22 read=5 dirtied=1
psql:backend/scripts/perf/history-retention-batched-measure.sql:342: NOTICE:  @@P Planning Time: 0.255 ms
psql:backend/scripts/perf/history-retention-batched-measure.sql:342: NOTICE:  @@P Trigger for constraint output_snapshot_history_payload_id_fkey: time=3.390 calls=47
psql:backend/scripts/perf/history-retention-batched-measure.sql:342: NOTICE:  @@P Execution Time: 6.342 ms
psql:backend/scripts/perf/history-retention-batched-measure.sql:342: NOTICE:  @@STMT run=3 repo=2 seq=20 label=payload age purge beta
psql:backend/scripts/perf/history-retention-batched-measure.sql:342: NOTICE:  @@P Delete on node_payload_history h  (cost=0.84..49.06 rows=0 width=0) (actual time=0.069..0.070 rows=0 loops=1)
psql:backend/scripts/perf/history-retention-batched-measure.sql:342: NOTICE:  @@P   Buffers: shared hit=31 read=4
psql:backend/scripts/perf/history-retention-batched-measure.sql:342: NOTICE:  @@P   ->  Nested Loop  (cost=0.84..49.06 rows=1 width=18) (actual time=0.032..0.062 rows=4 loops=1)
psql:backend/scripts/perf/history-retention-batched-measure.sql:342: NOTICE:  @@P         Buffers: shared hit=23 read=4
psql:backend/scripts/perf/history-retention-batched-measure.sql:342: NOTICE:  @@P         ->  Nested Loop  (cost=0.56..47.71 rows=4 width=28) (actual time=0.025..0.044 rows=4 loops=1)
psql:backend/scripts/perf/history-retention-batched-measure.sql:342: NOTICE:  @@P               Buffers: shared hit=12 read=3
psql:backend/scripts/perf/history-retention-batched-measure.sql:342: NOTICE:  @@P               ->  Index Scan using idx_node_payload_history_captured_at on node_payload_history h  (cost=0.28..14.52 rows=4 width=11) (actual time=0.019..0.020 rows=4 loops=1)
psql:backend/scripts/perf/history-retention-batched-measure.sql:342: NOTICE:  @@P                     Index Cond: (captured_at < '2026-10-03 05:00:00+00'::timestamp with time zone)
psql:backend/scripts/perf/history-retention-batched-measure.sql:342: NOTICE:  @@P                     Buffers: shared hit=1 read=2
psql:backend/scripts/perf/history-retention-batched-measure.sql:342: NOTICE:  @@P               ->  Index Scan using pipelines_pkey on pipelines p  (cost=0.28..8.30 rows=1 width=27) (actual time=0.005..0.005 rows=1 loops=4)
psql:backend/scripts/perf/history-retention-batched-measure.sql:342: NOTICE:  @@P                     Index Cond: (id = h.pipeline_id)
psql:backend/scripts/perf/history-retention-batched-measure.sql:342: NOTICE:  @@P                     Buffers: shared hit=11 read=1
psql:backend/scripts/perf/history-retention-batched-measure.sql:342: NOTICE:  @@P         ->  Index Scan using users_pkey on users u  (cost=0.28..0.34 rows=1 width=22) (actual time=0.004..0.004 rows=1 loops=4)
psql:backend/scripts/perf/history-retention-batched-measure.sql:342: NOTICE:  @@P               Index Cond: (id = p.owner_id)
psql:backend/scripts/perf/history-retention-batched-measure.sql:342: NOTICE:  @@P               Filter: (tier = 'beta'::text)
psql:backend/scripts/perf/history-retention-batched-measure.sql:342: NOTICE:  @@P               Buffers: shared hit=11 read=1
psql:backend/scripts/perf/history-retention-batched-measure.sql:342: NOTICE:  @@P Planning:
psql:backend/scripts/perf/history-retention-batched-measure.sql:342: NOTICE:  @@P   Buffers: shared hit=27
psql:backend/scripts/perf/history-retention-batched-measure.sql:342: NOTICE:  @@P Planning Time: 0.283 ms
psql:backend/scripts/perf/history-retention-batched-measure.sql:342: NOTICE:  @@P Trigger for constraint output_snapshot_history_payload_id_fkey: time=0.289 calls=4
psql:backend/scripts/perf/history-retention-batched-measure.sql:342: NOTICE:  @@P Execution Time: 0.377 ms
psql:backend/scripts/perf/history-retention-batched-measure.sql:342: NOTICE:  @@STMT run=3 repo=2 seq=30 label=payload newest-N beta
psql:backend/scripts/perf/history-retention-batched-measure.sql:342: NOTICE:  @@P Delete on node_payload_history  (cost=909.80..1611.10 rows=0 width=0) (actual time=52.703..52.708 rows=0 loops=1)
psql:backend/scripts/perf/history-retention-batched-measure.sql:342: NOTICE:  @@P   Buffers: shared hit=1506 read=20 dirtied=18
psql:backend/scripts/perf/history-retention-batched-measure.sql:342: NOTICE:  @@P   ->  Hash Semi Join  (cost=909.80..1611.10 rows=241 width=46) (actual time=51.805..52.578 rows=25 loops=1)
psql:backend/scripts/perf/history-retention-batched-measure.sql:342: NOTICE:  @@P         Hash Cond: (node_payload_history.id = ranked.id)
psql:backend/scripts/perf/history-retention-batched-measure.sql:342: NOTICE:  @@P         Buffers: shared hit=1380
psql:backend/scripts/perf/history-retention-batched-measure.sql:342: NOTICE:  @@P         ->  Seq Scan on node_payload_history  (cost=0.00..691.01 rows=2901 width=22) (actual time=0.004..0.682 rows=2850 loops=1)
psql:backend/scripts/perf/history-retention-batched-measure.sql:342: NOTICE:  @@P               Buffers: shared hit=662
psql:backend/scripts/perf/history-retention-batched-measure.sql:342: NOTICE:  @@P         ->  Hash  (cost=906.78..906.78 rows=241 width=56) (actual time=51.717..51.721 rows=25 loops=1)
psql:backend/scripts/perf/history-retention-batched-measure.sql:342: NOTICE:  @@P               Buckets: 1024  Batches: 1  Memory Usage: 11kB
psql:backend/scripts/perf/history-retention-batched-measure.sql:342: NOTICE:  @@P               Buffers: shared hit=718
psql:backend/scripts/perf/history-retention-batched-measure.sql:342: NOTICE:  @@P               ->  Subquery Scan on ranked  (cost=877.90..906.78 rows=241 width=56) (actual time=51.331..51.713 rows=25 loops=1)
psql:backend/scripts/perf/history-retention-batched-measure.sql:342: NOTICE:  @@P                     Filter: (ranked.rn > 10)
psql:backend/scripts/perf/history-retention-batched-measure.sql:342: NOTICE:  @@P                     Rows Removed by Filter: 1650
psql:backend/scripts/perf/history-retention-batched-measure.sql:342: NOTICE:  @@P                     Buffers: shared hit=718
psql:backend/scripts/perf/history-retention-batched-measure.sql:342: NOTICE:  @@P                     ->  WindowAgg  (cost=877.90..897.76 rows=722 width=74) (actual time=51.316..51.654 rows=1675 loops=1)
psql:backend/scripts/perf/history-retention-batched-measure.sql:342: NOTICE:  @@P                           Buffers: shared hit=718
psql:backend/scripts/perf/history-retention-batched-measure.sql:342: NOTICE:  @@P                           ->  Sort  (cost=877.90..879.71 rows=722 width=66) (actual time=51.307..51.351 rows=1675 loops=1)
psql:backend/scripts/perf/history-retention-batched-measure.sql:342: NOTICE:  @@P                                 Sort Key: h.pipeline_id, h.node_step_id, h.root_id, h.captured_at DESC, h.id DESC
psql:backend/scripts/perf/history-retention-batched-measure.sql:342: NOTICE:  @@P                                 Sort Method: quicksort  Memory: 153kB
psql:backend/scripts/perf/history-retention-batched-measure.sql:342: NOTICE:  @@P                                 Buffers: shared hit=718
psql:backend/scripts/perf/history-retention-batched-measure.sql:342: NOTICE:  @@P                                 ->  Hash Join  (cost=134.51..843.62 rows=722 width=66) (actual time=1.094..2.419 rows=1675 loops=1)
psql:backend/scripts/perf/history-retention-batched-measure.sql:342: NOTICE:  @@P                                       Hash Cond: (h.pipeline_id = p.id)
psql:backend/scripts/perf/history-retention-batched-measure.sql:342: NOTICE:  @@P                                       Buffers: shared hit=718
psql:backend/scripts/perf/history-retention-batched-measure.sql:342: NOTICE:  @@P                                       ->  Seq Scan on node_payload_history h  (cost=0.00..691.01 rows=2901 width=66) (actual time=0.001..0.493 rows=2850 loops=1)
psql:backend/scripts/perf/history-retention-batched-measure.sql:342: NOTICE:  @@P                                             Buffers: shared hit=662
psql:backend/scripts/perf/history-retention-batched-measure.sql:342: NOTICE:  @@P                                       ->  Hash  (cost=124.14..124.14 rows=830 width=5) (actual time=1.089..1.091 rows=830 loops=1)
psql:backend/scripts/perf/history-retention-batched-measure.sql:342: NOTICE:  @@P                                             Buckets: 1024  Batches: 1  Memory Usage: 39kB
psql:backend/scripts/perf/history-retention-batched-measure.sql:342: NOTICE:  @@P                                             Buffers: shared hit=56
psql:backend/scripts/perf/history-retention-batched-measure.sql:342: NOTICE:  @@P                                             ->  Hash Join  (cost=47.03..124.14 rows=830 width=5) (actual time=0.374..0.984 rows=830 loops=1)
psql:backend/scripts/perf/history-retention-batched-measure.sql:342: NOTICE:  @@P                                                   Hash Cond: (p.owner_id = u.id)
psql:backend/scripts/perf/history-retention-batched-measure.sql:342: NOTICE:  @@P                                                   Buffers: shared hit=56
psql:backend/scripts/perf/history-retention-batched-measure.sql:342: NOTICE:  @@P                                                   ->  Seq Scan on pipelines p  (cost=0.00..68.34 rows=3334 width=21) (actual time=0.002..0.338 rows=3334 loops=1)
psql:backend/scripts/perf/history-retention-batched-measure.sql:342: NOTICE:  @@P                                                         Buffers: shared hit=35
psql:backend/scripts/perf/history-retention-batched-measure.sql:342: NOTICE:  @@P                                                   ->  Hash  (cost=41.84..41.84 rows=415 width=16) (actual time=0.368..0.369 rows=415 loops=1)
psql:backend/scripts/perf/history-retention-batched-measure.sql:342: NOTICE:  @@P                                                         Buckets: 1024  Batches: 1  Memory Usage: 28kB
psql:backend/scripts/perf/history-retention-batched-measure.sql:342: NOTICE:  @@P                                                         Buffers: shared hit=21
psql:backend/scripts/perf/history-retention-batched-measure.sql:342: NOTICE:  @@P                                                         ->  Seq Scan on users u  (cost=0.00..41.84 rows=415 width=16) (actual time=0.005..0.327 rows=415 loops=1)
psql:backend/scripts/perf/history-retention-batched-measure.sql:342: NOTICE:  @@P                                                               Filter: (tier = 'beta'::text)
psql:backend/scripts/perf/history-retention-batched-measure.sql:342: NOTICE:  @@P                                                               Rows Removed by Filter: 1252
psql:backend/scripts/perf/history-retention-batched-measure.sql:342: NOTICE:  @@P                                                               Buffers: shared hit=21
psql:backend/scripts/perf/history-retention-batched-measure.sql:342: NOTICE:  @@P Planning:
psql:backend/scripts/perf/history-retention-batched-measure.sql:342: NOTICE:  @@P   Buffers: shared hit=30 read=3
psql:backend/scripts/perf/history-retention-batched-measure.sql:342: NOTICE:  @@P Planning Time: 0.327 ms
psql:backend/scripts/perf/history-retention-batched-measure.sql:342: NOTICE:  @@P Trigger for constraint output_snapshot_history_payload_id_fkey: time=1.321 calls=25
psql:backend/scripts/perf/history-retention-batched-measure.sql:342: NOTICE:  @@P Execution Time: 54.066 ms
psql:backend/scripts/perf/history-retention-batched-measure.sql:342: NOTICE:  @@STMT run=3 repo=2 seq=40 label=payload age purge owner
psql:backend/scripts/perf/history-retention-batched-measure.sql:342: NOTICE:  @@P Delete on node_payload_history h  (cost=0.84..16.94 rows=0 width=0) (actual time=0.004..0.004 rows=0 loops=1)
psql:backend/scripts/perf/history-retention-batched-measure.sql:342: NOTICE:  @@P   Buffers: shared hit=2
psql:backend/scripts/perf/history-retention-batched-measure.sql:342: NOTICE:  @@P   ->  Nested Loop  (cost=0.84..16.94 rows=1 width=18) (actual time=0.003..0.004 rows=0 loops=1)
psql:backend/scripts/perf/history-retention-batched-measure.sql:342: NOTICE:  @@P         Buffers: shared hit=2
psql:backend/scripts/perf/history-retention-batched-measure.sql:342: NOTICE:  @@P         ->  Nested Loop  (cost=0.56..16.60 rows=1 width=28) (actual time=0.003..0.003 rows=0 loops=1)
psql:backend/scripts/perf/history-retention-batched-measure.sql:342: NOTICE:  @@P               Buffers: shared hit=2
psql:backend/scripts/perf/history-retention-batched-measure.sql:342: NOTICE:  @@P               ->  Index Scan using idx_node_payload_history_captured_at on node_payload_history h  (cost=0.28..8.30 rows=1 width=11) (actual time=0.003..0.003 rows=0 loops=1)
psql:backend/scripts/perf/history-retention-batched-measure.sql:342: NOTICE:  @@P                     Index Cond: (captured_at < '2026-09-10 05:00:00+00'::timestamp with time zone)
psql:backend/scripts/perf/history-retention-batched-measure.sql:342: NOTICE:  @@P                     Buffers: shared hit=2
psql:backend/scripts/perf/history-retention-batched-measure.sql:342: NOTICE:  @@P               ->  Index Scan using pipelines_pkey on pipelines p  (cost=0.28..8.30 rows=1 width=27) (never executed)
psql:backend/scripts/perf/history-retention-batched-measure.sql:342: NOTICE:  @@P                     Index Cond: (id = h.pipeline_id)
psql:backend/scripts/perf/history-retention-batched-measure.sql:342: NOTICE:  @@P         ->  Index Scan using users_pkey on users u  (cost=0.28..0.34 rows=1 width=22) (never executed)
psql:backend/scripts/perf/history-retention-batched-measure.sql:342: NOTICE:  @@P               Index Cond: (id = p.owner_id)
psql:backend/scripts/perf/history-retention-batched-measure.sql:342: NOTICE:  @@P               Filter: (tier = 'owner'::text)
psql:backend/scripts/perf/history-retention-batched-measure.sql:342: NOTICE:  @@P Planning:
psql:backend/scripts/perf/history-retention-batched-measure.sql:342: NOTICE:  @@P   Buffers: shared hit=27
psql:backend/scripts/perf/history-retention-batched-measure.sql:342: NOTICE:  @@P Planning Time: 0.240 ms
psql:backend/scripts/perf/history-retention-batched-measure.sql:342: NOTICE:  @@P Execution Time: 0.017 ms
psql:backend/scripts/perf/history-retention-batched-measure.sql:342: NOTICE:  @@STMT run=3 repo=2 seq=50 label=payload newest-N owner
psql:backend/scripts/perf/history-retention-batched-measure.sql:342: NOTICE:  @@P Delete on node_payload_history  (cost=370.59..651.57 rows=0 width=0) (actual time=2.486..2.488 rows=0 loops=1)
psql:backend/scripts/perf/history-retention-batched-measure.sql:342: NOTICE:  @@P   Buffers: shared hit=1587 read=36 dirtied=5
psql:backend/scripts/perf/history-retention-batched-measure.sql:342: NOTICE:  @@P   ->  Nested Loop  (cost=370.59..651.57 rows=48 width=46) (actual time=2.430..2.446 rows=5 loops=1)
psql:backend/scripts/perf/history-retention-batched-measure.sql:342: NOTICE:  @@P         Buffers: shared hit=1546 read=31
psql:backend/scripts/perf/history-retention-batched-measure.sql:342: NOTICE:  @@P         ->  HashAggregate  (cost=370.31..370.79 rows=48 width=56) (actual time=2.425..2.427 rows=5 loops=1)
psql:backend/scripts/perf/history-retention-batched-measure.sql:342: NOTICE:  @@P               Group Key: ranked.id
psql:backend/scripts/perf/history-retention-batched-measure.sql:342: NOTICE:  @@P               Batches: 1  Memory Usage: 24kB
psql:backend/scripts/perf/history-retention-batched-measure.sql:342: NOTICE:  @@P               Buffers: shared hit=1535 read=27
psql:backend/scripts/perf/history-retention-batched-measure.sql:342: NOTICE:  @@P               ->  Subquery Scan on ranked  (cost=364.43..370.19 rows=48 width=56) (actual time=2.210..2.423 rows=5 loops=1)
psql:backend/scripts/perf/history-retention-batched-measure.sql:342: NOTICE:  @@P                     Filter: (ranked.rn > 30)
psql:backend/scripts/perf/history-retention-batched-measure.sql:342: NOTICE:  @@P                     Rows Removed by Filter: 1170
psql:backend/scripts/perf/history-retention-batched-measure.sql:342: NOTICE:  @@P                     Buffers: shared hit=1535 read=27
psql:backend/scripts/perf/history-retention-batched-measure.sql:342: NOTICE:  @@P                     ->  WindowAgg  (cost=364.43..368.39 rows=144 width=74) (actual time=2.168..2.384 rows=1175 loops=1)
psql:backend/scripts/perf/history-retention-batched-measure.sql:342: NOTICE:  @@P                           Buffers: shared hit=1535 read=27
psql:backend/scripts/perf/history-retention-batched-measure.sql:342: NOTICE:  @@P                           ->  Sort  (cost=364.43..364.79 rows=144 width=66) (actual time=2.164..2.192 rows=1175 loops=1)
psql:backend/scripts/perf/history-retention-batched-measure.sql:342: NOTICE:  @@P                                 Sort Key: h.pipeline_id, h.node_step_id, h.root_id, h.captured_at DESC, h.id DESC
psql:backend/scripts/perf/history-retention-batched-measure.sql:342: NOTICE:  @@P                                 Sort Method: quicksort  Memory: 122kB
psql:backend/scripts/perf/history-retention-batched-measure.sql:342: NOTICE:  @@P                                 Buffers: shared hit=1535 read=27
psql:backend/scripts/perf/history-retention-batched-measure.sql:342: NOTICE:  @@P                                 ->  Nested Loop  (cost=43.16..359.27 rows=144 width=66) (actual time=0.203..1.586 rows=1175 loops=1)
psql:backend/scripts/perf/history-retention-batched-measure.sql:342: NOTICE:  @@P                                       Buffers: shared hit=1535 read=27
psql:backend/scripts/perf/history-retention-batched-measure.sql:342: NOTICE:  @@P                                       ->  Hash Join  (cost=42.88..119.99 rows=166 width=5) (actual time=0.169..0.598 rows=166 loops=1)
psql:backend/scripts/perf/history-retention-batched-measure.sql:342: NOTICE:  @@P                                             Hash Cond: (p.owner_id = u.id)
psql:backend/scripts/perf/history-retention-batched-measure.sql:342: NOTICE:  @@P                                             Buffers: shared hit=56
psql:backend/scripts/perf/history-retention-batched-measure.sql:342: NOTICE:  @@P                                             ->  Seq Scan on pipelines p  (cost=0.00..68.34 rows=3334 width=21) (actual time=0.005..0.267 rows=3334 loops=1)
psql:backend/scripts/perf/history-retention-batched-measure.sql:342: NOTICE:  @@P                                                   Buffers: shared hit=35
psql:backend/scripts/perf/history-retention-batched-measure.sql:342: NOTICE:  @@P                                             ->  Hash  (cost=41.84..41.84 rows=83 width=16) (actual time=0.152..0.152 rows=83 loops=1)
psql:backend/scripts/perf/history-retention-batched-measure.sql:342: NOTICE:  @@P                                                   Buckets: 1024  Batches: 1  Memory Usage: 12kB
psql:backend/scripts/perf/history-retention-batched-measure.sql:342: NOTICE:  @@P                                                   Buffers: shared hit=21
psql:backend/scripts/perf/history-retention-batched-measure.sql:342: NOTICE:  @@P                                                   ->  Seq Scan on users u  (cost=0.00..41.84 rows=83 width=16) (actual time=0.004..0.143 rows=83 loops=1)
psql:backend/scripts/perf/history-retention-batched-measure.sql:342: NOTICE:  @@P                                                         Filter: (tier = 'owner'::text)
psql:backend/scripts/perf/history-retention-batched-measure.sql:342: NOTICE:  @@P                                                         Rows Removed by Filter: 1584
psql:backend/scripts/perf/history-retention-batched-measure.sql:342: NOTICE:  @@P                                                         Buffers: shared hit=21
psql:backend/scripts/perf/history-retention-batched-measure.sql:342: NOTICE:  @@P                                       ->  Index Scan using idx_node_payload_history_node_captured on node_payload_history h  (cost=0.28..1.32 rows=12 width=66) (actual time=0.002..0.005 rows=7 loops=166)
psql:backend/scripts/perf/history-retention-batched-measure.sql:342: NOTICE:  @@P                                             Index Cond: (pipeline_id = p.id)
psql:backend/scripts/perf/history-retention-batched-measure.sql:342: NOTICE:  @@P                                             Buffers: shared hit=1479 read=27
psql:backend/scripts/perf/history-retention-batched-measure.sql:342: NOTICE:  @@P         ->  Index Scan using node_payload_history_pkey on node_payload_history  (cost=0.28..5.96 rows=1 width=22) (actual time=0.003..0.003 rows=1 loops=5)
psql:backend/scripts/perf/history-retention-batched-measure.sql:342: NOTICE:  @@P               Index Cond: (id = ranked.id)
psql:backend/scripts/perf/history-retention-batched-measure.sql:342: NOTICE:  @@P               Buffers: shared hit=11 read=4
psql:backend/scripts/perf/history-retention-batched-measure.sql:342: NOTICE:  @@P Planning:
psql:backend/scripts/perf/history-retention-batched-measure.sql:342: NOTICE:  @@P   Buffers: shared hit=33
psql:backend/scripts/perf/history-retention-batched-measure.sql:342: NOTICE:  @@P Planning Time: 0.271 ms
psql:backend/scripts/perf/history-retention-batched-measure.sql:342: NOTICE:  @@P Trigger for constraint output_snapshot_history_payload_id_fkey: time=0.237 calls=5
psql:backend/scripts/perf/history-retention-batched-measure.sql:342: NOTICE:  @@P Execution Time: 2.753 ms
psql:backend/scripts/perf/history-retention-batched-measure.sql:342: NOTICE:  @@STMT run=3 repo=2 seq=60 label=payload unreferenced
psql:backend/scripts/perf/history-retention-batched-measure.sql:342: NOTICE:  @@P Delete on node_payload_history h  (cost=858.14..1033.72 rows=0 width=0) (actual time=10.173..10.174 rows=0 loops=1)
psql:backend/scripts/perf/history-retention-batched-measure.sql:342: NOTICE:  @@P   Buffers: shared hit=1590 read=2274
psql:backend/scripts/perf/history-retention-batched-measure.sql:342: NOTICE:  @@P   ->  Merge Right Anti Join  (cost=858.14..1033.72 rows=2611 width=12) (actual time=10.172..10.173 rows=0 loops=1)
psql:backend/scripts/perf/history-retention-batched-measure.sql:342: NOTICE:  @@P         Merge Cond: (o.payload_id = h.id)
psql:backend/scripts/perf/history-retention-batched-measure.sql:342: NOTICE:  @@P         Buffers: shared hit=1590 read=2274
psql:backend/scripts/perf/history-retention-batched-measure.sql:342: NOTICE:  @@P         ->  Index Scan using idx_output_snapshot_history_payload on output_snapshot_history o  (cost=0.29..32409.59 rows=4988574 width=22) (actual time=0.012..8.083 rows=8460 loops=1)
psql:backend/scripts/perf/history-retention-batched-measure.sql:342: NOTICE:  @@P               Buffers: shared hit=928 read=2274
psql:backend/scripts/perf/history-retention-batched-measure.sql:342: NOTICE:  @@P         ->  Sort  (cost=857.85..865.10 rows=2901 width=22) (actual time=0.928..1.217 rows=2820 loops=1)
psql:backend/scripts/perf/history-retention-batched-measure.sql:342: NOTICE:  @@P               Sort Key: h.id
psql:backend/scripts/perf/history-retention-batched-measure.sql:342: NOTICE:  @@P               Sort Method: quicksort  Memory: 229kB
psql:backend/scripts/perf/history-retention-batched-measure.sql:342: NOTICE:  @@P               Buffers: shared hit=662
psql:backend/scripts/perf/history-retention-batched-measure.sql:342: NOTICE:  @@P               ->  Seq Scan on node_payload_history h  (cost=0.00..691.01 rows=2901 width=22) (actual time=0.002..0.588 rows=2820 loops=1)
psql:backend/scripts/perf/history-retention-batched-measure.sql:342: NOTICE:  @@P                     Buffers: shared hit=662
psql:backend/scripts/perf/history-retention-batched-measure.sql:342: NOTICE:  @@P Planning Time: 0.065 ms
psql:backend/scripts/perf/history-retention-batched-measure.sql:342: NOTICE:  @@P Execution Time: 10.192 ms
 perf_explain 
--------------
 
(1 row)

ROLLBACK
BEGIN
 ?column? 
----------
        1
(1 row)

psql:backend/scripts/perf/history-retention-batched-measure.sql:345: NOTICE:  @@T run=1 repo=1 seq=11 deleted=297 ms=227.25 label=history age purge free
psql:backend/scripts/perf/history-retention-batched-measure.sql:345: NOTICE:  @@T run=1 repo=1 seq=12 deleted=104 ms=92.66 label=history age purge beta
psql:backend/scripts/perf/history-retention-batched-measure.sql:345: NOTICE:  @@T run=1 repo=1 seq=13 deleted=17 ms=0.48 label=history age purge owner
psql:backend/scripts/perf/history-retention-batched-measure.sql:345: NOTICE:  @@T run=1 repo=1 seq=20 deleted=0 ms=0.35 label=history age purge unnamed-tier catch-all
psql:backend/scripts/perf/history-retention-batched-measure.sql:345: NOTICE:  @@T run=1 repo=1 seq=30 deleted=120000 ms=28881.37 label=history thin (protected newest 101)
psql:backend/scripts/perf/history-retention-batched-measure.sql:345: NOTICE:  @@TX run=1 repo=1 lock_hold_ms=29202.98
 perf_time 
-----------
 
(1 row)

ROLLBACK
BEGIN
 ?column? 
----------
        1
(1 row)

psql:backend/scripts/perf/history-retention-batched-measure.sql:345: NOTICE:  @@T run=1 repo=2 seq=10 deleted=47 ms=7.04 label=payload disallowed-tier
psql:backend/scripts/perf/history-retention-batched-measure.sql:345: NOTICE:  @@T run=1 repo=2 seq=20 deleted=4 ms=0.86 label=payload age purge beta
psql:backend/scripts/perf/history-retention-batched-measure.sql:345: NOTICE:  @@T run=1 repo=2 seq=30 deleted=25 ms=5.34 label=payload newest-N beta
psql:backend/scripts/perf/history-retention-batched-measure.sql:345: NOTICE:  @@T run=1 repo=2 seq=40 deleted=0 ms=0.31 label=payload age purge owner
psql:backend/scripts/perf/history-retention-batched-measure.sql:345: NOTICE:  @@T run=1 repo=2 seq=50 deleted=5 ms=3.19 label=payload newest-N owner
psql:backend/scripts/perf/history-retention-batched-measure.sql:345: NOTICE:  @@T run=1 repo=2 seq=60 deleted=0 ms=8.99 label=payload unreferenced
psql:backend/scripts/perf/history-retention-batched-measure.sql:345: NOTICE:  @@TX run=1 repo=2 lock_hold_ms=26.23
 perf_time 
-----------
 
(1 row)

ROLLBACK
BEGIN
 ?column? 
----------
        1
(1 row)

psql:backend/scripts/perf/history-retention-batched-measure.sql:345: NOTICE:  @@T run=2 repo=1 seq=11 deleted=297 ms=207.93 label=history age purge free
psql:backend/scripts/perf/history-retention-batched-measure.sql:345: NOTICE:  @@T run=2 repo=1 seq=12 deleted=104 ms=38.96 label=history age purge beta
psql:backend/scripts/perf/history-retention-batched-measure.sql:345: NOTICE:  @@T run=2 repo=1 seq=13 deleted=17 ms=0.57 label=history age purge owner
psql:backend/scripts/perf/history-retention-batched-measure.sql:345: NOTICE:  @@T run=2 repo=1 seq=20 deleted=0 ms=0.47 label=history age purge unnamed-tier catch-all
psql:backend/scripts/perf/history-retention-batched-measure.sql:345: NOTICE:  @@T run=2 repo=1 seq=30 deleted=120000 ms=28952.38 label=history thin (protected newest 101)
psql:backend/scripts/perf/history-retention-batched-measure.sql:345: NOTICE:  @@TX run=2 repo=1 lock_hold_ms=29200.73
 perf_time 
-----------
 
(1 row)

ROLLBACK
BEGIN
 ?column? 
----------
        1
(1 row)

psql:backend/scripts/perf/history-retention-batched-measure.sql:345: NOTICE:  @@T run=2 repo=2 seq=10 deleted=47 ms=6.59 label=payload disallowed-tier
psql:backend/scripts/perf/history-retention-batched-measure.sql:345: NOTICE:  @@T run=2 repo=2 seq=20 deleted=4 ms=0.62 label=payload age purge beta
psql:backend/scripts/perf/history-retention-batched-measure.sql:345: NOTICE:  @@T run=2 repo=2 seq=30 deleted=25 ms=5.46 label=payload newest-N beta
psql:backend/scripts/perf/history-retention-batched-measure.sql:345: NOTICE:  @@T run=2 repo=2 seq=40 deleted=0 ms=0.31 label=payload age purge owner
psql:backend/scripts/perf/history-retention-batched-measure.sql:345: NOTICE:  @@T run=2 repo=2 seq=50 deleted=5 ms=3.07 label=payload newest-N owner
psql:backend/scripts/perf/history-retention-batched-measure.sql:345: NOTICE:  @@T run=2 repo=2 seq=60 deleted=0 ms=9.01 label=payload unreferenced
psql:backend/scripts/perf/history-retention-batched-measure.sql:345: NOTICE:  @@TX run=2 repo=2 lock_hold_ms=25.69
 perf_time 
-----------
 
(1 row)

ROLLBACK
BEGIN
 ?column? 
----------
        1
(1 row)

psql:backend/scripts/perf/history-retention-batched-measure.sql:345: NOTICE:  @@T run=3 repo=1 seq=11 deleted=297 ms=278.36 label=history age purge free
psql:backend/scripts/perf/history-retention-batched-measure.sql:345: NOTICE:  @@T run=3 repo=1 seq=12 deleted=104 ms=92.08 label=history age purge beta
psql:backend/scripts/perf/history-retention-batched-measure.sql:345: NOTICE:  @@T run=3 repo=1 seq=13 deleted=17 ms=0.51 label=history age purge owner
psql:backend/scripts/perf/history-retention-batched-measure.sql:345: NOTICE:  @@T run=3 repo=1 seq=20 deleted=0 ms=0.32 label=history age purge unnamed-tier catch-all
psql:backend/scripts/perf/history-retention-batched-measure.sql:345: NOTICE:  @@T run=3 repo=1 seq=30 deleted=120000 ms=27433.93 label=history thin (protected newest 101)
psql:backend/scripts/perf/history-retention-batched-measure.sql:345: NOTICE:  @@TX run=3 repo=1 lock_hold_ms=27805.63
 perf_time 
-----------
 
(1 row)

ROLLBACK
BEGIN
 ?column? 
----------
        1
(1 row)

psql:backend/scripts/perf/history-retention-batched-measure.sql:345: NOTICE:  @@T run=3 repo=2 seq=10 deleted=47 ms=14.84 label=payload disallowed-tier
psql:backend/scripts/perf/history-retention-batched-measure.sql:345: NOTICE:  @@T run=3 repo=2 seq=20 deleted=4 ms=0.50 label=payload age purge beta
psql:backend/scripts/perf/history-retention-batched-measure.sql:345: NOTICE:  @@T run=3 repo=2 seq=30 deleted=25 ms=47.92 label=payload newest-N beta
psql:backend/scripts/perf/history-retention-batched-measure.sql:345: NOTICE:  @@T run=3 repo=2 seq=40 deleted=0 ms=0.31 label=payload age purge owner
psql:backend/scripts/perf/history-retention-batched-measure.sql:345: NOTICE:  @@T run=3 repo=2 seq=50 deleted=5 ms=2.77 label=payload newest-N owner
psql:backend/scripts/perf/history-retention-batched-measure.sql:345: NOTICE:  @@T run=3 repo=2 seq=60 deleted=0 ms=8.46 label=payload unreferenced
psql:backend/scripts/perf/history-retention-batched-measure.sql:345: NOTICE:  @@TX run=3 repo=2 lock_hold_ms=75.20
 perf_time 
-----------
 
(1 row)

ROLLBACK
