e2e (1)	Set up job	﻿2026-10-08T00:23:32.8688722Z Current runner version: '2.337.0'
e2e (1)	Set up job	2026-10-08T00:23:32.8705622Z ##[group]Runner Image Provisioner
e2e (1)	Set up job	2026-10-08T00:23:32.8706221Z Hosted Compute Agent
e2e (1)	Set up job	2026-10-08T00:23:32.8706598Z Version: 20260901.588
e2e (1)	Set up job	2026-10-08T00:23:32.8706993Z Commit: <elided>
e2e (1)	Set up job	2026-10-08T00:23:32.8707424Z Build Date: 2026-09-01T19:56:44Z
e2e (1)	Set up job	2026-10-08T00:23:32.8707818Z Worker ID: {2c3dba34-8060-43cd-b63f-2f5c727f595c}
e2e (1)	Set up job	2026-10-08T00:23:32.8708263Z Azure Region: centralus
e2e (1)	Set up job	2026-10-08T00:23:32.8708632Z ##[endgroup]
e2e (1)	Set up job	2026-10-08T00:23:32.8709348Z ##[group]Operating System
e2e (1)	Set up job	2026-10-08T00:23:32.8709771Z Ubuntu
e2e (1)	Set up job	2026-10-08T00:23:32.8710075Z 24.04.5
e2e (1)	Set up job	2026-10-08T00:23:32.8710411Z LTS
e2e (1)	Set up job	2026-10-08T00:23:32.8710741Z ##[endgroup]
e2e (1)	Set up job	2026-10-08T00:23:32.8711050Z ##[group]Runner Image
e2e (1)	Set up job	2026-10-08T00:23:32.8711430Z Image: ubuntu-24.04
e2e (1)	Set up job	2026-10-08T00:23:32.8711761Z Version: 20260927.320.1
e2e (1)	Set up job	2026-10-08T00:23:32.8712548Z Included Software: https://github.com/actions/runner-images/blob/ubuntu24/20260927.320/images/ubuntu/Ubuntu2404-Readme.md
e2e (1)	Set up job	2026-10-08T00:23:32.8713560Z Image Release: https://github.com/actions/runner-images/releases/tag/ubuntu24%2F20260927.320
e2e (1)	Set up job	2026-10-08T00:23:32.8714145Z ##[endgroup]
e2e (1)	Set up job	2026-10-08T00:23:32.8715942Z Contents: read
e2e (1)	Set up job	2026-10-08T00:23:32.8716277Z Metadata: read
e2e (1)	Set up job	2026-10-08T00:23:32.8716639Z ##[endgroup]
e2e (1)	Set up job	2026-10-08T00:23:32.8718400Z Cache mode: write
e2e (1)	Set up job	2026-10-08T00:23:32.8718843Z Prepare workflow directory
e2e (1)	Set up job	2026-10-08T00:23:32.8985970Z Prepare all required actions
e2e (1)	Set up job	2026-10-08T00:23:32.9016946Z Getting action download info
e2e (1)	Set up job	2026-10-08T00:23:33.1711999Z Download action repository 'actions/checkout@v7' (SHA:<elided>)
e2e (1)	Set up job	2026-10-08T00:23:33.2516006Z Download action repository 'actions/setup-java@v6' (SHA:<elided>)
e2e (1)	Set up job	2026-10-08T00:23:34.0185037Z Download action repository 'sbt/setup-sbt@v1' (SHA:<elided>)
e2e (1)	Set up job	2026-10-08T00:23:34.1787749Z Download action repository 'actions/cache@v6' (SHA:<elided>)
e2e (1)	Set up job	2026-10-08T00:23:34.3015607Z Download action repository 'actions/setup-node@v7' (SHA:<elided>)
e2e (1)	Set up job	2026-10-08T00:23:34.3934886Z Download action repository 'actions/upload-artifact@v7' (SHA:<elided>)
e2e (1)	Set up job	2026-10-08T00:23:34.8931032Z Download action repository 'actions/upload-artifact@v4' (SHA:<elided>)
e2e (1)	Set up job	2026-10-08T00:23:35.0970924Z Getting action download info
e2e (1)	Set up job	2026-10-08T00:23:35.2034865Z Download action repository 'actions/cache@<elided>' (SHA:<elided>)
e2e (1)	Set up job	2026-10-08T00:23:35.3376246Z Download action repository 'carabiner-dev/actions@<elided>' (SHA:<elided>)
e2e (1)	Set up job	2026-10-08T00:23:35.5631483Z Getting action download info
e2e (1)	Set up job	2026-10-08T00:23:35.6664183Z Download action repository 'carabiner-dev/actions@<elided>' (SHA:<elided>)
e2e (1)	Set up job	2026-10-08T00:23:35.8380710Z Download action repository 'actions/upload-artifact@<elided>' (SHA:<elided>)
e2e (1)	Set up job	2026-10-08T00:23:35.9365207Z Getting action download info
e2e (1)	Set up job	2026-10-08T00:23:36.0339875Z Download action repository 'carabiner-dev/actions@<elided>' (SHA:<elided>)
e2e (1)	Set up job	2026-10-08T00:23:36.2120743Z Getting action download info
e2e (1)	Set up job	2026-10-08T00:23:36.3041536Z Download action repository 'carabiner-dev/actions@<elided>' (SHA:<elided>)
e2e (1)	Set up job	2026-10-08T00:23:36.5025488Z Getting action download info
e2e (1)	Set up job	2026-10-08T00:23:36.5981583Z Getting action download info
e2e (1)	Set up job	2026-10-08T00:23:36.7505750Z Complete job name: e2e (1)
e2e (1)	Initialize containers	﻿2026-10-08T00:23:36.7835202Z ##[group]Checking docker version
e2e (1)	Initialize containers	2026-10-08T00:23:36.7842690Z ##[command]/usr/bin/docker version --format '{{.Server.APIVersion}}'
e2e (1)	Initialize containers	2026-10-08T00:23:36.8624560Z '1.48'
e2e (1)	Initialize containers	2026-10-08T00:23:36.8637075Z Docker daemon API version: '1.48'
e2e (1)	Initialize containers	2026-10-08T00:23:36.8637329Z ##[command]/usr/bin/docker version --format '{{.Client.APIVersion}}'
e2e (1)	Initialize containers	2026-10-08T00:23:36.8753163Z '1.48'
e2e (1)	Initialize containers	2026-10-08T00:23:36.8763700Z Docker client API version: '1.48'
e2e (1)	Initialize containers	2026-10-08T00:23:36.8767401Z ##[endgroup]
e2e (1)	Initialize containers	2026-10-08T00:23:36.8768506Z ##[group]Clean up resources from previous jobs
e2e (1)	Initialize containers	2026-10-08T00:23:36.8772030Z ##[command]/usr/bin/docker ps --all --quiet --no-trunc --filter "label=edfc76"
e2e (1)	Initialize containers	2026-10-08T00:23:36.8865683Z ##[command]/usr/bin/docker network prune --force --filter "label=edfc76"
e2e (1)	Initialize containers	2026-10-08T00:23:36.8964837Z ##[endgroup]
e2e (1)	Initialize containers	2026-10-08T00:23:36.8965059Z ##[group]Create local container network
e2e (1)	Initialize containers	2026-10-08T00:23:36.8970671Z ##[command]/usr/bin/docker network create --label edfc76 github_network_<elided>
e2e (1)	Initialize containers	2026-10-08T00:23:36.9430595Z <elided>
e2e (1)	Initialize containers	2026-10-08T00:23:36.9447097Z ##[endgroup]
e2e (1)	Initialize containers	2026-10-08T00:23:36.9463536Z ##[group]Starting postgres service container
e2e (1)	Initialize containers	2026-10-08T00:23:36.9478439Z ##[command]/usr/bin/docker pull postgres:16
e2e (1)	Initialize containers	2026-10-08T00:23:37.5062022Z 16: Pulling from library/postgres
e2e (1)	Initialize containers	2026-10-08T00:23:37.7317134Z ecc510c1e359: Pulling fs layer
e2e (1)	Initialize containers	2026-10-08T00:23:37.7317500Z 79faf13a8736: Pulling fs layer
e2e (1)	Initialize containers	2026-10-08T00:23:37.7317707Z 6456bfbf35e7: Pulling fs layer
e2e (1)	Initialize containers	2026-10-08T00:23:37.7317907Z b353db459ed1: Pulling fs layer
e2e (1)	Initialize containers	2026-10-08T00:23:37.7318124Z 99f49de4fe2b: Pulling fs layer
e2e (1)	Initialize containers	2026-10-08T00:23:37.7318303Z 83d1a2a3917c: Pulling fs layer
e2e (1)	Initialize containers	2026-10-08T00:23:37.7318428Z 715ea0948cb1: Pulling fs layer
e2e (1)	Initialize containers	2026-10-08T00:23:37.7318553Z 486e8305f56f: Pulling fs layer
e2e (1)	Initialize containers	2026-10-08T00:23:37.7318680Z e7d675f11ded: Pulling fs layer
e2e (1)	Initialize containers	2026-10-08T00:23:37.7318812Z c49864c27f35: Pulling fs layer
e2e (1)	Initialize containers	2026-10-08T00:23:37.7319011Z 770ef8b308ea: Pulling fs layer
e2e (1)	Initialize containers	2026-10-08T00:23:37.7319137Z 50c25daa0302: Pulling fs layer
e2e (1)	Initialize containers	2026-10-08T00:23:37.7319283Z 8309db3ae5b6: Pulling fs layer
e2e (1)	Initialize containers	2026-10-08T00:23:37.7319406Z 9731e27f2541: Pulling fs layer
e2e (1)	Initialize containers	2026-10-08T00:23:37.7319553Z 83d1a2a3917c: Waiting
e2e (1)	Initialize containers	2026-10-08T00:23:37.7319739Z 715ea0948cb1: Waiting
e2e (1)	Initialize containers	2026-10-08T00:23:37.7319852Z 486e8305f56f: Waiting
e2e (1)	Initialize containers	2026-10-08T00:23:37.7319960Z e7d675f11ded: Waiting
e2e (1)	Initialize containers	2026-10-08T00:23:37.7320070Z c49864c27f35: Waiting
e2e (1)	Initialize containers	2026-10-08T00:23:37.7320178Z 770ef8b308ea: Waiting
e2e (1)	Initialize containers	2026-10-08T00:23:37.7320284Z 50c25daa0302: Waiting
e2e (1)	Initialize containers	2026-10-08T00:23:37.7320415Z 8309db3ae5b6: Waiting
e2e (1)	Initialize containers	2026-10-08T00:23:37.7320570Z 9731e27f2541: Waiting
e2e (1)	Initialize containers	2026-10-08T00:23:37.7320677Z b353db459ed1: Waiting
e2e (1)	Initialize containers	2026-10-08T00:23:37.7320786Z 99f49de4fe2b: Waiting
e2e (1)	Initialize containers	2026-10-08T00:23:37.8759132Z 79faf13a8736: Verifying Checksum
e2e (1)	Initialize containers	2026-10-08T00:23:37.8759438Z 79faf13a8736: Download complete
e2e (1)	Initialize containers	2026-10-08T00:23:37.9735149Z 6456bfbf35e7: Verifying Checksum
e2e (1)	Initialize containers	2026-10-08T00:23:37.9737142Z 6456bfbf35e7: Download complete
e2e (1)	Initialize containers	2026-10-08T00:23:38.0256106Z ecc510c1e359: Verifying Checksum
e2e (1)	Initialize containers	2026-10-08T00:23:38.0256552Z ecc510c1e359: Download complete
e2e (1)	Initialize containers	2026-10-08T00:23:38.0887933Z b353db459ed1: Verifying Checksum
e2e (1)	Initialize containers	2026-10-08T00:23:38.0888346Z b353db459ed1: Download complete
e2e (1)	Initialize containers	2026-10-08T00:23:38.2076897Z 83d1a2a3917c: Verifying Checksum
e2e (1)	Initialize containers	2026-10-08T00:23:38.2077249Z 83d1a2a3917c: Download complete
e2e (1)	Initialize containers	2026-10-08T00:23:38.2300863Z 715ea0948cb1: Verifying Checksum
e2e (1)	Initialize containers	2026-10-08T00:23:38.2301268Z 715ea0948cb1: Download complete
e2e (1)	Initialize containers	2026-10-08T00:23:38.2530034Z 99f49de4fe2b: Verifying Checksum
e2e (1)	Initialize containers	2026-10-08T00:23:38.2530496Z 99f49de4fe2b: Download complete
e2e (1)	Initialize containers	2026-10-08T00:23:38.3344907Z 486e8305f56f: Verifying Checksum
e2e (1)	Initialize containers	2026-10-08T00:23:38.3345136Z 486e8305f56f: Download complete
e2e (1)	Initialize containers	2026-10-08T00:23:38.3944335Z c49864c27f35: Verifying Checksum
e2e (1)	Initialize containers	2026-10-08T00:23:38.3944602Z c49864c27f35: Download complete
e2e (1)	Initialize containers	2026-10-08T00:23:38.4692637Z 770ef8b308ea: Verifying Checksum
e2e (1)	Initialize containers	2026-10-08T00:23:38.4694516Z 770ef8b308ea: Download complete
e2e (1)	Initialize containers	2026-10-08T00:23:38.5217410Z 50c25daa0302: Verifying Checksum
e2e (1)	Initialize containers	2026-10-08T00:23:38.5217791Z 50c25daa0302: Download complete
e2e (1)	Initialize containers	2026-10-08T00:23:38.5862977Z 8309db3ae5b6: Download complete
e2e (1)	Initialize containers	2026-10-08T00:23:38.6503368Z ecc510c1e359: Pull complete
e2e (1)	Initialize containers	2026-10-08T00:23:38.6671325Z 9731e27f2541: Verifying Checksum
e2e (1)	Initialize containers	2026-10-08T00:23:38.6671671Z 9731e27f2541: Download complete
e2e (1)	Initialize containers	2026-10-08T00:23:38.7837294Z e7d675f11ded: Verifying Checksum
e2e (1)	Initialize containers	2026-10-08T00:23:38.7837598Z e7d675f11ded: Download complete
e2e (1)	Initialize containers	2026-10-08T00:23:39.9300744Z 79faf13a8736: Pull complete
e2e (1)	Initialize containers	2026-10-08T00:23:40.1397009Z 6456bfbf35e7: Pull complete
e2e (1)	Initialize containers	2026-10-08T00:23:40.1980297Z b353db459ed1: Pull complete
e2e (1)	Initialize containers	2026-10-08T00:23:40.5093206Z 99f49de4fe2b: Pull complete
e2e (1)	Initialize containers	2026-10-08T00:23:40.5889330Z 83d1a2a3917c: Pull complete
e2e (1)	Initialize containers	2026-10-08T00:23:40.5991950Z 715ea0948cb1: Pull complete
e2e (1)	Initialize containers	2026-10-08T00:23:40.6075720Z 486e8305f56f: Pull complete
e2e (1)	Initialize containers	2026-10-08T00:23:43.8247369Z e7d675f11ded: Pull complete
e2e (1)	Initialize containers	2026-10-08T00:23:43.8333974Z c49864c27f35: Pull complete
e2e (1)	Initialize containers	2026-10-08T00:23:43.8386496Z 770ef8b308ea: Pull complete
e2e (1)	Initialize containers	2026-10-08T00:23:43.8447134Z 50c25daa0302: Pull complete
e2e (1)	Initialize containers	2026-10-08T00:23:43.8509697Z 8309db3ae5b6: Pull complete
e2e (1)	Initialize containers	2026-10-08T00:23:43.8759565Z 9731e27f2541: Pull complete
e2e (1)	Initialize containers	2026-10-08T00:23:43.8797127Z Status: Downloaded newer image for postgres:16
e2e (1)	Initialize containers	2026-10-08T00:23:43.8803028Z docker.io/library/postgres:16
e2e (1)	Initialize containers	2026-10-08T00:23:43.9023328Z <elided>
e2e (1)	Initialize containers	2026-10-08T00:23:43.9038376Z ##[command]/usr/bin/docker start <elided>
e2e (1)	Initialize containers	2026-10-08T00:23:44.0536627Z <elided>
e2e (1)	Initialize containers	2026-10-08T00:23:44.0554023Z ##[command]/usr/bin/docker ps --all --filter id=<elided> --filter status=running --no-trunc --format "{{.ID}} {{.Status}}"
e2e (1)	Initialize containers	2026-10-08T00:23:44.0646891Z <elided> Up Less than a second (health: starting)
e2e (1)	Initialize containers	2026-10-08T00:23:44.0669125Z ##[command]/usr/bin/docker port <elided>
e2e (1)	Initialize containers	2026-10-08T00:23:44.0758582Z 5432/tcp -> 0.0.0.0:5432
e2e (1)	Initialize containers	2026-10-08T00:23:44.0759260Z 5432/tcp -> [::]:5432
e2e (1)	Initialize containers	2026-10-08T00:23:44.0791886Z ##[endgroup]
e2e (1)	Initialize containers	2026-10-08T00:23:44.0797720Z ##[group]Waiting for all services to be ready
e2e (1)	Initialize containers	2026-10-08T00:23:44.0806596Z ##[command]/usr/bin/docker inspect --format="{{if .Config.Healthcheck}}{{print .State.Health.Status}}{{end}}" <elided>
e2e (1)	Initialize containers	2026-10-08T00:23:44.0902251Z starting
e2e (1)	Initialize containers	2026-10-08T00:23:44.0918538Z postgres service is starting, waiting 2 seconds before checking again.
e2e (1)	Initialize containers	2026-10-08T00:23:46.0922668Z ##[command]/usr/bin/docker inspect --format="{{if .Config.Healthcheck}}{{print .State.Health.Status}}{{end}}" <elided>
e2e (1)	Initialize containers	2026-10-08T00:23:46.1007946Z starting
e2e (1)	Initialize containers	2026-10-08T00:23:46.1018418Z postgres service is starting, waiting 4 seconds before checking again.
e2e (1)	Initialize containers	2026-10-08T00:23:50.3038858Z ##[command]/usr/bin/docker inspect --format="{{if .Config.Healthcheck}}{{print .State.Health.Status}}{{end}}" <elided>
e2e (1)	Initialize containers	2026-10-08T00:23:50.3124647Z starting
e2e (1)	Initialize containers	2026-10-08T00:23:50.3134935Z postgres service is starting, waiting 8 seconds before checking again.
e2e (1)	Initialize containers	2026-10-08T00:23:58.4475560Z ##[command]/usr/bin/docker inspect --format="{{if .Config.Healthcheck}}{{print .State.Health.Status}}{{end}}" <elided>
e2e (1)	Initialize containers	2026-10-08T00:23:58.4566038Z healthy
e2e (1)	Initialize containers	2026-10-08T00:23:58.4581541Z postgres service is healthy.
e2e (1)	Initialize containers	2026-10-08T00:23:58.4582276Z ##[endgroup]
e2e (1)	Run actions/checkout@v7	﻿2026-10-08T00:23:58.4765921Z ##[group]Run actions/checkout@v7
e2e (1)	Run actions/checkout@v7	2026-10-08T00:23:58.4766323Z with:
e2e (1)	Run actions/checkout@v7	2026-10-08T00:23:58.4766441Z   repository: matto00/helio
e2e (1)	Run actions/checkout@v7	2026-10-08T00:23:58.4768120Z   ssh-strict: true
e2e (1)	Run actions/checkout@v7	2026-10-08T00:23:58.4768231Z   ssh-user: git
e2e (1)	Run actions/checkout@v7	2026-10-08T00:23:58.4768350Z   persist-credentials: true
e2e (1)	Run actions/checkout@v7	2026-10-08T00:23:58.4768478Z   clean: true
e2e (1)	Run actions/checkout@v7	2026-10-08T00:23:58.4768597Z   sparse-checkout-cone-mode: true
e2e (1)	Run actions/checkout@v7	2026-10-08T00:23:58.4768735Z   fetch-depth: 1
e2e (1)	Run actions/checkout@v7	2026-10-08T00:23:58.4768844Z   fetch-tags: false
e2e (1)	Run actions/checkout@v7	2026-10-08T00:23:58.4768956Z   show-progress: true
e2e (1)	Run actions/checkout@v7	2026-10-08T00:23:58.4769070Z   lfs: false
e2e (1)	Run actions/checkout@v7	2026-10-08T00:23:58.4769173Z   submodules: false
e2e (1)	Run actions/checkout@v7	2026-10-08T00:23:58.4769287Z   set-safe-directory: true
e2e (1)	Run actions/checkout@v7	2026-10-08T00:23:58.4769421Z   allow-unsafe-pr-checkout: false
e2e (1)	Run actions/checkout@v7	2026-10-08T00:23:58.4769618Z env:
e2e (1)	Run actions/checkout@v7	2026-10-08T00:23:58.4769763Z   DATABASE_URL: jdbc:postgresql://localhost:5432/helio
e2e (1)	Run actions/checkout@v7	2026-10-08T00:23:58.4769938Z   DB_USER: helio
e2e (1)	Run actions/checkout@v7	2026-10-08T00:23:58.4770164Z   HELIO_UPLOADS_BACKEND: local
e2e (1)	Run actions/checkout@v7	2026-10-08T00:23:58.4770320Z   DEV_PORT: 5173
e2e (1)	Run actions/checkout@v7	2026-10-08T00:23:58.4770427Z   BACKEND_PORT: 8080
e2e (1)	Run actions/checkout@v7	2026-10-08T00:23:58.4770546Z   GOOGLE_CLIENT_ID: placeholder
e2e (1)	Run actions/checkout@v7	2026-10-08T00:23:58.4770852Z   GOOGLE_REDIRECT_URI: http://localhost:5173/auth/callback
e2e (1)	Run actions/checkout@v7	2026-10-08T00:23:58.4771450Z ##[endgroup]
e2e (1)	Run actions/checkout@v7	2026-10-08T00:23:58.5397509Z Syncing repository: matto00/helio
e2e (1)	Run actions/checkout@v7	2026-10-08T00:23:58.5398385Z ##[group]Getting Git version info
e2e (1)	Run actions/checkout@v7	2026-10-08T00:23:58.5398592Z Working directory is '/home/runner/work/helio/helio'
e2e (1)	Run actions/checkout@v7	2026-10-08T00:23:58.5398852Z [command]/usr/bin/git version
e2e (1)	Run actions/checkout@v7	2026-10-08T00:23:58.5486992Z git version 2.55.0
e2e (1)	Run actions/checkout@v7	2026-10-08T00:23:58.5500368Z ##[endgroup]
e2e (1)	Run actions/checkout@v7	2026-10-08T00:23:58.5507713Z Temporarily overriding HOME='/home/runner/work/_temp/e6a261d3-74a0-4ead-ac24-4b21cbf21a1f' before making global git config changes
e2e (1)	Run actions/checkout@v7	2026-10-08T00:23:58.5508376Z Adding repository directory to the temporary git global config as a safe directory
e2e (1)	Run actions/checkout@v7	2026-10-08T00:23:58.5512130Z [command]/usr/bin/git config --global --add safe.directory /home/runner/work/helio/helio
e2e (1)	Run actions/checkout@v7	2026-10-08T00:23:58.5551439Z Deleting the contents of '/home/runner/work/helio/helio'
e2e (1)	Run actions/checkout@v7	2026-10-08T00:23:58.5554761Z ##[group]Determining repository object format
e2e (1)	Run actions/checkout@v7	2026-10-08T00:23:58.5555901Z ##[endgroup]
e2e (1)	Run actions/checkout@v7	2026-10-08T00:23:58.5558739Z ##[group]Initializing the repository
e2e (1)	Run actions/checkout@v7	2026-10-08T00:23:58.5559186Z [command]/usr/bin/git init /home/runner/work/helio/helio
e2e (1)	Run actions/checkout@v7	2026-10-08T00:23:58.5696420Z hint: Using 'master' as the name for the initial branch. This default branch name
e2e (1)	Run actions/checkout@v7	2026-10-08T00:23:58.5696923Z hint: will change to "main" in Git 3.0. To configure the initial branch name
e2e (1)	Run actions/checkout@v7	2026-10-08T00:23:58.5697278Z hint: to use in all of your new repositories, which will suppress this warning,
e2e (1)	Run actions/checkout@v7	2026-10-08T00:23:58.5697477Z hint: call:
e2e (1)	Run actions/checkout@v7	2026-10-08T00:23:58.5697605Z hint:
e2e (1)	Run actions/checkout@v7	2026-10-08T00:23:58.5697772Z hint: 	git config --global init.defaultBranch <name>
e2e (1)	Run actions/checkout@v7	2026-10-08T00:23:58.5697941Z hint:
e2e (1)	Run actions/checkout@v7	2026-10-08T00:23:58.5698097Z hint: Names commonly chosen instead of 'master' are 'main', 'trunk' and
e2e (1)	Run actions/checkout@v7	2026-10-08T00:23:58.5698353Z hint: 'development'. The just-created branch can be renamed via this command:
e2e (1)	Run actions/checkout@v7	2026-10-08T00:23:58.5698544Z hint:
e2e (1)	Run actions/checkout@v7	2026-10-08T00:23:58.5698653Z hint: 	git branch -m <name>
e2e (1)	Run actions/checkout@v7	2026-10-08T00:23:58.5698772Z hint:
e2e (1)	Run actions/checkout@v7	2026-10-08T00:23:58.5698934Z hint: Disable this message with "git config set advice.defaultBranchName false"
e2e (1)	Run actions/checkout@v7	2026-10-08T00:23:58.5703035Z Initialized empty Git repository in /home/runner/work/helio/helio/.git/
e2e (1)	Run actions/checkout@v7	2026-10-08T00:23:58.5709620Z [command]/usr/bin/git remote add origin https://github.com/matto00/helio
e2e (1)	Run actions/checkout@v7	2026-10-08T00:23:58.5754859Z ##[endgroup]
e2e (1)	Run actions/checkout@v7	2026-10-08T00:23:58.5755214Z ##[group]Disabling automatic garbage collection
e2e (1)	Run actions/checkout@v7	2026-10-08T00:23:58.5758182Z [command]/usr/bin/git config --local gc.auto 0
e2e (1)	Run actions/checkout@v7	2026-10-08T00:23:58.5790606Z ##[endgroup]
e2e (1)	Run actions/checkout@v7	2026-10-08T00:23:58.5791211Z ##[group]Setting up auth
e2e (1)	Run actions/checkout@v7	2026-10-08T00:23:58.5791671Z Removing SSH command configuration
e2e (1)	Run actions/checkout@v7	2026-10-08T00:23:58.5795738Z [command]/usr/bin/git config --local --name-only --get-regexp core\.sshCommand
e2e (1)	Run actions/checkout@v7	2026-10-08T00:23:58.5828634Z [command]/usr/bin/git submodule foreach --recursive sh -c "git config --local --name-only --get-regexp 'core\.sshCommand' && git config --local --unset-all 'core.sshCommand' || :"
e2e (1)	Run actions/checkout@v7	2026-10-08T00:23:58.6110333Z Removing HTTP extra header
e2e (1)	Run actions/checkout@v7	2026-10-08T00:23:58.6113663Z [command]/usr/bin/git config --local --name-only --get-regexp http\.https\:\/\/github\.com\/\.extraheader
e2e (1)	Run actions/checkout@v7	2026-10-08T00:23:58.6140070Z [command]/usr/bin/git submodule foreach --recursive sh -c "git config --local --name-only --get-regexp 'http\.https\:\/\/github\.com\/\.extraheader' && git config --local --unset-all 'http.https://github.com/.extraheader' || :"
e2e (1)	Run actions/checkout@v7	2026-10-08T00:23:58.6305008Z Removing includeIf entries pointing to credentials config files
e2e (1)	Run actions/checkout@v7	2026-10-08T00:23:58.6308001Z [command]/usr/bin/git config --local --name-only --get-regexp ^includeIf\.gitdir:
e2e (1)	Run actions/checkout@v7	2026-10-08T00:23:58.6335054Z [command]/usr/bin/git submodule foreach --recursive git config --local --show-origin --name-only --get-regexp remote.origin.url
e2e (1)	Run actions/checkout@v7	2026-10-08T00:23:58.6497607Z [command]/usr/bin/git config --file /home/runner/work/_temp/git-credentials-c05b2691-8a12-43aa-85c6-4f1f85c346dc.config http.https://github.com/.extraheader AUTHORIZATION: basic ***
e2e (1)	Run actions/checkout@v7	2026-10-08T00:23:58.6526249Z [command]/usr/bin/git config --local includeIf.gitdir:/home/runner/work/helio/helio/.git.path /home/runner/work/_temp/git-credentials-c05b2691-8a12-43aa-85c6-4f1f85c346dc.config
e2e (1)	Run actions/checkout@v7	2026-10-08T00:23:58.6552663Z [command]/usr/bin/git config --local includeIf.gitdir:/home/runner/work/helio/helio/.git/worktrees/*.path /home/runner/work/_temp/git-credentials-c05b2691-8a12-43aa-85c6-4f1f85c346dc.config
e2e (1)	Run actions/checkout@v7	2026-10-08T00:23:58.6581928Z [command]/usr/bin/git config --local includeIf.gitdir:/github/workspace/.git.path /github/runner_temp/git-credentials-c05b2691-8a12-43aa-85c6-4f1f85c346dc.config
e2e (1)	Run actions/checkout@v7	2026-10-08T00:23:58.6609125Z [command]/usr/bin/git config --local includeIf.gitdir:/github/workspace/.git/worktrees/*.path /github/runner_temp/git-credentials-c05b2691-8a12-43aa-85c6-4f1f85c346dc.config
e2e (1)	Run actions/checkout@v7	2026-10-08T00:23:58.6633642Z ##[endgroup]
e2e (1)	Run actions/checkout@v7	2026-10-08T00:23:58.6633855Z ##[group]Fetching the repository
e2e (1)	Run actions/checkout@v7	2026-10-08T00:23:58.6637689Z [command]/usr/bin/git -c protocol.version=2 fetch --no-tags --prune --no-recurse-submodules --depth=1 origin <elided>:refs/remotes/pull/822/merge
e2e (1)	Run actions/checkout@v7	2026-10-08T00:24:01.3283541Z From https://github.com/matto00/helio
e2e (1)	Run actions/checkout@v7	2026-10-08T00:24:01.3284004Z  * [new ref]         <elided> -> pull/822/merge
e2e (1)	Run actions/checkout@v7	2026-10-08T00:24:01.3288051Z ##[endgroup]
e2e (1)	Run actions/checkout@v7	2026-10-08T00:24:01.3288288Z ##[group]Determining the checkout info
e2e (1)	Run actions/checkout@v7	2026-10-08T00:24:01.3288650Z ##[endgroup]
e2e (1)	Run actions/checkout@v7	2026-10-08T00:24:01.3292028Z [command]/usr/bin/git sparse-checkout disable
e2e (1)	Run actions/checkout@v7	2026-10-08T00:24:01.3338793Z [command]/usr/bin/git config --local --unset-all extensions.worktreeConfig
e2e (1)	Run actions/checkout@v7	2026-10-08T00:24:01.3365519Z ##[group]Checking out the ref
e2e (1)	Run actions/checkout@v7	2026-10-08T00:24:01.3368187Z [command]/usr/bin/git checkout --progress --force refs/remotes/pull/822/merge
e2e (1)	Run actions/checkout@v7	2026-10-08T00:24:01.9267674Z Note: switching to 'refs/remotes/pull/822/merge'.
e2e (1)	Run actions/checkout@v7	2026-10-08T00:24:01.9267991Z 
e2e (1)	Run actions/checkout@v7	2026-10-08T00:24:01.9268161Z You are in 'detached HEAD' state. You can look around, make experimental
e2e (1)	Run actions/checkout@v7	2026-10-08T00:24:01.9268562Z changes and commit them, and you can discard any commits you make in this
e2e (1)	Run actions/checkout@v7	2026-10-08T00:24:01.9268956Z state without impacting any branches by switching back to a branch.
e2e (1)	Run actions/checkout@v7	2026-10-08T00:24:01.9269183Z 
e2e (1)	Run actions/checkout@v7	2026-10-08T00:24:01.9269332Z If you want to create a new branch to retain commits you create, you may
e2e (1)	Run actions/checkout@v7	2026-10-08T00:24:01.9269677Z do so (now or later) by using -c with the switch command. Example:
e2e (1)	Run actions/checkout@v7	2026-10-08T00:24:01.9269883Z 
e2e (1)	Run actions/checkout@v7	2026-10-08T00:24:01.9269970Z   git switch -c <new-branch-name>
e2e (1)	Run actions/checkout@v7	2026-10-08T00:24:01.9270108Z 
e2e (1)	Run actions/checkout@v7	2026-10-08T00:24:01.9270188Z Or undo this operation with:
e2e (1)	Run actions/checkout@v7	2026-10-08T00:24:01.9270315Z 
e2e (1)	Run actions/checkout@v7	2026-10-08T00:24:01.9270656Z   git switch -
e2e (1)	Run actions/checkout@v7	2026-10-08T00:24:01.9271020Z 
e2e (1)	Run actions/checkout@v7	2026-10-08T00:24:01.9271185Z Turn off this advice by setting config variable advice.detachedHead to false
e2e (1)	Run actions/checkout@v7	2026-10-08T00:24:01.9271422Z 
e2e (1)	Run actions/checkout@v7	2026-10-08T00:24:01.9271695Z HEAD is now at a962b2b Merge <elided> into <elided>
e2e (1)	Run actions/checkout@v7	2026-10-08T00:24:01.9287949Z ##[endgroup]
e2e (1)	Run actions/checkout@v7	2026-10-08T00:24:01.9328364Z [command]/usr/bin/git log -1 --format=%H
e2e (1)	Run actions/checkout@v7	2026-10-08T00:24:01.9350755Z <elided>
e2e (1)	Run actions/setup-java@v6	﻿2026-10-08T00:24:01.9527928Z ##[group]Run actions/setup-java@v6
e2e (1)	Run actions/setup-java@v6	2026-10-08T00:24:01.9528080Z with:
e2e (1)	Run actions/setup-java@v6	2026-10-08T00:24:01.9528187Z   distribution: temurin
e2e (1)	Run actions/setup-java@v6	2026-10-08T00:24:01.9528305Z   java-version: 21
e2e (1)	Run actions/setup-java@v6	2026-10-08T00:24:01.9528414Z   java-package: jdk
e2e (1)	Run actions/setup-java@v6	2026-10-08T00:24:01.9528525Z   check-latest: false
e2e (1)	Run actions/setup-java@v6	2026-10-08T00:24:01.9528643Z   force-download: false
e2e (1)	Run actions/setup-java@v6	2026-10-08T00:24:01.9528756Z   set-default: true
e2e (1)	Run actions/setup-java@v6	2026-10-08T00:24:01.9528863Z   server-id: github
e2e (1)	Run actions/setup-java@v6	2026-10-08T00:24:01.9528988Z   mvn-repositories-include-central: true
e2e (1)	Run actions/setup-java@v6	2026-10-08T00:24:01.9529171Z   mvn-repositories-prioritize-central: true
e2e (1)	Run actions/setup-java@v6	2026-10-08T00:24:01.9529332Z   overwrite-settings: true
e2e (1)	Run actions/setup-java@v6	2026-10-08T00:24:01.9529461Z   cache-read-only: false
e2e (1)	Run actions/setup-java@v6	2026-10-08T00:24:01.9529581Z   job-status: success
e2e (1)	Run actions/setup-java@v6	2026-10-08T00:24:01.9531220Z   show-download-progress: false
e2e (1)	Run actions/setup-java@v6	2026-10-08T00:24:01.9531357Z   problem-matcher: true
e2e (1)	Run actions/setup-java@v6	2026-10-08T00:24:01.9531471Z env:
e2e (1)	Run actions/setup-java@v6	2026-10-08T00:24:01.9531611Z   DATABASE_URL: jdbc:postgresql://localhost:5432/helio
e2e (1)	Run actions/setup-java@v6	2026-10-08T00:24:01.9531807Z   DB_USER: helio
e2e (1)	Run actions/setup-java@v6	2026-10-08T00:24:01.9532031Z   HELIO_UPLOADS_BACKEND: local
e2e (1)	Run actions/setup-java@v6	2026-10-08T00:24:01.9532158Z   DEV_PORT: 5173
e2e (1)	Run actions/setup-java@v6	2026-10-08T00:24:01.9532263Z   BACKEND_PORT: 8080
e2e (1)	Run actions/setup-java@v6	2026-10-08T00:24:01.9532594Z   GOOGLE_CLIENT_ID: placeholder
e2e (1)	Run actions/setup-java@v6	2026-10-08T00:24:01.9532901Z   GOOGLE_REDIRECT_URI: http://localhost:5173/auth/callback
e2e (1)	Run actions/setup-java@v6	2026-10-08T00:24:01.9533512Z ##[endgroup]
e2e (1)	Run actions/setup-java@v6	2026-10-08T00:24:01.9963883Z ##[group]Installed distributions
e2e (1)	Run actions/setup-java@v6	2026-10-08T00:24:02.0016446Z Resolved Java 21.0.12+1 from tool-cache
e2e (1)	Run actions/setup-java@v6	2026-10-08T00:24:02.0016732Z Setting Java 21.0.12+1 as the default
e2e (1)	Run actions/setup-java@v6	2026-10-08T00:24:02.0021064Z 
e2e (1)	Run actions/setup-java@v6	2026-10-08T00:24:02.0021164Z Java configuration:
e2e (1)	Run actions/setup-java@v6	2026-10-08T00:24:02.0021432Z   Distribution: temurin
e2e (1)	Run actions/setup-java@v6	2026-10-08T00:24:02.0021683Z   Version: 21.0.12+1
e2e (1)	Run actions/setup-java@v6	2026-10-08T00:24:02.0022027Z   Path: /opt/hostedtoolcache/Java_Temurin-Hotspot_jdk/21.0.12-1/x64
e2e (1)	Run actions/setup-java@v6	2026-10-08T00:24:02.0022267Z 
e2e (1)	Run actions/setup-java@v6	2026-10-08T00:24:02.0022639Z ##[endgroup]
e2e (1)	Run actions/setup-java@v6	2026-10-08T00:24:02.0040571Z Creating settings.xml with server-id: github
e2e (1)	Run actions/setup-java@v6	2026-10-08T00:24:02.0040979Z Creating toolchains.xml for JDK version 21 from temurin
e2e (1)	Run actions/setup-java@v6	2026-10-08T00:24:02.0041322Z Writing to /home/runner/.m2/settings.xml
e2e (1)	Run actions/setup-java@v6	2026-10-08T00:24:02.0046409Z Writing to /home/runner/.m2/toolchains.xml
e2e (1)	Run actions/setup-java@v6	2026-10-08T00:24:02.0051316Z Configured MAVEN_ARGS to include -ntp to suppress Maven transfer progress logs. Set 'show-download-progress: true' to keep the download progress output.
e2e (1)	Run sbt/setup-sbt@v1	﻿2026-10-08T00:24:02.0273079Z ##[group]Run sbt/setup-sbt@v1
e2e (1)	Run sbt/setup-sbt@v1	2026-10-08T00:24:02.0273249Z with:
e2e (1)	Run sbt/setup-sbt@v1	2026-10-08T00:24:02.0273368Z   sbt-runner-version: 2.0.9
e2e (1)	Run sbt/setup-sbt@v1	2026-10-08T00:24:02.0273499Z   disk-cache: true
e2e (1)	Run sbt/setup-sbt@v1	2026-10-08T00:24:02.0273607Z env:
e2e (1)	Run sbt/setup-sbt@v1	2026-10-08T00:24:02.0273758Z   DATABASE_URL: jdbc:postgresql://localhost:5432/helio
e2e (1)	Run sbt/setup-sbt@v1	2026-10-08T00:24:02.0273932Z   DB_USER: helio
e2e (1)	Run sbt/setup-sbt@v1	2026-10-08T00:24:02.0274193Z   HELIO_UPLOADS_BACKEND: local
e2e (1)	Run sbt/setup-sbt@v1	2026-10-08T00:24:02.0274326Z   DEV_PORT: 5173
e2e (1)	Run sbt/setup-sbt@v1	2026-10-08T00:24:02.0274434Z   BACKEND_PORT: 8080
e2e (1)	Run sbt/setup-sbt@v1	2026-10-08T00:24:02.0274556Z   GOOGLE_CLIENT_ID: placeholder
e2e (1)	Run sbt/setup-sbt@v1	2026-10-08T00:24:02.0274867Z   GOOGLE_REDIRECT_URI: http://localhost:5173/auth/callback
e2e (1)	Run sbt/setup-sbt@v1	2026-10-08T00:24:02.0275697Z   JAVA_HOME: /opt/hostedtoolcache/Java_Temurin-Hotspot_jdk/21.0.12-1/x64
e2e (1)	Run sbt/setup-sbt@v1	2026-10-08T00:24:02.0275990Z   JAVA_HOME_21_X64: /opt/hostedtoolcache/Java_Temurin-Hotspot_jdk/21.0.12-1/x64
e2e (1)	Run sbt/setup-sbt@v1	2026-10-08T00:24:02.0276200Z   MAVEN_ARGS: -ntp
e2e (1)	Run sbt/setup-sbt@v1	2026-10-08T00:24:02.0289269Z ##[endgroup]
e2e (1)	Run sbt/setup-sbt@v1	2026-10-08T00:24:02.0331147Z ##[start-action display=Set up cache paths;id=__sbt_setup-sbt.cache-paths]
e2e (1)	Run sbt/setup-sbt@v1	2026-10-08T00:24:02.0355659Z ##[group]Run JDK_VERSION=0
e2e (1)	Run sbt/setup-sbt@v1	2026-10-08T00:24:02.0355867Z ^[[36;1mJDK_VERSION=0^[[0m
e2e (1)	Run sbt/setup-sbt@v1	2026-10-08T00:24:02.0356019Z ^[[36;1mif [[ -x "$(command -v java)" ]]; then^[[0m
e2e (1)	Run sbt/setup-sbt@v1	2026-10-08T00:24:02.0356261Z ^[[36;1m  JDK_VERSION=$(java -version 2>&1 | head -n 1 | sed -e 's/.*"\(.*\)"\(.*\)/\1/; 1q')^[[0m
e2e (1)	Run sbt/setup-sbt@v1	2026-10-08T00:24:02.0356469Z ^[[36;1mfi^[[0m
e2e (1)	Run sbt/setup-sbt@v1	2026-10-08T00:24:02.0356589Z ^[[36;1mif [[ "$RUNNER_OS" == "Windows" ]]; then^[[0m
e2e (1)	Run sbt/setup-sbt@v1	2026-10-08T00:24:02.0356831Z ^[[36;1m  echo "sbt_toolpath=$RUNNER_TOOL_CACHE\\sbt\\$SBT_RUNNER_VERSION" >> "$GITHUB_OUTPUT"^[[0m
e2e (1)	Run sbt/setup-sbt@v1	2026-10-08T00:24:02.0357118Z ^[[36;1m  echo "sbt_downloadpath=$RUNNER_TEMP\\_sbt" >> "$GITHUB_OUTPUT"^[[0m
e2e (1)	Run sbt/setup-sbt@v1	2026-10-08T00:24:02.0357346Z ^[[36;1m  echo "sbt_diskcache=$LOCALAPPDATA\\sbt" >> "$GITHUB_OUTPUT"^[[0m
e2e (1)	Run sbt/setup-sbt@v1	2026-10-08T00:24:02.0357587Z ^[[36;1m  echo "sbt_monday=$(date -d "last Monday" +%Y-%m-%d)" >> "$GITHUB_OUTPUT"^[[0m
e2e (1)	Run sbt/setup-sbt@v1	2026-10-08T00:24:02.0357801Z ^[[36;1melif [[ "$RUNNER_OS" == "macOS" ]]; then^[[0m
e2e (1)	Run sbt/setup-sbt@v1	2026-10-08T00:24:02.0358034Z ^[[36;1m  echo "sbt_toolpath=$RUNNER_TOOL_CACHE/sbt/$SBT_RUNNER_VERSION" >> "$GITHUB_OUTPUT"^[[0m
e2e (1)	Run sbt/setup-sbt@v1	2026-10-08T00:24:02.0358299Z ^[[36;1m  echo "sbt_downloadpath=$RUNNER_TEMP/_sbt" >> "$GITHUB_OUTPUT"^[[0m
e2e (1)	Run sbt/setup-sbt@v1	2026-10-08T00:24:02.0358538Z ^[[36;1m  echo "sbt_diskcache=$HOME/Library/Caches/sbt" >> "$GITHUB_OUTPUT"^[[0m
e2e (1)	Run sbt/setup-sbt@v1	2026-10-08T00:24:02.0358787Z ^[[36;1m  echo "sbt_monday=$(date -v-monday -v+0d +%Y-%m-%d)" >> "$GITHUB_OUTPUT"^[[0m
e2e (1)	Run sbt/setup-sbt@v1	2026-10-08T00:24:02.0358980Z ^[[36;1melse^[[0m
e2e (1)	Run sbt/setup-sbt@v1	2026-10-08T00:24:02.0359165Z ^[[36;1m  echo "sbt_toolpath=$RUNNER_TOOL_CACHE/sbt/$SBT_RUNNER_VERSION" >> "$GITHUB_OUTPUT"^[[0m
e2e (1)	Run sbt/setup-sbt@v1	2026-10-08T00:24:02.0359425Z ^[[36;1m  echo "sbt_downloadpath=$RUNNER_TEMP/_sbt" >> "$GITHUB_OUTPUT"^[[0m
e2e (1)	Run sbt/setup-sbt@v1	2026-10-08T00:24:02.0359644Z ^[[36;1m  echo "sbt_diskcache=$HOME/.cache/sbt" >> "$GITHUB_OUTPUT"^[[0m
e2e (1)	Run sbt/setup-sbt@v1	2026-10-08T00:24:02.0359879Z ^[[36;1m  echo "sbt_monday=$(date -d "last Monday" +%Y-%m-%d)" >> "$GITHUB_OUTPUT"^[[0m
e2e (1)	Run sbt/setup-sbt@v1	2026-10-08T00:24:02.0360069Z ^[[36;1mfi^[[0m
e2e (1)	Run sbt/setup-sbt@v1	2026-10-08T00:24:02.0535506Z shell: /usr/bin/bash --noprofile --norc -e -o pipefail {0}
e2e (1)	Run sbt/setup-sbt@v1	2026-10-08T00:24:02.0535695Z env:
e2e (1)	Run sbt/setup-sbt@v1	2026-10-08T00:24:02.0535847Z   DATABASE_URL: jdbc:postgresql://localhost:5432/helio
e2e (1)	Run sbt/setup-sbt@v1	2026-10-08T00:24:02.0536023Z   DB_USER: helio
e2e (1)	Run sbt/setup-sbt@v1	2026-10-08T00:24:02.0536271Z   HELIO_UPLOADS_BACKEND: local
e2e (1)	Run sbt/setup-sbt@v1	2026-10-08T00:24:02.0536399Z   DEV_PORT: 5173
e2e (1)	Run sbt/setup-sbt@v1	2026-10-08T00:24:02.0536506Z   BACKEND_PORT: 8080
e2e (1)	Run sbt/setup-sbt@v1	2026-10-08T00:24:02.0536627Z   GOOGLE_CLIENT_ID: placeholder
e2e (1)	Run sbt/setup-sbt@v1	2026-10-08T00:24:02.0537115Z   GOOGLE_REDIRECT_URI: http://localhost:5173/auth/callback
e2e (1)	Run sbt/setup-sbt@v1	2026-10-08T00:24:02.0537774Z   JAVA_HOME: /opt/hostedtoolcache/Java_Temurin-Hotspot_jdk/21.0.12-1/x64
e2e (1)	Run sbt/setup-sbt@v1	2026-10-08T00:24:02.0538029Z   JAVA_HOME_21_X64: /opt/hostedtoolcache/Java_Temurin-Hotspot_jdk/21.0.12-1/x64
e2e (1)	Run sbt/setup-sbt@v1	2026-10-08T00:24:02.0538231Z   MAVEN_ARGS: -ntp
e2e (1)	Run sbt/setup-sbt@v1	2026-10-08T00:24:02.0538347Z   SBT_RUNNER_VERSION: 2.0.9
e2e (1)	Run sbt/setup-sbt@v1	2026-10-08T00:24:02.0538603Z ##[endgroup]
e2e (1)	Run sbt/setup-sbt@v1	2026-10-08T00:24:02.1741758Z ##[end-action id=__sbt_setup-sbt.cache-paths;outcome=success;conclusion=success;duration_ms=140]
e2e (1)	Run sbt/setup-sbt@v1	2026-10-08T00:24:02.1745908Z ##[start-action display=Check tool cache;id=__sbt_setup-sbt.cache-tool-dir]
e2e (1)	Run sbt/setup-sbt@v1	2026-10-08T00:24:02.1759163Z ##[group]Run if [[ -f "$SBT_TOOLPATH/sbt/bin/sbt" ]]; then
e2e (1)	Run sbt/setup-sbt@v1	2026-10-08T00:24:02.1759396Z ^[[36;1mif [[ -f "$SBT_TOOLPATH/sbt/bin/sbt" ]]; then^[[0m
e2e (1)	Run sbt/setup-sbt@v1	2026-10-08T00:24:02.1759580Z ^[[36;1m  echo "cache-hit=true" >> "$GITHUB_OUTPUT"^[[0m
e2e (1)	Run sbt/setup-sbt@v1	2026-10-08T00:24:02.1759738Z ^[[36;1melse^[[0m
e2e (1)	Run sbt/setup-sbt@v1	2026-10-08T00:24:02.1759860Z ^[[36;1m  mkdir -p "$SBT_TOOLPATH"^[[0m
e2e (1)	Run sbt/setup-sbt@v1	2026-10-08T00:24:02.1760028Z ^[[36;1m  echo "cache-hit=false" >> "$GITHUB_OUTPUT"^[[0m
e2e (1)	Run sbt/setup-sbt@v1	2026-10-08T00:24:02.1760186Z ^[[36;1mfi^[[0m
e2e (1)	Run sbt/setup-sbt@v1	2026-10-08T00:24:02.1811839Z shell: /usr/bin/bash --noprofile --norc -e -o pipefail {0}
e2e (1)	Run sbt/setup-sbt@v1	2026-10-08T00:24:02.1812021Z env:
e2e (1)	Run sbt/setup-sbt@v1	2026-10-08T00:24:02.1812176Z   DATABASE_URL: jdbc:postgresql://localhost:5432/helio
e2e (1)	Run sbt/setup-sbt@v1	2026-10-08T00:24:02.1812459Z   DB_USER: helio
e2e (1)	Run sbt/setup-sbt@v1	2026-10-08T00:24:02.1812697Z   HELIO_UPLOADS_BACKEND: local
e2e (1)	Run sbt/setup-sbt@v1	2026-10-08T00:24:02.1812832Z   DEV_PORT: 5173
e2e (1)	Run sbt/setup-sbt@v1	2026-10-08T00:24:02.1812941Z   BACKEND_PORT: 8080
e2e (1)	Run sbt/setup-sbt@v1	2026-10-08T00:24:02.1813061Z   GOOGLE_CLIENT_ID: placeholder
e2e (1)	Run sbt/setup-sbt@v1	2026-10-08T00:24:02.1813379Z   GOOGLE_REDIRECT_URI: http://localhost:5173/auth/callback
e2e (1)	Run sbt/setup-sbt@v1	2026-10-08T00:24:02.1814041Z   JAVA_HOME: /opt/hostedtoolcache/Java_Temurin-Hotspot_jdk/21.0.12-1/x64
e2e (1)	Run sbt/setup-sbt@v1	2026-10-08T00:24:02.1814300Z   JAVA_HOME_21_X64: /opt/hostedtoolcache/Java_Temurin-Hotspot_jdk/21.0.12-1/x64
e2e (1)	Run sbt/setup-sbt@v1	2026-10-08T00:24:02.1814504Z   MAVEN_ARGS: -ntp
e2e (1)	Run sbt/setup-sbt@v1	2026-10-08T00:24:02.1814640Z   SBT_TOOLPATH: /opt/hostedtoolcache/sbt/2.0.9
e2e (1)	Run sbt/setup-sbt@v1	2026-10-08T00:24:02.1814794Z ##[endgroup]
e2e (1)	Run sbt/setup-sbt@v1	2026-10-08T00:24:02.1891071Z ##[end-action id=__sbt_setup-sbt.cache-tool-dir;outcome=success;conclusion=success;duration_ms=14]
e2e (1)	Run sbt/setup-sbt@v1	2026-10-08T00:24:02.1892586Z ##[start-action display=Cache sbt distribution;id=__sbt_setup-sbt.cache-dir]
e2e (1)	Run sbt/setup-sbt@v1	2026-10-08T00:24:02.1919746Z ##[group]Run actions/cache@<elided>
e2e (1)	Run sbt/setup-sbt@v1	2026-10-08T00:24:02.1919945Z with:
e2e (1)	Run sbt/setup-sbt@v1	2026-10-08T00:24:02.1920064Z   path: /opt/hostedtoolcache/sbt/2.0.9
e2e (1)	Run sbt/setup-sbt@v1	2026-10-08T00:24:02.1920378Z   enableCrossOsArchive: false
e2e (1)	Run sbt/setup-sbt@v1	2026-10-08T00:24:02.1920517Z   fail-on-cache-miss: false
e2e (1)	Run sbt/setup-sbt@v1	2026-10-08T00:24:02.1920646Z   lookup-only: false
e2e (1)	Run sbt/setup-sbt@v1	2026-10-08T00:24:02.1920761Z   save-always: false
e2e (1)	Run sbt/setup-sbt@v1	2026-10-08T00:24:02.1920870Z env:
e2e (1)	Run sbt/setup-sbt@v1	2026-10-08T00:24:02.1921015Z   DATABASE_URL: jdbc:postgresql://localhost:5432/helio
e2e (1)	Run sbt/setup-sbt@v1	2026-10-08T00:24:02.1921187Z   DB_USER: helio
e2e (1)	Run sbt/setup-sbt@v1	2026-10-08T00:24:02.1921423Z   HELIO_UPLOADS_BACKEND: local
e2e (1)	Run sbt/setup-sbt@v1	2026-10-08T00:24:02.1921551Z   DEV_PORT: 5173
e2e (1)	Run sbt/setup-sbt@v1	2026-10-08T00:24:02.1921657Z   BACKEND_PORT: 8080
e2e (1)	Run sbt/setup-sbt@v1	2026-10-08T00:24:02.1921777Z   GOOGLE_CLIENT_ID: placeholder
e2e (1)	Run sbt/setup-sbt@v1	2026-10-08T00:24:02.1922088Z   GOOGLE_REDIRECT_URI: http://localhost:5173/auth/callback
e2e (1)	Run sbt/setup-sbt@v1	2026-10-08T00:24:02.1923056Z   JAVA_HOME: /opt/hostedtoolcache/Java_Temurin-Hotspot_jdk/21.0.12-1/x64
e2e (1)	Run sbt/setup-sbt@v1	2026-10-08T00:24:02.1923314Z   JAVA_HOME_21_X64: /opt/hostedtoolcache/Java_Temurin-Hotspot_jdk/21.0.12-1/x64
e2e (1)	Run sbt/setup-sbt@v1	2026-10-08T00:24:02.1923516Z   MAVEN_ARGS: -ntp
e2e (1)	Run sbt/setup-sbt@v1	2026-10-08T00:24:02.1923630Z ##[endgroup]
e2e (1)	Run sbt/setup-sbt@v1	2026-10-08T00:24:02.4077880Z Cache hit for: Linux-X64-sbt-runner-2.0.9-1.5.3
e2e (1)	Run sbt/setup-sbt@v1	2026-10-08T00:24:03.3139716Z Received 56531573 of 56531573 (100.0%), 71.7 MBs/sec
e2e (1)	Run sbt/setup-sbt@v1	2026-10-08T00:24:03.3140791Z Cache Size: ~54 MB (56531573 B)
e2e (1)	Run sbt/setup-sbt@v1	2026-10-08T00:24:03.3185812Z [command]/usr/bin/tar -xf /home/runner/work/_temp/624b2577-1c47-49eb-a436-58114883d469/cache.tzst -P -C /home/runner/work/helio/helio --use-compress-program unzstd
e2e (1)	Run sbt/setup-sbt@v1	2026-10-08T00:24:03.4815658Z Cache restored successfully
e2e (1)	Run sbt/setup-sbt@v1	2026-10-08T00:24:03.4961130Z ##[end-action id=__sbt_setup-sbt.cache-dir;outcome=success;conclusion=success;duration_ms=1306]
e2e (1)	Run sbt/setup-sbt@v1	2026-10-08T00:24:03.4964555Z ##[start-action display=Check runner cache;id=__sbt_setup-sbt.cache-tool-dir2]
e2e (1)	Run sbt/setup-sbt@v1	2026-10-08T00:24:03.4978102Z ##[group]Run # actions/cache seems to be buggy on Windows, so double check if restore worked
e2e (1)	Run sbt/setup-sbt@v1	2026-10-08T00:24:03.4978443Z ^[[36;1m# actions/cache seems to be buggy on Windows, so double check if restore worked^[[0m
e2e (1)	Run sbt/setup-sbt@v1	2026-10-08T00:24:03.4978687Z ^[[36;1mif [[ -f "$SBT_TOOLPATH/sbt/bin/sbt" ]]; then^[[0m
e2e (1)	Run sbt/setup-sbt@v1	2026-10-08T00:24:03.4978875Z ^[[36;1m  echo "cache-hit=true" >> "$GITHUB_OUTPUT"^[[0m
e2e (1)	Run sbt/setup-sbt@v1	2026-10-08T00:24:03.4979030Z ^[[36;1melse^[[0m
e2e (1)	Run sbt/setup-sbt@v1	2026-10-08T00:24:03.4979175Z ^[[36;1m  echo "cache-hit=false" >> "$GITHUB_OUTPUT"^[[0m
e2e (1)	Run sbt/setup-sbt@v1	2026-10-08T00:24:03.4979329Z ^[[36;1mfi^[[0m
e2e (1)	Run sbt/setup-sbt@v1	2026-10-08T00:24:03.5030719Z shell: /usr/bin/bash --noprofile --norc -e -o pipefail {0}
e2e (1)	Run sbt/setup-sbt@v1	2026-10-08T00:24:03.5030921Z env:
e2e (1)	Run sbt/setup-sbt@v1	2026-10-08T00:24:03.5031077Z   DATABASE_URL: jdbc:postgresql://localhost:5432/helio
e2e (1)	Run sbt/setup-sbt@v1	2026-10-08T00:24:03.5031248Z   DB_USER: helio
e2e (1)	Run sbt/setup-sbt@v1	2026-10-08T00:24:03.5031493Z   HELIO_UPLOADS_BACKEND: local
e2e (1)	Run sbt/setup-sbt@v1	2026-10-08T00:24:03.5031624Z   DEV_PORT: 5173
e2e (1)	Run sbt/setup-sbt@v1	2026-10-08T00:24:03.5031732Z   BACKEND_PORT: 8080
e2e (1)	Run sbt/setup-sbt@v1	2026-10-08T00:24:03.5031855Z   GOOGLE_CLIENT_ID: placeholder
e2e (1)	Run sbt/setup-sbt@v1	2026-10-08T00:24:03.5032173Z   GOOGLE_REDIRECT_URI: http://localhost:5173/auth/callback
e2e (1)	Run sbt/setup-sbt@v1	2026-10-08T00:24:03.5033020Z   JAVA_HOME: /opt/hostedtoolcache/Java_Temurin-Hotspot_jdk/21.0.12-1/x64
e2e (1)	Run sbt/setup-sbt@v1	2026-10-08T00:24:03.5033365Z   JAVA_HOME_21_X64: /opt/hostedtoolcache/Java_Temurin-Hotspot_jdk/21.0.12-1/x64
e2e (1)	Run sbt/setup-sbt@v1	2026-10-08T00:24:03.5033566Z   MAVEN_ARGS: -ntp
e2e (1)	Run sbt/setup-sbt@v1	2026-10-08T00:24:03.5033706Z   SBT_TOOLPATH: /opt/hostedtoolcache/sbt/2.0.9
e2e (1)	Run sbt/setup-sbt@v1	2026-10-08T00:24:03.5033860Z ##[endgroup]
e2e (1)	Run sbt/setup-sbt@v1	2026-10-08T00:24:03.5103702Z ##[end-action id=__sbt_setup-sbt.cache-tool-dir2;outcome=success;conclusion=success;duration_ms=13]
e2e (1)	Run sbt/setup-sbt@v1	2026-10-08T00:24:03.5105009Z ##[start-action display=sbt 2.x disk cache;id=__sbt_setup-sbt.disk-cache]
e2e (1)	Run sbt/setup-sbt@v1	2026-10-08T00:24:04.1485510Z ##[group]Run actions/cache@<elided>
e2e (1)	Run sbt/setup-sbt@v1	2026-10-08T00:24:04.1485726Z with:
e2e (1)	Run sbt/setup-sbt@v1	2026-10-08T00:24:04.1485843Z   path: /home/runner/.cache/sbt
e2e (1)	Run sbt/setup-sbt@v1	2026-10-08T00:24:04.1486721Z   enableCrossOsArchive: false
e2e (1)	Run sbt/setup-sbt@v1	2026-10-08T00:24:04.1486866Z   fail-on-cache-miss: false
e2e (1)	Run sbt/setup-sbt@v1	2026-10-08T00:24:04.1486993Z   lookup-only: false
e2e (1)	Run sbt/setup-sbt@v1	2026-10-08T00:24:04.1487108Z   save-always: false
e2e (1)	Run sbt/setup-sbt@v1	2026-10-08T00:24:04.1487236Z env:
e2e (1)	Run sbt/setup-sbt@v1	2026-10-08T00:24:04.1487389Z   DATABASE_URL: jdbc:postgresql://localhost:5432/helio
e2e (1)	Run sbt/setup-sbt@v1	2026-10-08T00:24:04.1487562Z   DB_USER: helio
e2e (1)	Run sbt/setup-sbt@v1	2026-10-08T00:24:04.1488045Z   HELIO_UPLOADS_BACKEND: local
e2e (1)	Run sbt/setup-sbt@v1	2026-10-08T00:24:04.1488170Z   DEV_PORT: 5173
e2e (1)	Run sbt/setup-sbt@v1	2026-10-08T00:24:04.1488279Z   BACKEND_PORT: 8080
e2e (1)	Run sbt/setup-sbt@v1	2026-10-08T00:24:04.1488397Z   GOOGLE_CLIENT_ID: placeholder
e2e (1)	Run sbt/setup-sbt@v1	2026-10-08T00:24:04.1488701Z   GOOGLE_REDIRECT_URI: http://localhost:5173/auth/callback
e2e (1)	Run sbt/setup-sbt@v1	2026-10-08T00:24:04.1489354Z   JAVA_HOME: /opt/hostedtoolcache/Java_Temurin-Hotspot_jdk/21.0.12-1/x64
e2e (1)	Run sbt/setup-sbt@v1	2026-10-08T00:24:04.1489604Z   JAVA_HOME_21_X64: /opt/hostedtoolcache/Java_Temurin-Hotspot_jdk/21.0.12-1/x64
e2e (1)	Run sbt/setup-sbt@v1	2026-10-08T00:24:04.1489810Z   MAVEN_ARGS: -ntp
e2e (1)	Run sbt/setup-sbt@v1	2026-10-08T00:24:04.1489921Z ##[endgroup]
e2e (1)	Run sbt/setup-sbt@v1	2026-10-08T00:24:04.3666898Z Cache hit for: Linux-X64-java21.0.12.1-sbt-diskcache-1.5.3-2026-10-05-<elided>
e2e (1)	Run sbt/setup-sbt@v1	2026-10-08T00:24:04.7345233Z Received 51360 of 51360 (100.0%), 0.2 MBs/sec
e2e (1)	Run sbt/setup-sbt@v1	2026-10-08T00:24:04.7345616Z Cache Size: ~0 MB (51360 B)
e2e (1)	Run sbt/setup-sbt@v1	2026-10-08T00:24:04.7359912Z [command]/usr/bin/tar -xf /home/runner/work/_temp/8f36dd01-0a1d-48ad-affb-311ca5ce7dee/cache.tzst -P -C /home/runner/work/helio/helio --use-compress-program unzstd
e2e (1)	Run sbt/setup-sbt@v1	2026-10-08T00:24:04.7414744Z Cache restored successfully
e2e (1)	Run sbt/setup-sbt@v1	2026-10-08T00:24:04.7517472Z ##[end-action id=__sbt_setup-sbt.disk-cache;outcome=success;conclusion=success;duration_ms=1241]
e2e (1)	Run sbt/setup-sbt@v1	2026-10-08T00:24:04.7520721Z ##[start-action display=Download and Install sbt;id=__sbt_setup-sbt.__run]
e2e (1)	Run sbt/setup-sbt@v1	2026-10-08T00:24:04.7524646Z ##[end-action id=__sbt_setup-sbt.__run;outcome=skipped;conclusion=skipped;duration_ms=0]
e2e (1)	Run sbt/setup-sbt@v1	2026-10-08T00:24:04.7525762Z ##[start-action display=Verify the sbt distribution signature;id=__sbt_setup-sbt.ampel-verify]
e2e (1)	Run sbt/setup-sbt@v1	2026-10-08T00:24:04.7528829Z ##[end-action id=__sbt_setup-sbt.ampel-verify;outcome=skipped;conclusion=skipped;duration_ms=0]
e2e (1)	Run sbt/setup-sbt@v1	2026-10-08T00:24:04.7529935Z ##[start-action display=Setup PATH;id=__sbt_setup-sbt.__run_2]
e2e (1)	Run sbt/setup-sbt@v1	2026-10-08T00:24:04.7542845Z ##[group]Run cd "$SBT_TOOLPATH"
e2e (1)	Run sbt/setup-sbt@v1	2026-10-08T00:24:04.7543038Z ^[[36;1mcd "$SBT_TOOLPATH"^[[0m
e2e (1)	Run sbt/setup-sbt@v1	2026-10-08T00:24:04.7543176Z ^[[36;1mls sbt/bin/sbt^[[0m
e2e (1)	Run sbt/setup-sbt@v1	2026-10-08T00:24:04.7543325Z ^[[36;1mif [[ "$RUNNER_OS" == "Windows" ]]; then^[[0m
e2e (1)	Run sbt/setup-sbt@v1	2026-10-08T00:24:04.7543514Z ^[[36;1m  echo "$PWD\\sbt\\bin" >> "$GITHUB_PATH"^[[0m
e2e (1)	Run sbt/setup-sbt@v1	2026-10-08T00:24:04.7543677Z ^[[36;1melse^[[0m
e2e (1)	Run sbt/setup-sbt@v1	2026-10-08T00:24:04.7543810Z ^[[36;1m  echo "$PWD/sbt/bin" >> "$GITHUB_PATH"^[[0m
e2e (1)	Run sbt/setup-sbt@v1	2026-10-08T00:24:04.7543965Z ^[[36;1mfi^[[0m
e2e (1)	Run sbt/setup-sbt@v1	2026-10-08T00:24:04.7595394Z shell: /usr/bin/bash --noprofile --norc -e -o pipefail {0}
e2e (1)	Run sbt/setup-sbt@v1	2026-10-08T00:24:04.7595576Z env:
e2e (1)	Run sbt/setup-sbt@v1	2026-10-08T00:24:04.7595743Z   DATABASE_URL: jdbc:postgresql://localhost:5432/helio
e2e (1)	Run sbt/setup-sbt@v1	2026-10-08T00:24:04.7595920Z   DB_USER: helio
e2e (1)	Run sbt/setup-sbt@v1	2026-10-08T00:24:04.7596173Z   HELIO_UPLOADS_BACKEND: local
e2e (1)	Run sbt/setup-sbt@v1	2026-10-08T00:24:04.7596308Z   DEV_PORT: 5173
e2e (1)	Run sbt/setup-sbt@v1	2026-10-08T00:24:04.7596429Z   BACKEND_PORT: 8080
e2e (1)	Run sbt/setup-sbt@v1	2026-10-08T00:24:04.7596557Z   GOOGLE_CLIENT_ID: placeholder
e2e (1)	Run sbt/setup-sbt@v1	2026-10-08T00:24:04.7596889Z   GOOGLE_REDIRECT_URI: http://localhost:5173/auth/callback
e2e (1)	Run sbt/setup-sbt@v1	2026-10-08T00:24:04.7597568Z   JAVA_HOME: /opt/hostedtoolcache/Java_Temurin-Hotspot_jdk/21.0.12-1/x64
e2e (1)	Run sbt/setup-sbt@v1	2026-10-08T00:24:04.7597830Z   JAVA_HOME_21_X64: /opt/hostedtoolcache/Java_Temurin-Hotspot_jdk/21.0.12-1/x64
e2e (1)	Run sbt/setup-sbt@v1	2026-10-08T00:24:04.7598038Z   MAVEN_ARGS: -ntp
e2e (1)	Run sbt/setup-sbt@v1	2026-10-08T00:24:04.7598177Z   SBT_TOOLPATH: /opt/hostedtoolcache/sbt/2.0.9
e2e (1)	Run sbt/setup-sbt@v1	2026-10-08T00:24:04.7598344Z ##[endgroup]
e2e (1)	Run sbt/setup-sbt@v1	2026-10-08T00:24:04.7664340Z sbt/bin/sbt
e2e (1)	Run sbt/setup-sbt@v1	2026-10-08T00:24:04.7671529Z ##[end-action id=__sbt_setup-sbt.__run_2;outcome=success;conclusion=success;duration_ms=14]
e2e (1)	Cache sbt	﻿2026-10-08T00:24:05.3297153Z ##[group]Run actions/cache@v6
e2e (1)	Cache sbt	2026-10-08T00:24:05.3297340Z with:
e2e (1)	Cache sbt	2026-10-08T00:24:05.3297473Z   path: ~/.sbt
e2e (1)	Cache sbt	~/.ivy2/cache
e2e (1)	Cache sbt	~/.cache/coursier
e2e (1)	Cache sbt	
e2e (1)	Cache sbt	2026-10-08T00:24:05.3298061Z   enableCrossOsArchive: false
e2e (1)	Cache sbt	2026-10-08T00:24:05.3298207Z   fail-on-cache-miss: false
e2e (1)	Cache sbt	2026-10-08T00:24:05.3298339Z   lookup-only: false
e2e (1)	Cache sbt	2026-10-08T00:24:05.3298460Z   save-always: false
e2e (1)	Cache sbt	2026-10-08T00:24:05.3298572Z env:
e2e (1)	Cache sbt	2026-10-08T00:24:05.3298728Z   DATABASE_URL: jdbc:postgresql://localhost:5432/helio
e2e (1)	Cache sbt	2026-10-08T00:24:05.3298907Z   DB_USER: helio
e2e (1)	Cache sbt	2026-10-08T00:24:05.3299147Z   HELIO_UPLOADS_BACKEND: local
e2e (1)	Cache sbt	2026-10-08T00:24:05.3299484Z   DEV_PORT: 5173
e2e (1)	Cache sbt	2026-10-08T00:24:05.3299596Z   BACKEND_PORT: 8080
e2e (1)	Cache sbt	2026-10-08T00:24:05.3299721Z   GOOGLE_CLIENT_ID: placeholder
e2e (1)	Cache sbt	2026-10-08T00:24:05.3300078Z   GOOGLE_REDIRECT_URI: http://localhost:5173/auth/callback
e2e (1)	Cache sbt	2026-10-08T00:24:05.3300794Z   JAVA_HOME: /opt/hostedtoolcache/Java_Temurin-Hotspot_jdk/21.0.12-1/x64
e2e (1)	Cache sbt	2026-10-08T00:24:05.3301062Z   JAVA_HOME_21_X64: /opt/hostedtoolcache/Java_Temurin-Hotspot_jdk/21.0.12-1/x64
e2e (1)	Cache sbt	2026-10-08T00:24:05.3301273Z   MAVEN_ARGS: -ntp
e2e (1)	Cache sbt	2026-10-08T00:24:05.3301392Z ##[endgroup]
e2e (1)	Cache sbt	2026-10-08T00:24:05.5445588Z Cache hit for: sbt-<elided>
e2e (1)	Cache sbt	2026-10-08T00:24:06.7003040Z Received 130023424 of 956400531 (13.6%), 123.9 MBs/sec
e2e (1)	Cache sbt	2026-10-08T00:24:07.7033713Z Received 301989888 of 956400531 (31.6%), 143.9 MBs/sec
e2e (1)	Cache sbt	2026-10-08T00:24:08.7080459Z Received 536870912 of 956400531 (56.1%), 170.2 MBs/sec
e2e (1)	Cache sbt	2026-10-08T00:24:09.7117579Z Received 750780416 of 956400531 (78.5%), 178.6 MBs/sec
e2e (1)	Cache sbt	2026-10-08T00:24:10.7072481Z Received 939623315 of 956400531 (98.2%), 178.9 MBs/sec
e2e (1)	Cache sbt	2026-10-08T00:24:10.8005761Z Received 956400531 of 956400531 (100.0%), 178.8 MBs/sec
e2e (1)	Cache sbt	2026-10-08T00:24:10.8006884Z Cache Size: ~912 MB (956400531 B)
e2e (1)	Cache sbt	2026-10-08T00:24:10.8073333Z [command]/usr/bin/tar -xf /home/runner/work/_temp/c970b55b-6634-452a-b527-9a62b3e6cb05/cache.tzst -P -C /home/runner/work/helio/helio --use-compress-program unzstd
e2e (1)	Cache sbt	2026-10-08T00:24:11.9159718Z Cache restored successfully
e2e (1)	Start backend (sbt run, background)	﻿2026-10-08T00:24:12.0271710Z ##[group]Run scripts/e2e-backend.sh start
e2e (1)	Start backend (sbt run, background)	2026-10-08T00:24:12.0272008Z ^[[36;1mscripts/e2e-backend.sh start^[[0m
e2e (1)	Start backend (sbt run, background)	2026-10-08T00:24:12.0326301Z shell: /usr/bin/bash -e {0}
e2e (1)	Start backend (sbt run, background)	2026-10-08T00:24:12.0326470Z env:
e2e (1)	Start backend (sbt run, background)	2026-10-08T00:24:12.0326637Z   DATABASE_URL: jdbc:postgresql://localhost:5432/helio
e2e (1)	Start backend (sbt run, background)	2026-10-08T00:24:12.0326827Z   DB_USER: helio
e2e (1)	Start backend (sbt run, background)	2026-10-08T00:24:12.0327080Z   HELIO_UPLOADS_BACKEND: local
e2e (1)	Start backend (sbt run, background)	2026-10-08T00:24:12.0327219Z   DEV_PORT: 5173
e2e (1)	Start backend (sbt run, background)	2026-10-08T00:24:12.0327338Z   BACKEND_PORT: 8080
e2e (1)	Start backend (sbt run, background)	2026-10-08T00:24:12.0327467Z   GOOGLE_CLIENT_ID: placeholder
e2e (1)	Start backend (sbt run, background)	2026-10-08T00:24:12.0327803Z   GOOGLE_REDIRECT_URI: http://localhost:5173/auth/callback
e2e (1)	Start backend (sbt run, background)	2026-10-08T00:24:12.0328508Z   JAVA_HOME: /opt/hostedtoolcache/Java_Temurin-Hotspot_jdk/21.0.12-1/x64
e2e (1)	Start backend (sbt run, background)	2026-10-08T00:24:12.0328806Z   JAVA_HOME_21_X64: /opt/hostedtoolcache/Java_Temurin-Hotspot_jdk/21.0.12-1/x64
e2e (1)	Start backend (sbt run, background)	2026-10-08T00:24:12.0329021Z   MAVEN_ARGS: -ntp
e2e (1)	Start backend (sbt run, background)	2026-10-08T00:24:12.0329148Z ##[endgroup]
e2e (1)	Run actions/setup-node@v7	﻿2026-10-08T00:24:12.0971057Z ##[group]Run actions/setup-node@v7
e2e (1)	Run actions/setup-node@v7	2026-10-08T00:24:12.0971244Z with:
e2e (1)	Run actions/setup-node@v7	2026-10-08T00:24:12.0971363Z   node-version: 22
e2e (1)	Run actions/setup-node@v7	2026-10-08T00:24:12.0971484Z   cache: npm
e2e (1)	Run actions/setup-node@v7	2026-10-08T00:24:12.0971673Z   cache-dependency-path: package-lock.json
e2e (1)	Run actions/setup-node@v7	frontend/package-lock.json
e2e (1)	Run actions/setup-node@v7	
e2e (1)	Run actions/setup-node@v7	2026-10-08T00:24:12.0971898Z   check-latest: false
e2e (1)	Run actions/setup-node@v7	2026-10-08T00:24:12.0973783Z   package-manager-cache: true
e2e (1)	Run actions/setup-node@v7	2026-10-08T00:24:12.0973926Z env:
e2e (1)	Run actions/setup-node@v7	2026-10-08T00:24:12.0974086Z   DATABASE_URL: jdbc:postgresql://localhost:5432/helio
e2e (1)	Run actions/setup-node@v7	2026-10-08T00:24:12.0974274Z   DB_USER: helio
e2e (1)	Run actions/setup-node@v7	2026-10-08T00:24:12.0974535Z   HELIO_UPLOADS_BACKEND: local
e2e (1)	Run actions/setup-node@v7	2026-10-08T00:24:12.0974677Z   DEV_PORT: 5173
e2e (1)	Run actions/setup-node@v7	2026-10-08T00:24:12.0974861Z   BACKEND_PORT: 8080
e2e (1)	Run actions/setup-node@v7	2026-10-08T00:24:12.0975072Z   GOOGLE_CLIENT_ID: placeholder
e2e (1)	Run actions/setup-node@v7	2026-10-08T00:24:12.0975605Z   GOOGLE_REDIRECT_URI: http://localhost:5173/auth/callback
e2e (1)	Run actions/setup-node@v7	2026-10-08T00:24:12.0976949Z   JAVA_HOME: /opt/hostedtoolcache/Java_Temurin-Hotspot_jdk/21.0.12-1/x64
e2e (1)	Run actions/setup-node@v7	2026-10-08T00:24:12.0977381Z   JAVA_HOME_21_X64: /opt/hostedtoolcache/Java_Temurin-Hotspot_jdk/21.0.12-1/x64
e2e (1)	Run actions/setup-node@v7	2026-10-08T00:24:12.0977718Z   MAVEN_ARGS: -ntp
e2e (1)	Run actions/setup-node@v7	2026-10-08T00:24:12.0977847Z ##[endgroup]
e2e (1)	Run actions/setup-node@v7	2026-10-08T00:24:12.1975916Z Found in cache @ /opt/hostedtoolcache/node/22.23.3/x64
e2e (1)	Run actions/setup-node@v7	2026-10-08T00:24:12.1977793Z ##[group]Environment details
e2e (1)	Run actions/setup-node@v7	2026-10-08T00:24:12.5542777Z node: v22.23.3
e2e (1)	Run actions/setup-node@v7	2026-10-08T00:24:12.5544954Z npm: 10.9.9
e2e (1)	Run actions/setup-node@v7	2026-10-08T00:24:12.5545553Z yarn: 1.22.22
e2e (1)	Run actions/setup-node@v7	2026-10-08T00:24:12.5546432Z ##[endgroup]
e2e (1)	Run actions/setup-node@v7	2026-10-08T00:24:12.5554769Z [command]/opt/hostedtoolcache/node/22.23.3/x64/bin/npm config get cache
e2e (1)	Run actions/setup-node@v7	2026-10-08T00:24:12.6789215Z /home/runner/.npm
e2e (1)	Run actions/setup-node@v7	2026-10-08T00:24:12.8403560Z Cache hit for: node-cache-Linux-x64-npm-<elided>
e2e (1)	Run actions/setup-node@v7	2026-10-08T00:24:14.0520050Z Received 67108864 of 115458366 (58.1%), 64.0 MBs/sec
e2e (1)	Run actions/setup-node@v7	2026-10-08T00:24:14.4059908Z Received 115458366 of 115458366 (100.0%), 81.3 MBs/sec
e2e (1)	Run actions/setup-node@v7	2026-10-08T00:24:14.4089637Z Cache Size: ~110 MB (115458366 B)
e2e (1)	Run actions/setup-node@v7	2026-10-08T00:24:14.4183438Z [command]/usr/bin/tar -xf /home/runner/work/_temp/44f70f9c-d8dc-4ab0-a081-ac8b7af37024/cache.tzst -P -C /home/runner/work/helio/helio --use-compress-program unzstd
e2e (1)	Run actions/setup-node@v7	2026-10-08T00:24:14.7833891Z Cache restored successfully
e2e (1)	Run npm ci	﻿2026-10-08T00:24:14.8648648Z ##[group]Run npm ci
e2e (1)	Run npm ci	2026-10-08T00:24:14.8648948Z ^[[36;1mnpm ci^[[0m
e2e (1)	Run npm ci	2026-10-08T00:24:14.8755227Z shell: /usr/bin/bash -e {0}
e2e (1)	Run npm ci	2026-10-08T00:24:14.8755516Z env:
e2e (1)	Run npm ci	2026-10-08T00:24:14.8755801Z   DATABASE_URL: jdbc:postgresql://localhost:5432/helio
e2e (1)	Run npm ci	2026-10-08T00:24:14.8756137Z   DB_USER: helio
e2e (1)	Run npm ci	2026-10-08T00:24:14.8756600Z   HELIO_UPLOADS_BACKEND: local
e2e (1)	Run npm ci	2026-10-08T00:24:14.8756844Z   DEV_PORT: 5173
e2e (1)	Run npm ci	2026-10-08T00:24:14.8757048Z   BACKEND_PORT: 8080
e2e (1)	Run npm ci	2026-10-08T00:24:14.8757269Z   GOOGLE_CLIENT_ID: placeholder
e2e (1)	Run npm ci	2026-10-08T00:24:14.8757858Z   GOOGLE_REDIRECT_URI: http://localhost:5173/auth/callback
e2e (1)	Run npm ci	2026-10-08T00:24:14.8759091Z   JAVA_HOME: /opt/hostedtoolcache/Java_Temurin-Hotspot_jdk/21.0.12-1/x64
e2e (1)	Run npm ci	2026-10-08T00:24:14.8759566Z   JAVA_HOME_21_X64: /opt/hostedtoolcache/Java_Temurin-Hotspot_jdk/21.0.12-1/x64
e2e (1)	Run npm ci	2026-10-08T00:24:14.8759995Z   MAVEN_ARGS: -ntp
e2e (1)	Run npm ci	2026-10-08T00:24:14.8760206Z ##[endgroup]
e2e (1)	Run npm ci	2026-10-08T00:24:17.6905079Z npm warn deprecated glob@7.2.3: Old versions of glob are not supported, and contain widely publicized security vulnerabilities, which have been fixed in the current version. Please update. Support for old versions may be purchased (at exorbitant rates) by contacting i@izs.me
e2e (1)	Run npm ci	2026-10-08T00:24:18.2964330Z npm warn deprecated glob@10.5.0: Old versions of glob are not supported, and contain widely publicized security vulnerabilities, which have been fixed in the current version. Please update. Support for old versions may be purchased (at exorbitant rates) by contacting i@izs.me
e2e (1)	Run npm ci	2026-10-08T00:24:20.1032971Z 
e2e (1)	Run npm ci	2026-10-08T00:24:20.1059176Z > helio@0.7.4 prepare
e2e (1)	Run npm ci	2026-10-08T00:24:20.1086409Z > husky
e2e (1)	Run npm ci	2026-10-08T00:24:20.1112771Z 
e2e (1)	Run npm ci	2026-10-08T00:24:20.1672858Z 
e2e (1)	Run npm ci	2026-10-08T00:24:20.1694721Z added 623 packages, and audited 624 packages in 5s
e2e (1)	Run npm ci	2026-10-08T00:24:20.1722802Z 
e2e (1)	Run npm ci	2026-10-08T00:24:20.1753248Z 229 packages are looking for funding
e2e (1)	Run npm ci	2026-10-08T00:24:20.1753903Z   run `npm fund` for details
e2e (1)	Run npm ci	2026-10-08T00:24:20.2272949Z 
e2e (1)	Run npm ci	2026-10-08T00:24:20.2333437Z 32 vulnerabilities (5 moderate, 27 high)
e2e (1)	Run npm ci	2026-10-08T00:24:20.2362718Z 
e2e (1)	Run npm ci	2026-10-08T00:24:20.2423099Z To address all issues, run:
e2e (1)	Run npm ci	2026-10-08T00:24:20.2453132Z   npm audit fix
e2e (1)	Run npm ci	2026-10-08T00:24:20.2482545Z 
e2e (1)	Run npm ci	2026-10-08T00:24:20.2492882Z Run `npm audit` for details.
e2e (1)	Run npm --prefix frontend ci	﻿2026-10-08T00:24:20.3004043Z ##[group]Run npm --prefix frontend ci
e2e (1)	Run npm --prefix frontend ci	2026-10-08T00:24:20.3004360Z ^[[36;1mnpm --prefix frontend ci^[[0m
e2e (1)	Run npm --prefix frontend ci	2026-10-08T00:24:20.3077779Z shell: /usr/bin/bash -e {0}
e2e (1)	Run npm --prefix frontend ci	2026-10-08T00:24:20.3078060Z env:
e2e (1)	Run npm --prefix frontend ci	2026-10-08T00:24:20.3078336Z   DATABASE_URL: jdbc:postgresql://localhost:5432/helio
e2e (1)	Run npm --prefix frontend ci	2026-10-08T00:24:20.3078666Z   DB_USER: helio
e2e (1)	Run npm --prefix frontend ci	2026-10-08T00:24:20.3079088Z   HELIO_UPLOADS_BACKEND: local
e2e (1)	Run npm --prefix frontend ci	2026-10-08T00:24:20.3079328Z   DEV_PORT: 5173
e2e (1)	Run npm --prefix frontend ci	2026-10-08T00:24:20.3079530Z   BACKEND_PORT: 8080
e2e (1)	Run npm --prefix frontend ci	2026-10-08T00:24:20.3079773Z   GOOGLE_CLIENT_ID: placeholder
e2e (1)	Run npm --prefix frontend ci	2026-10-08T00:24:20.3080345Z   GOOGLE_REDIRECT_URI: http://localhost:5173/auth/callback
e2e (1)	Run npm --prefix frontend ci	2026-10-08T00:24:20.3081524Z   JAVA_HOME: /opt/hostedtoolcache/Java_Temurin-Hotspot_jdk/21.0.12-1/x64
e2e (1)	Run npm --prefix frontend ci	2026-10-08T00:24:20.3082035Z   JAVA_HOME_21_X64: /opt/hostedtoolcache/Java_Temurin-Hotspot_jdk/21.0.12-1/x64
e2e (1)	Run npm --prefix frontend ci	2026-10-08T00:24:20.3082625Z   MAVEN_ARGS: -ntp
e2e (1)	Run npm --prefix frontend ci	2026-10-08T00:24:20.3082830Z ##[endgroup]
e2e (1)	Run npm --prefix frontend ci	2026-10-08T00:24:24.6354157Z npm warn deprecated whatwg-encoding@3.1.1: Use @exodus/bytes instead for a more spec-conformant and faster implementation
e2e (1)	Run npm --prefix frontend ci	2026-10-08T00:24:24.6868784Z npm warn deprecated glob@7.2.3: Old versions of glob are not supported, and contain widely publicized security vulnerabilities, which have been fixed in the current version. Please update. Support for old versions may be purchased (at exorbitant rates) by contacting i@izs.me
e2e (1)	Run npm --prefix frontend ci	2026-10-08T00:24:25.2716475Z npm warn deprecated source-map@0.8.0-beta.0: The work that was done in this beta branch won't be included in future versions
e2e (1)	Run npm --prefix frontend ci	2026-10-08T00:24:25.9985997Z npm warn deprecated glob@11.1.0: Old versions of glob are not supported, and contain widely publicized security vulnerabilities, which have been fixed in the current version. Please update. Support for old versions may be purchased (at exorbitant rates) by contacting i@izs.me
e2e (1)	Run npm --prefix frontend ci	2026-10-08T00:24:25.9994042Z npm warn deprecated glob@10.5.0: Old versions of glob are not supported, and contain widely publicized security vulnerabilities, which have been fixed in the current version. Please update. Support for old versions may be purchased (at exorbitant rates) by contacting i@izs.me
e2e (1)	Run npm --prefix frontend ci	2026-10-08T00:24:28.5447949Z 
e2e (1)	Run npm --prefix frontend ci	2026-10-08T00:24:28.5473586Z added 920 packages, and audited 921 packages in 8s
e2e (1)	Run npm --prefix frontend ci	2026-10-08T00:24:28.5473974Z 
e2e (1)	Run npm --prefix frontend ci	2026-10-08T00:24:28.5474308Z 266 packages are looking for funding
e2e (1)	Run npm --prefix frontend ci	2026-10-08T00:24:28.5474593Z   run `npm fund` for details
e2e (1)	Run npm --prefix frontend ci	2026-10-08T00:24:28.5474802Z 
e2e (1)	Run npm --prefix frontend ci	2026-10-08T00:24:28.5475080Z found 0 vulnerabilities
e2e (1)	Install Playwright browsers	﻿2026-10-08T00:24:28.6500302Z ##[group]Run npx playwright install --with-deps chromium
e2e (1)	Install Playwright browsers	2026-10-08T00:24:28.6500720Z ^[[36;1mnpx playwright install --with-deps chromium^[[0m
e2e (1)	Install Playwright browsers	2026-10-08T00:24:28.6591899Z shell: /usr/bin/bash -e {0}
e2e (1)	Install Playwright browsers	2026-10-08T00:24:28.6592169Z env:
e2e (1)	Install Playwright browsers	2026-10-08T00:24:28.6592536Z   DATABASE_URL: jdbc:postgresql://localhost:5432/helio
e2e (1)	Install Playwright browsers	2026-10-08T00:24:28.6592848Z   DB_USER: helio
e2e (1)	Install Playwright browsers	2026-10-08T00:24:28.6593248Z   HELIO_UPLOADS_BACKEND: local
e2e (1)	Install Playwright browsers	2026-10-08T00:24:28.6593460Z   DEV_PORT: 5173
e2e (1)	Install Playwright browsers	2026-10-08T00:24:28.6593867Z   BACKEND_PORT: 8080
e2e (1)	Install Playwright browsers	2026-10-08T00:24:28.6594070Z   GOOGLE_CLIENT_ID: placeholder
e2e (1)	Install Playwright browsers	2026-10-08T00:24:28.6594594Z   GOOGLE_REDIRECT_URI: http://localhost:5173/auth/callback
e2e (1)	Install Playwright browsers	2026-10-08T00:24:28.6595731Z   JAVA_HOME: /opt/hostedtoolcache/Java_Temurin-Hotspot_jdk/21.0.12-1/x64
e2e (1)	Install Playwright browsers	2026-10-08T00:24:28.6596226Z   JAVA_HOME_21_X64: /opt/hostedtoolcache/Java_Temurin-Hotspot_jdk/21.0.12-1/x64
e2e (1)	Install Playwright browsers	2026-10-08T00:24:28.6596579Z   MAVEN_ARGS: -ntp
e2e (1)	Install Playwright browsers	2026-10-08T00:24:28.6596777Z ##[endgroup]
e2e (1)	Install Playwright browsers	2026-10-08T00:24:29.3091951Z Installing dependencies...
e2e (1)	Install Playwright browsers	2026-10-08T00:24:29.3254059Z Switching to root user to install dependencies...
e2e (1)	Install Playwright browsers	2026-10-08T00:24:29.4953664Z Get:1 file:/etc/apt/apt-mirrors.txt Mirrorlist [144 B]
e2e (1)	Install Playwright browsers	2026-10-08T00:24:29.5262016Z Get:6 https://packages.microsoft.com/ubuntu/24.04/prod noble InRelease [3600 B]
e2e (1)	Install Playwright browsers	2026-10-08T00:24:29.5717699Z Hit:2 http://azure.archive.ubuntu.com/ubuntu noble InRelease
e2e (1)	Install Playwright browsers	2026-10-08T00:24:29.5734245Z Get:3 http://azure.archive.ubuntu.com/ubuntu noble-updates InRelease [126 kB]
e2e (1)	Install Playwright browsers	2026-10-08T00:24:29.5812151Z Get:4 http://azure.archive.ubuntu.com/ubuntu noble-backports InRelease [126 kB]
e2e (1)	Install Playwright browsers	2026-10-08T00:24:29.5824523Z Get:5 http://azure.archive.ubuntu.com/ubuntu noble-security InRelease [126 kB]
e2e (1)	Install Playwright browsers	2026-10-08T00:24:29.6250417Z Get:7 https://packages.microsoft.com/ubuntu/24.04/prod noble/main amd64 Packages [519 kB]
e2e (1)	Install Playwright browsers	2026-10-08T00:24:29.6508262Z Get:8 https://packages.microsoft.com/ubuntu/24.04/prod noble/main arm64 Packages [463 kB]
e2e (1)	Install Playwright browsers	2026-10-08T00:24:29.6606967Z Get:9 https://packages.microsoft.com/ubuntu/24.04/prod noble/main armhf Packages [12.6 kB]
e2e (1)	Install Playwright browsers	2026-10-08T00:24:29.7733925Z Get:10 http://azure.archive.ubuntu.com/ubuntu noble-updates/main amd64 Packages [1375 kB]
e2e (1)	Install Playwright browsers	2026-10-08T00:24:29.7943873Z Get:11 http://azure.archive.ubuntu.com/ubuntu noble-updates/main Translation-en [306 kB]
e2e (1)	Install Playwright browsers	2026-10-08T00:24:29.7945091Z Get:12 http://azure.archive.ubuntu.com/ubuntu noble-updates/main amd64 Components [181 kB]
e2e (1)	Install Playwright browsers	2026-10-08T00:24:29.8033742Z Get:13 http://azure.archive.ubuntu.com/ubuntu noble-updates/universe amd64 Packages [1702 kB]
e2e (1)	Install Playwright browsers	2026-10-08T00:24:29.8200491Z Get:14 http://azure.archive.ubuntu.com/ubuntu noble-updates/universe Translation-en [341 kB]
e2e (1)	Install Playwright browsers	2026-10-08T00:24:29.8313748Z Get:15 http://azure.archive.ubuntu.com/ubuntu noble-updates/universe amd64 Components [388 kB]
e2e (1)	Install Playwright browsers	2026-10-08T00:24:29.8360473Z Get:16 http://azure.archive.ubuntu.com/ubuntu noble-updates/restricted amd64 Packages [1730 kB]
e2e (1)	Install Playwright browsers	2026-10-08T00:24:29.8603927Z Get:17 http://azure.archive.ubuntu.com/ubuntu noble-updates/restricted Translation-en [396 kB]
e2e (1)	Install Playwright browsers	2026-10-08T00:24:29.8643325Z Get:18 http://azure.archive.ubuntu.com/ubuntu noble-updates/multiverse Translation-en [13.3 kB]
e2e (1)	Install Playwright browsers	2026-10-08T00:24:29.8673133Z Get:19 http://azure.archive.ubuntu.com/ubuntu noble-updates/multiverse amd64 Components [940 B]
e2e (1)	Install Playwright browsers	2026-10-08T00:24:29.9082073Z Get:20 http://azure.archive.ubuntu.com/ubuntu noble-backports/main amd64 Components [5752 B]
e2e (1)	Install Playwright browsers	2026-10-08T00:24:29.9149666Z Get:21 http://azure.archive.ubuntu.com/ubuntu noble-backports/universe amd64 Components [12.6 kB]
e2e (1)	Install Playwright browsers	2026-10-08T00:24:29.9205608Z Get:22 http://azure.archive.ubuntu.com/ubuntu noble-security/main amd64 Packages [1073 kB]
e2e (1)	Install Playwright browsers	2026-10-08T00:24:29.9261413Z Get:23 http://azure.archive.ubuntu.com/ubuntu noble-security/main Translation-en [223 kB]
e2e (1)	Install Playwright browsers	2026-10-08T00:24:29.9303310Z Get:24 http://azure.archive.ubuntu.com/ubuntu noble-security/main amd64 Components [46.4 kB]
e2e (1)	Install Playwright browsers	2026-10-08T00:24:29.9342674Z Get:25 http://azure.archive.ubuntu.com/ubuntu noble-security/universe amd64 Packages [1218 kB]
e2e (1)	Install Playwright browsers	2026-10-08T00:24:29.9445537Z Get:26 http://azure.archive.ubuntu.com/ubuntu noble-security/universe Translation-en [245 kB]
e2e (1)	Install Playwright browsers	2026-10-08T00:24:29.9479458Z Get:27 http://azure.archive.ubuntu.com/ubuntu noble-security/universe amd64 Components [76.3 kB]
e2e (1)	Install Playwright browsers	2026-10-08T00:24:29.9523142Z Get:28 http://azure.archive.ubuntu.com/ubuntu noble-security/restricted amd64 Packages [1566 kB]
e2e (1)	Install Playwright browsers	2026-10-08T00:24:29.9576999Z Get:29 http://azure.archive.ubuntu.com/ubuntu noble-security/restricted Translation-en [361 kB]
e2e (1)	Install Playwright browsers	2026-10-08T00:24:29.9600565Z Get:30 http://azure.archive.ubuntu.com/ubuntu noble-security/multiverse Translation-en [11.6 kB]
e2e (1)	Install Playwright browsers	2026-10-08T00:24:39.9584498Z Fetched 12.6 MB in 1s (8694 kB/s)
e2e (1)	Install Playwright browsers	2026-10-08T00:24:40.8924282Z Reading package lists...
e2e (1)	Install Playwright browsers	2026-10-08T00:24:40.9193821Z Reading package lists...
e2e (1)	Install Playwright browsers	2026-10-08T00:24:41.1775206Z Building dependency tree...
e2e (1)	Install Playwright browsers	2026-10-08T00:24:41.1807587Z Reading state information...
e2e (1)	Install Playwright browsers	2026-10-08T00:24:41.3823881Z libasound2t64 is already the newest version (1.2.11-1ubuntu0.3).
e2e (1)	Install Playwright browsers	2026-10-08T00:24:41.3845527Z libasound2t64 set to manually installed.
e2e (1)	Install Playwright browsers	2026-10-08T00:24:41.3847646Z libatk-bridge2.0-0t64 is already the newest version (2.52.0-1build1).
e2e (1)	Install Playwright browsers	2026-10-08T00:24:41.3867561Z libatk-bridge2.0-0t64 set to manually installed.
e2e (1)	Install Playwright browsers	2026-10-08T00:24:41.3868333Z libatk1.0-0t64 is already the newest version (2.52.0-1build1).
e2e (1)	Install Playwright browsers	2026-10-08T00:24:41.3868848Z libatk1.0-0t64 set to manually installed.
e2e (1)	Install Playwright browsers	2026-10-08T00:24:41.3869235Z libatspi2.0-0t64 is already the newest version (2.52.0-1build1).
e2e (1)	Install Playwright browsers	2026-10-08T00:24:41.3869613Z libatspi2.0-0t64 set to manually installed.
e2e (1)	Install Playwright browsers	2026-10-08T00:24:41.3869982Z libcairo2 is already the newest version (1.18.0-3build1).
e2e (1)	Install Playwright browsers	2026-10-08T00:24:41.3870321Z libcairo2 set to manually installed.
e2e (1)	Install Playwright browsers	2026-10-08T00:24:41.3870693Z libcups2t64 is already the newest version (2.4.7-1.2ubuntu7.14).
e2e (1)	Install Playwright browsers	2026-10-08T00:24:41.3871115Z libcups2t64 set to manually installed.
e2e (1)	Install Playwright browsers	2026-10-08T00:24:41.3871541Z libdbus-1-3 is already the newest version (1.14.10-4ubuntu4.1).
e2e (1)	Install Playwright browsers	2026-10-08T00:24:41.3871932Z libdbus-1-3 set to manually installed.
e2e (1)	Install Playwright browsers	2026-10-08T00:24:41.3872490Z libdrm2 is already the newest version (2.4.125-1ubuntu0.1~24.04.2).
e2e (1)	Install Playwright browsers	2026-10-08T00:24:41.3872882Z libdrm2 set to manually installed.
e2e (1)	Install Playwright browsers	2026-10-08T00:24:41.3873273Z libglib2.0-0t64 is already the newest version (2.80.0-6ubuntu3.9).
e2e (1)	Install Playwright browsers	2026-10-08T00:24:41.3873652Z libglib2.0-0t64 set to manually installed.
e2e (1)	Install Playwright browsers	2026-10-08T00:24:41.3874051Z libnspr4 is already the newest version (2:4.35-1.1build1).
e2e (1)	Install Playwright browsers	2026-10-08T00:24:41.3874404Z libnspr4 set to manually installed.
e2e (1)	Install Playwright browsers	2026-10-08T00:24:41.3874764Z libnss3 is already the newest version (2:3.98-1ubuntu0.2).
e2e (1)	Install Playwright browsers	2026-10-08T00:24:41.3875107Z libnss3 set to manually installed.
e2e (1)	Install Playwright browsers	2026-10-08T00:24:41.3875483Z libpango-1.0-0 is already the newest version (1.52.1+ds-1build1).
e2e (1)	Install Playwright browsers	2026-10-08T00:24:41.3875865Z libpango-1.0-0 set to manually installed.
e2e (1)	Install Playwright browsers	2026-10-08T00:24:41.3876257Z libx11-6 is already the newest version (2:1.8.7-1build1).
e2e (1)	Install Playwright browsers	2026-10-08T00:24:41.3876601Z libx11-6 set to manually installed.
e2e (1)	Install Playwright browsers	2026-10-08T00:24:41.3876939Z libxcb1 is already the newest version (1.15-1ubuntu2).
e2e (1)	Install Playwright browsers	2026-10-08T00:24:41.3877273Z libxcb1 set to manually installed.
e2e (1)	Install Playwright browsers	2026-10-08T00:24:41.3877652Z libxcomposite1 is already the newest version (1:0.4.5-1build3).
e2e (1)	Install Playwright browsers	2026-10-08T00:24:41.3878031Z libxcomposite1 set to manually installed.
e2e (1)	Install Playwright browsers	2026-10-08T00:24:41.3878410Z libxdamage1 is already the newest version (1:1.1.6-1build1).
e2e (1)	Install Playwright browsers	2026-10-08T00:24:41.3878779Z libxdamage1 set to manually installed.
e2e (1)	Install Playwright browsers	2026-10-08T00:24:41.3879143Z libxext6 is already the newest version (2:1.3.4-1build2).
e2e (1)	Install Playwright browsers	2026-10-08T00:24:41.3879486Z libxext6 set to manually installed.
e2e (1)	Install Playwright browsers	2026-10-08T00:24:41.3879843Z libxfixes3 is already the newest version (1:6.0.0-2build1).
e2e (1)	Install Playwright browsers	2026-10-08T00:24:41.3880198Z libxfixes3 set to manually installed.
e2e (1)	Install Playwright browsers	2026-10-08T00:24:41.3880571Z libxkbcommon0 is already the newest version (1.6.0-1build1).
e2e (1)	Install Playwright browsers	2026-10-08T00:24:41.3881262Z libxkbcommon0 set to manually installed.
e2e (1)	Install Playwright browsers	2026-10-08T00:24:41.3881635Z libxrandr2 is already the newest version (2:1.5.2-2build1).
e2e (1)	Install Playwright browsers	2026-10-08T00:24:41.3881989Z libxrandr2 set to manually installed.
e2e (1)	Install Playwright browsers	2026-10-08T00:24:41.3882482Z xvfb is already the newest version (2:21.1.12-1ubuntu1.8).
e2e (1)	Install Playwright browsers	2026-10-08T00:24:41.3882961Z fonts-noto-color-emoji is already the newest version (2.047-0ubuntu0.24.04.1).
e2e (1)	Install Playwright browsers	2026-10-08T00:24:41.3883471Z libfontconfig1 is already the newest version (2.15.0-1.1ubuntu2).
e2e (1)	Install Playwright browsers	2026-10-08T00:24:41.3884063Z libfontconfig1 set to manually installed.
e2e (1)	Install Playwright browsers	2026-10-08T00:24:41.3884445Z fonts-liberation is already the newest version (1:2.1.5-3).
e2e (1)	Install Playwright browsers	2026-10-08T00:24:41.3884899Z fonts-liberation set to manually installed.
e2e (1)	Install Playwright browsers	2026-10-08T00:24:41.3885335Z The following additional packages will be installed:
e2e (1)	Install Playwright browsers	2026-10-08T00:24:41.3885860Z   libgl1-mesa-dri libglx-mesa0 mesa-libgallium xfonts-encodings xfonts-utils
e2e (1)	Install Playwright browsers	2026-10-08T00:24:41.3886253Z Recommended packages:
e2e (1)	Install Playwright browsers	2026-10-08T00:24:41.3886521Z   fonts-ipafont-mincho fonts-tlwg-loma
e2e (1)	Install Playwright browsers	2026-10-08T00:24:41.4153221Z The following NEW packages will be installed:
e2e (1)	Install Playwright browsers	2026-10-08T00:24:41.4174564Z   fonts-freefont-ttf fonts-ipafont-gothic fonts-tlwg-loma-otf fonts-unifont
e2e (1)	Install Playwright browsers	2026-10-08T00:24:41.4175424Z   fonts-wqy-zenhei xfonts-cyrillic xfonts-encodings xfonts-scalable
e2e (1)	Install Playwright browsers	2026-10-08T00:24:41.4190199Z   xfonts-utils
e2e (1)	Install Playwright browsers	2026-10-08T00:24:41.4190665Z The following packages will be upgraded:
e2e (1)	Install Playwright browsers	2026-10-08T00:24:41.4191225Z   libfreetype6 libgbm1 libgl1-mesa-dri libglx-mesa0 mesa-libgallium
e2e (1)	Install Playwright browsers	2026-10-08T00:24:41.4411964Z 5 upgraded, 9 newly installed, 0 to remove and 25 not upgraded.
e2e (1)	Install Playwright browsers	2026-10-08T00:24:41.4433190Z Need to get 32.5 MB of archives.
e2e (1)	Install Playwright browsers	2026-10-08T00:24:41.4444302Z After this operation, 79.5 MB of additional disk space will be used.
e2e (1)	Install Playwright browsers	2026-10-08T00:24:41.4445009Z Get:1 file:/etc/apt/apt-mirrors.txt Mirrorlist [144 B]
e2e (1)	Install Playwright browsers	2026-10-08T00:24:41.5215361Z Get:2 http://azure.archive.ubuntu.com/ubuntu noble/universe amd64 fonts-ipafont-gothic all 00303-21ubuntu1 [3513 kB]
e2e (1)	Install Playwright browsers	2026-10-08T00:24:41.5828277Z Get:3 http://azure.archive.ubuntu.com/ubuntu noble/main amd64 fonts-freefont-ttf all 20211204+svn4273-2 [5641 kB]
e2e (1)	Install Playwright browsers	2026-10-08T00:24:41.6674086Z Get:4 http://azure.archive.ubuntu.com/ubuntu noble/universe amd64 fonts-tlwg-loma-otf all 1:0.7.3-1 [107 kB]
e2e (1)	Install Playwright browsers	2026-10-08T00:24:41.6963958Z Get:5 http://azure.archive.ubuntu.com/ubuntu noble/universe amd64 fonts-unifont all 1:15.1.01-1build1 [2993 kB]
e2e (1)	Install Playwright browsers	2026-10-08T00:24:41.7586629Z Get:6 http://azure.archive.ubuntu.com/ubuntu noble/universe amd64 fonts-wqy-zenhei all 0.9.45-8 [7472 kB]
e2e (1)	Install Playwright browsers	2026-10-08T00:24:41.8535066Z Get:7 http://azure.archive.ubuntu.com/ubuntu noble-updates/main amd64 libfreetype6 amd64 2.13.2+dfsg-1ubuntu0.2 [403 kB]
e2e (1)	Install Playwright browsers	2026-10-08T00:24:41.8829369Z Get:8 http://azure.archive.ubuntu.com/ubuntu noble-updates/main amd64 libgl1-mesa-dri amd64 25.2.8-0ubuntu0.24.04.4 [38.0 kB]
e2e (1)	Install Playwright browsers	2026-10-08T00:24:41.9118190Z Get:9 http://azure.archive.ubuntu.com/ubuntu noble-updates/main amd64 libglx-mesa0 amd64 25.2.8-0ubuntu0.24.04.4 [110 kB]
e2e (1)	Install Playwright browsers	2026-10-08T00:24:41.9395199Z Get:10 http://azure.archive.ubuntu.com/ubuntu noble-updates/main amd64 libgbm1 amd64 25.2.8-0ubuntu0.24.04.4 [34.2 kB]
e2e (1)	Install Playwright browsers	2026-10-08T00:24:41.9694655Z Get:11 http://azure.archive.ubuntu.com/ubuntu noble-updates/main amd64 mesa-libgallium amd64 25.2.8-0ubuntu0.24.04.4 [10.8 MB]
e2e (1)	Install Playwright browsers	2026-10-08T00:24:42.1005261Z Get:12 http://azure.archive.ubuntu.com/ubuntu noble/main amd64 xfonts-encodings all 1:1.0.5-0ubuntu2 [578 kB]
e2e (1)	Install Playwright browsers	2026-10-08T00:24:42.1296140Z Get:13 http://azure.archive.ubuntu.com/ubuntu noble/main amd64 xfonts-utils amd64 1:7.7+6build3 [94.4 kB]
e2e (1)	Install Playwright browsers	2026-10-08T00:24:42.1588054Z Get:14 http://azure.archive.ubuntu.com/ubuntu noble/universe amd64 xfonts-cyrillic all 1:1.0.5+nmu1 [384 kB]
e2e (1)	Install Playwright browsers	2026-10-08T00:24:42.1930644Z Get:15 http://azure.archive.ubuntu.com/ubuntu noble/main amd64 xfonts-scalable all 1:1.0.3-1.3 [304 kB]
e2e (1)	Install Playwright browsers	2026-10-08T00:24:42.4942686Z Fetched 32.5 MB in 1s (42.4 MB/s)
e2e (1)	Install Playwright browsers	2026-10-08T00:24:42.5212065Z Selecting previously unselected package fonts-ipafont-gothic.
e2e (1)	Install Playwright browsers	2026-10-08T00:24:42.5526802Z (Reading database ... 
e2e (1)	Install Playwright browsers	2026-10-08T00:24:42.5542894Z (Reading database ... 5%
e2e (1)	Install Playwright browsers	2026-10-08T00:24:42.5572946Z (Reading database ... 10%
e2e (1)	Install Playwright browsers	2026-10-08T00:24:42.5612807Z (Reading database ... 15%
e2e (1)	Install Playwright browsers	2026-10-08T00:24:42.5615949Z (Reading database ... 20%
e2e (1)	Install Playwright browsers	2026-10-08T00:24:42.5618147Z (Reading database ... 25%
e2e (1)	Install Playwright browsers	2026-10-08T00:24:42.5625897Z (Reading database ... 30%
e2e (1)	Install Playwright browsers	2026-10-08T00:24:42.5626268Z (Reading database ... 35%
e2e (1)	Install Playwright browsers	2026-10-08T00:24:42.5626584Z (Reading database ... 40%
e2e (1)	Install Playwright browsers	2026-10-08T00:24:42.5626871Z (Reading database ... 45%
e2e (1)	Install Playwright browsers	2026-10-08T00:24:42.5627149Z (Reading database ... 50%
e2e (1)	Install Playwright browsers	2026-10-08T00:24:42.5627972Z (Reading database ... 55%
e2e (1)	Install Playwright browsers	2026-10-08T00:24:42.7081757Z (Reading database ... 60%
e2e (1)	Install Playwright browsers	2026-10-08T00:24:42.9168619Z (Reading database ... 65%
e2e (1)	Install Playwright browsers	2026-10-08T00:24:43.1025709Z (Reading database ... 70%
e2e (1)	Install Playwright browsers	2026-10-08T00:24:43.3022964Z (Reading database ... 75%
e2e (1)	Install Playwright browsers	2026-10-08T00:24:43.4578570Z (Reading database ... 80%
e2e (1)	Install Playwright browsers	2026-10-08T00:24:43.6607927Z (Reading database ... 85%
e2e (1)	Install Playwright browsers	2026-10-08T00:24:43.8213854Z (Reading database ... 90%
e2e (1)	Install Playwright browsers	2026-10-08T00:24:44.0203753Z (Reading database ... 95%
e2e (1)	Install Playwright browsers	2026-10-08T00:24:44.0217587Z (Reading database ... 100%
e2e (1)	Install Playwright browsers	2026-10-08T00:24:44.0223354Z (Reading database ... 202296 files and directories currently installed.)
e2e (1)	Install Playwright browsers	2026-10-08T00:24:44.0242017Z Preparing to unpack .../00-fonts-ipafont-gothic_00303-21ubuntu1_all.deb ...
e2e (1)	Install Playwright browsers	2026-10-08T00:24:44.0357507Z Unpacking fonts-ipafont-gothic (00303-21ubuntu1) ...
e2e (1)	Install Playwright browsers	2026-10-08T00:24:44.3183857Z Selecting previously unselected package fonts-freefont-ttf.
e2e (1)	Install Playwright browsers	2026-10-08T00:24:44.3297646Z Preparing to unpack .../01-fonts-freefont-ttf_20211204+svn4273-2_all.deb ...
e2e (1)	Install Playwright browsers	2026-10-08T00:24:44.3298669Z Unpacking fonts-freefont-ttf (20211204+svn4273-2) ...
e2e (1)	Install Playwright browsers	2026-10-08T00:24:44.4393785Z Selecting previously unselected package fonts-tlwg-loma-otf.
e2e (1)	Install Playwright browsers	2026-10-08T00:24:44.4520801Z Preparing to unpack .../02-fonts-tlwg-loma-otf_1%3a0.7.3-1_all.deb ...
e2e (1)	Install Playwright browsers	2026-10-08T00:24:44.4522910Z Unpacking fonts-tlwg-loma-otf (1:0.7.3-1) ...
e2e (1)	Install Playwright browsers	2026-10-08T00:24:44.4823780Z Selecting previously unselected package fonts-unifont.
e2e (1)	Install Playwright browsers	2026-10-08T00:24:44.4946713Z Preparing to unpack .../03-fonts-unifont_1%3a15.1.01-1build1_all.deb ...
e2e (1)	Install Playwright browsers	2026-10-08T00:24:44.4972904Z Unpacking fonts-unifont (1:15.1.01-1build1) ...
e2e (1)	Install Playwright browsers	2026-10-08T00:24:44.7134055Z Selecting previously unselected package fonts-wqy-zenhei.
e2e (1)	Install Playwright browsers	2026-10-08T00:24:44.7275621Z Preparing to unpack .../04-fonts-wqy-zenhei_0.9.45-8_all.deb ...
e2e (1)	Install Playwright browsers	2026-10-08T00:24:44.7433757Z Unpacking fonts-wqy-zenhei (0.9.45-8) ...
e2e (1)	Install Playwright browsers	2026-10-08T00:24:45.2900590Z Preparing to unpack .../05-libfreetype6_2.13.2+dfsg-1ubuntu0.2_amd64.deb ...
e2e (1)	Install Playwright browsers	2026-10-08T00:24:45.2941518Z Unpacking libfreetype6:amd64 (2.13.2+dfsg-1ubuntu0.2) over (2.13.2+dfsg-1ubuntu0.1) ...
e2e (1)	Install Playwright browsers	2026-10-08T00:24:45.3635106Z Preparing to unpack .../06-libgl1-mesa-dri_25.2.8-0ubuntu0.24.04.4_amd64.deb ...
e2e (1)	Install Playwright browsers	2026-10-08T00:24:45.3993865Z Unpacking libgl1-mesa-dri:amd64 (25.2.8-0ubuntu0.24.04.4) over (25.2.8-0ubuntu0.24.04.2) ...
e2e (1)	Install Playwright browsers	2026-10-08T00:24:45.4913735Z Preparing to unpack .../07-libglx-mesa0_25.2.8-0ubuntu0.24.04.4_amd64.deb ...
e2e (1)	Install Playwright browsers	2026-10-08T00:24:45.5003200Z Unpacking libglx-mesa0:amd64 (25.2.8-0ubuntu0.24.04.4) over (25.2.8-0ubuntu0.24.04.2) ...
e2e (1)	Install Playwright browsers	2026-10-08T00:24:45.5805139Z Preparing to unpack .../08-libgbm1_25.2.8-0ubuntu0.24.04.4_amd64.deb ...
e2e (1)	Install Playwright browsers	2026-10-08T00:24:45.5893434Z Unpacking libgbm1:amd64 (25.2.8-0ubuntu0.24.04.4) over (25.2.8-0ubuntu0.24.04.2) ...
e2e (1)	Install Playwright browsers	2026-10-08T00:24:45.6628919Z Preparing to unpack .../09-mesa-libgallium_25.2.8-0ubuntu0.24.04.4_amd64.deb ...
e2e (1)	Install Playwright browsers	2026-10-08T00:24:45.6663569Z Unpacking mesa-libgallium:amd64 (25.2.8-0ubuntu0.24.04.4) over (25.2.8-0ubuntu0.24.04.2) ...
e2e (1)	Install Playwright browsers	2026-10-08T00:24:46.0394595Z Selecting previously unselected package xfonts-encodings.
e2e (1)	Install Playwright browsers	2026-10-08T00:24:46.0513636Z Preparing to unpack .../10-xfonts-encodings_1%3a1.0.5-0ubuntu2_all.deb ...
e2e (1)	Install Playwright browsers	2026-10-08T00:24:46.0527773Z Unpacking xfonts-encodings (1:1.0.5-0ubuntu2) ...
e2e (1)	Install Playwright browsers	2026-10-08T00:24:46.0980936Z Selecting previously unselected package xfonts-utils.
e2e (1)	Install Playwright browsers	2026-10-08T00:24:46.1225735Z Preparing to unpack .../11-xfonts-utils_1%3a7.7+6build3_amd64.deb ...
e2e (1)	Install Playwright browsers	2026-10-08T00:24:46.1279938Z Unpacking xfonts-utils (1:7.7+6build3) ...
e2e (1)	Install Playwright browsers	2026-10-08T00:24:46.1863773Z Selecting previously unselected package xfonts-cyrillic.
e2e (1)	Install Playwright browsers	2026-10-08T00:24:46.1974932Z Preparing to unpack .../12-xfonts-cyrillic_1%3a1.0.5+nmu1_all.deb ...
e2e (1)	Install Playwright browsers	2026-10-08T00:24:46.2002610Z Unpacking xfonts-cyrillic (1:1.0.5+nmu1) ...
e2e (1)	Install Playwright browsers	2026-10-08T00:24:46.2473753Z Selecting previously unselected package xfonts-scalable.
e2e (1)	Install Playwright browsers	2026-10-08T00:24:46.2675412Z Preparing to unpack .../13-xfonts-scalable_1%3a1.0.3-1.3_all.deb ...
e2e (1)	Install Playwright browsers	2026-10-08T00:24:46.2695062Z Unpacking xfonts-scalable (1:1.0.3-1.3) ...
e2e (1)	Install Playwright browsers	2026-10-08T00:24:46.3316562Z Setting up mesa-libgallium:amd64 (25.2.8-0ubuntu0.24.04.4) ...
e2e (1)	Install Playwright browsers	2026-10-08T00:24:46.3339408Z Setting up libgbm1:amd64 (25.2.8-0ubuntu0.24.04.4) ...
e2e (1)	Install Playwright browsers	2026-10-08T00:24:46.3357680Z Setting up libgl1-mesa-dri:amd64 (25.2.8-0ubuntu0.24.04.4) ...
e2e (1)	Install Playwright browsers	2026-10-08T00:24:46.3577572Z Setting up fonts-wqy-zenhei (0.9.45-8) ...
e2e (1)	Install Playwright browsers	2026-10-08T00:24:46.3769020Z Setting up fonts-freefont-ttf (20211204+svn4273-2) ...
e2e (1)	Install Playwright browsers	2026-10-08T00:24:46.3794432Z Setting up fonts-tlwg-loma-otf (1:0.7.3-1) ...
e2e (1)	Install Playwright browsers	2026-10-08T00:24:46.3847325Z Setting up libfreetype6:amd64 (2.13.2+dfsg-1ubuntu0.2) ...
e2e (1)	Install Playwright browsers	2026-10-08T00:24:46.3875083Z Setting up xfonts-encodings (1:1.0.5-0ubuntu2) ...
e2e (1)	Install Playwright browsers	2026-10-08T00:24:46.3906000Z Setting up fonts-ipafont-gothic (00303-21ubuntu1) ...
e2e (1)	Install Playwright browsers	2026-10-08T00:24:46.4021174Z update-alternatives: using <elided>-gothic/ipag.ttf to provide /usr/share/fonts/truetype/fonts-japanese-gothic.ttf (fonts-japanese-gothic.ttf) in auto mode
e2e (1)	Install Playwright browsers	2026-10-08T00:24:46.4042957Z Setting up fonts-unifont (1:15.1.01-1build1) ...
e2e (1)	Install Playwright browsers	2026-10-08T00:24:46.4075218Z Setting up libglx-mesa0:amd64 (25.2.8-0ubuntu0.24.04.4) ...
e2e (1)	Install Playwright browsers	2026-10-08T00:24:46.4092804Z Setting up xfonts-utils (1:7.7+6build3) ...
e2e (1)	Install Playwright browsers	2026-10-08T00:24:46.4112827Z Setting up xfonts-cyrillic (1:1.0.5+nmu1) ...
e2e (1)	Install Playwright browsers	2026-10-08T00:24:46.4423947Z Setting up xfonts-scalable (1:1.0.3-1.3) ...
e2e (1)	Install Playwright browsers	2026-10-08T00:24:46.4700066Z Processing triggers for libc-bin (2.39-0ubuntu8.9) ...
e2e (1)	Install Playwright browsers	2026-10-08T00:24:46.6812053Z Processing triggers for man-db (2.12.0-4build2) ...
e2e (1)	Install Playwright browsers	2026-10-08T00:24:46.6836519Z Not building database; man-db/auto-update is not 'true'.
e2e (1)	Install Playwright browsers	2026-10-08T00:24:46.6851235Z Processing triggers for fontconfig (2.15.0-1.1ubuntu2) ...
e2e (1)	Install Playwright browsers	2026-10-08T00:24:47.3823556Z 
e2e (1)	Install Playwright browsers	2026-10-08T00:24:47.3824478Z Running kernel seems to be up-to-date.
e2e (1)	Install Playwright browsers	2026-10-08T00:24:47.3824941Z 
e2e (1)	Install Playwright browsers	2026-10-08T00:24:47.3825193Z Restarting services...
e2e (1)	Install Playwright browsers	2026-10-08T00:24:47.3929736Z  systemctl restart php8.3-fpm.service
e2e (1)	Install Playwright browsers	2026-10-08T00:24:47.5073009Z 
e2e (1)	Install Playwright browsers	2026-10-08T00:24:47.5091326Z No containers need to be restarted.
e2e (1)	Install Playwright browsers	2026-10-08T00:24:47.5143100Z 
e2e (1)	Install Playwright browsers	2026-10-08T00:24:47.5173154Z No user sessions are running outdated binaries.
e2e (1)	Install Playwright browsers	2026-10-08T00:24:47.5202804Z 
e2e (1)	Install Playwright browsers	2026-10-08T00:24:47.5203428Z No VM guests are running outdated hypervisor (qemu) binaries on this host.
e2e (1)	Install Playwright browsers	2026-10-08T00:24:48.4954309Z Downloading Chromium 140.0.7339.186 (playwright build v1193) from https://cdn.playwright.<elided>-linux.zip
e2e (1)	Install Playwright browsers	2026-10-08T00:24:48.7313533Z |                                                                                |   0% of 173.8 MiB
e2e (1)	Install Playwright browsers	2026-10-08T00:24:49.1024037Z |■■■■■■■■                                                                        |  10% of 173.8 MiB
e2e (1)	Install Playwright browsers	2026-10-08T00:24:49.2800367Z |■■■■■■■■■■■■■■■■                                                                |  20% of 173.8 MiB
e2e (1)	Install Playwright browsers	2026-10-08T00:24:49.6513865Z |■■■■■■■■■■■■■■■■■■■■■■■■                                                        |  30% of 173.8 MiB
e2e (1)	Install Playwright browsers	2026-10-08T00:24:49.7781035Z |■■■■■■■■■■■■■■■■■■■■■■■■■■■■■■■■                                                |  40% of 173.8 MiB
e2e (1)	Install Playwright browsers	2026-10-08T00:24:49.9984303Z |■■■■■■■■■■■■■■■■■■■■■■■■■■■■■■■■■■■■■■■■                                        |  50% of 173.8 MiB
e2e (1)	Install Playwright browsers	2026-10-08T00:24:50.2129714Z |■■■■■■■■■■■■■■■■■■■■■■■■■■■■■■■■■■■■■■■■■■■■■■■■                                |  60% of 173.8 MiB
e2e (1)	Install Playwright browsers	2026-10-08T00:24:50.3909508Z |■■■■■■■■■■■■■■■■■■■■■■■■■■■■■■■■■■■■■■■■■■■■■■■■■■■■■■■■                        |  70% of 173.8 MiB
e2e (1)	Install Playwright browsers	2026-10-08T00:24:50.5728880Z |■■■■■■■■■■■■■■■■■■■■■■■■■■■■■■■■■■■■■■■■■■■■■■■■■■■■■■■■■■■■■■■■                |  80% of 173.8 MiB
e2e (1)	Install Playwright browsers	2026-10-08T00:24:50.7399300Z |■■■■■■■■■■■■■■■■■■■■■■■■■■■■■■■■■■■■■■■■■■■■■■■■■■■■■■■■■■■■■■■■■■■■■■■■        |  90% of 173.8 MiB
e2e (1)	Install Playwright browsers	2026-10-08T00:24:50.8696715Z |■■■■■■■■■■■■■■■■■■■■■■■■■■■■■■■■■■■■■■■■■■■■■■■■■■■■■■■■■■■■■■■■■■■■■■■■■■■■■■■■| 100% of 173.8 MiB
e2e (1)	Install Playwright browsers	2026-10-08T00:24:54.4413718Z Chromium 140.0.7339.186 (playwright build v1193) downloaded to /home/runner/.cache/ms-playwright/chromium-1193
e2e (1)	Install Playwright browsers	2026-10-08T00:24:54.4473378Z Downloading FFMPEG playwright build v1011 from https://cdn.playwright.<elided>-linux.zip
e2e (1)	Install Playwright browsers	2026-10-08T00:24:54.6393976Z |                                                                                |   0% of 2.3 MiB
e2e (1)	Install Playwright browsers	2026-10-08T00:24:54.6569612Z |■■■■■■■■                                                                        |  10% of 2.3 MiB
e2e (1)	Install Playwright browsers	2026-10-08T00:24:54.6726690Z |■■■■■■■■■■■■■■■■                                                                |  20% of 2.3 MiB
e2e (1)	Install Playwright browsers	2026-10-08T00:24:54.6818385Z |■■■■■■■■■■■■■■■■■■■■■■■■                                                        |  30% of 2.3 MiB
e2e (1)	Install Playwright browsers	2026-10-08T00:24:54.6847714Z |■■■■■■■■■■■■■■■■■■■■■■■■■■■■■■■■                                                |  40% of 2.3 MiB
e2e (1)	Install Playwright browsers	2026-10-08T00:24:54.6920562Z |■■■■■■■■■■■■■■■■■■■■■■■■■■■■■■■■■■■■■■■■                                        |  50% of 2.3 MiB
e2e (1)	Install Playwright browsers	2026-10-08T00:24:54.6949885Z |■■■■■■■■■■■■■■■■■■■■■■■■■■■■■■■■■■■■■■■■■■■■■■■■                                |  60% of 2.3 MiB
e2e (1)	Install Playwright browsers	2026-10-08T00:24:54.7018307Z |■■■■■■■■■■■■■■■■■■■■■■■■■■■■■■■■■■■■■■■■■■■■■■■■■■■■■■■■                        |  70% of 2.3 MiB
e2e (1)	Install Playwright browsers	2026-10-08T00:24:54.7154326Z |■■■■■■■■■■■■■■■■■■■■■■■■■■■■■■■■■■■■■■■■■■■■■■■■■■■■■■■■■■■■■■■■                |  80% of 2.3 MiB
e2e (1)	Install Playwright browsers	2026-10-08T00:24:54.7183509Z |■■■■■■■■■■■■■■■■■■■■■■■■■■■■■■■■■■■■■■■■■■■■■■■■■■■■■■■■■■■■■■■■■■■■■■■■        |  90% of 2.3 MiB
e2e (1)	Install Playwright browsers	2026-10-08T00:24:54.7198275Z |■■■■■■■■■■■■■■■■■■■■■■■■■■■■■■■■■■■■■■■■■■■■■■■■■■■■■■■■■■■■■■■■■■■■■■■■■■■■■■■■| 100% of 2.3 MiB
e2e (1)	Install Playwright browsers	2026-10-08T00:24:54.7836329Z FFMPEG playwright build v1011 downloaded to /home/runner/.cache/ms-playwright/ffmpeg-1011
e2e (1)	Install Playwright browsers	2026-10-08T00:24:54.7843521Z Downloading Chromium Headless Shell 140.0.7339.186 (playwright build v1193) from https://cdn.playwright.<elided>-headless-shell-linux.zip
e2e (1)	Install Playwright browsers	2026-10-08T00:24:54.9444193Z |                                                                                |   0% of 104.3 MiB
e2e (1)	Install Playwright browsers	2026-10-08T00:24:55.1256036Z |■■■■■■■■                                                                        |  10% of 104.3 MiB
e2e (1)	Install Playwright browsers	2026-10-08T00:24:55.2098665Z |■■■■■■■■■■■■■■■■                                                                |  20% of 104.3 MiB
e2e (1)	Install Playwright browsers	2026-10-08T00:24:55.3177070Z |■■■■■■■■■■■■■■■■■■■■■■■■                                                        |  30% of 104.3 MiB
e2e (1)	Install Playwright browsers	2026-10-08T00:24:55.4295140Z |■■■■■■■■■■■■■■■■■■■■■■■■■■■■■■■■                                                |  40% of 104.3 MiB
e2e (1)	Install Playwright browsers	2026-10-08T00:24:55.4787780Z |■■■■■■■■■■■■■■■■■■■■■■■■■■■■■■■■■■■■■■■■                                        |  50% of 104.3 MiB
e2e (1)	Install Playwright browsers	2026-10-08T00:24:55.5152916Z |■■■■■■■■■■■■■■■■■■■■■■■■■■■■■■■■■■■■■■■■■■■■■■■■                                |  60% of 104.3 MiB
e2e (1)	Install Playwright browsers	2026-10-08T00:24:55.5438246Z |■■■■■■■■■■■■■■■■■■■■■■■■■■■■■■■■■■■■■■■■■■■■■■■■■■■■■■■■                        |  70% of 104.3 MiB
e2e (1)	Install Playwright browsers	2026-10-08T00:24:55.6868167Z |■■■■■■■■■■■■■■■■■■■■■■■■■■■■■■■■■■■■■■■■■■■■■■■■■■■■■■■■■■■■■■■■                |  80% of 104.3 MiB
e2e (1)	Install Playwright browsers	2026-10-08T00:24:55.8413725Z |■■■■■■■■■■■■■■■■■■■■■■■■■■■■■■■■■■■■■■■■■■■■■■■■■■■■■■■■■■■■■■■■■■■■■■■■        |  90% of 104.3 MiB
e2e (1)	Install Playwright browsers	2026-10-08T00:24:56.0243871Z |■■■■■■■■■■■■■■■■■■■■■■■■■■■■■■■■■■■■■■■■■■■■■■■■■■■■■■■■■■■■■■■■■■■■■■■■■■■■■■■■| 100% of 104.3 MiB
e2e (1)	Install Playwright browsers	2026-10-08T00:24:58.0738282Z Chromium Headless Shell 140.0.7339.186 (playwright build v1193) downloaded to /home/runner/.cache/ms-playwright/chromium_headless_shell-1193
e2e (1)	Wait for backend health	﻿2026-10-08T00:24:58.1754295Z ##[group]Run scripts/e2e-backend.sh wait
e2e (1)	Wait for backend health	2026-10-08T00:24:58.1754624Z ^[[36;1mscripts/e2e-backend.sh wait^[[0m
e2e (1)	Wait for backend health	2026-10-08T00:24:58.1868045Z shell: /usr/bin/bash -e {0}
e2e (1)	Wait for backend health	2026-10-08T00:24:58.1868236Z env:
e2e (1)	Wait for backend health	2026-10-08T00:24:58.1868416Z   DATABASE_URL: jdbc:postgresql://localhost:5432/helio
e2e (1)	Wait for backend health	2026-10-08T00:24:58.1868613Z   DB_USER: helio
e2e (1)	Wait for backend health	2026-10-08T00:24:58.1868873Z   HELIO_UPLOADS_BACKEND: local
e2e (1)	Wait for backend health	2026-10-08T00:24:58.1869013Z   DEV_PORT: 5173
e2e (1)	Wait for backend health	2026-10-08T00:24:58.1869136Z   BACKEND_PORT: 8080
e2e (1)	Wait for backend health	2026-10-08T00:24:58.1869271Z   GOOGLE_CLIENT_ID: placeholder
e2e (1)	Wait for backend health	2026-10-08T00:24:58.1869639Z   GOOGLE_REDIRECT_URI: http://localhost:5173/auth/callback
e2e (1)	Wait for backend health	2026-10-08T00:24:58.1870360Z   JAVA_HOME: /opt/hostedtoolcache/Java_Temurin-Hotspot_jdk/21.0.12-1/x64
e2e (1)	Wait for backend health	2026-10-08T00:24:58.1870681Z   JAVA_HOME_21_X64: /opt/hostedtoolcache/Java_Temurin-Hotspot_jdk/21.0.12-1/x64
e2e (1)	Wait for backend health	2026-10-08T00:24:58.1870900Z   MAVEN_ARGS: -ntp
e2e (1)	Wait for backend health	2026-10-08T00:24:58.1871026Z ##[endgroup]
e2e (1)	Wait for backend health	2026-10-08T00:24:58.2087034Z e2e-backend: mode=server pgid=2673 exe=/usr/lib/jvm/temurin-21-jdk-amd64/bin/java
e2e (1)	Wait for backend health	2026-10-08T00:25:20.4014184Z backend healthy after 22s
e2e (1)	Wait for backend health	2026-10-08T00:25:20.4029867Z e2e-backend: mode=server pgid=2673 exe=/usr/lib/jvm/temurin-21-jdk-amd64/bin/java
e2e (1)	Start frontend (Vite dev server)	﻿2026-10-08T00:25:20.4065933Z ##[group]Run nohup npx vite --port 5173 > /tmp/frontend.log 2>&1 &
e2e (1)	Start frontend (Vite dev server)	2026-10-08T00:25:20.4066359Z ^[[36;1mnohup npx vite --port 5173 > /tmp/frontend.log 2>&1 &^[[0m
e2e (1)	Start frontend (Vite dev server)	2026-10-08T00:25:20.4066684Z ^[[36;1mfor i in $(seq 1 30); do^[[0m
e2e (1)	Start frontend (Vite dev server)	2026-10-08T00:25:20.4066957Z ^[[36;1m  curl -sf http://localhost:5173/ && exit 0^[[0m
e2e (1)	Start frontend (Vite dev server)	2026-10-08T00:25:20.4067234Z ^[[36;1m  sleep 2^[[0m
e2e (1)	Start frontend (Vite dev server)	2026-10-08T00:25:20.4067424Z ^[[36;1mdone^[[0m
e2e (1)	Start frontend (Vite dev server)	2026-10-08T00:25:20.4067648Z ^[[36;1mecho "frontend did not become healthy" >&2^[[0m
e2e (1)	Start frontend (Vite dev server)	2026-10-08T00:25:20.4067933Z ^[[36;1mcat /tmp/frontend.log^[[0m
e2e (1)	Start frontend (Vite dev server)	2026-10-08T00:25:20.4068151Z ^[[36;1mexit 1^[[0m
e2e (1)	Start frontend (Vite dev server)	2026-10-08T00:25:20.4125194Z shell: /usr/bin/bash -e {0}
e2e (1)	Start frontend (Vite dev server)	2026-10-08T00:25:20.4125358Z env:
e2e (1)	Start frontend (Vite dev server)	2026-10-08T00:25:20.4125522Z   DATABASE_URL: jdbc:postgresql://localhost:5432/helio
e2e (1)	Start frontend (Vite dev server)	2026-10-08T00:25:20.4125716Z   DB_USER: helio
e2e (1)	Start frontend (Vite dev server)	2026-10-08T00:25:20.4125991Z   HELIO_UPLOADS_BACKEND: local
e2e (1)	Start frontend (Vite dev server)	2026-10-08T00:25:20.4126133Z   DEV_PORT: 5173
e2e (1)	Start frontend (Vite dev server)	2026-10-08T00:25:20.4126251Z   BACKEND_PORT: 8080
e2e (1)	Start frontend (Vite dev server)	2026-10-08T00:25:20.4126411Z   GOOGLE_CLIENT_ID: placeholder
e2e (1)	Start frontend (Vite dev server)	2026-10-08T00:25:20.4126902Z   GOOGLE_REDIRECT_URI: http://localhost:5173/auth/callback
e2e (1)	Start frontend (Vite dev server)	2026-10-08T00:25:20.4127614Z   JAVA_HOME: /opt/hostedtoolcache/Java_Temurin-Hotspot_jdk/21.0.12-1/x64
e2e (1)	Start frontend (Vite dev server)	2026-10-08T00:25:20.4127891Z   JAVA_HOME_21_X64: /opt/hostedtoolcache/Java_Temurin-Hotspot_jdk/21.0.12-1/x64
e2e (1)	Start frontend (Vite dev server)	2026-10-08T00:25:20.4128106Z   MAVEN_ARGS: -ntp
e2e (1)	Start frontend (Vite dev server)	2026-10-08T00:25:20.4128233Z ##[endgroup]
e2e (1)	Start frontend (Vite dev server)	2026-10-08T00:25:22.4448898Z <!doctype html>
e2e (1)	Start frontend (Vite dev server)	2026-10-08T00:25:22.4449424Z <html lang="en">
e2e (1)	Start frontend (Vite dev server)	2026-10-08T00:25:22.4449894Z   <head>
e2e (1)	Start frontend (Vite dev server)	2026-10-08T00:25:22.4450450Z     <script type="module">import { injectIntoGlobalHook } from "/@react-refresh";
e2e (1)	Start frontend (Vite dev server)	2026-10-08T00:25:22.4450990Z injectIntoGlobalHook(window);
e2e (1)	Start frontend (Vite dev server)	2026-10-08T00:25:22.4451408Z window.$RefreshReg$ = () => {};
e2e (1)	Start frontend (Vite dev server)	2026-10-08T00:25:22.4451915Z window.$RefreshSig$ = () => (type) => type;</script>
e2e (1)	Start frontend (Vite dev server)	2026-10-08T00:25:22.4452262Z 
e2e (1)	Start frontend (Vite dev server)	2026-10-08T00:25:22.4452664Z     <script type="module" src="/@vite/client"></script>
e2e (1)	Start frontend (Vite dev server)	2026-10-08T00:25:22.4452994Z 
e2e (1)	Start frontend (Vite dev server)	2026-10-08T00:25:22.4453234Z     <meta charset="UTF-8" />
e2e (1)	Start frontend (Vite dev server)	2026-10-08T00:25:22.4453778Z     <meta name="viewport" content="width=device-width, initial-scale=1.0, viewport-fit=cover" />
e2e (1)	Start frontend (Vite dev server)	2026-10-08T00:25:22.4454339Z     <title>Helio Dashboard</title>
e2e (1)	Start frontend (Vite dev server)	2026-10-08T00:25:22.4454816Z     <link rel="icon" type="image/svg+xml" href="/orbit-mark.svg" />
e2e (1)	Start frontend (Vite dev server)	2026-10-08T00:25:22.4455176Z 
e2e (1)	Start frontend (Vite dev server)	2026-10-08T00:25:22.4455528Z     <!-- PWA / iOS installability (HEL-300, notes/mobile-pwa-handoff.md W1).
e2e (1)	Start frontend (Vite dev server)	2026-10-08T00:25:22.4456019Z          Colours are literal copies of theme.css's --app-bg; see vite.config.ts
e2e (1)	Start frontend (Vite dev server)	2026-10-08T00:25:22.4456821Z     <meta name="mobile-web-app-capable" content="yes" />
e2e (1)	Start frontend (Vite dev server)	2026-10-08T00:25:22.4457187Z     <meta name="apple-mobile-web-app-capable" content="yes" />
e2e (1)	Start frontend (Vite dev server)	2026-10-08T00:25:22.4457613Z     <meta name="apple-mobile-web-app-status-bar-style" content="black-translucent" />
e2e (1)	Start frontend (Vite dev server)	2026-10-08T00:25:22.4458111Z     <link rel="apple-touch-icon" href="/apple-touch-icon-180x180.png" />
e2e (1)	Start frontend (Vite dev server)	2026-10-08T00:25:22.4458826Z     <meta name="theme-color" media="(prefers-color-scheme: light)" content="#f4f2ed" />
e2e (1)	Start frontend (Vite dev server)	2026-10-08T00:25:22.4459367Z     <meta name="theme-color" media="(prefers-color-scheme: dark)" content="#121110" />
e2e (1)	Start frontend (Vite dev server)	2026-10-08T00:25:22.4459644Z 
e2e (1)	Start frontend (Vite dev server)	2026-10-08T00:25:22.4459842Z     <link rel="preconnect" href="https://fonts.googleapis.com" />
e2e (1)	Start frontend (Vite dev server)	2026-10-08T00:25:22.4460277Z     <link rel="preconnect" href="https://fonts.gstatic.com" crossorigin />
e2e (1)	Start frontend (Vite dev server)	2026-10-08T00:25:22.4460744Z     <!-- Loaded non-blocking: `media="print"` keeps this stylesheet out of the
e2e (1)	Start frontend (Vite dev server)	2026-10-08T00:25:22.4461214Z          critical rendering path, and the onload handler promotes it to `all`
e2e (1)	Start frontend (Vite dev server)	2026-10-08T00:25:22.4461678Z          once it arrives. A plain `rel="stylesheet"` here is render-blocking, so
e2e (1)	Start frontend (Vite dev server)	2026-10-08T00:25:22.4462532Z          an unreachable fonts.googleapis.com/fonts.gstatic.com stalls the whole
e2e (1)	Start frontend (Vite dev server)	2026-10-08T00:25:22.4462999Z          app -- prod AND the local dev server -- until the TCP timeout rather
e2e (1)	Start frontend (Vite dev server)	2026-10-08T00:25:22.4463435Z          than degrading to the fallback stack in theme.css. Text paints
e2e (1)	Start frontend (Vite dev server)	2026-10-08T00:25:22.4463877Z          immediately in the fallback face and swaps when (or if) the webfonts
e2e (1)	Start frontend (Vite dev server)	2026-10-08T00:25:22.4464299Z          land; `display=swap` is what makes that swap flicker-free.
e2e (1)	Start frontend (Vite dev server)	2026-10-08T00:25:22.4464697Z          The <noscript> copy preserves the blocking load for no-JS agents,
e2e (1)	Start frontend (Vite dev server)	2026-10-08T00:25:22.4465049Z          which is the standard pairing for this pattern. -->
e2e (1)	Start frontend (Vite dev server)	2026-10-08T00:25:22.4465232Z     <link
e2e (1)	Start frontend (Vite dev server)	2026-10-08T00:25:22.4465727Z       href="https://fonts.googleapis.com/css2?family=Fraunces:ital,opsz,wght@0,9..144,400..700;1,9..144,400..700&family=Schibsted+Grotesk:ital,wght@0,400..900;1,400..900&family=JetBrains+Mono:ital,wght@0,400;0,500;0,600;1,400&display=swap"
e2e (1)	Start frontend (Vite dev server)	2026-10-08T00:25:22.4466364Z       rel="stylesheet"
e2e (1)	Start frontend (Vite dev server)	2026-10-08T00:25:22.4466632Z       media="print"
e2e (1)	Start frontend (Vite dev server)	2026-10-08T00:25:22.4466811Z       onload="
e2e (1)	Start frontend (Vite dev server)	2026-10-08T00:25:22.4466972Z         this.media = 'all';
e2e (1)	Start frontend (Vite dev server)	2026-10-08T00:25:22.4467122Z         this.onload = null;
e2e (1)	Start frontend (Vite dev server)	2026-10-08T00:25:22.4467254Z       "
e2e (1)	Start frontend (Vite dev server)	2026-10-08T00:25:22.4467365Z     />
e2e (1)	Start frontend (Vite dev server)	2026-10-08T00:25:22.4467481Z     <noscript>
e2e (1)	Start frontend (Vite dev server)	2026-10-08T00:25:22.4467602Z       <link
e2e (1)	Start frontend (Vite dev server)	2026-10-08T00:25:22.4468080Z         href="https://fonts.googleapis.com/css2?family=Fraunces:ital,opsz,wght@0,9..144,400..700;1,9..144,400..700&family=Schibsted+Grotesk:ital,wght@0,400..900;1,400..900&family=JetBrains+Mono:ital,wght@0,400;0,500;0,600;1,400&display=swap"
e2e (1)	Start frontend (Vite dev server)	2026-10-08T00:25:22.4468559Z         rel="stylesheet"
e2e (1)	Start frontend (Vite dev server)	2026-10-08T00:25:22.4468719Z       />
e2e (1)	Start frontend (Vite dev server)	2026-10-08T00:25:22.4468913Z     </noscript>
e2e (1)	Start frontend (Vite dev server)	2026-10-08T00:25:22.4469041Z   </head>
e2e (1)	Start frontend (Vite dev server)	2026-10-08T00:25:22.4469152Z   <body>
e2e (1)	Start frontend (Vite dev server)	2026-10-08T00:25:22.4469273Z     <div id="root"></div>
e2e (1)	Start frontend (Vite dev server)	2026-10-08T00:25:22.4469460Z     <script type="module" src="/src/main.tsx"></script>
e2e (1)	Start frontend (Vite dev server)	2026-10-08T00:25:22.4469635Z   </body>
e2e (1)	Start frontend (Vite dev server)	2026-10-08T00:25:22.4469746Z </html>
e2e (1)	Run e2e suite (Playwright discovery via config glob + testIgnore, weighted shard)	﻿2026-10-08T00:25:22.4506920Z ##[group]Run node scripts/e2e-shard.mjs run 1 4
e2e (1)	Run e2e suite (Playwright discovery via config glob + testIgnore, weighted shard)	2026-10-08T00:25:22.4507247Z ^[[36;1mnode scripts/e2e-shard.mjs run 1 4^[[0m
e2e (1)	Run e2e suite (Playwright discovery via config glob + testIgnore, weighted shard)	2026-10-08T00:25:22.4579937Z shell: /usr/bin/bash -e {0}
e2e (1)	Run e2e suite (Playwright discovery via config glob + testIgnore, weighted shard)	2026-10-08T00:25:22.4580186Z env:
e2e (1)	Run e2e suite (Playwright discovery via config glob + testIgnore, weighted shard)	2026-10-08T00:25:22.4580444Z   DATABASE_URL: jdbc:postgresql://localhost:5432/helio
e2e (1)	Run e2e suite (Playwright discovery via config glob + testIgnore, weighted shard)	2026-10-08T00:25:22.4580755Z   DB_USER: helio
e2e (1)	Run e2e suite (Playwright discovery via config glob + testIgnore, weighted shard)	2026-10-08T00:25:22.4581168Z   HELIO_UPLOADS_BACKEND: local
e2e (1)	Run e2e suite (Playwright discovery via config glob + testIgnore, weighted shard)	2026-10-08T00:25:22.4581399Z   DEV_PORT: 5173
e2e (1)	Run e2e suite (Playwright discovery via config glob + testIgnore, weighted shard)	2026-10-08T00:25:22.4581598Z   BACKEND_PORT: 8080
e2e (1)	Run e2e suite (Playwright discovery via config glob + testIgnore, weighted shard)	2026-10-08T00:25:22.4581815Z   GOOGLE_CLIENT_ID: placeholder
e2e (1)	Run e2e suite (Playwright discovery via config glob + testIgnore, weighted shard)	2026-10-08T00:25:22.4582565Z   GOOGLE_REDIRECT_URI: http://localhost:5173/auth/callback
e2e (1)	Run e2e suite (Playwright discovery via config glob + testIgnore, weighted shard)	2026-10-08T00:25:22.4583716Z   JAVA_HOME: /opt/hostedtoolcache/Java_Temurin-Hotspot_jdk/21.0.12-1/x64
e2e (1)	Run e2e suite (Playwright discovery via config glob + testIgnore, weighted shard)	2026-10-08T00:25:22.4584186Z   JAVA_HOME_21_X64: /opt/hostedtoolcache/Java_Temurin-Hotspot_jdk/21.0.12-1/x64
e2e (1)	Run e2e suite (Playwright discovery via config glob + testIgnore, weighted shard)	2026-10-08T00:25:22.4584531Z   MAVEN_ARGS: -ntp
e2e (1)	Run e2e suite (Playwright discovery via config glob + testIgnore, weighted shard)	2026-10-08T00:25:22.4584728Z ##[endgroup]
e2e (1)	Run e2e suite (Playwright discovery via config glob + testIgnore, weighted shard)	2026-10-08T00:25:23.9253312Z leg 1/4: 7 files, 377s weighted
e2e (1)	Run e2e suite (Playwright discovery via config glob + testIgnore, weighted shard)	2026-10-08T00:25:23.9254319Z     21s  hel1189-output-panel-controls-live.spec.ts
e2e (1)	Run e2e suite (Playwright discovery via config glob + testIgnore, weighted shard)	2026-10-08T00:25:23.9254838Z     28s  hel1277-output-history-scrubber.spec.ts
e2e (1)	Run e2e suite (Playwright discovery via config glob + testIgnore, weighted shard)	2026-10-08T00:25:23.9255222Z     24s  hel1351-aggregated-chart-overlay.spec.ts  (defaulted)
e2e (1)	Run e2e suite (Playwright discovery via config glob + testIgnore, weighted shard)	2026-10-08T00:25:23.9255577Z     18s  hel572-chart-click-drilldown.spec.ts
e2e (1)	Run e2e suite (Playwright discovery via config glob + testIgnore, weighted shard)	2026-10-08T00:25:23.9255781Z      8s  hel908-trunk-reorder-drag.spec.ts
e2e (1)	Run e2e suite (Playwright discovery via config glob + testIgnore, weighted shard)	2026-10-08T00:25:23.9256046Z      5s  hel908-trunk-reorder-order.spec.ts
e2e (1)	Run e2e suite (Playwright discovery via config glob + testIgnore, weighted shard)	2026-10-08T00:25:23.9256244Z    273s  state-surface-contrast-guard.spec.ts
e2e (1)	Run e2e suite (Playwright discovery via config glob + testIgnore, weighted shard)	2026-10-08T00:25:23.9256620Z defaulted (no weight row): hel1331-history-payloads-toggle.spec.ts, hel1351-aggregated-chart-overlay.spec.ts
e2e (1)	Run e2e suite (Playwright discovery via config glob + testIgnore, weighted shard)	2026-10-08T00:25:25.5181947Z 
e2e (1)	Run e2e suite (Playwright discovery via config glob + testIgnore, weighted shard)	2026-10-08T00:25:25.5182814Z Running 31 tests using 2 workers
e2e (1)	Run e2e suite (Playwright discovery via config glob + testIgnore, weighted shard)	2026-10-08T00:25:25.5183112Z 
e2e (1)	Run e2e suite (Playwright discovery via config glob + testIgnore, weighted shard)	2026-10-08T00:25:26.7564009Z [HEL-1300 e2e] throwaway user: hel1189-dark-1791419126754-50163@example.com
e2e (1)	Run e2e suite (Playwright discovery via config glob + testIgnore, weighted shard)	2026-10-08T00:25:28.3595633Z [HEL-1277 e2e] created user 3173d347-e49f-48b2-b052-9d1e08482dc5; tier set for 3173d347-e49f-48b2-b052-9d1e08482dc5
e2e (1)	Run e2e suite (Playwright discovery via config glob + testIgnore, weighted shard)	2026-10-08T00:25:30.4561062Z [HEL-1277 e2e] created source de17e52b-3d26-44a5-8617-2c6f03a932c2 pipeline 694af0fe-1ef6-422b-ba5e-1b92d6c21471 output b273a3ac-2f6b-4347-afca-445d06dd3358
e2e (1)	Run e2e suite (Playwright discovery via config glob + testIgnore, weighted shard)	2026-10-08T00:25:35.6393776Z [HEL-1277 e2e] deleting pipeline 694af0fe-1ef6-422b-ba5e-1b92d6c21471 / source de17e52b-3d26-44a5-8617-2c6f03a932c2
e2e (1)	Run e2e suite (Playwright discovery via config glob + testIgnore, weighted shard)	2026-10-08T00:25:35.8019438Z   ✓   2 e2e/hel1277-output-history-scrubber.spec.ts:56:7 › History view: scrub, changed-rows highlight, summary-only point (light) (9.1s)
e2e (1)	Run e2e suite (Playwright discovery via config glob + testIgnore, weighted shard)	2026-10-08T00:25:36.1543954Z [HEL-1277 e2e] created user 758a96fa-207b-47fe-80c4-c226ceb9b131; tier set for 758a96fa-207b-47fe-80c4-c226ceb9b131
e2e (1)	Run e2e suite (Playwright discovery via config glob + testIgnore, weighted shard)	2026-10-08T00:25:36.2647054Z   ✓   1 e2e/hel1189-output-panel-controls-live.spec.ts:96:9 › HEL-1189 output panel controls — live verification › adds a date-range control in two clicks, auto-bound to the date column (dark theme) (9.6s)
e2e (1)	Run e2e suite (Playwright discovery via config glob + testIgnore, weighted shard)	2026-10-08T00:25:36.3414118Z [HEL-1300 e2e] throwaway user: hel1189-light-1791419136340-26235@example.com
e2e (1)	Run e2e suite (Playwright discovery via config glob + testIgnore, weighted shard)	2026-10-08T00:25:38.2842456Z [HEL-1277 e2e] created source 59b60649-b1d2-48aa-8218-bd50caabcdde pipeline eecbdff8-9878-4c29-a68b-c271c0fea106 output 8485becd-ab39-45bb-b7ca-83ee9e7d2193 dashboard 86c74a90-6b00-481b-937f-9044f8d2feb8
e2e (1)	Run e2e suite (Playwright discovery via config glob + testIgnore, weighted shard)	2026-10-08T00:25:43.9485349Z   ✓   3 e2e/hel1277-output-history-scrubber.spec.ts:196:7 › dashboard chart panel draws a labelled "vs" overlay from config.compare (light) (8.1s)
e2e (1)	Run e2e suite (Playwright discovery via config glob + testIgnore, weighted shard)	2026-10-08T00:25:44.1854377Z   ✓   4 e2e/hel1189-output-panel-controls-live.spec.ts:96:9 › HEL-1189 output panel controls — live verification › adds a date-range control in two clicks, auto-bound to the date column (light theme) (7.9s)
e2e (1)	Run e2e suite (Playwright discovery via config glob + testIgnore, weighted shard)	2026-10-08T00:25:44.3325448Z [HEL-1277 e2e] created user 179ea53f-032c-4031-b2b0-608909672397; tier set for 179ea53f-032c-4031-b2b0-608909672397
e2e (1)	Run e2e suite (Playwright discovery via config glob + testIgnore, weighted shard)	2026-10-08T00:25:44.5476204Z [HEL-1351 e2e] created user 84f15845-784c-4fbf-9f41-af96203de649
e2e (1)	Run e2e suite (Playwright discovery via config glob + testIgnore, weighted shard)	2026-10-08T00:25:46.2553245Z [HEL-1277 e2e] created source 69467f68-924e-4262-9bcf-f394327094a5 pipeline 27f028c9-465b-4b7a-9802-2c5b03d2b304 output 8e64ffba-71cd-437f-97ed-534391a972a1
e2e (1)	Run e2e suite (Playwright discovery via config glob + testIgnore, weighted shard)	2026-10-08T00:25:46.4978990Z [HEL-1351 e2e] created source 9f8cd521-fe11-434a-af85-23db4b1ba381 pipeline 9e2b8e90-14c8-46b6-a098-498df6d481a9 output 164a7894-e2b6-4536-8f83-dcc88b3d786e dashboard 286ea9a7-67dc-4da3-8d6c-47941ffe17f0
e2e (1)	Run e2e suite (Playwright discovery via config glob + testIgnore, weighted shard)	2026-10-08T00:25:46.6583690Z [HEL-1351 e2e] backdated history row ids: 2c645508-1dd9-432b-ada9-bff07ca9a84f
e2e (1)	Run e2e suite (Playwright discovery via config glob + testIgnore, weighted shard)	2026-10-08T00:25:50.1341814Z [HEL-1277 e2e] deleting pipeline 27f028c9-465b-4b7a-9802-2c5b03d2b304 / source 69467f68-924e-4262-9bcf-f394327094a5
e2e (1)	Run e2e suite (Playwright discovery via config glob + testIgnore, weighted shard)	2026-10-08T00:25:50.2713335Z [HEL-1351 e2e] deleting dashboard 286ea9a7-67dc-4da3-8d6c-47941ffe17f0 pipeline 9e2b8e90-14c8-46b6-a098-498df6d481a9 source 9f8cd521-fe11-434a-af85-23db4b1ba381
e2e (1)	Run e2e suite (Playwright discovery via config glob + testIgnore, weighted shard)	2026-10-08T00:25:50.2804107Z   ✓   5 e2e/hel1277-output-history-scrubber.spec.ts:56:7 › History view: scrub, changed-rows highlight, summary-only point (dark) (6.3s)
e2e (1)	Run e2e suite (Playwright discovery via config glob + testIgnore, weighted shard)	2026-10-08T00:25:50.6937826Z [HEL-1277 e2e] created user 3db77c13-1e01-4f58-ab25-3b2b2d6f6727; tier set for 3db77c13-1e01-4f58-ab25-3b2b2d6f6727
e2e (1)	Run e2e suite (Playwright discovery via config glob + testIgnore, weighted shard)	2026-10-08T00:25:51.0085158Z   ✘   6 e2e/hel1351-aggregated-chart-overlay.spec.ts:72:7 › aggregated chart Output: grouped bars, "vs 7d" overlay and compact legend (light) (6.5s)
e2e (1)	Run e2e suite (Playwright discovery via config glob + testIgnore, weighted shard)	2026-10-08T00:25:52.0797290Z [HEL-1351 e2e] created user 22f86975-3835-45c1-b1e9-a08ea114d204
e2e (1)	Run e2e suite (Playwright discovery via config glob + testIgnore, weighted shard)	2026-10-08T00:25:52.3924939Z [HEL-1277 e2e] created source c594ecc7-9bfe-432c-a99a-99b8d8e68ed6 pipeline 4d856500-6d56-4391-9d1d-eea6ff092ff3 output 814dd0d1-81fd-4a94-b845-1c4cdd5a2cfb dashboard 707ad76e-4a4e-4908-ac02-05eb16dc6b4c
e2e (1)	Run e2e suite (Playwright discovery via config glob + testIgnore, weighted shard)	2026-10-08T00:25:53.8984310Z [HEL-1351 e2e] created source 2f9532e6-23e7-4520-9daf-1fc1fc1ad7b6 pipeline 6d86e7b9-a45e-4789-8c6c-1b40cb9dad5a output a98d3f33-f1c6-45ac-afd2-22e74e5ec5ae dashboard f044b7a2-ae06-4db4-9417-0e87c04361af
e2e (1)	Run e2e suite (Playwright discovery via config glob + testIgnore, weighted shard)	2026-10-08T00:25:54.2383884Z [HEL-1351 e2e] backdated history row ids: 279b2fbf-d535-4d9a-a5e9-4af67a60513d
e2e (1)	Run e2e suite (Playwright discovery via config glob + testIgnore, weighted shard)	2026-10-08T00:25:56.6492849Z [HEL-1351 e2e] deleting dashboard f044b7a2-ae06-4db4-9417-0e87c04361af pipeline 6d86e7b9-a45e-4789-8c6c-1b40cb9dad5a source 2f9532e6-23e7-4520-9daf-1fc1fc1ad7b6
e2e (1)	Run e2e suite (Playwright discovery via config glob + testIgnore, weighted shard)	2026-10-08T00:25:56.8676161Z   ✓   7 e2e/hel1277-output-history-scrubber.spec.ts:196:7 › dashboard chart panel draws a labelled "vs" overlay from config.compare (dark) (6.6s)
e2e (1)	Run e2e suite (Playwright discovery via config glob + testIgnore, weighted shard)	2026-10-08T00:25:57.1533410Z   ✘   8 e2e/hel1351-aggregated-chart-overlay.spec.ts:72:7 › aggregated chart Output: grouped bars, "vs 7d" overlay and compact legend (dark) (5.4s)
e2e (1)	Run e2e suite (Playwright discovery via config glob + testIgnore, weighted shard)	2026-10-08T00:26:01.7976762Z [HEL-1300 e2e] throwaway user: hel572-stacking-1791419161797-65199@example.com
e2e (1)	Run e2e suite (Playwright discovery via config glob + testIgnore, weighted shard)	2026-10-08T00:26:01.9716892Z   ✓  10 e2e/hel908-trunk-reorder-drag.spec.ts:19:7 › HEL-908 trunk-to-trunk reorder — real drag gesture › dragging a tailed trunk node to a new position carries its tail with it (4.1s)
e2e (1)	Run e2e suite (Playwright discovery via config glob + testIgnore, weighted shard)	2026-10-08T00:26:04.3490583Z   ✓  12 e2e/hel908-trunk-reorder-order.spec.ts:25:7 › HEL-908 trunk-to-trunk reorder — real order assertion › reordering 3 distinct trunk steps via the UI actually changes their visible order (2.4s)
e2e (1)	Run e2e suite (Playwright discovery via config glob + testIgnore, weighted shard)	2026-10-08T00:26:04.4097944Z [HEL-1300 e2e] throwaway user: hel866-guard-1791419164409-12515@example.test
e2e (1)	Run e2e suite (Playwright discovery via config glob + testIgnore, weighted shard)	2026-10-08T00:26:06.7877629Z   ✓  11 e2e/hel572-chart-click-drilldown.spec.ts:225:7 › HEL-572 chart click drilldown (real backend, real browser) › clicking inside Fullscreen opens Inspect nested on top; Escape closes only Inspect (tasks.md 4.3) (5.0s)
e2e (1)	Run e2e suite (Playwright discovery via config glob + testIgnore, weighted shard)	2026-10-08T00:26:06.8324604Z [HEL-1300 e2e] throwaway user: hel572-noappearance-1791419166832-5602@example.com
e2e (1)	Run e2e suite (Playwright discovery via config glob + testIgnore, weighted shard)	2026-10-08T00:26:12.0691477Z   ✓  14 e2e/hel572-chart-click-drilldown.spec.ts:269:7 › HEL-572 chart click drilldown (real backend, real browser) › ActionsMenu Inspect entry still works with NO stored appearance.chart (tasks.md 6.5, HEL-1178) (5.3s)
e2e (1)	Run e2e suite (Playwright discovery via config glob + testIgnore, weighted shard)	2026-10-08T00:26:12.1673596Z [HEL-1300 e2e] throwaway user: hel866-guard-1791419172166-34833@example.test
e2e (1)	Run e2e suite (Playwright discovery via config glob + testIgnore, weighted shard)	2026-10-08T00:26:17.5973926Z [HEL-866 guard] view "command-palette" (dark): 15 visible interactive element(s), sampled 15
e2e (1)	Run e2e suite (Playwright discovery via config glob + testIgnore, weighted shard)	2026-10-08T00:26:25.1474947Z [HEL-866 guard] view "command-palette" (light): 15 visible interactive element(s), sampled 15
e2e (1)	Run e2e suite (Playwright discovery via config glob + testIgnore, weighted shard)	2026-10-08T00:26:26.1037424Z [HEL-866 guard] view "modal:add-source" (dark): 13 visible interactive element(s), sampled 13
e2e (1)	Run e2e suite (Playwright discovery via config glob + testIgnore, weighted shard)	2026-10-08T00:26:32.3787186Z [HEL-866 guard] view "modal:add-source" (light): 13 visible interactive element(s), sampled 13
e2e (1)	Run e2e suite (Playwright discovery via config glob + testIgnore, weighted shard)	2026-10-08T00:26:34.1656521Z [HEL-866 guard] view "actions-menu" (dark): 5 visible interactive element(s), sampled 5
e2e (1)	Run e2e suite (Playwright discovery via config glob + testIgnore, weighted shard)	2026-10-08T00:26:36.4117760Z [HEL-866 guard] elements probed: 66, resolved=66, unresolved=0, pass=43, fail=2, advisory=21 — 68% of probes are pass/fail-ASSERTED (the rest is advisory: a channel other than background conveyed the state, gates nothing here).
e2e (1)	Run e2e suite (Playwright discovery via config glob + testIgnore, weighted shard)	2026-10-08T00:26:36.4118870Z [HEL-866 guard] 2 reviewed exemption(s) applied (see the isExempt comment above):
e2e (1)	Run e2e suite (Playwright discovery via config glob + testIgnore, weighted shard)	2026-10-08T00:26:36.4119527Z   [dark] command-palette :: button[role=option] "HEL-866 Guard Dashboard" [command-palette__item] (#1) (hover)
e2e (1)	Run e2e suite (Playwright discovery via config glob + testIgnore, weighted shard)	2026-10-08T00:26:36.4119981Z   [dark] modal:add-source :: button "REST API" [add-source-modal__type-btn] (#1) (hover)
e2e (1)	Run e2e suite (Playwright discovery via config glob + testIgnore, weighted shard)	2026-10-08T00:26:36.4120296Z [HEL-866 guard] cell "overlays(dark)" unresolvedFraction=0.000
e2e (1)	Run e2e suite (Playwright discovery via config glob + testIgnore, weighted shard)	2026-10-08T00:26:36.4317089Z   ✓  13 e2e/state-surface-contrast-guard.spec.ts:761:9 › HEL-866 state-surface contrast guard › overlays: command palette, modal and actions menu state backgrounds differ measurably from their backdrop (dark) (32.1s)
e2e (1)	Run e2e suite (Playwright discovery via config glob + testIgnore, weighted shard)	2026-10-08T00:26:36.4933803Z [HEL-1300 e2e] throwaway user: hel866-guard-1791419196492-7742@example.test
e2e (1)	Run e2e suite (Playwright discovery via config glob + testIgnore, weighted shard)	2026-10-08T00:26:40.1742805Z [HEL-866 guard] view "/settings:sidebar-rail" (dark): 0 visible interactive element(s), sampled 0
e2e (1)	Run e2e suite (Playwright discovery via config glob + testIgnore, weighted shard)	2026-10-08T00:26:40.4868501Z [HEL-866 guard] view "/settings" (dark): 25 visible interactive element(s), sampled 24
e2e (1)	Run e2e suite (Playwright discovery via config glob + testIgnore, weighted shard)	2026-10-08T00:26:40.5658896Z [HEL-866 guard] view "actions-menu" (light): 5 visible interactive element(s), sampled 5
e2e (1)	Run e2e suite (Playwright discovery via config glob + testIgnore, weighted shard)	2026-10-08T00:26:42.6750209Z [HEL-866 guard] elements probed: 66, resolved=66, unresolved=0, pass=43, fail=2, advisory=21 — 68% of probes are pass/fail-ASSERTED (the rest is advisory: a channel other than background conveyed the state, gates nothing here).
e2e (1)	Run e2e suite (Playwright discovery via config glob + testIgnore, weighted shard)	2026-10-08T00:26:42.6751739Z [HEL-866 guard] 2 reviewed exemption(s) applied (see the isExempt comment above):
e2e (1)	Run e2e suite (Playwright discovery via config glob + testIgnore, weighted shard)	2026-10-08T00:26:42.6753322Z   [light] command-palette :: button[role=option] "HEL-866 Guard Dashboard" [command-palette__item] (#1) (hover)
e2e (1)	Run e2e suite (Playwright discovery via config glob + testIgnore, weighted shard)	2026-10-08T00:26:42.6754399Z   [light] modal:add-source :: button "REST API" [add-source-modal__type-btn] (#1) (hover)
e2e (1)	Run e2e suite (Playwright discovery via config glob + testIgnore, weighted shard)	2026-10-08T00:26:42.6755510Z [HEL-866 guard] cell "overlays(light)" unresolvedFraction=0.000
e2e (1)	Run e2e suite (Playwright discovery via config glob + testIgnore, weighted shard)	2026-10-08T00:26:42.6874143Z   ✓  15 e2e/state-surface-contrast-guard.spec.ts:761:9 › HEL-866 state-surface contrast guard › overlays: command palette, modal and actions menu state backgrounds differ measurably from their backdrop (light) (30.6s)
e2e (1)	Run e2e suite (Playwright discovery via config glob + testIgnore, weighted shard)	2026-10-08T00:26:42.7385870Z [HEL-1300 e2e] throwaway user: hel866-guard-1791419202738-62876@example.test
e2e (1)	Run e2e suite (Playwright discovery via config glob + testIgnore, weighted shard)	2026-10-08T00:26:45.9300091Z [HEL-866 guard] view "/settings:sidebar-rail" (light): 0 visible interactive element(s), sampled 0
e2e (1)	Run e2e suite (Playwright discovery via config glob + testIgnore, weighted shard)	2026-10-08T00:26:46.2617106Z [HEL-866 guard] view "/settings" (light): 25 visible interactive element(s), sampled 24
e2e (1)	Run e2e suite (Playwright discovery via config glob + testIgnore, weighted shard)	2026-10-08T00:26:49.5021237Z [HEL-866 guard] elements probed: 48, resolved=48, unresolved=0, pass=11, fail=8, advisory=29 — 40% of probes are pass/fail-ASSERTED (the rest is advisory: a channel other than background conveyed the state, gates nothing here).
e2e (1)	Run e2e suite (Playwright discovery via config glob + testIgnore, weighted shard)	2026-10-08T00:26:49.5022277Z [HEL-866 guard] 8 reviewed exemption(s) applied (see the isExempt comment above):
e2e (1)	Run e2e suite (Playwright discovery via config glob + testIgnore, weighted shard)	2026-10-08T00:26:49.5022908Z   [dark] /settings :: button "" aria="Orange" [accent-picker__swatch] (#0) (hover)
e2e (1)	Run e2e suite (Playwright discovery via config glob + testIgnore, weighted shard)	2026-10-08T00:26:49.5023676Z   [dark] /settings :: button "" aria="Red" [accent-picker__swatch] (#1) (hover)
e2e (1)	Run e2e suite (Playwright discovery via config glob + testIgnore, weighted shard)	2026-10-08T00:26:49.5023985Z   [dark] /settings :: button "" aria="Pink" [accent-picker__swatch] (#2) (hover)
e2e (1)	Run e2e suite (Playwright discovery via config glob + testIgnore, weighted shard)	2026-10-08T00:26:49.5024293Z   [dark] /settings :: button "" aria="Purple" [accent-picker__swatch] (#3) (hover)
e2e (1)	Run e2e suite (Playwright discovery via config glob + testIgnore, weighted shard)	2026-10-08T00:26:49.5024598Z   [dark] /settings :: button "" aria="Blue" [accent-picker__swatch] (#4) (hover)
e2e (1)	Run e2e suite (Playwright discovery via config glob + testIgnore, weighted shard)	2026-10-08T00:26:49.5024987Z   [dark] /settings :: button "" aria="Cyan" [accent-picker__swatch] (#5) (hover)
e2e (1)	Run e2e suite (Playwright discovery via config glob + testIgnore, weighted shard)	2026-10-08T00:26:49.5025355Z   [dark] /settings :: button "" aria="Green" [accent-picker__swatch] (#6) (hover)
e2e (1)	Run e2e suite (Playwright discovery via config glob + testIgnore, weighted shard)	2026-10-08T00:26:49.5025661Z   [dark] /settings :: button "" aria="Yellow" [accent-picker__swatch] (#7) (hover)
e2e (1)	Run e2e suite (Playwright discovery via config glob + testIgnore, weighted shard)	2026-10-08T00:26:49.5025972Z [HEL-866 guard] cell "/settings(dark)" unresolvedFraction=0.000
e2e (1)	Run e2e suite (Playwright discovery via config glob + testIgnore, weighted shard)	2026-10-08T00:26:49.5153272Z   ✓  16 e2e/state-surface-contrast-guard.spec.ts:854:11 › HEL-866 state-surface contrast guard › /settings: every interactive state background differs measurably from its resolved backdrop (dark) (13.1s)
e2e (1)	Run e2e suite (Playwright discovery via config glob + testIgnore, weighted shard)	2026-10-08T00:26:49.5660927Z [HEL-1300 e2e] throwaway user: hel866-guard-1791419209565-94743@example.test
e2e (1)	Run e2e suite (Playwright discovery via config glob + testIgnore, weighted shard)	2026-10-08T00:26:53.1424125Z [HEL-866 guard] view "/pipelines/:id:sidebar-rail" (dark): 3 visible interactive element(s), sampled 3
e2e (1)	Run e2e suite (Playwright discovery via config glob + testIgnore, weighted shard)	2026-10-08T00:26:54.9841541Z [HEL-866 guard] view "/pipelines/:id" (dark): 18 visible interactive element(s), sampled 18
e2e (1)	Run e2e suite (Playwright discovery via config glob + testIgnore, weighted shard)	2026-10-08T00:26:55.4489940Z [HEL-866 guard] elements probed: 48, resolved=48, unresolved=0, pass=11, fail=8, advisory=29 — 40% of probes are pass/fail-ASSERTED (the rest is advisory: a channel other than background conveyed the state, gates nothing here).
e2e (1)	Run e2e suite (Playwright discovery via config glob + testIgnore, weighted shard)	2026-10-08T00:26:55.4491541Z [HEL-866 guard] 8 reviewed exemption(s) applied (see the isExempt comment above):
e2e (1)	Run e2e suite (Playwright discovery via config glob + testIgnore, weighted shard)	2026-10-08T00:26:55.4492784Z   [light] /settings :: button "" aria="Orange" [accent-picker__swatch] (#0) (hover)
e2e (1)	Run e2e suite (Playwright discovery via config glob + testIgnore, weighted shard)	2026-10-08T00:26:55.4493552Z   [light] /settings :: button "" aria="Red" [accent-picker__swatch] (#1) (hover)
e2e (1)	Run e2e suite (Playwright discovery via config glob + testIgnore, weighted shard)	2026-10-08T00:26:55.4494240Z   [light] /settings :: button "" aria="Pink" [accent-picker__swatch] (#2) (hover)
e2e (1)	Run e2e suite (Playwright discovery via config glob + testIgnore, weighted shard)	2026-10-08T00:26:55.4494923Z   [light] /settings :: button "" aria="Purple" [accent-picker__swatch] (#3) (hover)
e2e (1)	Run e2e suite (Playwright discovery via config glob + testIgnore, weighted shard)	2026-10-08T00:26:55.4495564Z   [light] /settings :: button "" aria="Blue" [accent-picker__swatch] (#4) (hover)
e2e (1)	Run e2e suite (Playwright discovery via config glob + testIgnore, weighted shard)	2026-10-08T00:26:55.4496163Z   [light] /settings :: button "" aria="Cyan" [accent-picker__swatch] (#5) (hover)
e2e (1)	Run e2e suite (Playwright discovery via config glob + testIgnore, weighted shard)	2026-10-08T00:26:55.4514217Z   [light] /settings :: button "" aria="Green" [accent-picker__swatch] (#6) (hover)
e2e (1)	Run e2e suite (Playwright discovery via config glob + testIgnore, weighted shard)	2026-10-08T00:26:55.4514966Z   [light] /settings :: button "" aria="Yellow" [accent-picker__swatch] (#7) (hover)
e2e (1)	Run e2e suite (Playwright discovery via config glob + testIgnore, weighted shard)	2026-10-08T00:26:55.4515639Z [HEL-866 guard] cell "/settings(light)" unresolvedFraction=0.000
e2e (1)	Run e2e suite (Playwright discovery via config glob + testIgnore, weighted shard)	2026-10-08T00:26:55.4684015Z   ✓  17 e2e/state-surface-contrast-guard.spec.ts:854:11 › HEL-866 state-surface contrast guard › /settings: every interactive state background differs measurably from its resolved backdrop (light) (12.8s)
e2e (1)	Run e2e suite (Playwright discovery via config glob + testIgnore, weighted shard)	2026-10-08T00:26:55.5227265Z [HEL-1300 e2e] throwaway user: hel866-guard-1791419215521-33626@example.test
e2e (1)	Run e2e suite (Playwright discovery via config glob + testIgnore, weighted shard)	2026-10-08T00:26:59.4798729Z [HEL-866 guard] view "/pipelines/:id:sidebar-rail" (light): 3 visible interactive element(s), sampled 3
e2e (1)	Run e2e suite (Playwright discovery via config glob + testIgnore, weighted shard)	2026-10-08T00:27:01.2588013Z [HEL-866 guard] view "/pipelines/:id" (light): 18 visible interactive element(s), sampled 18
e2e (1)	Run e2e suite (Playwright discovery via config glob + testIgnore, weighted shard)	2026-10-08T00:27:02.1481299Z [HEL-866 guard] elements probed: 42, resolved=42, unresolved=0, pass=18, fail=1, advisory=23 — 45% of probes are pass/fail-ASSERTED (the rest is advisory: a channel other than background conveyed the state, gates nothing here).
e2e (1)	Run e2e suite (Playwright discovery via config glob + testIgnore, weighted shard)	2026-10-08T00:27:02.1482870Z [HEL-866 guard] 1 reviewed exemption(s) applied (see the isExempt comment above):
e2e (1)	Run e2e suite (Playwright discovery via config glob + testIgnore, weighted shard)	2026-10-08T00:27:02.1484177Z   [dark] /pipelines/:id :: button[role=tab] "Steps" [pipeline-detail-page__tab] (#4) (hover)
e2e (1)	Run e2e suite (Playwright discovery via config glob + testIgnore, weighted shard)	2026-10-08T00:27:02.1484809Z [HEL-866 guard] cell "/pipelines/:id(dark)" unresolvedFraction=0.000
e2e (1)	Run e2e suite (Playwright discovery via config glob + testIgnore, weighted shard)	2026-10-08T00:27:02.1598905Z   ✓  18 e2e/state-surface-contrast-guard.spec.ts:854:11 › HEL-866 state-surface contrast guard › pipeline-detail: every interactive state background differs measurably from its resolved backdrop (dark) (12.6s)
e2e (1)	Run e2e suite (Playwright discovery via config glob + testIgnore, weighted shard)	2026-10-08T00:27:02.2138220Z [HEL-1300 e2e] throwaway user: hel866-guard-1791419222212-98825@example.test
e2e (1)	Run e2e suite (Playwright discovery via config glob + testIgnore, weighted shard)	2026-10-08T00:27:05.4303612Z [HEL-866 guard] view "/sources:sidebar-rail" (dark): 3 visible interactive element(s), sampled 3
e2e (1)	Run e2e suite (Playwright discovery via config glob + testIgnore, weighted shard)	2026-10-08T00:27:06.7724583Z [HEL-866 guard] view "/sources" (dark): 8 visible interactive element(s), sampled 8
e2e (1)	Run e2e suite (Playwright discovery via config glob + testIgnore, weighted shard)	2026-10-08T00:27:08.4270067Z [HEL-866 guard] elements probed: 42, resolved=42, unresolved=0, pass=18, fail=1, advisory=23 — 45% of probes are pass/fail-ASSERTED (the rest is advisory: a channel other than background conveyed the state, gates nothing here).
e2e (1)	Run e2e suite (Playwright discovery via config glob + testIgnore, weighted shard)	2026-10-08T00:27:08.4271342Z [HEL-866 guard] 1 reviewed exemption(s) applied (see the isExempt comment above):
e2e (1)	Run e2e suite (Playwright discovery via config glob + testIgnore, weighted shard)	2026-10-08T00:27:08.4272264Z   [light] /pipelines/:id :: button[role=tab] "Steps" [pipeline-detail-page__tab] (#4) (hover)
e2e (1)	Run e2e suite (Playwright discovery via config glob + testIgnore, weighted shard)	2026-10-08T00:27:08.4273252Z [HEL-866 guard] cell "/pipelines/:id(light)" unresolvedFraction=0.000
e2e (1)	Run e2e suite (Playwright discovery via config glob + testIgnore, weighted shard)	2026-10-08T00:27:08.4368445Z   ✓  19 e2e/state-surface-contrast-guard.spec.ts:854:11 › HEL-866 state-surface contrast guard › pipeline-detail: every interactive state background differs measurably from its resolved backdrop (light) (13.0s)
e2e (1)	Run e2e suite (Playwright discovery via config glob + testIgnore, weighted shard)	2026-10-08T00:27:08.5004194Z [HEL-1300 e2e] throwaway user: hel866-guard-1791419228500-68355@example.test
e2e (1)	Run e2e suite (Playwright discovery via config glob + testIgnore, weighted shard)	2026-10-08T00:27:08.7872071Z [HEL-866 guard] elements probed: 22, resolved=22, unresolved=0, pass=5, fail=0, advisory=17 — 23% of probes are pass/fail-ASSERTED (the rest is advisory: a channel other than background conveyed the state, gates nothing here).
e2e (1)	Run e2e suite (Playwright discovery via config glob + testIgnore, weighted shard)	2026-10-08T00:27:08.8033426Z [HEL-866 guard] cell "/sources(dark)" unresolvedFraction=0.000
e2e (1)	Run e2e suite (Playwright discovery via config glob + testIgnore, weighted shard)	2026-10-08T00:27:08.8034838Z   ✓  20 e2e/state-surface-contrast-guard.spec.ts:854:11 › HEL-866 state-surface contrast guard › /sources: every interactive state background differs measurably from its resolved backdrop (dark) (6.6s)
e2e (1)	Run e2e suite (Playwright discovery via config glob + testIgnore, weighted shard)	2026-10-08T00:27:08.8632832Z [HEL-1300 e2e] throwaway user: hel866-guard-1791419228861-17114@example.test
e2e (1)	Run e2e suite (Playwright discovery via config glob + testIgnore, weighted shard)	2026-10-08T00:27:12.5400466Z [HEL-866 guard] view "/sources:sidebar-rail" (light): 3 visible interactive element(s), sampled 3
e2e (1)	Run e2e suite (Playwright discovery via config glob + testIgnore, weighted shard)	2026-10-08T00:27:12.7687988Z [HEL-866 guard] view "/pipelines:sidebar-rail" (dark): 3 visible interactive element(s), sampled 3
e2e (1)	Run e2e suite (Playwright discovery via config glob + testIgnore, weighted shard)	2026-10-08T00:27:13.8527408Z [HEL-866 guard] view "/sources" (light): 8 visible interactive element(s), sampled 8
e2e (1)	Run e2e suite (Playwright discovery via config glob + testIgnore, weighted shard)	2026-10-08T00:27:14.1564258Z [HEL-866 guard] view "/pipelines" (dark): 10 visible interactive element(s), sampled 10
e2e (1)	Run e2e suite (Playwright discovery via config glob + testIgnore, weighted shard)	2026-10-08T00:27:15.7639860Z [HEL-866 guard] elements probed: 22, resolved=22, unresolved=0, pass=5, fail=0, advisory=17 — 23% of probes are pass/fail-ASSERTED (the rest is advisory: a channel other than background conveyed the state, gates nothing here).
e2e (1)	Run e2e suite (Playwright discovery via config glob + testIgnore, weighted shard)	2026-10-08T00:27:15.7640533Z [HEL-866 guard] cell "/sources(light)" unresolvedFraction=0.000
e2e (1)	Run e2e suite (Playwright discovery via config glob + testIgnore, weighted shard)	2026-10-08T00:27:15.7751897Z   ✓  21 e2e/state-surface-contrast-guard.spec.ts:854:11 › HEL-866 state-surface contrast guard › /sources: every interactive state background differs measurably from its resolved backdrop (light) (7.3s)
e2e (1)	Run e2e suite (Playwright discovery via config glob + testIgnore, weighted shard)	2026-10-08T00:27:15.8278686Z [HEL-1300 e2e] throwaway user: hel866-guard-1791419235826-77414@example.test
e2e (1)	Run e2e suite (Playwright discovery via config glob + testIgnore, weighted shard)	2026-10-08T00:27:16.7829483Z [HEL-866 guard] elements probed: 26, resolved=26, unresolved=0, pass=6, fail=0, advisory=20 — 23% of probes are pass/fail-ASSERTED (the rest is advisory: a channel other than background conveyed the state, gates nothing here).
e2e (1)	Run e2e suite (Playwright discovery via config glob + testIgnore, weighted shard)	2026-10-08T00:27:16.7873937Z [HEL-866 guard] cell "/pipelines(dark)" unresolvedFraction=0.000
e2e (1)	Run e2e suite (Playwright discovery via config glob + testIgnore, weighted shard)	2026-10-08T00:27:16.8049668Z   ✓  22 e2e/state-surface-contrast-guard.spec.ts:854:11 › HEL-866 state-surface contrast guard › /pipelines: every interactive state background differs measurably from its resolved backdrop (dark) (8.0s)
e2e (1)	Run e2e suite (Playwright discovery via config glob + testIgnore, weighted shard)	2026-10-08T00:27:16.9083737Z [HEL-1300 e2e] throwaway user: hel866-guard-1791419236907-10481@example.test
e2e (1)	Run e2e suite (Playwright discovery via config glob + testIgnore, weighted shard)	2026-10-08T00:27:19.5659235Z [HEL-866 guard] view "/pipelines:sidebar-rail" (light): 3 visible interactive element(s), sampled 3
e2e (1)	Run e2e suite (Playwright discovery via config glob + testIgnore, weighted shard)	2026-10-08T00:27:20.5256928Z [HEL-866 guard] view "/:sidebar-rail" (dark): 3 visible interactive element(s), sampled 3
e2e (1)	Run e2e suite (Playwright discovery via config glob + testIgnore, weighted shard)	2026-10-08T00:27:21.0033660Z [HEL-866 guard] view "/pipelines" (light): 10 visible interactive element(s), sampled 10
e2e (1)	Run e2e suite (Playwright discovery via config glob + testIgnore, weighted shard)	2026-10-08T00:27:21.8032585Z [HEL-866 guard] view "/" (dark): 3 visible interactive element(s), sampled 3
e2e (1)	Run e2e suite (Playwright discovery via config glob + testIgnore, weighted shard)	2026-10-08T00:27:23.3995219Z [HEL-866 guard] elements probed: 12, resolved=12, unresolved=0, pass=6, fail=0, advisory=6 — 50% of probes are pass/fail-ASSERTED (the rest is advisory: a channel other than background conveyed the state, gates nothing here).
e2e (1)	Run e2e suite (Playwright discovery via config glob + testIgnore, weighted shard)	2026-10-08T00:27:23.3996304Z [HEL-866 guard] cell "/(dark)" unresolvedFraction=0.000
e2e (1)	Run e2e suite (Playwright discovery via config glob + testIgnore, weighted shard)	2026-10-08T00:27:23.4135309Z   ✓  24 e2e/state-surface-contrast-guard.spec.ts:854:11 › HEL-866 state-surface contrast guard › /: every interactive state background differs measurably from its resolved backdrop (dark) (6.6s)
e2e (1)	Run e2e suite (Playwright discovery via config glob + testIgnore, weighted shard)	2026-10-08T00:27:23.4650437Z [HEL-1300 e2e] throwaway user: hel866-guard-1791419243464-85603@example.test
e2e (1)	Run e2e suite (Playwright discovery via config glob + testIgnore, weighted shard)	2026-10-08T00:27:23.5457838Z [HEL-866 guard] elements probed: 26, resolved=26, unresolved=0, pass=6, fail=0, advisory=20 — 23% of probes are pass/fail-ASSERTED (the rest is advisory: a channel other than background conveyed the state, gates nothing here).
e2e (1)	Run e2e suite (Playwright discovery via config glob + testIgnore, weighted shard)	2026-10-08T00:27:23.5458858Z [HEL-866 guard] cell "/pipelines(light)" unresolvedFraction=0.000
e2e (1)	Run e2e suite (Playwright discovery via config glob + testIgnore, weighted shard)	2026-10-08T00:27:23.5565733Z   ✓  23 e2e/state-surface-contrast-guard.spec.ts:854:11 › HEL-866 state-surface contrast guard › /pipelines: every interactive state background differs measurably from its resolved backdrop (light) (7.8s)
e2e (1)	Run e2e suite (Playwright discovery via config glob + testIgnore, weighted shard)	2026-10-08T00:27:23.6109854Z [HEL-1300 e2e] throwaway user: hel866-guard-1791419243610-78834@example.test
e2e (1)	Run e2e suite (Playwright discovery via config glob + testIgnore, weighted shard)	2026-10-08T00:27:27.2013568Z [HEL-866 guard] view "/chat:sidebar-rail" (dark): 1 visible interactive element(s), sampled 1
e2e (1)	Run e2e suite (Playwright discovery via config glob + testIgnore, weighted shard)	2026-10-08T00:27:27.2367093Z [HEL-866 guard] view "/:sidebar-rail" (light): 3 visible interactive element(s), sampled 3
e2e (1)	Run e2e suite (Playwright discovery via config glob + testIgnore, weighted shard)	2026-10-08T00:27:27.3813053Z [HEL-866 guard] view "/chat" (dark): 1 visible interactive element(s), sampled 1
e2e (1)	Run e2e suite (Playwright discovery via config glob + testIgnore, weighted shard)	2026-10-08T00:27:27.9783251Z [HEL-866 guard] elements probed: 4, resolved=4, unresolved=0, pass=2, fail=0, advisory=2 — 50% of probes are pass/fail-ASSERTED (the rest is advisory: a channel other than background conveyed the state, gates nothing here).
e2e (1)	Run e2e suite (Playwright discovery via config glob + testIgnore, weighted shard)	2026-10-08T00:27:27.9784211Z [HEL-866 guard] cell "/chat(dark)" unresolvedFraction=0.000
e2e (1)	Run e2e suite (Playwright discovery via config glob + testIgnore, weighted shard)	2026-10-08T00:27:27.9867708Z   ✓  26 e2e/state-surface-contrast-guard.spec.ts:854:11 › HEL-866 state-surface contrast guard › /chat: every interactive state background differs measurably from its resolved backdrop (dark) (4.4s)
e2e (1)	Run e2e suite (Playwright discovery via config glob + testIgnore, weighted shard)	2026-10-08T00:27:28.0358899Z [HEL-1300 e2e] throwaway user: hel866-guard-1791419248035-78870@example.test
e2e (1)	Run e2e suite (Playwright discovery via config glob + testIgnore, weighted shard)	2026-10-08T00:27:28.5801992Z [HEL-866 guard] view "/" (light): 3 visible interactive element(s), sampled 3
e2e (1)	Run e2e suite (Playwright discovery via config glob + testIgnore, weighted shard)	2026-10-08T00:27:30.5805640Z [HEL-866 guard] elements probed: 12, resolved=12, unresolved=0, pass=6, fail=0, advisory=6 — 50% of probes are pass/fail-ASSERTED (the rest is advisory: a channel other than background conveyed the state, gates nothing here).
e2e (1)	Run e2e suite (Playwright discovery via config glob + testIgnore, weighted shard)	2026-10-08T00:27:30.5833764Z [HEL-866 guard] cell "/(light)" unresolvedFraction=0.000
e2e (1)	Run e2e suite (Playwright discovery via config glob + testIgnore, weighted shard)	2026-10-08T00:27:30.6051951Z   ✓  25 e2e/state-surface-contrast-guard.spec.ts:854:11 › HEL-866 state-surface contrast guard › /: every interactive state background differs measurably from its resolved backdrop (light) (7.2s)
e2e (1)	Run e2e suite (Playwright discovery via config glob + testIgnore, weighted shard)	2026-10-08T00:27:30.6846482Z [HEL-1300 e2e] throwaway user: hel866-guard-1791419250684-86478@example.test
e2e (1)	Run e2e suite (Playwright discovery via config glob + testIgnore, weighted shard)	2026-10-08T00:27:31.0406881Z [HEL-866 guard] view "/chat:sidebar-rail" (light): 1 visible interactive element(s), sampled 1
e2e (1)	Run e2e suite (Playwright discovery via config glob + testIgnore, weighted shard)	2026-10-08T00:27:31.2163692Z [HEL-866 guard] view "/chat" (light): 1 visible interactive element(s), sampled 1
e2e (1)	Run e2e suite (Playwright discovery via config glob + testIgnore, weighted shard)	2026-10-08T00:27:32.0412423Z [HEL-866 guard] elements probed: 4, resolved=4, unresolved=0, pass=2, fail=0, advisory=2 — 50% of probes are pass/fail-ASSERTED (the rest is advisory: a channel other than background conveyed the state, gates nothing here).
e2e (1)	Run e2e suite (Playwright discovery via config glob + testIgnore, weighted shard)	2026-10-08T00:27:32.0413458Z [HEL-866 guard] cell "/chat(light)" unresolvedFraction=0.000
e2e (1)	Run e2e suite (Playwright discovery via config glob + testIgnore, weighted shard)	2026-10-08T00:27:32.0530689Z   ✓  27 e2e/state-surface-contrast-guard.spec.ts:854:11 › HEL-866 state-surface contrast guard › /chat: every interactive state background differs measurably from its resolved backdrop (light) (4.1s)
e2e (1)	Run e2e suite (Playwright discovery via config glob + testIgnore, weighted shard)	2026-10-08T00:27:32.1178773Z [HEL-1300 e2e] throwaway user: hel866-guard-1791419252117-22007@example.test
e2e (1)	Run e2e suite (Playwright discovery via config glob + testIgnore, weighted shard)	2026-10-08T00:27:34.1156685Z [HEL-866 guard] view "/connectors:sidebar-rail" (dark): 0 visible interactive element(s), sampled 0
e2e (1)	Run e2e suite (Playwright discovery via config glob + testIgnore, weighted shard)	2026-10-08T00:27:34.1409402Z [HEL-866 guard] view "/connectors" (dark): 1 visible interactive element(s), sampled 1
e2e (1)	Run e2e suite (Playwright discovery via config glob + testIgnore, weighted shard)	2026-10-08T00:27:34.9285288Z [HEL-866 guard] elements probed: 2, resolved=2, unresolved=0, pass=1, fail=0, advisory=1 — 50% of probes are pass/fail-ASSERTED (the rest is advisory: a channel other than background conveyed the state, gates nothing here).
e2e (1)	Run e2e suite (Playwright discovery via config glob + testIgnore, weighted shard)	2026-10-08T00:27:34.9286008Z [HEL-866 guard] cell "/connectors(dark)" unresolvedFraction=0.000
e2e (1)	Run e2e suite (Playwright discovery via config glob + testIgnore, weighted shard)	2026-10-08T00:27:34.9468045Z   ✓  28 e2e/state-surface-contrast-guard.spec.ts:854:11 › HEL-866 state-surface contrast guard › /connectors: every interactive state background differs measurably from its resolved backdrop (dark) (4.3s)
e2e (1)	Run e2e suite (Playwright discovery via config glob + testIgnore, weighted shard)	2026-10-08T00:27:35.0244808Z [HEL-1300 e2e] throwaway user: hel866-guard-1791419255023-66525@example.test
e2e (1)	Run e2e suite (Playwright discovery via config glob + testIgnore, weighted shard)	2026-10-08T00:27:35.5281080Z [HEL-866 guard] view "/connectors:sidebar-rail" (light): 0 visible interactive element(s), sampled 0
e2e (1)	Run e2e suite (Playwright discovery via config glob + testIgnore, weighted shard)	2026-10-08T00:27:35.5462936Z [HEL-866 guard] view "/connectors" (light): 1 visible interactive element(s), sampled 1
e2e (1)	Run e2e suite (Playwright discovery via config glob + testIgnore, weighted shard)	2026-10-08T00:27:36.3473142Z [HEL-866 guard] elements probed: 2, resolved=2, unresolved=0, pass=1, fail=0, advisory=1 — 50% of probes are pass/fail-ASSERTED (the rest is advisory: a channel other than background conveyed the state, gates nothing here).
e2e (1)	Run e2e suite (Playwright discovery via config glob + testIgnore, weighted shard)	2026-10-08T00:27:36.3475411Z [HEL-866 guard] cell "/connectors(light)" unresolvedFraction=0.000
e2e (1)	Run e2e suite (Playwright discovery via config glob + testIgnore, weighted shard)	2026-10-08T00:27:36.3811902Z   ✓  29 e2e/state-surface-contrast-guard.spec.ts:854:11 › HEL-866 state-surface contrast guard › /connectors: every interactive state background differs measurably from its resolved backdrop (light) (4.3s)
e2e (1)	Run e2e suite (Playwright discovery via config glob + testIgnore, weighted shard)	2026-10-08T00:27:36.5078295Z [HEL-1300 e2e] throwaway user: hel866-guard-1791419256507-3402@example.test
e2e (1)	Run e2e suite (Playwright discovery via config glob + testIgnore, weighted shard)	2026-10-08T00:27:39.2421164Z [HEL-866 guard] view "chrome" (dark): 12 visible interactive element(s), sampled 12
e2e (1)	Run e2e suite (Playwright discovery via config glob + testIgnore, weighted shard)	2026-10-08T00:27:40.2543290Z [HEL-866 guard] view "chrome" (light): 12 visible interactive element(s), sampled 12
e2e (1)	Run e2e suite (Playwright discovery via config glob + testIgnore, weighted shard)	2026-10-08T00:27:44.0156146Z [HEL-866 guard] elements probed: 23, resolved=23, unresolved=0, pass=12, fail=0, advisory=11 — 52% of probes are pass/fail-ASSERTED (the rest is advisory: a channel other than background conveyed the state, gates nothing here).
e2e (1)	Run e2e suite (Playwright discovery via config glob + testIgnore, weighted shard)	2026-10-08T00:27:44.0157276Z [HEL-866 guard] cell "chrome(dark)" unresolvedFraction=0.000
e2e (1)	Run e2e suite (Playwright discovery via config glob + testIgnore, weighted shard)	2026-10-08T00:27:44.0286449Z   ✓  30 e2e/state-surface-contrast-guard.spec.ts:944:9 › HEL-866 state-surface contrast guard › chrome: every interactive state background differs measurably from its resolved backdrop (dark) (9.1s)
e2e (1)	Run e2e suite (Playwright discovery via config glob + testIgnore, weighted shard)	2026-10-08T00:27:44.9467632Z [HEL-866 guard] elements probed: 23, resolved=23, unresolved=0, pass=12, fail=0, advisory=11 — 52% of probes are pass/fail-ASSERTED (the rest is advisory: a channel other than background conveyed the state, gates nothing here).
e2e (1)	Run e2e suite (Playwright discovery via config glob + testIgnore, weighted shard)	2026-10-08T00:27:44.9468294Z [HEL-866 guard] cell "chrome(light)" unresolvedFraction=0.000
e2e (1)	Run e2e suite (Playwright discovery via config glob + testIgnore, weighted shard)	2026-10-08T00:27:44.9598407Z   ✓  31 e2e/state-surface-contrast-guard.spec.ts:944:9 › HEL-866 state-surface contrast guard › chrome: every interactive state background differs measurably from its resolved backdrop (light) (8.6s)
e2e (1)	Run e2e suite (Playwright discovery via config glob + testIgnore, weighted shard)	2026-10-08T00:27:45.1150217Z 
e2e (1)	Run e2e suite (Playwright discovery via config glob + testIgnore, weighted shard)	2026-10-08T00:27:45.1153564Z 
e2e (1)	Run e2e suite (Playwright discovery via config glob + testIgnore, weighted shard)	2026-10-08T00:27:45.1161762Z   1) e2e/hel1351-aggregated-chart-overlay.spec.ts:72:7 › aggregated chart Output: grouped bars, "vs 7d" overlay and compact legend (light) 
e2e (1)	Run e2e suite (Playwright discovery via config glob + testIgnore, weighted shard)	2026-10-08T00:27:45.1162525Z 
e2e (1)	Run e2e suite (Playwright discovery via config glob + testIgnore, weighted shard)	2026-10-08T00:27:45.1162965Z     Error: ^[[2mexpect(^[[22m^[[31mreceived^[[39m^[[2m).^[[22mtoMatch^[[2m(^[[22m^[[32mexpected^[[39m^[[2m)^[[22m
e2e (1)	Run e2e suite (Playwright discovery via config glob + testIgnore, weighted shard)	2026-10-08T00:27:45.1163363Z 
e2e (1)	Run e2e suite (Playwright discovery via config glob + testIgnore, weighted shard)	2026-10-08T00:27:45.1163557Z     Expected pattern: ^[[32m/\b(15|7)\b/^[[39m
e2e (1)	Run e2e suite (Playwright discovery via config glob + testIgnore, weighted shard)	2026-10-08T00:27:45.1164871Z     Received string:  ^[[31m"HEL-1351 Talleastsum(amount)15vs 7d11InspectNothing selectedClick a chart element to inspect its underlying rows.CloseHEL-1351 TalloutputoutputUpdated 10/8/2026"^[[39m
e2e (1)	Run e2e suite (Playwright discovery via config glob + testIgnore, weighted shard)	2026-10-08T00:27:45.1165535Z 
e2e (1)	Run e2e suite (Playwright discovery via config glob + testIgnore, weighted shard)	2026-10-08T00:27:45.1165741Z       247 |       const hovered = (await tallCard.textContent()) ?? "";
e2e (1)	Run e2e suite (Playwright discovery via config glob + testIgnore, weighted shard)	2026-10-08T00:27:45.1166143Z       248 |       expect(hovered).toMatch(/vs 7d/);
e2e (1)	Run e2e suite (Playwright discovery via config glob + testIgnore, weighted shard)	2026-10-08T00:27:45.1166504Z     > 249 |       expect(hovered).toMatch(/\b(15|7)\b/);
e2e (1)	Run e2e suite (Playwright discovery via config glob + testIgnore, weighted shard)	2026-10-08T00:27:45.1166820Z           |                       ^
e2e (1)	Run e2e suite (Playwright discovery via config glob + testIgnore, weighted shard)	2026-10-08T00:27:45.1167164Z       250 |       expect(hovered).not.toMatch(/previous/i);
e2e (1)	Run e2e suite (Playwright discovery via config glob + testIgnore, weighted shard)	2026-10-08T00:27:45.1167465Z       251 |
e2e (1)	Run e2e suite (Playwright discovery via config glob + testIgnore, weighted shard)	2026-10-08T00:27:45.1167713Z       252 |       await page.mouse.move(0, 0);
e2e (1)	Run e2e suite (Playwright discovery via config glob + testIgnore, weighted shard)	2026-10-08T00:27:45.1168180Z         at <elided>-aggregated-chart-overlay.spec.ts:249:23
e2e (1)	Run e2e suite (Playwright discovery via config glob + testIgnore, weighted shard)	2026-10-08T00:27:45.1168502Z 
e2e (1)	Run e2e suite (Playwright discovery via config glob + testIgnore, weighted shard)	2026-10-08T00:27:45.1168873Z     Error Context: test-results/hel1351-aggregated-chart-o-2f113-y-and-compact-legend-light-/error-context.md
e2e (1)	Run e2e suite (Playwright discovery via config glob + testIgnore, weighted shard)	2026-10-08T00:27:45.1169280Z 
e2e (1)	Run e2e suite (Playwright discovery via config glob + testIgnore, weighted shard)	2026-10-08T00:27:45.1169677Z     attachment #2: trace (application/zip) ─────────────────────────────────────────────────────────
e2e (1)	Run e2e suite (Playwright discovery via config glob + testIgnore, weighted shard)	2026-10-08T00:27:45.1170326Z     test-results/hel1351-aggregated-chart-o-2f113-y-and-compact-legend-light-/trace.zip
e2e (1)	Run e2e suite (Playwright discovery via config glob + testIgnore, weighted shard)	2026-10-08T00:27:45.1170773Z     Usage:
e2e (1)	Run e2e suite (Playwright discovery via config glob + testIgnore, weighted shard)	2026-10-08T00:27:45.1170887Z 
e2e (1)	Run e2e suite (Playwright discovery via config glob + testIgnore, weighted shard)	2026-10-08T00:27:45.1171313Z         npx playwright show-trace test-results/hel1351-aggregated-chart-o-2f113-y-and-compact-legend-light-/trace.zip
e2e (1)	Run e2e suite (Playwright discovery via config glob + testIgnore, weighted shard)	2026-10-08T00:27:45.1171756Z 
e2e (1)	Run e2e suite (Playwright discovery via config glob + testIgnore, weighted shard)	2026-10-08T00:27:45.1172110Z     ────────────────────────────────────────────────────────────────────────────────────────────────
e2e (1)	Run e2e suite (Playwright discovery via config glob + testIgnore, weighted shard)	2026-10-08T00:27:45.1172677Z 
e2e (1)	Run e2e suite (Playwright discovery via config glob + testIgnore, weighted shard)	2026-10-08T00:27:45.1173277Z   2) e2e/hel1351-aggregated-chart-overlay.spec.ts:72:7 › aggregated chart Output: grouped bars, "vs 7d" overlay and compact legend (dark) 
e2e (1)	Run e2e suite (Playwright discovery via config glob + testIgnore, weighted shard)	2026-10-08T00:27:45.1173994Z 
e2e (1)	Run e2e suite (Playwright discovery via config glob + testIgnore, weighted shard)	2026-10-08T00:27:45.1174379Z     Error: ^[[2mexpect(^[[22m^[[31mreceived^[[39m^[[2m).^[[22mtoMatch^[[2m(^[[22m^[[32mexpected^[[39m^[[2m)^[[22m
e2e (1)	Run e2e suite (Playwright discovery via config glob + testIgnore, weighted shard)	2026-10-08T00:27:45.1174718Z 
e2e (1)	Run e2e suite (Playwright discovery via config glob + testIgnore, weighted shard)	2026-10-08T00:27:45.1174899Z     Expected pattern: ^[[32m/\b(15|7)\b/^[[39m
e2e (1)	Run e2e suite (Playwright discovery via config glob + testIgnore, weighted shard)	2026-10-08T00:27:45.1175884Z     Received string:  ^[[31m"HEL-1351 Talleastsum(amount)15vs 7d11InspectNothing selectedClick a chart element to inspect its underlying rows.CloseHEL-1351 TalloutputoutputUpdated 10/8/2026"^[[39m
e2e (1)	Run e2e suite (Playwright discovery via config glob + testIgnore, weighted shard)	2026-10-08T00:27:45.1176542Z 
e2e (1)	Run e2e suite (Playwright discovery via config glob + testIgnore, weighted shard)	2026-10-08T00:27:45.1176747Z       247 |       const hovered = (await tallCard.textContent()) ?? "";
e2e (1)	Run e2e suite (Playwright discovery via config glob + testIgnore, weighted shard)	2026-10-08T00:27:45.1177135Z       248 |       expect(hovered).toMatch(/vs 7d/);
e2e (1)	Run e2e suite (Playwright discovery via config glob + testIgnore, weighted shard)	2026-10-08T00:27:45.1177495Z     > 249 |       expect(hovered).toMatch(/\b(15|7)\b/);
e2e (1)	Run e2e suite (Playwright discovery via config glob + testIgnore, weighted shard)	2026-10-08T00:27:45.1177810Z           |                       ^
e2e (1)	Run e2e suite (Playwright discovery via config glob + testIgnore, weighted shard)	2026-10-08T00:27:45.1178119Z       250 |       expect(hovered).not.toMatch(/previous/i);
e2e (1)	Run e2e suite (Playwright discovery via config glob + testIgnore, weighted shard)	2026-10-08T00:27:45.1178399Z       251 |
e2e (1)	Run e2e suite (Playwright discovery via config glob + testIgnore, weighted shard)	2026-10-08T00:27:45.1178632Z       252 |       await page.mouse.move(0, 0);
e2e (1)	Run e2e suite (Playwright discovery via config glob + testIgnore, weighted shard)	2026-10-08T00:27:45.1179123Z         at <elided>-aggregated-chart-overlay.spec.ts:249:23
e2e (1)	Run e2e suite (Playwright discovery via config glob + testIgnore, weighted shard)	2026-10-08T00:27:45.1179457Z 
e2e (1)	Run e2e suite (Playwright discovery via config glob + testIgnore, weighted shard)	2026-10-08T00:27:45.1179838Z     Error Context: test-results/hel1351-aggregated-chart-o-09de9-ay-and-compact-legend-dark-/error-context.md
e2e (1)	Run e2e suite (Playwright discovery via config glob + testIgnore, weighted shard)	2026-10-08T00:27:45.1180260Z 
e2e (1)	Run e2e suite (Playwright discovery via config glob + testIgnore, weighted shard)	2026-10-08T00:27:45.1180651Z     attachment #2: trace (application/zip) ─────────────────────────────────────────────────────────
e2e (1)	Run e2e suite (Playwright discovery via config glob + testIgnore, weighted shard)	2026-10-08T00:27:45.1181270Z     test-results/hel1351-aggregated-chart-o-09de9-ay-and-compact-legend-dark-/trace.zip
e2e (1)	Run e2e suite (Playwright discovery via config glob + testIgnore, weighted shard)	2026-10-08T00:27:45.1181702Z     Usage:
e2e (1)	Run e2e suite (Playwright discovery via config glob + testIgnore, weighted shard)	2026-10-08T00:27:45.1181810Z 
e2e (1)	Run e2e suite (Playwright discovery via config glob + testIgnore, weighted shard)	2026-10-08T00:27:45.1182216Z         npx playwright show-trace test-results/hel1351-aggregated-chart-o-09de9-ay-and-compact-legend-dark-/trace.zip
e2e (1)	Run e2e suite (Playwright discovery via config glob + testIgnore, weighted shard)	2026-10-08T00:27:45.1182788Z 
e2e (1)	Run e2e suite (Playwright discovery via config glob + testIgnore, weighted shard)	2026-10-08T00:27:45.1183150Z     ────────────────────────────────────────────────────────────────────────────────────────────────
e2e (1)	Run e2e suite (Playwright discovery via config glob + testIgnore, weighted shard)	2026-10-08T00:27:45.1183420Z 
e2e (1)	Run e2e suite (Playwright discovery via config glob + testIgnore, weighted shard)	2026-10-08T00:27:45.1183532Z   2 failed
e2e (1)	Run e2e suite (Playwright discovery via config glob + testIgnore, weighted shard)	2026-10-08T00:27:45.1184183Z     e2e/hel1351-aggregated-chart-overlay.spec.ts:72:7 › aggregated chart Output: grouped bars, "vs 7d" overlay and compact legend (light) 
e2e (1)	Run e2e suite (Playwright discovery via config glob + testIgnore, weighted shard)	2026-10-08T00:27:45.1185388Z     e2e/hel1351-aggregated-chart-overlay.spec.ts:72:7 › aggregated chart Output: grouped bars, "vs 7d" overlay and compact legend (dark) 
e2e (1)	Run e2e suite (Playwright discovery via config glob + testIgnore, weighted shard)	2026-10-08T00:27:45.1185963Z   29 passed (2.3m)
e2e (1)	Run e2e suite (Playwright discovery via config glob + testIgnore, weighted shard)	2026-10-08T00:27:45.1457783Z ##[error]Process completed with exit code 1.
e2e (1)	Upload Playwright JSON report (per-test durations)	﻿2026-10-08T00:27:45.1504241Z ##[group]Run actions/upload-artifact@v7
e2e (1)	Upload Playwright JSON report (per-test durations)	2026-10-08T00:27:45.1504416Z with:
e2e (1)	Upload Playwright JSON report (per-test durations)	2026-10-08T00:27:45.1504545Z   name: playwright-json-shard-1
e2e (1)	Upload Playwright JSON report (per-test durations)	2026-10-08T00:27:45.1504705Z   path: test-results/results.json
e2e (1)	Upload Playwright JSON report (per-test durations)	2026-10-08T00:27:45.1504861Z   if-no-files-found: ignore
e2e (1)	Upload Playwright JSON report (per-test durations)	2026-10-08T00:27:45.1505003Z   retention-days: 14
e2e (1)	Upload Playwright JSON report (per-test durations)	2026-10-08T00:27:45.1505134Z   compression-level: 6
e2e (1)	Upload Playwright JSON report (per-test durations)	2026-10-08T00:27:45.1505266Z   overwrite: false
e2e (1)	Upload Playwright JSON report (per-test durations)	2026-10-08T00:27:45.1505396Z   include-hidden-files: false
e2e (1)	Upload Playwright JSON report (per-test durations)	2026-10-08T00:27:45.1505539Z   archive: true
e2e (1)	Upload Playwright JSON report (per-test durations)	2026-10-08T00:27:45.1505672Z env:
e2e (1)	Upload Playwright JSON report (per-test durations)	2026-10-08T00:27:45.1505832Z   DATABASE_URL: jdbc:postgresql://localhost:5432/helio
e2e (1)	Upload Playwright JSON report (per-test durations)	2026-10-08T00:27:45.1506016Z   DB_USER: helio
e2e (1)	Upload Playwright JSON report (per-test durations)	2026-10-08T00:27:45.1506269Z   HELIO_UPLOADS_BACKEND: local
e2e (1)	Upload Playwright JSON report (per-test durations)	2026-10-08T00:27:45.1506415Z   DEV_PORT: 5173
e2e (1)	Upload Playwright JSON report (per-test durations)	2026-10-08T00:27:45.1506535Z   BACKEND_PORT: 8080
e2e (1)	Upload Playwright JSON report (per-test durations)	2026-10-08T00:27:45.1506665Z   GOOGLE_CLIENT_ID: placeholder
e2e (1)	Upload Playwright JSON report (per-test durations)	2026-10-08T00:27:45.1507029Z   GOOGLE_REDIRECT_URI: http://localhost:5173/auth/callback
e2e (1)	Upload Playwright JSON report (per-test durations)	2026-10-08T00:27:45.1507735Z   JAVA_HOME: /opt/hostedtoolcache/Java_Temurin-Hotspot_jdk/21.0.12-1/x64
e2e (1)	Upload Playwright JSON report (per-test durations)	2026-10-08T00:27:45.1508012Z   JAVA_HOME_21_X64: /opt/hostedtoolcache/Java_Temurin-Hotspot_jdk/21.0.12-1/x64
e2e (1)	Upload Playwright JSON report (per-test durations)	2026-10-08T00:27:45.1508226Z   MAVEN_ARGS: -ntp
e2e (1)	Upload Playwright JSON report (per-test durations)	2026-10-08T00:27:45.1508498Z ##[endgroup]
e2e (1)	Upload Playwright JSON report (per-test durations)	2026-10-08T00:27:45.2399857Z With the provided path, there will be 1 file uploaded
e2e (1)	Upload Playwright JSON report (per-test durations)	2026-10-08T00:27:45.2403415Z Artifact name is valid!
e2e (1)	Upload Playwright JSON report (per-test durations)	2026-10-08T00:27:45.2403875Z Root directory input is valid!
e2e (1)	Upload Playwright JSON report (per-test durations)	2026-10-08T00:27:45.4951844Z Uploading artifact: playwright-json-shard-1.zip
e2e (1)	Upload Playwright JSON report (per-test durations)	2026-10-08T00:27:45.4976845Z Beginning upload of artifact content to blob storage
e2e (1)	Upload Playwright JSON report (per-test durations)	2026-10-08T00:27:45.7566636Z Uploaded bytes 55170
e2e (1)	Upload Playwright JSON report (per-test durations)	2026-10-08T00:27:45.8014014Z Finished uploading artifact content to blob storage!
e2e (1)	Upload Playwright JSON report (per-test durations)	2026-10-08T00:27:45.8015129Z Finalizing artifact upload
e2e (1)	Upload Playwright JSON report (per-test durations)	2026-10-08T00:27:46.0994139Z Artifact playwright-json-shard-1 successfully finalized. Artifact ID 11520129511
e2e (1)	Upload Playwright JSON report (per-test durations)	2026-10-08T00:27:46.0994872Z Artifact playwright-json-shard-1 has been successfully uploaded! Final size is 55170 bytes. Artifact ID is 11520129511
e2e (1)	Upload Playwright JSON report (per-test durations)	2026-10-08T00:27:46.0996491Z Artifact download URL: https://github.<elided>
e2e (1)	Upload sbt hang diagnostics	﻿2026-10-08T00:27:46.1109198Z ##[group]Run actions/upload-artifact@v4
e2e (1)	Upload sbt hang diagnostics	2026-10-08T00:27:46.1109379Z with:
e2e (1)	Upload sbt hang diagnostics	2026-10-08T00:27:46.1109505Z   name: sbt-diagnostics-e2e-shard-1
e2e (1)	Upload sbt hang diagnostics	2026-10-08T00:27:46.1109685Z   path: /home/runner/work/_temp/sbt-diagnostics
e2e (1)	Upload sbt hang diagnostics	2026-10-08T00:27:46.1109862Z   if-no-files-found: ignore
e2e (1)	Upload sbt hang diagnostics	2026-10-08T00:27:46.1110005Z   retention-days: 14
e2e (1)	Upload sbt hang diagnostics	2026-10-08T00:27:46.1110138Z   compression-level: 6
e2e (1)	Upload sbt hang diagnostics	2026-10-08T00:27:46.1110266Z   overwrite: false
e2e (1)	Upload sbt hang diagnostics	2026-10-08T00:27:46.1110398Z   include-hidden-files: false
e2e (1)	Upload sbt hang diagnostics	2026-10-08T00:27:46.1110540Z env:
e2e (1)	Upload sbt hang diagnostics	2026-10-08T00:27:46.1110697Z   DATABASE_URL: jdbc:postgresql://localhost:5432/helio
e2e (1)	Upload sbt hang diagnostics	2026-10-08T00:27:46.1110885Z   DB_USER: helio
e2e (1)	Upload sbt hang diagnostics	2026-10-08T00:27:46.1111141Z   HELIO_UPLOADS_BACKEND: local
e2e (1)	Upload sbt hang diagnostics	2026-10-08T00:27:46.1111282Z   DEV_PORT: 5173
e2e (1)	Upload sbt hang diagnostics	2026-10-08T00:27:46.1111403Z   BACKEND_PORT: 8080
e2e (1)	Upload sbt hang diagnostics	2026-10-08T00:27:46.1111533Z   GOOGLE_CLIENT_ID: placeholder
e2e (1)	Upload sbt hang diagnostics	2026-10-08T00:27:46.1111884Z   GOOGLE_REDIRECT_URI: http://localhost:5173/auth/callback
e2e (1)	Upload sbt hang diagnostics	2026-10-08T00:27:46.1113154Z   JAVA_HOME: /opt/hostedtoolcache/Java_Temurin-Hotspot_jdk/21.0.12-1/x64
e2e (1)	Upload sbt hang diagnostics	2026-10-08T00:27:46.1113436Z   JAVA_HOME_21_X64: /opt/hostedtoolcache/Java_Temurin-Hotspot_jdk/21.0.12-1/x64
e2e (1)	Upload sbt hang diagnostics	2026-10-08T00:27:46.1113655Z   MAVEN_ARGS: -ntp
e2e (1)	Upload sbt hang diagnostics	2026-10-08T00:27:46.1113785Z ##[endgroup]
e2e (1)	Upload sbt hang diagnostics	2026-10-08T00:27:46.2102275Z (node:5511) [DEP0040] DeprecationWarning: The `punycode` module is deprecated. Please use a userland alternative instead.
e2e (1)	Upload sbt hang diagnostics	2026-10-08T00:27:46.2102942Z (Use `node --trace-deprecation ...` to show where the warning was created)
e2e (1)	Upload sbt hang diagnostics	2026-10-08T00:27:46.2121805Z No files were found with the provided path: /home/runner/work/_temp/sbt-diagnostics. No artifacts will be uploaded.
e2e (1)	Upload Playwright report on failure	﻿2026-10-08T00:27:46.2236258Z ##[group]Run actions/upload-artifact@v7
e2e (1)	Upload Playwright report on failure	2026-10-08T00:27:46.2236431Z with:
e2e (1)	Upload Playwright report on failure	2026-10-08T00:27:46.2236568Z   name: playwright-report-shard-1
e2e (1)	Upload Playwright report on failure	2026-10-08T00:27:46.2236768Z   path: test-results/
e2e (1)	Upload Playwright report on failure	/tmp/backend.log
e2e (1)	Upload Playwright report on failure	/tmp/frontend.log
e2e (1)	Upload Playwright report on failure	
e2e (1)	Upload Playwright report on failure	2026-10-08T00:27:46.2236965Z   retention-days: 7
e2e (1)	Upload Playwright report on failure	2026-10-08T00:27:46.2237102Z   if-no-files-found: warn
e2e (1)	Upload Playwright report on failure	2026-10-08T00:27:46.2237242Z   compression-level: 6
e2e (1)	Upload Playwright report on failure	2026-10-08T00:27:46.2237378Z   overwrite: false
e2e (1)	Upload Playwright report on failure	2026-10-08T00:27:46.2237512Z   include-hidden-files: false
e2e (1)	Upload Playwright report on failure	2026-10-08T00:27:46.2237658Z   archive: true
e2e (1)	Upload Playwright report on failure	2026-10-08T00:27:46.2237779Z env:
e2e (1)	Upload Playwright report on failure	2026-10-08T00:27:46.2237937Z   DATABASE_URL: jdbc:postgresql://localhost:5432/helio
e2e (1)	Upload Playwright report on failure	2026-10-08T00:27:46.2238125Z   DB_USER: helio
e2e (1)	Upload Playwright report on failure	2026-10-08T00:27:46.2238391Z   HELIO_UPLOADS_BACKEND: local
e2e (1)	Upload Playwright report on failure	2026-10-08T00:27:46.2238537Z   DEV_PORT: 5173
e2e (1)	Upload Playwright report on failure	2026-10-08T00:27:46.2238662Z   BACKEND_PORT: 8080
e2e (1)	Upload Playwright report on failure	2026-10-08T00:27:46.2238799Z   GOOGLE_CLIENT_ID: placeholder
e2e (1)	Upload Playwright report on failure	2026-10-08T00:27:46.2239314Z   GOOGLE_REDIRECT_URI: http://localhost:5173/auth/callback
e2e (1)	Upload Playwright report on failure	2026-10-08T00:27:46.2240036Z   JAVA_HOME: /opt/hostedtoolcache/Java_Temurin-Hotspot_jdk/21.0.12-1/x64
e2e (1)	Upload Playwright report on failure	2026-10-08T00:27:46.2240315Z   JAVA_HOME_21_X64: /opt/hostedtoolcache/Java_Temurin-Hotspot_jdk/21.0.12-1/x64
e2e (1)	Upload Playwright report on failure	2026-10-08T00:27:46.2240540Z   MAVEN_ARGS: -ntp
e2e (1)	Upload Playwright report on failure	2026-10-08T00:27:46.2240668Z ##[endgroup]
e2e (1)	Upload Playwright report on failure	2026-10-08T00:27:46.3174821Z Multiple search paths detected. Calculating the least common ancestor of all paths
e2e (1)	Upload Playwright report on failure	2026-10-08T00:27:46.3176416Z The least common ancestor is /. This will be the root directory of the artifact
e2e (1)	Upload Playwright report on failure	2026-10-08T00:27:46.3177044Z With the provided path, there will be 7 files uploaded
e2e (1)	Upload Playwright report on failure	2026-10-08T00:27:46.3179361Z Artifact name is valid!
e2e (1)	Upload Playwright report on failure	2026-10-08T00:27:46.3179765Z Root directory input is valid!
e2e (1)	Upload Playwright report on failure	2026-10-08T00:27:46.5690576Z Uploading artifact: playwright-report-shard-1.zip
e2e (1)	Upload Playwright report on failure	2026-10-08T00:27:46.5717272Z Beginning upload of artifact content to blob storage
e2e (1)	Upload Playwright report on failure	2026-10-08T00:27:47.1423878Z Uploaded bytes 4249262
e2e (1)	Upload Playwright report on failure	2026-10-08T00:27:47.3895149Z Finished uploading artifact content to blob storage!
e2e (1)	Upload Playwright report on failure	2026-10-08T00:27:47.3896233Z Finalizing artifact upload
e2e (1)	Upload Playwright report on failure	2026-10-08T00:27:47.6931502Z Artifact playwright-report-shard-1 successfully finalized. Artifact ID 11520437636
e2e (1)	Upload Playwright report on failure	2026-10-08T00:27:47.6932624Z Artifact playwright-report-shard-1 has been successfully uploaded! Final size is 4249262 bytes. Artifact ID is 11520437636
e2e (1)	Upload Playwright report on failure	2026-10-08T00:27:47.6934207Z Artifact download URL: https://github.<elided>
e2e (1)	Post Run sbt/setup-sbt@v1	﻿2026-10-08T00:27:47.7121678Z Post job cleanup.
e2e (1)	Post Run sbt/setup-sbt@v1	2026-10-08T00:27:47.7124266Z ##[start-action display=sbt 2.x disk cache;id=__0130ba2f-6aca-4ccc-b6bf-92877a37a1cf.disk-cache]
e2e (1)	Post Run sbt/setup-sbt@v1	2026-10-08T00:27:47.7125526Z ##[end-action id=__0130ba2f-6aca-4ccc-b6bf-92877a37a1cf.disk-cache;outcome=skipped;conclusion=skipped;duration_ms=0]
e2e (1)	Post Run sbt/setup-sbt@v1	2026-10-08T00:27:47.7126577Z ##[start-action display=Cache sbt distribution;id=__0130ba2f-6aca-4ccc-b6bf-92877a37a1cf.cache-dir]
e2e (1)	Post Run sbt/setup-sbt@v1	2026-10-08T00:27:47.7127573Z ##[end-action id=__0130ba2f-6aca-4ccc-b6bf-92877a37a1cf.cache-dir;outcome=skipped;conclusion=skipped;duration_ms=0]
e2e (1)	Post Run actions/setup-java@v6	﻿2026-10-08T00:27:47.7172952Z Post job cleanup.
e2e (1)	Post Run actions/checkout@v7	﻿2026-10-08T00:27:47.7730042Z Post job cleanup.
e2e (1)	Post Run actions/checkout@v7	2026-10-08T00:27:47.8304230Z [command]/usr/bin/git version
e2e (1)	Post Run actions/checkout@v7	2026-10-08T00:27:47.8334896Z git version 2.55.0
e2e (1)	Post Run actions/checkout@v7	2026-10-08T00:27:47.8374312Z Temporarily overriding HOME='/home/runner/work/_temp/156eaa6f-a500-4c91-8151-ca72ce45d734' before making global git config changes
e2e (1)	Post Run actions/checkout@v7	2026-10-08T00:27:47.8375102Z Adding repository directory to the temporary git global config as a safe directory
e2e (1)	Post Run actions/checkout@v7	2026-10-08T00:27:47.8375742Z [command]/usr/bin/git config --global --add safe.directory /home/runner/work/helio/helio
e2e (1)	Post Run actions/checkout@v7	2026-10-08T00:27:47.8382651Z Removing SSH command configuration
e2e (1)	Post Run actions/checkout@v7	2026-10-08T00:27:47.8386684Z [command]/usr/bin/git config --local --name-only --get-regexp core\.sshCommand
e2e (1)	Post Run actions/checkout@v7	2026-10-08T00:27:47.8423378Z [command]/usr/bin/git submodule foreach --recursive sh -c "git config --local --name-only --get-regexp 'core\.sshCommand' && git config --local --unset-all 'core.sshCommand' || :"
e2e (1)	Post Run actions/checkout@v7	2026-10-08T00:27:47.8613493Z Removing HTTP extra header
e2e (1)	Post Run actions/checkout@v7	2026-10-08T00:27:47.8617901Z [command]/usr/bin/git config --local --name-only --get-regexp http\.https\:\/\/github\.com\/\.extraheader
e2e (1)	Post Run actions/checkout@v7	2026-10-08T00:27:47.8650487Z [command]/usr/bin/git submodule foreach --recursive sh -c "git config --local --name-only --get-regexp 'http\.https\:\/\/github\.com\/\.extraheader' && git config --local --unset-all 'http.https://github.com/.extraheader' || :"
e2e (1)	Post Run actions/checkout@v7	2026-10-08T00:27:47.8855318Z Removing includeIf entries pointing to credentials config files
e2e (1)	Post Run actions/checkout@v7	2026-10-08T00:27:47.8860278Z [command]/usr/bin/git config --local --name-only --get-regexp ^includeIf\.gitdir:
e2e (1)	Post Run actions/checkout@v7	2026-10-08T00:27:47.8889403Z includeif.gitdir:/home/runner/work/helio/helio/.git.path
e2e (1)	Post Run actions/checkout@v7	2026-10-08T00:27:47.8889927Z includeif.gitdir:/home/runner/work/helio/helio/.git/worktrees/*.path
e2e (1)	Post Run actions/checkout@v7	2026-10-08T00:27:47.8890348Z includeif.gitdir:/github/workspace/.git.path
e2e (1)	Post Run actions/checkout@v7	2026-10-08T00:27:47.8890739Z includeif.gitdir:/github/workspace/.git/worktrees/*.path
e2e (1)	Post Run actions/checkout@v7	2026-10-08T00:27:47.8895465Z [command]/usr/bin/git config --local --get-all includeif.gitdir:/home/runner/work/helio/helio/.git.path
e2e (1)	Post Run actions/checkout@v7	2026-10-08T00:27:47.8916200Z /home/runner/work/_temp/git-credentials-c05b2691-8a12-43aa-85c6-4f1f85c346dc.config
e2e (1)	Post Run actions/checkout@v7	2026-10-08T00:27:47.8922970Z [command]/usr/bin/git config --local --unset includeif.gitdir:/home/runner/work/helio/helio/.git.path \/home\/runner\/work\/_temp\/git\-credentials\-c05b2691\-8a12\-43aa\-85c6\-4f1f85c346dc\.config
e2e (1)	Post Run actions/checkout@v7	2026-10-08T00:27:47.8959011Z [command]/usr/bin/git config --local --get-all includeif.gitdir:/home/runner/work/helio/helio/.git/worktrees/*.path
e2e (1)	Post Run actions/checkout@v7	2026-10-08T00:27:47.8979501Z /home/runner/work/_temp/git-credentials-c05b2691-8a12-43aa-85c6-4f1f85c346dc.config
e2e (1)	Post Run actions/checkout@v7	2026-10-08T00:27:47.8985410Z [command]/usr/bin/git config --local --unset includeif.gitdir:/home/runner/work/helio/helio/.git/worktrees/*.path \/home\/runner\/work\/_temp\/git\-credentials\-c05b2691\-8a12\-43aa\-85c6\-4f1f85c346dc\.config
e2e (1)	Post Run actions/checkout@v7	2026-10-08T00:27:47.9013754Z [command]/usr/bin/git config --local --get-all includeif.gitdir:/github/workspace/.git.path
e2e (1)	Post Run actions/checkout@v7	2026-10-08T00:27:47.9035057Z /github/runner_temp/git-credentials-c05b2691-8a12-43aa-85c6-4f1f85c346dc.config
e2e (1)	Post Run actions/checkout@v7	2026-10-08T00:27:47.9040489Z [command]/usr/bin/git config --local --unset includeif.gitdir:/github/workspace/.git.path \/github\/runner_temp\/git\-credentials\-c05b2691\-8a12\-43aa\-85c6\-4f1f85c346dc\.config
e2e (1)	Post Run actions/checkout@v7	2026-10-08T00:27:47.9069884Z [command]/usr/bin/git config --local --get-all includeif.gitdir:/github/workspace/.git/worktrees/*.path
e2e (1)	Post Run actions/checkout@v7	2026-10-08T00:27:47.9091844Z /github/runner_temp/git-credentials-c05b2691-8a12-43aa-85c6-4f1f85c346dc.config
e2e (1)	Post Run actions/checkout@v7	2026-10-08T00:27:47.9095796Z [command]/usr/bin/git config --local --unset includeif.gitdir:/github/workspace/.git/worktrees/*.path \/github\/runner_temp\/git\-credentials\-c05b2691\-8a12\-43aa\-85c6\-4f1f85c346dc\.config
e2e (1)	Post Run actions/checkout@v7	2026-10-08T00:27:47.9125076Z [command]/usr/bin/git submodule foreach --recursive git config --local --show-origin --name-only --get-regexp remote.origin.url
e2e (1)	Post Run actions/checkout@v7	2026-10-08T00:27:47.9313845Z Removing credentials config '/home/runner/work/_temp/git-credentials-c05b2691-8a12-43aa-85c6-4f1f85c346dc.config'
e2e (1)	Stop containers	﻿2026-10-08T00:27:47.9402264Z Print service container logs: <elided>_postgres16_f13575
e2e (1)	Stop containers	2026-10-08T00:27:47.9405452Z ##[command]/usr/bin/docker logs --details <elided>
e2e (1)	Stop containers	2026-10-08T00:27:47.9494046Z  The files belonging to this database system will be owned by user "postgres".
e2e (1)	Stop containers	2026-10-08T00:27:47.9495168Z  initdb: warning: enabling "trust" authentication for local connections
e2e (1)	Stop containers	2026-10-08T00:27:47.9495568Z  initdb: hint: You can change this by editing pg_hba.conf or using the option -A, or --auth-local and --auth-host, the next time you run initdb.
e2e (1)	Stop containers	2026-10-08T00:27:47.9496322Z  2026-10-08 00:23:45.017 UTC [1] LOG:  starting PostgreSQL 16.15 (Debian 16.15-1.pgdg13+2) on x86_64-pc-linux-gnu, compiled by gcc (Debian 14.2.0-19) 14.2.0, 64-bit
e2e (1)	Stop containers	2026-10-08T00:27:47.9496900Z  This user must also own the server process.
e2e (1)	Stop containers	2026-10-08T00:27:47.9497087Z  
e2e (1)	Stop containers	2026-10-08T00:27:47.9497322Z  The database cluster will be initialized with locale "en_US.utf8".
e2e (1)	Stop containers	2026-10-08T00:27:47.9497609Z  The default database encoding has accordingly been set to "UTF8".
e2e (1)	Stop containers	2026-10-08T00:27:47.9497855Z  The default text search configuration will be set to "english".
e2e (1)	Stop containers	2026-10-08T00:27:47.9498103Z  
e2e (1)	Stop containers	2026-10-08T00:27:47.9498226Z  Data page checksums are disabled.
e2e (1)	Stop containers	2026-10-08T00:27:47.9498375Z  
e2e (1)	Stop containers	2026-10-08T00:27:47.9498551Z  fixing permissions on existing directory /var/lib/postgresql/data ... ok
e2e (1)	Stop containers	2026-10-08T00:27:47.9498827Z  creating subdirectories ... ok
e2e (1)	Stop containers	2026-10-08T00:27:47.9499032Z  selecting dynamic shared memory implementation ... posix
e2e (1)	Stop containers	2026-10-08T00:27:47.9499426Z  selecting default max_connections ... 100
e2e (1)	Stop containers	2026-10-08T00:27:47.9499664Z  selecting default shared_buffers ... 128MB
e2e (1)	Stop containers	2026-10-08T00:27:47.9499836Z  selecting default time zone ... Etc/UTC
e2e (1)	Stop containers	2026-10-08T00:27:47.9500004Z  creating configuration files ... ok
e2e (1)	Stop containers	2026-10-08T00:27:47.9500224Z  running bootstrap script ... ok
e2e (1)	Stop containers	2026-10-08T00:27:47.9500466Z  performing post-bootstrap initialization ... ok
e2e (1)	Stop containers	2026-10-08T00:27:47.9500647Z  syncing data to disk ... ok
e2e (1)	Stop containers	2026-10-08T00:27:47.9500791Z  
e2e (1)	Stop containers	2026-10-08T00:27:47.9500896Z  
e2e (1)	Stop containers	2026-10-08T00:27:47.9501037Z  Success. You can now start the database server using:
e2e (1)	Stop containers	2026-10-08T00:27:47.9501282Z  
e2e (1)	Stop containers	2026-10-08T00:27:47.9501427Z      pg_ctl -D /var/lib/postgresql/data -l logfile start
e2e (1)	Stop containers	2026-10-08T00:27:47.9501603Z  
e2e (1)	Stop containers	2026-10-08T00:27:47.9502006Z  waiting for server to start....2026-10-08 00:23:44.744 UTC [48] LOG:  starting PostgreSQL 16.15 (Debian 16.15-1.pgdg13+2) on x86_64-pc-linux-gnu, compiled by gcc (Debian 14.2.0-19) 14.2.0, 64-bit
e2e (1)	Stop containers	2026-10-08T00:27:47.9503888Z  2026-10-08 00:23:44.744 UTC [48] LOG:  listening on Unix socket "/var/run/postgresql/.s.PGSQL.5432"
e2e (1)	Stop containers	2026-10-08T00:27:47.9504411Z  2026-10-08 00:23:44.746 UTC [51] LOG:  database system was shut down at 2026-10-08 00:23:44 UTC
e2e (1)	Stop containers	2026-10-08T00:27:47.9504859Z  2026-10-08 00:23:44.749 UTC [48] LOG:  database system is ready to accept connections
e2e (1)	Stop containers	2026-10-08T00:27:47.9505192Z   done
e2e (1)	Stop containers	2026-10-08T00:27:47.9505365Z  server started
e2e (1)	Stop containers	2026-10-08T00:27:47.9505554Z  CREATE DATABASE
e2e (1)	Stop containers	2026-10-08T00:27:47.9505746Z  
e2e (1)	Stop containers	2026-10-08T00:27:47.9505908Z  
e2e (1)	Stop containers	2026-10-08T00:27:47.9506195Z  /usr/local/bin/docker-entrypoint.sh: ignoring /docker-entrypoint-initdb.d/*
e2e (1)	Stop containers	2026-10-08T00:27:47.9506537Z  
e2e (1)	Stop containers	2026-10-08T00:27:47.9506852Z  waiting for server to shut down...2026-10-08 00:23:44.903 UTC [48] LOG:  received fast shutdown request
e2e (1)	Stop containers	2026-10-08T00:27:47.9507310Z  .2026-10-08 00:23:44.903 UTC [48] LOG:  aborting any active transactions
e2e (1)	Stop containers	2026-10-08T00:27:47.9507808Z  2026-10-08 00:23:44.904 UTC [48] LOG:  background worker "logical replication launcher" (PID 54) exited with exit code 1
e2e (1)	Stop containers	2026-10-08T00:27:47.9508281Z  2026-10-08 00:23:44.905 UTC [49] LOG:  shutting down
e2e (1)	Stop containers	2026-10-08T00:27:47.9508627Z  2026-10-08 00:23:44.905 UTC [49] LOG:  checkpoint starting: shutdown immediate
e2e (1)	Stop containers	2026-10-08T00:27:47.9509529Z  2026-10-08 00:23:44.963 UTC [49] LOG:  checkpoint complete: wrote 926 buffers (5.7%); 0 WAL file(s) added, 0 removed, 0 recycled; write=0.057 s, sync=0.002 s, total=0.059 s; sync files=301, longest=0.001 s, average=0.001 s; distance=4273 kB, estimate=4273 kB; lsn=0/191F0E0, redo lsn=0/191F0E0
e2e (1)	Stop containers	2026-10-08T00:27:47.9510609Z  2026-10-08 00:23:44.969 UTC [48] LOG:  database system is shut down
e2e (1)	Stop containers	2026-10-08T00:27:47.9510902Z   done
e2e (1)	Stop containers	2026-10-08T00:27:47.9511079Z  server stopped
e2e (1)	Stop containers	2026-10-08T00:27:47.9511264Z  
e2e (1)	Stop containers	2026-10-08T00:27:47.9511485Z  PostgreSQL init process complete; ready for start up.
e2e (1)	Stop containers	2026-10-08T00:27:47.9511761Z  
e2e (1)	Stop containers	2026-10-08T00:27:47.9512386Z  2026-10-08 00:23:45.017 UTC [1] LOG:  listening on IPv4 address "0.0.0.0", port 5432
e2e (1)	Stop containers	2026-10-08T00:27:47.9512943Z  2026-10-08 00:23:45.017 UTC [1] LOG:  listening on IPv6 address "::", port 5432
e2e (1)	Stop containers	2026-10-08T00:27:47.9513316Z  2026-10-08 00:23:45.018 UTC [1] LOG:  listening on Unix socket "/var/run/postgresql/.s.PGSQL.5432"
e2e (1)	Stop containers	2026-10-08T00:27:47.9513630Z  2026-10-08 00:23:45.020 UTC [64] LOG:  database system was shut down at 2026-10-08 00:23:44 UTC
e2e (1)	Stop containers	2026-10-08T00:27:47.9513923Z  2026-10-08 00:23:45.023 UTC [1] LOG:  database system is ready to accept connections
e2e (1)	Stop containers	2026-10-08T00:27:47.9514181Z  2026-10-08 00:23:54.091 UTC [75] FATAL:  role "root" does not exist
e2e (1)	Stop containers	2026-10-08T00:27:47.9514418Z  2026-10-08 00:24:04.136 UTC [83] FATAL:  role "root" does not exist
e2e (1)	Stop containers	2026-10-08T00:27:47.9514641Z  2026-10-08 00:24:14.201 UTC [91] FATAL:  role "root" does not exist
e2e (1)	Stop containers	2026-10-08T00:27:47.9514881Z  2026-10-08 00:24:24.267 UTC [99] FATAL:  role "root" does not exist
e2e (1)	Stop containers	2026-10-08T00:27:47.9515109Z  2026-10-08 00:24:34.397 UTC [108] FATAL:  role "root" does not exist
e2e (1)	Stop containers	2026-10-08T00:27:47.9515337Z  2026-10-08 00:24:44.454 UTC [117] FATAL:  role "root" does not exist
e2e (1)	Stop containers	2026-10-08T00:27:47.9515740Z  2026-10-08 00:24:54.520 UTC [126] FATAL:  role "root" does not exist
e2e (1)	Stop containers	2026-10-08T00:27:47.9515964Z  2026-10-08 00:25:04.598 UTC [135] FATAL:  role "root" does not exist
e2e (1)	Stop containers	2026-10-08T00:27:47.9516186Z  2026-10-08 00:25:14.640 UTC [143] FATAL:  role "root" does not exist
e2e (1)	Stop containers	2026-10-08T00:27:47.9516411Z  2026-10-08 00:25:24.681 UTC [159] FATAL:  role "root" does not exist
e2e (1)	Stop containers	2026-10-08T00:27:47.9516773Z  2026-10-08 00:25:34.725 UTC [172] FATAL:  role "root" does not exist
e2e (1)	Stop containers	2026-10-08T00:27:47.9517140Z  2026-10-08 00:25:44.800 UTC [185] FATAL:  role "root" does not exist
e2e (1)	Stop containers	2026-10-08T00:27:47.9517501Z  2026-10-08 00:25:54.891 UTC [201] FATAL:  role "root" does not exist
e2e (1)	Stop containers	2026-10-08T00:27:47.9517835Z  2026-10-08 00:26:04.954 UTC [209] FATAL:  role "root" does not exist
e2e (1)	Stop containers	2026-10-08T00:27:47.9518057Z  2026-10-08 00:26:15.113 UTC [218] FATAL:  role "root" does not exist
e2e (1)	Stop containers	2026-10-08T00:27:47.9518279Z  2026-10-08 00:26:25.264 UTC [227] FATAL:  role "root" does not exist
e2e (1)	Stop containers	2026-10-08T00:27:47.9518504Z  2026-10-08 00:26:35.325 UTC [235] FATAL:  role "root" does not exist
e2e (1)	Stop containers	2026-10-08T00:27:47.9518730Z  2026-10-08 00:26:45.401 UTC [244] FATAL:  role "root" does not exist
e2e (1)	Stop containers	2026-10-08T00:27:47.9518951Z  2026-10-08 00:26:55.467 UTC [252] FATAL:  role "root" does not exist
e2e (1)	Stop containers	2026-10-08T00:27:47.9519173Z  2026-10-08 00:27:05.514 UTC [261] FATAL:  role "root" does not exist
e2e (1)	Stop containers	2026-10-08T00:27:47.9519397Z  2026-10-08 00:27:15.565 UTC [269] FATAL:  role "root" does not exist
e2e (1)	Stop containers	2026-10-08T00:27:47.9519621Z  2026-10-08 00:27:25.623 UTC [278] FATAL:  role "root" does not exist
e2e (1)	Stop containers	2026-10-08T00:27:47.9519844Z  2026-10-08 00:27:35.676 UTC [286] FATAL:  role "root" does not exist
e2e (1)	Stop containers	2026-10-08T00:27:47.9520065Z  2026-10-08 00:27:45.715 UTC [295] FATAL:  role "root" does not exist
e2e (1)	Stop containers	2026-10-08T00:27:47.9524204Z Stop and remove container: <elided>_postgres16_f13575
e2e (1)	Stop containers	2026-10-08T00:27:47.9526908Z ##[command]/usr/bin/docker rm --force <elided>
e2e (1)	Stop containers	2026-10-08T00:27:48.0818352Z <elided>
e2e (1)	Stop containers	2026-10-08T00:27:48.0841532Z Remove container network: github_network_<elided>
e2e (1)	Stop containers	2026-10-08T00:27:48.0844344Z ##[command]/usr/bin/docker network rm github_network_<elided>
e2e (1)	Stop containers	2026-10-08T00:27:48.1637772Z github_network_<elided>
e2e (1)	Complete job	﻿2026-10-08T00:27:48.1689088Z Cleaning up orphan processes
e2e (1)	Complete job	2026-10-08T00:27:48.1929926Z Terminate orphan process: pid (2673) (java)
e2e (1)	Complete job	2026-10-08T00:27:48.1961755Z Terminate orphan process: pid (4017) (java)
e2e (1)	Complete job	2026-10-08T00:27:48.1978590Z Terminate orphan process: pid (4116) (npm exec vite --port 5173)
e2e (1)	Complete job	2026-10-08T00:27:48.1994598Z Terminate orphan process: pid (4132) (sh)
e2e (1)	Complete job	2026-10-08T00:27:48.2009842Z Terminate orphan process: pid (4133) (node)
e2e (1)	Complete job	2026-10-08T00:27:48.2056680Z ##[warning]Node.js 20 is deprecated. The following actions target Node.js 20 but are being forced to run on Node.js 24: actions/upload-artifact@v4. For more information see: https://github.blog/changelog/2025-09-19-deprecation-of-node-20-on-github-actions-runners/
