security	Set up job	﻿2026-10-07T20:45:54.1896723Z Current runner version: '2.337.0'
security	Set up job	2026-10-07T20:45:54.1922162Z ##[group]Runner Image Provisioner
security	Set up job	2026-10-07T20:45:54.1923265Z Hosted Compute Agent
security	Set up job	2026-10-07T20:45:54.1923909Z Version: 20260901.588
security	Set up job	2026-10-07T20:45:54.1924606Z Commit: <elided>
security	Set up job	2026-10-07T20:45:54.1925403Z Build Date: 2026-09-01T19:56:44Z
security	Set up job	2026-10-07T20:45:54.1926130Z Worker ID: {4a6de708-9966-4df5-8100-824f035acbc1}
security	Set up job	2026-10-07T20:45:54.1926837Z Azure Region: eastus
security	Set up job	2026-10-07T20:45:54.1927507Z ##[endgroup]
security	Set up job	2026-10-07T20:45:54.1929418Z ##[group]Operating System
security	Set up job	2026-10-07T20:45:54.1930191Z Ubuntu
security	Set up job	2026-10-07T20:45:54.1930744Z 24.04.5
security	Set up job	2026-10-07T20:45:54.1931257Z LTS
security	Set up job	2026-10-07T20:45:54.1931849Z ##[endgroup]
security	Set up job	2026-10-07T20:45:54.1932439Z ##[group]Runner Image
security	Set up job	2026-10-07T20:45:54.1933091Z Image: ubuntu-24.04
security	Set up job	2026-10-07T20:45:54.1933682Z Version: 20260927.320.1
security	Set up job	2026-10-07T20:45:54.1934760Z Included Software: https://github.com/actions/runner-images/blob/ubuntu24/20260927.320/images/ubuntu/Ubuntu2404-Readme.md
security	Set up job	2026-10-07T20:45:54.1936694Z Image Release: https://github.com/actions/runner-images/releases/tag/ubuntu24%2F20260927.320
security	Set up job	2026-10-07T20:45:54.1937720Z ##[endgroup]
security	Set up job	2026-10-07T20:45:54.1941237Z Contents: read
security	Set up job	2026-10-07T20:45:54.1941981Z Metadata: read
security	Set up job	2026-10-07T20:45:54.1942554Z ##[endgroup]
security	Set up job	2026-10-07T20:45:54.1945646Z Cache mode: write
security	Set up job	2026-10-07T20:45:54.1946429Z Prepare workflow directory
security	Set up job	2026-10-07T20:45:54.2276127Z Prepare all required actions
security	Set up job	2026-10-07T20:45:54.2324402Z Getting action download info
security	Set up job	2026-10-07T20:45:54.5151557Z Download action repository 'actions/checkout@v7' (SHA:<elided>)
security	Set up job	2026-10-07T20:45:54.6331375Z Download action repository 'actions/setup-java@v6' (SHA:<elided>)
security	Set up job	2026-10-07T20:45:54.9599068Z Download action repository 'sbt/setup-sbt@v1' (SHA:<elided>)
security	Set up job	2026-10-07T20:45:55.0534767Z Download action repository 'actions/cache@v6' (SHA:<elided>)
security	Set up job	2026-10-07T20:45:55.1601072Z Download action repository 'actions/setup-node@v7' (SHA:<elided>)
security	Set up job	2026-10-07T20:45:55.2399394Z Download action repository 'actions/upload-artifact@v4' (SHA:<elided>)
security	Set up job	2026-10-07T20:45:55.4723281Z Getting action download info
security	Set up job	2026-10-07T20:45:55.5514647Z Download action repository 'actions/cache@<elided>' (SHA:<elided>)
security	Set up job	2026-10-07T20:45:55.6540712Z Download action repository 'carabiner-dev/actions@<elided>' (SHA:<elided>)
security	Set up job	2026-10-07T20:45:55.8105276Z Getting action download info
security	Set up job	2026-10-07T20:45:55.9056519Z Download action repository 'carabiner-dev/actions@<elided>' (SHA:<elided>)
security	Set up job	2026-10-07T20:45:56.0129503Z Download action repository 'actions/upload-artifact@<elided>' (SHA:<elided>)
security	Set up job	2026-10-07T20:45:56.0882497Z Getting action download info
security	Set up job	2026-10-07T20:45:56.1897611Z Download action repository 'carabiner-dev/actions@<elided>' (SHA:<elided>)
security	Set up job	2026-10-07T20:45:56.3307137Z Getting action download info
security	Set up job	2026-10-07T20:45:56.4024999Z Download action repository 'carabiner-dev/actions@<elided>' (SHA:<elided>)
security	Set up job	2026-10-07T20:45:56.5845698Z Getting action download info
security	Set up job	2026-10-07T20:45:56.6858413Z Getting action download info
security	Set up job	2026-10-07T20:45:56.9443104Z Complete job name: security
security	Run actions/checkout@v7	﻿2026-10-07T20:45:57.0432541Z ##[group]Run actions/checkout@v7
security	Run actions/checkout@v7	2026-10-07T20:45:57.0433853Z with:
security	Run actions/checkout@v7	2026-10-07T20:45:57.0434682Z   repository: matto00/helio
security	Run actions/checkout@v7	2026-10-07T20:45:57.0444572Z   ssh-strict: true
security	Run actions/checkout@v7	2026-10-07T20:45:57.0445394Z   ssh-user: git
security	Run actions/checkout@v7	2026-10-07T20:45:57.0446490Z   persist-credentials: true
security	Run actions/checkout@v7	2026-10-07T20:45:57.0447409Z   clean: true
security	Run actions/checkout@v7	2026-10-07T20:45:57.0448403Z   sparse-checkout-cone-mode: true
security	Run actions/checkout@v7	2026-10-07T20:45:57.0449412Z   fetch-depth: 1
security	Run actions/checkout@v7	2026-10-07T20:45:57.0450226Z   fetch-tags: false
security	Run actions/checkout@v7	2026-10-07T20:45:57.0451060Z   show-progress: true
security	Run actions/checkout@v7	2026-10-07T20:45:57.0451923Z   lfs: false
security	Run actions/checkout@v7	2026-10-07T20:45:57.0452727Z   submodules: false
security	Run actions/checkout@v7	2026-10-07T20:45:57.0453587Z   set-safe-directory: true
security	Run actions/checkout@v7	2026-10-07T20:45:57.0454563Z   allow-unsafe-pr-checkout: false
security	Run actions/checkout@v7	2026-10-07T20:45:57.0455975Z ##[endgroup]
security	Run actions/checkout@v7	2026-10-07T20:45:57.1495177Z Syncing repository: matto00/helio
security	Run actions/checkout@v7	2026-10-07T20:45:57.1499173Z ##[group]Getting Git version info
security	Run actions/checkout@v7	2026-10-07T20:45:57.1501240Z Working directory is '/home/runner/work/helio/helio'
security	Run actions/checkout@v7	2026-10-07T20:45:57.1504366Z [command]/usr/bin/git version
security	Run actions/checkout@v7	2026-10-07T20:45:57.1580281Z git version 2.55.0
security	Run actions/checkout@v7	2026-10-07T20:45:57.1613217Z ##[endgroup]
security	Run actions/checkout@v7	2026-10-07T20:45:57.1621268Z Temporarily overriding HOME='/home/runner/work/_temp/1f9f4868-76ca-442f-8cf6-0d69a9bf81ca' before making global git config changes
security	Run actions/checkout@v7	2026-10-07T20:45:57.1634829Z Adding repository directory to the temporary git global config as a safe directory
security	Run actions/checkout@v7	2026-10-07T20:45:57.1639608Z [command]/usr/bin/git config --global --add safe.directory /home/runner/work/helio/helio
security	Run actions/checkout@v7	2026-10-07T20:45:57.1689164Z Deleting the contents of '/home/runner/work/helio/helio'
security	Run actions/checkout@v7	2026-10-07T20:45:57.1695827Z ##[group]Determining repository object format
security	Run actions/checkout@v7	2026-10-07T20:45:57.1698634Z ##[endgroup]
security	Run actions/checkout@v7	2026-10-07T20:45:57.1700997Z ##[group]Initializing the repository
security	Run actions/checkout@v7	2026-10-07T20:45:57.1703050Z [command]/usr/bin/git init /home/runner/work/helio/helio
security	Run actions/checkout@v7	2026-10-07T20:45:57.1823840Z hint: Using 'master' as the name for the initial branch. This default branch name
security	Run actions/checkout@v7	2026-10-07T20:45:57.1826358Z hint: will change to "main" in Git 3.0. To configure the initial branch name
security	Run actions/checkout@v7	2026-10-07T20:45:57.1828779Z hint: to use in all of your new repositories, which will suppress this warning,
security	Run actions/checkout@v7	2026-10-07T20:45:57.1830632Z hint: call:
security	Run actions/checkout@v7	2026-10-07T20:45:57.1831942Z hint:
security	Run actions/checkout@v7	2026-10-07T20:45:57.1833343Z hint: 	git config --global init.defaultBranch <name>
security	Run actions/checkout@v7	2026-10-07T20:45:57.1834924Z hint:
security	Run actions/checkout@v7	2026-10-07T20:45:57.1836591Z hint: Names commonly chosen instead of 'master' are 'main', 'trunk' and
security	Run actions/checkout@v7	2026-10-07T20:45:57.1839577Z hint: 'development'. The just-created branch can be renamed via this command:
security	Run actions/checkout@v7	2026-10-07T20:45:57.1841256Z hint:
security	Run actions/checkout@v7	2026-10-07T20:45:57.1842064Z hint: 	git branch -m <name>
security	Run actions/checkout@v7	2026-10-07T20:45:57.1842949Z hint:
security	Run actions/checkout@v7	2026-10-07T20:45:57.1844141Z hint: Disable this message with "git config set advice.defaultBranchName false"
security	Run actions/checkout@v7	2026-10-07T20:45:57.1845951Z Initialized empty Git repository in /home/runner/work/helio/helio/.git/
security	Run actions/checkout@v7	2026-10-07T20:45:57.1851237Z [command]/usr/bin/git remote add origin https://github.com/matto00/helio
security	Run actions/checkout@v7	2026-10-07T20:45:57.1894637Z ##[endgroup]
security	Run actions/checkout@v7	2026-10-07T20:45:57.1896219Z ##[group]Disabling automatic garbage collection
security	Run actions/checkout@v7	2026-10-07T20:45:57.1919319Z [command]/usr/bin/git config --local gc.auto 0
security	Run actions/checkout@v7	2026-10-07T20:45:57.1980451Z ##[endgroup]
security	Run actions/checkout@v7	2026-10-07T20:45:57.2014721Z ##[group]Setting up auth
security	Run actions/checkout@v7	2026-10-07T20:45:57.2039180Z Removing SSH command configuration
security	Run actions/checkout@v7	2026-10-07T20:45:57.2041759Z [command]/usr/bin/git config --local --name-only --get-regexp core\.sshCommand
security	Run actions/checkout@v7	2026-10-07T20:45:57.2074493Z [command]/usr/bin/git submodule foreach --recursive sh -c "git config --local --name-only --get-regexp 'core\.sshCommand' && git config --local --unset-all 'core.sshCommand' || :"
security	Run actions/checkout@v7	2026-10-07T20:45:57.2533520Z Removing HTTP extra header
security	Run actions/checkout@v7	2026-10-07T20:45:57.2542704Z [command]/usr/bin/git config --local --name-only --get-regexp http\.https\:\/\/github\.com\/\.extraheader
security	Run actions/checkout@v7	2026-10-07T20:45:57.2587146Z [command]/usr/bin/git submodule foreach --recursive sh -c "git config --local --name-only --get-regexp 'http\.https\:\/\/github\.com\/\.extraheader' && git config --local --unset-all 'http.https://github.com/.extraheader' || :"
security	Run actions/checkout@v7	2026-10-07T20:45:57.2832763Z Removing includeIf entries pointing to credentials config files
security	Run actions/checkout@v7	2026-10-07T20:45:57.2839380Z [command]/usr/bin/git config --local --name-only --get-regexp ^includeIf\.gitdir:
security	Run actions/checkout@v7	2026-10-07T20:45:57.2873575Z [command]/usr/bin/git submodule foreach --recursive git config --local --show-origin --name-only --get-regexp remote.origin.url
security	Run actions/checkout@v7	2026-10-07T20:45:57.3103322Z [command]/usr/bin/git config --file /home/runner/work/_temp/git-credentials-d9d45ba6-d9cf-4937-a94a-9e9448a31c1a.config http.https://github.com/.extraheader AUTHORIZATION: basic ***
security	Run actions/checkout@v7	2026-10-07T20:45:57.3151464Z [command]/usr/bin/git config --local includeIf.gitdir:/home/runner/work/helio/helio/.git.path /home/runner/work/_temp/git-credentials-d9d45ba6-d9cf-4937-a94a-9e9448a31c1a.config
security	Run actions/checkout@v7	2026-10-07T20:45:57.3185961Z [command]/usr/bin/git config --local includeIf.gitdir:/home/runner/work/helio/helio/.git/worktrees/*.path /home/runner/work/_temp/git-credentials-d9d45ba6-d9cf-4937-a94a-9e9448a31c1a.config
security	Run actions/checkout@v7	2026-10-07T20:45:57.3223268Z [command]/usr/bin/git config --local includeIf.gitdir:/github/workspace/.git.path /github/runner_temp/git-credentials-d9d45ba6-d9cf-4937-a94a-9e9448a31c1a.config
security	Run actions/checkout@v7	2026-10-07T20:45:57.3259458Z [command]/usr/bin/git config --local includeIf.gitdir:/github/workspace/.git/worktrees/*.path /github/runner_temp/git-credentials-d9d45ba6-d9cf-4937-a94a-9e9448a31c1a.config
security	Run actions/checkout@v7	2026-10-07T20:45:57.3291335Z ##[endgroup]
security	Run actions/checkout@v7	2026-10-07T20:45:57.3293231Z ##[group]Fetching the repository
security	Run actions/checkout@v7	2026-10-07T20:45:57.3297061Z [command]/usr/bin/git -c protocol.version=2 fetch --no-tags --prune --no-recurse-submodules --depth=1 origin <elided>:refs/remotes/pull/822/merge
security	Run actions/checkout@v7	2026-10-07T20:45:59.5477411Z From https://github.com/matto00/helio
security	Run actions/checkout@v7	2026-10-07T20:45:59.5478336Z  * [new ref]         <elided> -> pull/822/merge
security	Run actions/checkout@v7	2026-10-07T20:45:59.5482022Z ##[endgroup]
security	Run actions/checkout@v7	2026-10-07T20:45:59.5482868Z ##[group]Determining the checkout info
security	Run actions/checkout@v7	2026-10-07T20:45:59.5483616Z ##[endgroup]
security	Run actions/checkout@v7	2026-10-07T20:45:59.5487858Z [command]/usr/bin/git sparse-checkout disable
security	Run actions/checkout@v7	2026-10-07T20:45:59.5551532Z [command]/usr/bin/git config --local --unset-all extensions.worktreeConfig
security	Run actions/checkout@v7	2026-10-07T20:45:59.5583416Z ##[group]Checking out the ref
security	Run actions/checkout@v7	2026-10-07T20:45:59.5587590Z [command]/usr/bin/git checkout --progress --force refs/remotes/pull/822/merge
security	Run actions/checkout@v7	2026-10-07T20:46:00.4285487Z Note: switching to 'refs/remotes/pull/822/merge'.
security	Run actions/checkout@v7	2026-10-07T20:46:00.4285998Z 
security	Run actions/checkout@v7	2026-10-07T20:46:00.4286354Z You are in 'detached HEAD' state. You can look around, make experimental
security	Run actions/checkout@v7	2026-10-07T20:46:00.4287195Z changes and commit them, and you can discard any commits you make in this
security	Run actions/checkout@v7	2026-10-07T20:46:00.4288262Z state without impacting any branches by switching back to a branch.
security	Run actions/checkout@v7	2026-10-07T20:46:00.4288830Z 
security	Run actions/checkout@v7	2026-10-07T20:46:00.4289228Z If you want to create a new branch to retain commits you create, you may
security	Run actions/checkout@v7	2026-10-07T20:46:00.4289731Z do so (now or later) by using -c with the switch command. Example:
security	Run actions/checkout@v7	2026-10-07T20:46:00.4290040Z 
security	Run actions/checkout@v7	2026-10-07T20:46:00.4290159Z   git switch -c <new-branch-name>
security	Run actions/checkout@v7	2026-10-07T20:46:00.4290344Z 
security	Run actions/checkout@v7	2026-10-07T20:46:00.4290455Z Or undo this operation with:
security	Run actions/checkout@v7	2026-10-07T20:46:00.4290636Z 
security	Run actions/checkout@v7	2026-10-07T20:46:00.4290730Z   git switch -
security	Run actions/checkout@v7	2026-10-07T20:46:00.4290876Z 
security	Run actions/checkout@v7	2026-10-07T20:46:00.4291109Z Turn off this advice by setting config variable advice.detachedHead to false
security	Run actions/checkout@v7	2026-10-07T20:46:00.4291429Z 
security	Run actions/checkout@v7	2026-10-07T20:46:00.4291776Z HEAD is now at 300bfc4 Merge <elided> into <elided>
security	Run actions/checkout@v7	2026-10-07T20:46:00.4315924Z ##[endgroup]
security	Run actions/checkout@v7	2026-10-07T20:46:00.4376366Z [command]/usr/bin/git log -1 --format=%H
security	Run actions/checkout@v7	2026-10-07T20:46:00.4408371Z <elided>
security	Run actions/setup-java@v6	﻿2026-10-07T20:46:00.4764117Z ##[group]Run actions/setup-java@v6
security	Run actions/setup-java@v6	2026-10-07T20:46:00.4764424Z with:
security	Run actions/setup-java@v6	2026-10-07T20:46:00.4764635Z   distribution: temurin
security	Run actions/setup-java@v6	2026-10-07T20:46:00.4764864Z   java-version: 21
security	Run actions/setup-java@v6	2026-10-07T20:46:00.4765073Z   java-package: jdk
security	Run actions/setup-java@v6	2026-10-07T20:46:00.4765290Z   check-latest: false
security	Run actions/setup-java@v6	2026-10-07T20:46:00.4765507Z   force-download: false
security	Run actions/setup-java@v6	2026-10-07T20:46:00.4765769Z   set-default: true
security	Run actions/setup-java@v6	2026-10-07T20:46:00.4765971Z   server-id: github
security	Run actions/setup-java@v6	2026-10-07T20:46:00.4766206Z   mvn-repositories-include-central: true
security	Run actions/setup-java@v6	2026-10-07T20:46:00.4766719Z   mvn-repositories-prioritize-central: true
security	Run actions/setup-java@v6	2026-10-07T20:46:00.4767026Z   overwrite-settings: true
security	Run actions/setup-java@v6	2026-10-07T20:46:00.4767267Z   cache-read-only: false
security	Run actions/setup-java@v6	2026-10-07T20:46:00.4767492Z   job-status: success
security	Run actions/setup-java@v6	2026-10-07T20:46:00.4770691Z   show-download-progress: false
security	Run actions/setup-java@v6	2026-10-07T20:46:00.4770955Z   problem-matcher: true
security	Run actions/setup-java@v6	2026-10-07T20:46:00.4790995Z ##[endgroup]
security	Run actions/setup-java@v6	2026-10-07T20:46:00.5475062Z ##[group]Installed distributions
security	Run actions/setup-java@v6	2026-10-07T20:46:00.5661848Z Resolved Java 21.0.12+1 from tool-cache
security	Run actions/setup-java@v6	2026-10-07T20:46:00.5662575Z Setting Java 21.0.12+1 as the default
security	Run actions/setup-java@v6	2026-10-07T20:46:00.5671337Z 
security	Run actions/setup-java@v6	2026-10-07T20:46:00.5671697Z Java configuration:
security	Run actions/setup-java@v6	2026-10-07T20:46:00.5672113Z   Distribution: temurin
security	Run actions/setup-java@v6	2026-10-07T20:46:00.5672355Z   Version: 21.0.12+1
security	Run actions/setup-java@v6	2026-10-07T20:46:00.5672686Z   Path: /opt/hostedtoolcache/Java_Temurin-Hotspot_jdk/21.0.12-1/x64
security	Run actions/setup-java@v6	2026-10-07T20:46:00.5673118Z 
security	Run actions/setup-java@v6	2026-10-07T20:46:00.5673460Z ##[endgroup]
security	Run actions/setup-java@v6	2026-10-07T20:46:00.5699938Z Creating settings.xml with server-id: github
security	Run actions/setup-java@v6	2026-10-07T20:46:00.5700676Z Creating toolchains.xml for JDK version 21 from temurin
security	Run actions/setup-java@v6	2026-10-07T20:46:00.5703753Z Writing to /home/runner/.m2/settings.xml
security	Run actions/setup-java@v6	2026-10-07T20:46:00.5713758Z Writing to /home/runner/.m2/toolchains.xml
security	Run actions/setup-java@v6	2026-10-07T20:46:00.5721657Z Configured MAVEN_ARGS to include -ntp to suppress Maven transfer progress logs. Set 'show-download-progress: true' to keep the download progress output.
security	Run sbt/setup-sbt@v1	﻿2026-10-07T20:46:00.6101925Z ##[group]Run sbt/setup-sbt@v1
security	Run sbt/setup-sbt@v1	2026-10-07T20:46:00.6102234Z with:
security	Run sbt/setup-sbt@v1	2026-10-07T20:46:00.6102448Z   sbt-runner-version: 2.0.9
security	Run sbt/setup-sbt@v1	2026-10-07T20:46:00.6102690Z   disk-cache: true
security	Run sbt/setup-sbt@v1	2026-10-07T20:46:00.6102894Z env:
security	Run sbt/setup-sbt@v1	2026-10-07T20:46:00.6103193Z   JAVA_HOME: /opt/hostedtoolcache/Java_Temurin-Hotspot_jdk/21.0.12-1/x64
security	Run sbt/setup-sbt@v1	2026-10-07T20:46:00.6103731Z   JAVA_HOME_21_X64: /opt/hostedtoolcache/Java_Temurin-Hotspot_jdk/21.0.12-1/x64
security	Run sbt/setup-sbt@v1	2026-10-07T20:46:00.6104126Z   MAVEN_ARGS: -ntp
security	Run sbt/setup-sbt@v1	2026-10-07T20:46:00.6104330Z ##[endgroup]
security	Run sbt/setup-sbt@v1	2026-10-07T20:46:00.6170148Z ##[start-action display=Set up cache paths;id=setup-sbt.cache-paths]
security	Run sbt/setup-sbt@v1	2026-10-07T20:46:00.6208304Z ##[group]Run JDK_VERSION=0
security	Run sbt/setup-sbt@v1	2026-10-07T20:46:00.6208856Z ^[[36;1mJDK_VERSION=0^[[0m
security	Run sbt/setup-sbt@v1	2026-10-07T20:46:00.6209148Z ^[[36;1mif [[ -x "$(command -v java)" ]]; then^[[0m
security	Run sbt/setup-sbt@v1	2026-10-07T20:46:00.6209619Z ^[[36;1m  JDK_VERSION=$(java -version 2>&1 | head -n 1 | sed -e 's/.*"\(.*\)"\(.*\)/\1/; 1q')^[[0m
security	Run sbt/setup-sbt@v1	2026-10-07T20:46:00.6210033Z ^[[36;1mfi^[[0m
security	Run sbt/setup-sbt@v1	2026-10-07T20:46:00.6210258Z ^[[36;1mif [[ "$RUNNER_OS" == "Windows" ]]; then^[[0m
security	Run sbt/setup-sbt@v1	2026-10-07T20:46:00.6210765Z ^[[36;1m  echo "sbt_toolpath=$RUNNER_TOOL_CACHE\\sbt\\$SBT_RUNNER_VERSION" >> "$GITHUB_OUTPUT"^[[0m
security	Run sbt/setup-sbt@v1	2026-10-07T20:46:00.6211298Z ^[[36;1m  echo "sbt_downloadpath=$RUNNER_TEMP\\_sbt" >> "$GITHUB_OUTPUT"^[[0m
security	Run sbt/setup-sbt@v1	2026-10-07T20:46:00.6211740Z ^[[36;1m  echo "sbt_diskcache=$LOCALAPPDATA\\sbt" >> "$GITHUB_OUTPUT"^[[0m
security	Run sbt/setup-sbt@v1	2026-10-07T20:46:00.6212204Z ^[[36;1m  echo "sbt_monday=$(date -d "last Monday" +%Y-%m-%d)" >> "$GITHUB_OUTPUT"^[[0m
security	Run sbt/setup-sbt@v1	2026-10-07T20:46:00.6212691Z ^[[36;1melif [[ "$RUNNER_OS" == "macOS" ]]; then^[[0m
security	Run sbt/setup-sbt@v1	2026-10-07T20:46:00.6213191Z ^[[36;1m  echo "sbt_toolpath=$RUNNER_TOOL_CACHE/sbt/$SBT_RUNNER_VERSION" >> "$GITHUB_OUTPUT"^[[0m
security	Run sbt/setup-sbt@v1	2026-10-07T20:46:00.6213706Z ^[[36;1m  echo "sbt_downloadpath=$RUNNER_TEMP/_sbt" >> "$GITHUB_OUTPUT"^[[0m
security	Run sbt/setup-sbt@v1	2026-10-07T20:46:00.6214162Z ^[[36;1m  echo "sbt_diskcache=$HOME/Library/Caches/sbt" >> "$GITHUB_OUTPUT"^[[0m
security	Run sbt/setup-sbt@v1	2026-10-07T20:46:00.6214653Z ^[[36;1m  echo "sbt_monday=$(date -v-monday -v+0d +%Y-%m-%d)" >> "$GITHUB_OUTPUT"^[[0m
security	Run sbt/setup-sbt@v1	2026-10-07T20:46:00.6215089Z ^[[36;1melse^[[0m
security	Run sbt/setup-sbt@v1	2026-10-07T20:46:00.6215459Z ^[[36;1m  echo "sbt_toolpath=$RUNNER_TOOL_CACHE/sbt/$SBT_RUNNER_VERSION" >> "$GITHUB_OUTPUT"^[[0m
security	Run sbt/setup-sbt@v1	2026-10-07T20:46:00.6216004Z ^[[36;1m  echo "sbt_downloadpath=$RUNNER_TEMP/_sbt" >> "$GITHUB_OUTPUT"^[[0m
security	Run sbt/setup-sbt@v1	2026-10-07T20:46:00.6216429Z ^[[36;1m  echo "sbt_diskcache=$HOME/.cache/sbt" >> "$GITHUB_OUTPUT"^[[0m
security	Run sbt/setup-sbt@v1	2026-10-07T20:46:00.6216883Z ^[[36;1m  echo "sbt_monday=$(date -d "last Monday" +%Y-%m-%d)" >> "$GITHUB_OUTPUT"^[[0m
security	Run sbt/setup-sbt@v1	2026-10-07T20:46:00.6217260Z ^[[36;1mfi^[[0m
security	Run sbt/setup-sbt@v1	2026-10-07T20:46:00.6487744Z shell: /usr/bin/bash --noprofile --norc -e -o pipefail {0}
security	Run sbt/setup-sbt@v1	2026-10-07T20:46:00.6488464Z env:
security	Run sbt/setup-sbt@v1	2026-10-07T20:46:00.6488811Z   JAVA_HOME: /opt/hostedtoolcache/Java_Temurin-Hotspot_jdk/21.0.12-1/x64
security	Run sbt/setup-sbt@v1	2026-10-07T20:46:00.6489335Z   JAVA_HOME_21_X64: /opt/hostedtoolcache/Java_Temurin-Hotspot_jdk/21.0.12-1/x64
security	Run sbt/setup-sbt@v1	2026-10-07T20:46:00.6489724Z   MAVEN_ARGS: -ntp
security	Run sbt/setup-sbt@v1	2026-10-07T20:46:00.6489941Z   SBT_RUNNER_VERSION: 2.0.9
security	Run sbt/setup-sbt@v1	2026-10-07T20:46:00.6490417Z ##[endgroup]
security	Run sbt/setup-sbt@v1	2026-10-07T20:46:01.8924514Z ##[end-action id=setup-sbt.cache-paths;outcome=success;conclusion=success;duration_ms=1275]
security	Run sbt/setup-sbt@v1	2026-10-07T20:46:01.8928808Z ##[start-action display=Check tool cache;id=setup-sbt.cache-tool-dir]
security	Run sbt/setup-sbt@v1	2026-10-07T20:46:01.8949188Z ##[group]Run if [[ -f "$SBT_TOOLPATH/sbt/bin/sbt" ]]; then
security	Run sbt/setup-sbt@v1	2026-10-07T20:46:01.8949613Z ^[[36;1mif [[ -f "$SBT_TOOLPATH/sbt/bin/sbt" ]]; then^[[0m
security	Run sbt/setup-sbt@v1	2026-10-07T20:46:01.8949961Z ^[[36;1m  echo "cache-hit=true" >> "$GITHUB_OUTPUT"^[[0m
security	Run sbt/setup-sbt@v1	2026-10-07T20:46:01.8950254Z ^[[36;1melse^[[0m
security	Run sbt/setup-sbt@v1	2026-10-07T20:46:01.8950468Z ^[[36;1m  mkdir -p "$SBT_TOOLPATH"^[[0m
security	Run sbt/setup-sbt@v1	2026-10-07T20:46:01.8950768Z ^[[36;1m  echo "cache-hit=false" >> "$GITHUB_OUTPUT"^[[0m
security	Run sbt/setup-sbt@v1	2026-10-07T20:46:01.8951269Z ^[[36;1mfi^[[0m
security	Run sbt/setup-sbt@v1	2026-10-07T20:46:01.9013579Z shell: /usr/bin/bash --noprofile --norc -e -o pipefail {0}
security	Run sbt/setup-sbt@v1	2026-10-07T20:46:01.9013922Z env:
security	Run sbt/setup-sbt@v1	2026-10-07T20:46:01.9014224Z   JAVA_HOME: /opt/hostedtoolcache/Java_Temurin-Hotspot_jdk/21.0.12-1/x64
security	Run sbt/setup-sbt@v1	2026-10-07T20:46:01.9014734Z   JAVA_HOME_21_X64: /opt/hostedtoolcache/Java_Temurin-Hotspot_jdk/21.0.12-1/x64
security	Run sbt/setup-sbt@v1	2026-10-07T20:46:01.9015135Z   MAVEN_ARGS: -ntp
security	Run sbt/setup-sbt@v1	2026-10-07T20:46:01.9015382Z   SBT_TOOLPATH: /opt/hostedtoolcache/sbt/2.0.9
security	Run sbt/setup-sbt@v1	2026-10-07T20:46:01.9015683Z ##[endgroup]
security	Run sbt/setup-sbt@v1	2026-10-07T20:46:01.9118915Z ##[end-action id=setup-sbt.cache-tool-dir;outcome=success;conclusion=success;duration_ms=18]
security	Run sbt/setup-sbt@v1	2026-10-07T20:46:01.9120980Z ##[start-action display=Cache sbt distribution;id=setup-sbt.cache-dir]
security	Run sbt/setup-sbt@v1	2026-10-07T20:46:01.9165612Z ##[group]Run actions/cache@<elided>
security	Run sbt/setup-sbt@v1	2026-10-07T20:46:01.9165969Z with:
security	Run sbt/setup-sbt@v1	2026-10-07T20:46:01.9166182Z   path: /opt/hostedtoolcache/sbt/2.0.9
security	Run sbt/setup-sbt@v1	2026-10-07T20:46:01.9166777Z   enableCrossOsArchive: false
security	Run sbt/setup-sbt@v1	2026-10-07T20:46:01.9167030Z   fail-on-cache-miss: false
security	Run sbt/setup-sbt@v1	2026-10-07T20:46:01.9167262Z   lookup-only: false
security	Run sbt/setup-sbt@v1	2026-10-07T20:46:01.9167473Z   save-always: false
security	Run sbt/setup-sbt@v1	2026-10-07T20:46:01.9167670Z env:
security	Run sbt/setup-sbt@v1	2026-10-07T20:46:01.9168240Z   JAVA_HOME: /opt/hostedtoolcache/Java_Temurin-Hotspot_jdk/21.0.12-1/x64
security	Run sbt/setup-sbt@v1	2026-10-07T20:46:01.9168751Z   JAVA_HOME_21_X64: /opt/hostedtoolcache/Java_Temurin-Hotspot_jdk/21.0.12-1/x64
security	Run sbt/setup-sbt@v1	2026-10-07T20:46:01.9169139Z   MAVEN_ARGS: -ntp
security	Run sbt/setup-sbt@v1	2026-10-07T20:46:01.9169354Z ##[endgroup]
security	Run sbt/setup-sbt@v1	2026-10-07T20:46:02.0943351Z Cache hit for: Linux-X64-sbt-runner-2.0.9-1.5.3
security	Run sbt/setup-sbt@v1	2026-10-07T20:46:02.5239699Z Received 56531573 of 56531573 (100.0%), 154.0 MBs/sec
security	Run sbt/setup-sbt@v1	2026-10-07T20:46:02.5240362Z Cache Size: ~54 MB (56531573 B)
security	Run sbt/setup-sbt@v1	2026-10-07T20:46:02.5275937Z [command]/usr/bin/tar -xf /home/runner/work/_temp/789c1b4c-aa06-4517-a48a-5aeee5619041/cache.tzst -P -C /home/runner/work/helio/helio --use-compress-program unzstd
security	Run sbt/setup-sbt@v1	2026-10-07T20:46:02.7976039Z Cache restored successfully
security	Run sbt/setup-sbt@v1	2026-10-07T20:46:02.8164737Z ##[end-action id=setup-sbt.cache-dir;outcome=success;conclusion=success;duration_ms=904]
security	Run sbt/setup-sbt@v1	2026-10-07T20:46:02.8168895Z ##[start-action display=Check runner cache;id=setup-sbt.cache-tool-dir2]
security	Run sbt/setup-sbt@v1	2026-10-07T20:46:02.8187677Z ##[group]Run # actions/cache seems to be buggy on Windows, so double check if restore worked
security	Run sbt/setup-sbt@v1	2026-10-07T20:46:02.8188975Z ^[[36;1m# actions/cache seems to be buggy on Windows, so double check if restore worked^[[0m
security	Run sbt/setup-sbt@v1	2026-10-07T20:46:02.8189857Z ^[[36;1mif [[ -f "$SBT_TOOLPATH/sbt/bin/sbt" ]]; then^[[0m
security	Run sbt/setup-sbt@v1	2026-10-07T20:46:02.8190218Z ^[[36;1m  echo "cache-hit=true" >> "$GITHUB_OUTPUT"^[[0m
security	Run sbt/setup-sbt@v1	2026-10-07T20:46:02.8190521Z ^[[36;1melse^[[0m
security	Run sbt/setup-sbt@v1	2026-10-07T20:46:02.8190767Z ^[[36;1m  echo "cache-hit=false" >> "$GITHUB_OUTPUT"^[[0m
security	Run sbt/setup-sbt@v1	2026-10-07T20:46:02.8191068Z ^[[36;1mfi^[[0m
security	Run sbt/setup-sbt@v1	2026-10-07T20:46:02.8254548Z shell: /usr/bin/bash --noprofile --norc -e -o pipefail {0}
security	Run sbt/setup-sbt@v1	2026-10-07T20:46:02.8254900Z env:
security	Run sbt/setup-sbt@v1	2026-10-07T20:46:02.8255228Z   JAVA_HOME: /opt/hostedtoolcache/Java_Temurin-Hotspot_jdk/21.0.12-1/x64
security	Run sbt/setup-sbt@v1	2026-10-07T20:46:02.8255733Z   JAVA_HOME_21_X64: /opt/hostedtoolcache/Java_Temurin-Hotspot_jdk/21.0.12-1/x64
security	Run sbt/setup-sbt@v1	2026-10-07T20:46:02.8256129Z   MAVEN_ARGS: -ntp
security	Run sbt/setup-sbt@v1	2026-10-07T20:46:02.8256378Z   SBT_TOOLPATH: /opt/hostedtoolcache/sbt/2.0.9
security	Run sbt/setup-sbt@v1	2026-10-07T20:46:02.8256669Z ##[endgroup]
security	Run sbt/setup-sbt@v1	2026-10-07T20:46:02.8345570Z ##[end-action id=setup-sbt.cache-tool-dir2;outcome=success;conclusion=success;duration_ms=17]
security	Run sbt/setup-sbt@v1	2026-10-07T20:46:02.8347642Z ##[start-action display=sbt 2.x disk cache;id=setup-sbt.disk-cache]
security	Run sbt/setup-sbt@v1	2026-10-07T20:46:04.2561801Z ##[group]Run actions/cache@<elided>
security	Run sbt/setup-sbt@v1	2026-10-07T20:46:04.2562184Z with:
security	Run sbt/setup-sbt@v1	2026-10-07T20:46:04.2562402Z   path: /home/runner/.cache/sbt
security	Run sbt/setup-sbt@v1	2026-10-07T20:46:04.2564271Z   enableCrossOsArchive: false
security	Run sbt/setup-sbt@v1	2026-10-07T20:46:04.2564537Z   fail-on-cache-miss: false
security	Run sbt/setup-sbt@v1	2026-10-07T20:46:04.2564781Z   lookup-only: false
security	Run sbt/setup-sbt@v1	2026-10-07T20:46:04.2565003Z   save-always: false
security	Run sbt/setup-sbt@v1	2026-10-07T20:46:04.2565206Z env:
security	Run sbt/setup-sbt@v1	2026-10-07T20:46:04.2565514Z   JAVA_HOME: /opt/hostedtoolcache/Java_Temurin-Hotspot_jdk/21.0.12-1/x64
security	Run sbt/setup-sbt@v1	2026-10-07T20:46:04.2566011Z   JAVA_HOME_21_X64: /opt/hostedtoolcache/Java_Temurin-Hotspot_jdk/21.0.12-1/x64
security	Run sbt/setup-sbt@v1	2026-10-07T20:46:04.2566403Z   MAVEN_ARGS: -ntp
security	Run sbt/setup-sbt@v1	2026-10-07T20:46:04.2566624Z ##[endgroup]
security	Run sbt/setup-sbt@v1	2026-10-07T20:46:04.4717618Z Cache hit for: Linux-X64-java21.0.12.1-sbt-diskcache-1.5.3-2026-10-05-<elided>
security	Run sbt/setup-sbt@v1	2026-10-07T20:46:04.5680027Z Received 32112 of 32112 (100.0%), 0.9 MBs/sec
security	Run sbt/setup-sbt@v1	2026-10-07T20:46:04.5680726Z Cache Size: ~0 MB (32112 B)
security	Run sbt/setup-sbt@v1	2026-10-07T20:46:04.5718394Z [command]/usr/bin/tar -xf /home/runner/work/_temp/0a381ee5-c6dc-4903-b9ef-109a80d029f0/cache.tzst -P -C /home/runner/work/helio/helio --use-compress-program unzstd
security	Run sbt/setup-sbt@v1	2026-10-07T20:46:04.5808271Z Cache restored successfully
security	Run sbt/setup-sbt@v1	2026-10-07T20:46:04.5959118Z ##[end-action id=setup-sbt.disk-cache;outcome=success;conclusion=success;duration_ms=1761]
security	Run sbt/setup-sbt@v1	2026-10-07T20:46:04.5963338Z ##[start-action display=Download and Install sbt;id=setup-sbt.__run]
security	Run sbt/setup-sbt@v1	2026-10-07T20:46:04.5970849Z ##[end-action id=setup-sbt.__run;outcome=skipped;conclusion=skipped;duration_ms=0]
security	Run sbt/setup-sbt@v1	2026-10-07T20:46:04.5973067Z ##[start-action display=Verify the sbt distribution signature;id=setup-sbt.ampel-verify]
security	Run sbt/setup-sbt@v1	2026-10-07T20:46:04.5979968Z ##[end-action id=setup-sbt.ampel-verify;outcome=skipped;conclusion=skipped;duration_ms=0]
security	Run sbt/setup-sbt@v1	2026-10-07T20:46:04.5982513Z ##[start-action display=Setup PATH;id=setup-sbt.__run_2]
security	Run sbt/setup-sbt@v1	2026-10-07T20:46:04.7630465Z ##[group]Run cd "$SBT_TOOLPATH"
security	Run sbt/setup-sbt@v1	2026-10-07T20:46:04.7631218Z ^[[36;1mcd "$SBT_TOOLPATH"^[[0m
security	Run sbt/setup-sbt@v1	2026-10-07T20:46:04.7631695Z ^[[36;1mls sbt/bin/sbt^[[0m
security	Run sbt/setup-sbt@v1	2026-10-07T20:46:04.7632396Z ^[[36;1mif [[ "$RUNNER_OS" == "Windows" ]]; then^[[0m
security	Run sbt/setup-sbt@v1	2026-10-07T20:46:04.7633104Z ^[[36;1m  echo "$PWD\\sbt\\bin" >> "$GITHUB_PATH"^[[0m
security	Run sbt/setup-sbt@v1	2026-10-07T20:46:04.7633652Z ^[[36;1melse^[[0m
security	Run sbt/setup-sbt@v1	2026-10-07T20:46:04.7634074Z ^[[36;1m  echo "$PWD/sbt/bin" >> "$GITHUB_PATH"^[[0m
security	Run sbt/setup-sbt@v1	2026-10-07T20:46:04.7634586Z ^[[36;1mfi^[[0m
security	Run sbt/setup-sbt@v1	2026-10-07T20:46:04.7705462Z shell: /usr/bin/bash --noprofile --norc -e -o pipefail {0}
security	Run sbt/setup-sbt@v1	2026-10-07T20:46:04.7705834Z env:
security	Run sbt/setup-sbt@v1	2026-10-07T20:46:04.7706353Z   JAVA_HOME: /opt/hostedtoolcache/Java_Temurin-Hotspot_jdk/21.0.12-1/x64
security	Run sbt/setup-sbt@v1	2026-10-07T20:46:04.7706897Z   JAVA_HOME_21_X64: /opt/hostedtoolcache/Java_Temurin-Hotspot_jdk/21.0.12-1/x64
security	Run sbt/setup-sbt@v1	2026-10-07T20:46:04.7707309Z   MAVEN_ARGS: -ntp
security	Run sbt/setup-sbt@v1	2026-10-07T20:46:04.7708826Z   SBT_TOOLPATH: /opt/hostedtoolcache/sbt/2.0.9
security	Run sbt/setup-sbt@v1	2026-10-07T20:46:04.7709159Z ##[endgroup]
security	Run sbt/setup-sbt@v1	2026-10-07T20:46:04.8148870Z sbt/bin/sbt
security	Run sbt/setup-sbt@v1	2026-10-07T20:46:04.8161170Z ##[end-action id=setup-sbt.__run_2;outcome=success;conclusion=success;duration_ms=217]
security	Cache sbt	﻿2026-10-07T20:46:06.3559837Z ##[group]Run actions/cache@v6
security	Cache sbt	2026-10-07T20:46:06.3560176Z with:
security	Cache sbt	2026-10-07T20:46:06.3560419Z   path: ~/.sbt
security	Cache sbt	~/.ivy2/cache
security	Cache sbt	~/.cache/coursier
security	Cache sbt	
security	Cache sbt	2026-10-07T20:46:06.3561543Z   enableCrossOsArchive: false
security	Cache sbt	2026-10-07T20:46:06.3561815Z   fail-on-cache-miss: false
security	Cache sbt	2026-10-07T20:46:06.3562066Z   lookup-only: false
security	Cache sbt	2026-10-07T20:46:06.3562307Z   save-always: false
security	Cache sbt	2026-10-07T20:46:06.3562514Z env:
security	Cache sbt	2026-10-07T20:46:06.3562821Z   JAVA_HOME: /opt/hostedtoolcache/Java_Temurin-Hotspot_jdk/21.0.12-1/x64
security	Cache sbt	2026-10-07T20:46:06.3563357Z   JAVA_HOME_21_X64: /opt/hostedtoolcache/Java_Temurin-Hotspot_jdk/21.0.12-1/x64
security	Cache sbt	2026-10-07T20:46:06.3563757Z   MAVEN_ARGS: -ntp
security	Cache sbt	2026-10-07T20:46:06.3563974Z ##[endgroup]
security	Cache sbt	2026-10-07T20:46:06.5332319Z Cache hit for: sbt-<elided>
security	Cache sbt	2026-10-07T20:46:07.6059418Z Received 213909504 of 955541752 (22.4%), 203.8 MBs/sec
security	Cache sbt	2026-10-07T20:46:08.6099552Z Received 473956352 of 955541752 (49.6%), 225.2 MBs/sec
security	Cache sbt	2026-10-07T20:46:09.6151729Z Received 729808896 of 955541752 (76.4%), 231.3 MBs/sec
security	Cache sbt	2026-10-07T20:46:10.6116093Z Received 939524096 of 955541752 (98.3%), 223.5 MBs/sec
security	Cache sbt	2026-10-07T20:46:10.7202019Z Received 955541752 of 955541752 (100.0%), 221.3 MBs/sec
security	Cache sbt	2026-10-07T20:46:10.7205152Z Cache Size: ~911 MB (955541752 B)
security	Cache sbt	2026-10-07T20:46:10.7318511Z [command]/usr/bin/tar -xf /home/runner/work/_temp/501ad3b3-934f-4bde-810c-0f75a25a3eb6/cache.tzst -P -C /home/runner/work/helio/helio --use-compress-program unzstd
security	Cache sbt	2026-10-07T20:46:12.6800769Z Cache restored successfully
security	Run actions/setup-node@v7	﻿2026-10-07T20:46:12.8636401Z ##[group]Run actions/setup-node@v7
security	Run actions/setup-node@v7	2026-10-07T20:46:12.8636901Z with:
security	Run actions/setup-node@v7	2026-10-07T20:46:12.8637245Z   node-version: 22
security	Run actions/setup-node@v7	2026-10-07T20:46:12.8637609Z   cache: npm
security	Run actions/setup-node@v7	2026-10-07T20:46:12.8638599Z   cache-dependency-path: package-lock.json
security	Run actions/setup-node@v7	frontend/package-lock.json
security	Run actions/setup-node@v7	helio-mcp/package-lock.json
security	Run actions/setup-node@v7	
security	Run actions/setup-node@v7	2026-10-07T20:46:12.8639497Z   check-latest: false
security	Run actions/setup-node@v7	2026-10-07T20:46:12.8645171Z   package-manager-cache: true
security	Run actions/setup-node@v7	2026-10-07T20:46:12.8645601Z env:
security	Run actions/setup-node@v7	2026-10-07T20:46:12.8646124Z   JAVA_HOME: /opt/hostedtoolcache/Java_Temurin-Hotspot_jdk/21.0.12-1/x64
security	Run actions/setup-node@v7	2026-10-07T20:46:12.8647010Z   JAVA_HOME_21_X64: /opt/hostedtoolcache/Java_Temurin-Hotspot_jdk/21.0.12-1/x64
security	Run actions/setup-node@v7	2026-10-07T20:46:12.8647730Z   MAVEN_ARGS: -ntp
security	Run actions/setup-node@v7	2026-10-07T20:46:12.8648264Z ##[endgroup]
security	Run actions/setup-node@v7	2026-10-07T20:46:12.9995286Z Found in cache @ /opt/hostedtoolcache/node/22.23.3/x64
security	Run actions/setup-node@v7	2026-10-07T20:46:12.9996422Z ##[group]Environment details
security	Run actions/setup-node@v7	2026-10-07T20:46:15.6749819Z node: v22.23.3
security	Run actions/setup-node@v7	2026-10-07T20:46:15.6750368Z npm: 10.9.9
security	Run actions/setup-node@v7	2026-10-07T20:46:15.6750862Z yarn: 1.22.22
security	Run actions/setup-node@v7	2026-10-07T20:46:15.6751697Z ##[endgroup]
security	Run actions/setup-node@v7	2026-10-07T20:46:15.6772880Z [command]/opt/hostedtoolcache/node/22.23.3/x64/bin/npm config get cache
security	Run actions/setup-node@v7	2026-10-07T20:46:16.2148222Z /home/runner/.npm
security	Run actions/setup-node@v7	2026-10-07T20:46:16.3037701Z Cache hit for: node-cache-Linux-x64-npm-<elided>
security	Run actions/setup-node@v7	2026-10-07T20:46:16.9329641Z Received 115503058 of 115503058 (100.0%), 187.7 MBs/sec
security	Run actions/setup-node@v7	2026-10-07T20:46:16.9331116Z Cache Size: ~110 MB (115503058 B)
security	Run actions/setup-node@v7	2026-10-07T20:46:16.9381879Z [command]/usr/bin/tar -xf /home/runner/work/_temp/d908a0aa-b8ef-4183-9124-c13ad9ec01d9/cache.tzst -P -C /home/runner/work/helio/helio --use-compress-program unzstd
security	Run actions/setup-node@v7	2026-10-07T20:46:17.2845593Z Cache restored successfully
security	Run npm ci	﻿2026-10-07T20:46:17.3057805Z ##[group]Run npm ci
security	Run npm ci	2026-10-07T20:46:17.3058466Z ^[[36;1mnpm ci^[[0m
security	Run npm ci	2026-10-07T20:46:17.3184197Z shell: /usr/bin/bash -e {0}
security	Run npm ci	2026-10-07T20:46:17.3184479Z env:
security	Run npm ci	2026-10-07T20:46:17.3184811Z   JAVA_HOME: /opt/hostedtoolcache/Java_Temurin-Hotspot_jdk/21.0.12-1/x64
security	Run npm ci	2026-10-07T20:46:17.3185360Z   JAVA_HOME_21_X64: /opt/hostedtoolcache/Java_Temurin-Hotspot_jdk/21.0.12-1/x64
security	Run npm ci	2026-10-07T20:46:17.3185778Z   MAVEN_ARGS: -ntp
security	Run npm ci	2026-10-07T20:46:17.3186012Z ##[endgroup]
security	Run npm ci	2026-10-07T20:46:20.9938311Z npm warn deprecated glob@7.2.3: Old versions of glob are not supported, and contain widely publicized security vulnerabilities, which have been fixed in the current version. Please update. Support for old versions may be purchased (at exorbitant rates) by contacting i@izs.me
security	Run npm ci	2026-10-07T20:46:21.9843607Z npm warn deprecated glob@10.5.0: Old versions of glob are not supported, and contain widely publicized security vulnerabilities, which have been fixed in the current version. Please update. Support for old versions may be purchased (at exorbitant rates) by contacting i@izs.me
security	Run npm ci	2026-10-07T20:46:23.6868685Z 
security	Run npm ci	2026-10-07T20:46:23.6869285Z > helio@0.7.4 prepare
security	Run npm ci	2026-10-07T20:46:23.6869759Z > husky
security	Run npm ci	2026-10-07T20:46:23.6869893Z 
security	Run npm ci	2026-10-07T20:46:23.7403863Z 
security	Run npm ci	2026-10-07T20:46:23.7404717Z added 623 packages, and audited 624 packages in 6s
security	Run npm ci	2026-10-07T20:46:23.7405213Z 
security	Run npm ci	2026-10-07T20:46:23.7405483Z 229 packages are looking for funding
security	Run npm ci	2026-10-07T20:46:23.7405834Z   run `npm fund` for details
security	Run npm ci	2026-10-07T20:46:23.7998660Z 
security	Run npm ci	2026-10-07T20:46:23.7999283Z 32 vulnerabilities (5 moderate, 27 high)
security	Run npm ci	2026-10-07T20:46:23.7999731Z 
security	Run npm ci	2026-10-07T20:46:23.8000005Z To address all issues, run:
security	Run npm ci	2026-10-07T20:46:23.8000541Z   npm audit fix
security	Run npm ci	2026-10-07T20:46:23.8000887Z 
security	Run npm ci	2026-10-07T20:46:23.8001142Z Run `npm audit` for details.
security	Run npm --prefix frontend ci	﻿2026-10-07T20:46:23.8648539Z ##[group]Run npm --prefix frontend ci
security	Run npm --prefix frontend ci	2026-10-07T20:46:23.8648924Z ^[[36;1mnpm --prefix frontend ci^[[0m
security	Run npm --prefix frontend ci	2026-10-07T20:46:23.8712272Z shell: /usr/bin/bash -e {0}
security	Run npm --prefix frontend ci	2026-10-07T20:46:23.8712549Z env:
security	Run npm --prefix frontend ci	2026-10-07T20:46:23.8712885Z   JAVA_HOME: /opt/hostedtoolcache/Java_Temurin-Hotspot_jdk/21.0.12-1/x64
security	Run npm --prefix frontend ci	2026-10-07T20:46:23.8713444Z   JAVA_HOME_21_X64: /opt/hostedtoolcache/Java_Temurin-Hotspot_jdk/21.0.12-1/x64
security	Run npm --prefix frontend ci	2026-10-07T20:46:23.8713879Z   MAVEN_ARGS: -ntp
security	Run npm --prefix frontend ci	2026-10-07T20:46:23.8714108Z ##[endgroup]
security	Run npm --prefix frontend ci	2026-10-07T20:46:27.3134847Z npm warn deprecated whatwg-encoding@3.1.1: Use @exodus/bytes instead for a more spec-conformant and faster implementation
security	Run npm --prefix frontend ci	2026-10-07T20:46:27.3338745Z npm warn deprecated glob@7.2.3: Old versions of glob are not supported, and contain widely publicized security vulnerabilities, which have been fixed in the current version. Please update. Support for old versions may be purchased (at exorbitant rates) by contacting i@izs.me
security	Run npm --prefix frontend ci	2026-10-07T20:46:27.8719008Z npm warn deprecated source-map@0.8.0-beta.0: The work that was done in this beta branch won't be included in future versions
security	Run npm --prefix frontend ci	2026-10-07T20:46:28.6033615Z npm warn deprecated glob@11.1.0: Old versions of glob are not supported, and contain widely publicized security vulnerabilities, which have been fixed in the current version. Please update. Support for old versions may be purchased (at exorbitant rates) by contacting i@izs.me
security	Run npm --prefix frontend ci	2026-10-07T20:46:28.6076044Z npm warn deprecated glob@10.5.0: Old versions of glob are not supported, and contain widely publicized security vulnerabilities, which have been fixed in the current version. Please update. Support for old versions may be purchased (at exorbitant rates) by contacting i@izs.me
security	Run npm --prefix frontend ci	2026-10-07T20:46:32.0040134Z 
security	Run npm --prefix frontend ci	2026-10-07T20:46:32.0040964Z added 920 packages, and audited 921 packages in 8s
security	Run npm --prefix frontend ci	2026-10-07T20:46:32.0041508Z 
security	Run npm --prefix frontend ci	2026-10-07T20:46:32.0042366Z 266 packages are looking for funding
security	Run npm --prefix frontend ci	2026-10-07T20:46:32.0043492Z   run `npm fund` for details
security	Run npm --prefix frontend ci	2026-10-07T20:46:32.0058896Z 
security	Run npm --prefix frontend ci	2026-10-07T20:46:32.0059346Z found 0 vulnerabilities
security	Generate backend SBOM	﻿2026-10-07T20:46:32.0626669Z ##[group]Run "$GITHUB_WORKSPACE/scripts/ci-sbt.sh" --deadline 75 --dir . -- -batch generateSbom
security	Generate backend SBOM	2026-10-07T20:46:32.0627426Z ^[[36;1m"$GITHUB_WORKSPACE/scripts/ci-sbt.sh" --deadline 75 --dir . -- -batch generateSbom^[[0m
security	Generate backend SBOM	2026-10-07T20:46:32.0690835Z shell: /usr/bin/bash -e {0}
security	Generate backend SBOM	2026-10-07T20:46:32.0691111Z env:
security	Generate backend SBOM	2026-10-07T20:46:32.0691451Z   JAVA_HOME: /opt/hostedtoolcache/Java_Temurin-Hotspot_jdk/21.0.12-1/x64
security	Generate backend SBOM	2026-10-07T20:46:32.0692007Z   JAVA_HOME_21_X64: /opt/hostedtoolcache/Java_Temurin-Hotspot_jdk/21.0.12-1/x64
security	Generate backend SBOM	2026-10-07T20:46:32.0692422Z   MAVEN_ARGS: -ntp
security	Generate backend SBOM	2026-10-07T20:46:32.0692657Z ##[endgroup]
security	Generate backend SBOM	2026-10-07T20:46:32.0851796Z ci-sbt: mode=server pid=2558 exe=/usr/bin/env deadline=75s
security	Generate backend SBOM	2026-10-07T20:46:32.5041218Z ci-sbt: mode=server pid=2558 exe=/usr/lib/jvm/temurin-21-jdk-amd64/bin/java deadline=75s
security	Generate backend SBOM	2026-10-07T20:46:34.2930829Z ^[[0m[^[[0m^[[0minfo^[[0m] ^[[0m^[[0mwelcome to sbt 2.0.9 (Eclipse Adoptium Java 21.0.12.1)^[[0m
security	Generate backend SBOM	2026-10-07T20:46:38.6782615Z ^[[0m[^[[0m^[[0minfo^[[0m] ^[[0m^[[0mloading project definition from <elided>^[[0m
security	Generate backend SBOM	2026-10-07T20:46:42.9649893Z ^[[33m^[[33m-- Warning: <elided>.sbt:233:8 --------------^[[0m^[[0m
security	Generate backend SBOM	2026-10-07T20:46:42.9653290Z ^[[33m233 |^[[0m        exclude(^[[32m"org.apache.pekko"^[[0m, ^[[32m"*"^[[0m)
security	Generate backend SBOM	2026-10-07T20:46:42.9654681Z ^[[33m^[[33m    |^[[0m        ^^^^^^^^[[0m
security	Generate backend SBOM	2026-10-07T20:46:42.9656434Z ^[[33m    |^[[0mAlphanumeric method exclude is not declared ^[[33minfix^[[0m; it should not be used as infix operator.
security	Generate backend SBOM	2026-10-07T20:46:42.9659158Z ^[[33m    |^[[0mInstead, use method syntax .exclude(...) or backticked identifier `exclude`.
security	Generate backend SBOM	2026-10-07T20:46:42.9662504Z ^[[33m    |^[[0mThe latter can be rewritten automatically under -rewrite -source 3.4-migration.
security	Generate backend SBOM	2026-10-07T20:46:42.9666130Z ^[[33m^[[33m-- Warning: <elided>.sbt:234:8 --------------^[[0m^[[0m
security	Generate backend SBOM	2026-10-07T20:46:42.9670523Z ^[[33m234 |^[[0m        exclude(^[[32m"com.typesafe.akka"^[[0m, ^[[32m"akka-actor_2.13"^[[0m)
security	Generate backend SBOM	2026-10-07T20:46:42.9671716Z ^[[33m^[[33m    |^[[0m        ^^^^^^^^[[0m
security	Generate backend SBOM	2026-10-07T20:46:42.9673343Z ^[[33m    |^[[0mAlphanumeric method exclude is not declared ^[[33minfix^[[0m; it should not be used as infix operator.
security	Generate backend SBOM	2026-10-07T20:46:42.9675202Z ^[[33m    |^[[0mInstead, use method syntax .exclude(...) or backticked identifier `exclude`.
security	Generate backend SBOM	2026-10-07T20:46:42.9677048Z ^[[33m    |^[[0mThe latter can be rewritten automatically under -rewrite -source 3.4-migration.
security	Generate backend SBOM	2026-10-07T20:46:42.9679567Z ^[[33m^[[33m-- Warning: <elided>.sbt:235:8 --------------^[[0m^[[0m
security	Generate backend SBOM	2026-10-07T20:46:42.9681481Z ^[[33m235 |^[[0m        exclude(^[[32m"com.typesafe.akka"^[[0m, ^[[32m"akka-stream_2.13"^[[0m)
security	Generate backend SBOM	2026-10-07T20:46:42.9682799Z ^[[33m^[[33m    |^[[0m        ^^^^^^^^[[0m
security	Generate backend SBOM	2026-10-07T20:46:42.9692282Z ^[[33m    |^[[0mAlphanumeric method exclude is not declared ^[[33minfix^[[0m; it should not be used as infix operator.
security	Generate backend SBOM	2026-10-07T20:46:42.9729175Z ^[[33m    |^[[0mInstead, use method syntax .exclude(...) or backticked identifier `exclude`.
security	Generate backend SBOM	2026-10-07T20:46:42.9749221Z ^[[33m    |^[[0mThe latter can be rewritten automatically under -rewrite -source 3.4-migration.
security	Generate backend SBOM	2026-10-07T20:46:42.9779493Z ^[[33m^[[33m-- Warning: <elided>.sbt:236:8 --------------^[[0m^[[0m
security	Generate backend SBOM	2026-10-07T20:46:42.9809194Z ^[[33m236 |^[[0m        exclude(^[[32m"com.typesafe.akka"^[[0m, ^[[32m"akka-slf4j_2.13"^[[0m)
security	Generate backend SBOM	2026-10-07T20:46:42.9818484Z ^[[33m^[[33m    |^[[0m        ^^^^^^^^[[0m
security	Generate backend SBOM	2026-10-07T20:46:42.9839466Z ^[[33m    |^[[0mAlphanumeric method exclude is not declared ^[[33minfix^[[0m; it should not be used as infix operator.
security	Generate backend SBOM	2026-10-07T20:46:42.9869509Z ^[[33m    |^[[0mInstead, use method syntax .exclude(...) or backticked identifier `exclude`.
security	Generate backend SBOM	2026-10-07T20:46:42.9899325Z ^[[33m    |^[[0mThe latter can be rewritten automatically under -rewrite -source 3.4-migration.
security	Generate backend SBOM	2026-10-07T20:46:42.9919290Z ^[[33m^[[33m-- Warning: <elided>.sbt:237:8 --------------^[[0m^[[0m
security	Generate backend SBOM	2026-10-07T20:46:42.9929195Z ^[[33m237 |^[[0m        exclude(^[[32m"org.slf4j"^[[0m, ^[[32m"slf4j-log4j12"^[[0m)
security	Generate backend SBOM	2026-10-07T20:46:42.9957537Z ^[[33m^[[33m    |^[[0m        ^^^^^^^^[[0m
security	Generate backend SBOM	2026-10-07T20:46:42.9959347Z ^[[33m    |^[[0mAlphanumeric method exclude is not declared ^[[33minfix^[[0m; it should not be used as infix operator.
security	Generate backend SBOM	2026-10-07T20:46:42.9960861Z ^[[33m    |^[[0mInstead, use method syntax .exclude(...) or backticked identifier `exclude`.
security	Generate backend SBOM	2026-10-07T20:46:42.9961809Z ^[[33m    |^[[0mThe latter can be rewritten automatically under -rewrite -source 3.4-migration.
security	Generate backend SBOM	2026-10-07T20:46:42.9963393Z ^[[33m^[[33m-- Warning: <elided>.sbt:238:8 --------------^[[0m^[[0m
security	Generate backend SBOM	2026-10-07T20:46:42.9964751Z ^[[33m238 |^[[0m        exclude(^[[32m"org.apache.logging.log4j"^[[0m, ^[[32m"log4j-slf4j2-impl"^[[0m),
security	Generate backend SBOM	2026-10-07T20:46:42.9965317Z ^[[33m^[[33m    |^[[0m        ^^^^^^^^[[0m
security	Generate backend SBOM	2026-10-07T20:46:42.9966317Z ^[[33m    |^[[0mAlphanumeric method exclude is not declared ^[[33minfix^[[0m; it should not be used as infix operator.
security	Generate backend SBOM	2026-10-07T20:46:42.9968193Z ^[[33m    |^[[0mInstead, use method syntax .exclude(...) or backticked identifier `exclude`.
security	Generate backend SBOM	2026-10-07T20:46:42.9969755Z ^[[33m    |^[[0mThe latter can be rewritten automatically under -rewrite -source 3.4-migration.
security	Generate backend SBOM	2026-10-07T20:46:42.9971384Z ^[[33m^[[33m-- Warning: <elided>.sbt:240:8 --------------^[[0m^[[0m
security	Generate backend SBOM	2026-10-07T20:46:42.9972769Z ^[[33m240 |^[[0m        exclude(^[[32m"org.apache.pekko"^[[0m, ^[[32m"*"^[[0m)
security	Generate backend SBOM	2026-10-07T20:46:42.9973655Z ^[[33m^[[33m    |^[[0m        ^^^^^^^^[[0m
security	Generate backend SBOM	2026-10-07T20:46:42.9975203Z ^[[33m    |^[[0mAlphanumeric method exclude is not declared ^[[33minfix^[[0m; it should not be used as infix operator.
security	Generate backend SBOM	2026-10-07T20:46:42.9976926Z ^[[33m    |^[[0mInstead, use method syntax .exclude(...) or backticked identifier `exclude`.
security	Generate backend SBOM	2026-10-07T20:46:42.9978825Z ^[[33m    |^[[0mThe latter can be rewritten automatically under -rewrite -source 3.4-migration.
security	Generate backend SBOM	2026-10-07T20:46:42.9980444Z ^[[33m^[[33m-- Warning: <elided>.sbt:241:8 --------------^[[0m^[[0m
security	Generate backend SBOM	2026-10-07T20:46:42.9981865Z ^[[33m241 |^[[0m        exclude(^[[32m"com.typesafe.akka"^[[0m, ^[[32m"akka-actor_2.13"^[[0m)
security	Generate backend SBOM	2026-10-07T20:46:42.9982826Z ^[[33m^[[33m    |^[[0m        ^^^^^^^^[[0m
security	Generate backend SBOM	2026-10-07T20:46:42.9984199Z ^[[33m    |^[[0mAlphanumeric method exclude is not declared ^[[33minfix^[[0m; it should not be used as infix operator.
security	Generate backend SBOM	2026-10-07T20:46:42.9985745Z ^[[33m    |^[[0mInstead, use method syntax .exclude(...) or backticked identifier `exclude`.
security	Generate backend SBOM	2026-10-07T20:46:42.9987179Z ^[[33m    |^[[0mThe latter can be rewritten automatically under -rewrite -source 3.4-migration.
security	Generate backend SBOM	2026-10-07T20:46:42.9989024Z ^[[33m^[[33m-- Warning: <elided>.sbt:242:8 --------------^[[0m^[[0m
security	Generate backend SBOM	2026-10-07T20:46:42.9990476Z ^[[33m242 |^[[0m        exclude(^[[32m"com.typesafe.akka"^[[0m, ^[[32m"akka-stream_2.13"^[[0m)
security	Generate backend SBOM	2026-10-07T20:46:42.9991430Z ^[[33m^[[33m    |^[[0m        ^^^^^^^^[[0m
security	Generate backend SBOM	2026-10-07T20:46:42.9992817Z ^[[33m    |^[[0mAlphanumeric method exclude is not declared ^[[33minfix^[[0m; it should not be used as infix operator.
security	Generate backend SBOM	2026-10-07T20:46:42.9994358Z ^[[33m    |^[[0mInstead, use method syntax .exclude(...) or backticked identifier `exclude`.
security	Generate backend SBOM	2026-10-07T20:46:42.9995841Z ^[[33m    |^[[0mThe latter can be rewritten automatically under -rewrite -source 3.4-migration.
security	Generate backend SBOM	2026-10-07T20:46:42.9997398Z ^[[33m^[[33m-- Warning: <elided>.sbt:243:8 --------------^[[0m^[[0m
security	Generate backend SBOM	2026-10-07T20:46:42.9999102Z ^[[33m243 |^[[0m        exclude(^[[32m"com.typesafe.akka"^[[0m, ^[[32m"akka-slf4j_2.13"^[[0m)
security	Generate backend SBOM	2026-10-07T20:46:43.0000496Z ^[[33m^[[33m    |^[[0m        ^^^^^^^^[[0m
security	Generate backend SBOM	2026-10-07T20:46:43.0001875Z ^[[33m    |^[[0mAlphanumeric method exclude is not declared ^[[33minfix^[[0m; it should not be used as infix operator.
security	Generate backend SBOM	2026-10-07T20:46:43.0003459Z ^[[33m    |^[[0mInstead, use method syntax .exclude(...) or backticked identifier `exclude`.
security	Generate backend SBOM	2026-10-07T20:46:43.0004917Z ^[[33m    |^[[0mThe latter can be rewritten automatically under -rewrite -source 3.4-migration.
security	Generate backend SBOM	2026-10-07T20:46:43.0006447Z ^[[33m^[[33m-- Warning: <elided>.sbt:244:8 --------------^[[0m^[[0m
security	Generate backend SBOM	2026-10-07T20:46:43.0008439Z ^[[33m244 |^[[0m        exclude(^[[32m"org.slf4j"^[[0m, ^[[32m"slf4j-log4j12"^[[0m)
security	Generate backend SBOM	2026-10-07T20:46:43.0009378Z ^[[33m^[[33m    |^[[0m        ^^^^^^^^[[0m
security	Generate backend SBOM	2026-10-07T20:46:43.0010718Z ^[[33m    |^[[0mAlphanumeric method exclude is not declared ^[[33minfix^[[0m; it should not be used as infix operator.
security	Generate backend SBOM	2026-10-07T20:46:43.0012279Z ^[[33m    |^[[0mInstead, use method syntax .exclude(...) or backticked identifier `exclude`.
security	Generate backend SBOM	2026-10-07T20:46:43.0014762Z ^[[33m    |^[[0mThe latter can be rewritten automatically under -rewrite -source 3.4-migration.
security	Generate backend SBOM	2026-10-07T20:46:43.0016370Z ^[[33m^[[33m-- Warning: <elided>.sbt:245:8 --------------^[[0m^[[0m
security	Generate backend SBOM	2026-10-07T20:46:43.0018142Z ^[[33m245 |^[[0m        exclude(^[[32m"org.apache.logging.log4j"^[[0m, ^[[32m"log4j-slf4j2-impl"^[[0m)
security	Generate backend SBOM	2026-10-07T20:46:43.0019181Z ^[[33m^[[33m    |^[[0m        ^^^^^^^^[[0m
security	Generate backend SBOM	2026-10-07T20:46:43.0020512Z ^[[33m    |^[[0mAlphanumeric method exclude is not declared ^[[33minfix^[[0m; it should not be used as infix operator.
security	Generate backend SBOM	2026-10-07T20:46:43.0022102Z ^[[33m    |^[[0mInstead, use method syntax .exclude(...) or backticked identifier `exclude`.
security	Generate backend SBOM	2026-10-07T20:46:43.0023553Z ^[[33m    |^[[0mThe latter can be rewritten automatically under -rewrite -source 3.4-migration.
security	Generate backend SBOM	2026-10-07T20:46:48.3190021Z ^[[0m[^[[0m^[[0minfo^[[0m] ^[[0m^[[0mset current project to helio-backend (in build file:<elided>)^[[0m
security	Generate backend SBOM	2026-10-07T20:46:51.4272288Z ^[[0m[^[[0m^[[0minfo^[[0m] ^[[0m^[[0mHEL-459: wrote SBOM with 251 components to <elided>.cdx.json^[[0m
security	Generate backend SBOM	2026-10-07T20:46:51.4559824Z ^[[0m[^[[0m^[[32msuccess^[[0m] ^[[0m^[[0melapsed time: 3 s, cache 100%, 3 disk cache hits^[[0m
security	Generate backend SBOM	2026-10-07T20:46:51.8676976Z ^[[0J
security	Backend SBOM positive control	﻿2026-10-07T20:46:51.8711644Z ##[group]Run count=$(jq '.components | length' target/sbom.cdx.json)
security	Backend SBOM positive control	2026-10-07T20:46:51.8712179Z ^[[36;1mcount=$(jq '.components | length' target/sbom.cdx.json)^[[0m
security	Backend SBOM positive control	2026-10-07T20:46:51.8712589Z ^[[36;1mecho "SBOM component count: $count"^[[0m
security	Backend SBOM positive control	2026-10-07T20:46:51.8712956Z ^[[36;1mif [ -z "$count" ] || [ "$count" -eq 0 ]; then^[[0m
security	Backend SBOM positive control	2026-10-07T20:46:51.8713447Z ^[[36;1m  echo "SBOM has zero components — refusing to trust a scan of it as clean" >&2^[[0m
security	Backend SBOM positive control	2026-10-07T20:46:51.8713901Z ^[[36;1m  exit 1^[[0m
security	Backend SBOM positive control	2026-10-07T20:46:51.8714120Z ^[[36;1mfi^[[0m
security	Backend SBOM positive control	2026-10-07T20:46:51.8777144Z shell: /usr/bin/bash -e {0}
security	Backend SBOM positive control	2026-10-07T20:46:51.8777417Z env:
security	Backend SBOM positive control	2026-10-07T20:46:51.8777746Z   JAVA_HOME: /opt/hostedtoolcache/Java_Temurin-Hotspot_jdk/21.0.12-1/x64
security	Backend SBOM positive control	2026-10-07T20:46:51.8778686Z   JAVA_HOME_21_X64: /opt/hostedtoolcache/Java_Temurin-Hotspot_jdk/21.0.12-1/x64
security	Backend SBOM positive control	2026-10-07T20:46:51.8779101Z   MAVEN_ARGS: -ntp
security	Backend SBOM positive control	2026-10-07T20:46:51.8779340Z ##[endgroup]
security	Backend SBOM positive control	2026-10-07T20:46:51.8897515Z SBOM component count: 251
security	Install osv-scanner	﻿2026-10-07T20:46:51.8947501Z ##[group]Run curl -fsSL --connect-timeout 15 --max-time 45 -o /usr/local/bin/osv-scanner \
security	Install osv-scanner	2026-10-07T20:46:51.8948501Z ^[[36;1mcurl -fsSL --connect-timeout 15 --max-time 45 -o /usr/local/bin/osv-scanner \^[[0m
security	Install osv-scanner	2026-10-07T20:46:51.8949166Z ^[[36;1m  https://github.com/google/osv-scanner/releases/download/v2.5.1/osv-scanner_linux_amd64^[[0m
security	Install osv-scanner	2026-10-07T20:46:51.8949683Z ^[[36;1mchmod +x /usr/local/bin/osv-scanner^[[0m
security	Install osv-scanner	2026-10-07T20:46:51.8950014Z ^[[36;1mosv-scanner --version^[[0m
security	Install osv-scanner	2026-10-07T20:46:51.9007441Z shell: /usr/bin/bash -e {0}
security	Install osv-scanner	2026-10-07T20:46:51.9007716Z env:
security	Install osv-scanner	2026-10-07T20:46:51.9008227Z   JAVA_HOME: /opt/hostedtoolcache/Java_Temurin-Hotspot_jdk/21.0.12-1/x64
security	Install osv-scanner	2026-10-07T20:46:51.9008777Z   JAVA_HOME_21_X64: /opt/hostedtoolcache/Java_Temurin-Hotspot_jdk/21.0.12-1/x64
security	Install osv-scanner	2026-10-07T20:46:51.9009380Z   MAVEN_ARGS: -ntp
security	Install osv-scanner	2026-10-07T20:46:51.9009611Z ##[endgroup]
security	Install osv-scanner	2026-10-07T20:46:52.3114270Z osv-scanner version: 2.5.1
security	Install osv-scanner	2026-10-07T20:46:52.3131443Z osv-scalibr version: 0.5.2
security	Install osv-scanner	2026-10-07T20:46:52.3132149Z commit: <elided>
security	Install osv-scanner	2026-10-07T20:46:52.3132655Z built at: 2026-08-17T03:44:26Z
security	Scan backend SBOM (osv-scanner)	﻿2026-10-07T20:46:52.3167727Z ##[group]Run set +e
security	Scan backend SBOM (osv-scanner)	2026-10-07T20:46:52.3168376Z ^[[36;1mset +e^[[0m
security	Scan backend SBOM (osv-scanner)	2026-10-07T20:46:52.3168825Z ^[[36;1mosv-scanner scan --sbom=target/sbom.cdx.json --config=osv-scanner.toml --format=json \^[[0m
security	Scan backend SBOM (osv-scanner)	2026-10-07T20:46:52.3169323Z ^[[36;1m  > /tmp/osv-scan.json^[[0m
security	Scan backend SBOM (osv-scanner)	2026-10-07T20:46:52.3169600Z ^[[36;1mexit_code=$?^[[0m
security	Scan backend SBOM (osv-scanner)	2026-10-07T20:46:52.3169841Z ^[[36;1mset -e^[[0m
security	Scan backend SBOM (osv-scanner)	2026-10-07T20:46:52.3170243Z ^[[36;1m# osv-scanner exit 0/1 both mean "the scan completed" (0 findings / findings present);^[[0m
security	Scan backend SBOM (osv-scanner)	2026-10-07T20:46:52.3170893Z ^[[36;1m# >=127 means the scan itself errored (network/parse failure) — hard-fail immediately^[[0m
security	Scan backend SBOM (osv-scanner)	2026-10-07T20:46:52.3171513Z ^[[36;1m# without trusting the (likely empty/garbage) JSON output as a clean result.^[[0m
security	Scan backend SBOM (osv-scanner)	2026-10-07T20:46:52.3171972Z ^[[36;1mif [ "$exit_code" -ge 127 ]; then^[[0m
security	Scan backend SBOM (osv-scanner)	2026-10-07T20:46:52.3172405Z ^[[36;1m  echo "osv-scanner errored (exit $exit_code) — scan did not complete" >&2^[[0m
security	Scan backend SBOM (osv-scanner)	2026-10-07T20:46:52.3172865Z ^[[36;1m  cat /tmp/osv-scan.json >&2^[[0m
security	Scan backend SBOM (osv-scanner)	2026-10-07T20:46:52.3173160Z ^[[36;1m  exit 1^[[0m
security	Scan backend SBOM (osv-scanner)	2026-10-07T20:46:52.3173412Z ^[[36;1mfi^[[0m
security	Scan backend SBOM (osv-scanner)	2026-10-07T20:46:52.3173631Z ^[[36;1mcat /tmp/osv-scan.json^[[0m
security	Scan backend SBOM (osv-scanner)	2026-10-07T20:46:52.3237179Z shell: /usr/bin/bash -e {0}
security	Scan backend SBOM (osv-scanner)	2026-10-07T20:46:52.3237459Z env:
security	Scan backend SBOM (osv-scanner)	2026-10-07T20:46:52.3237792Z   JAVA_HOME: /opt/hostedtoolcache/Java_Temurin-Hotspot_jdk/21.0.12-1/x64
security	Scan backend SBOM (osv-scanner)	2026-10-07T20:46:52.3238691Z   JAVA_HOME_21_X64: /opt/hostedtoolcache/Java_Temurin-Hotspot_jdk/21.0.12-1/x64
security	Scan backend SBOM (osv-scanner)	2026-10-07T20:46:52.3239119Z   MAVEN_ARGS: -ntp
security	Scan backend SBOM (osv-scanner)	2026-10-07T20:46:52.3239354Z ##[endgroup]
security	Scan backend SBOM (osv-scanner)	2026-10-07T20:46:52.3921335Z Warning: --sbom has been deprecated in favor of -L
security	Scan backend SBOM (osv-scanner)	2026-10-07T20:46:52.4093987Z Starting filesystem walk for root: /
security	Scan backend SBOM (osv-scanner)	2026-10-07T20:46:52.4117726Z Scanned <elided>.cdx.json file and found 251 packages
security	Scan backend SBOM (osv-scanner)	2026-10-07T20:46:52.4119149Z End status: 0 dirs visited, 1 inodes visited, 1 Extract calls, 2.346057ms elapsed, 2.346117ms wall time
security	Scan backend SBOM (osv-scanner)	2026-10-07T20:46:52.9743389Z GHSA-vx9q-rhv9-3jvg and 1 alias have been filtered out because: HEL-452: io.airlift:aircompressor 0.27 — fix is only at 2.0.3, a major version bump with an API-breaking change to the decompressor interface that Spark 3.5.x's own decompression path calls directly; not achievable without a Spark major bump, which is out of scope. Review by 2026-11-26.
security	Scan backend SBOM (osv-scanner)	2026-10-07T20:46:52.9746402Z GHSA-cmp6-m4wj-q63q and 1 alias have been filtered out because: HEL-452: org.lz4:lz4-java 1.8.1 — no fixed version exists anywhere upstream (confirmed by direct OSV query, see osv-after.md). Review by 2026-11-26.
security	Scan backend SBOM (osv-scanner)	2026-10-07T20:46:52.9748810Z GHSA-xx22-p4ch-683r and 1 alias have been filtered out because: HEL-452: org.lz4:lz4-java 1.8.1 — no fixed version exists anywhere upstream (confirmed by direct OSV query, see osv-after.md). Review by 2026-11-26.
security	Scan backend SBOM (osv-scanner)	2026-10-07T20:46:52.9751868Z GHSA-7286-pgfv-vxvh and 2 aliases have been filtered out because: HEL-452: org.apache.zookeeper:zookeeper 3.6.3 — reached only through Spark's HA/cluster-coordination path, which this deployment never exercises (Spark runs in local/driver mode on Cloud Run; no ZooKeeper ensemble is ever contacted — verified in design.md/osv-after.md). Review by 2026-11-26.
security	Scan backend SBOM (osv-scanner)	2026-10-07T20:46:52.9756387Z GHSA-r978-9m6m-6gm6 and 2 aliases have been filtered out because: HEL-452: org.apache.zookeeper:zookeeper 3.6.3 — same unreachable-HA-path justification as GHSA-7286-pgfv-vxvh above. Review by 2026-11-26.
security	Scan backend SBOM (osv-scanner)	2026-10-07T20:46:52.9758381Z Filtered 5 vulnerabilities from output
security	Scan backend SBOM (osv-scanner)	2026-10-07T20:46:52.9793942Z {
security	Scan backend SBOM (osv-scanner)	2026-10-07T20:46:52.9794387Z   "results": [
security	Scan backend SBOM (osv-scanner)	2026-10-07T20:46:52.9794859Z     {
security	Scan backend SBOM (osv-scanner)	2026-10-07T20:46:52.9795263Z       "source": {
security	Scan backend SBOM (osv-scanner)	2026-10-07T20:46:52.9796302Z         "path": "<elided>.cdx.json",
security	Scan backend SBOM (osv-scanner)	2026-10-07T20:46:52.9797058Z         "type": "sbom"
security	Scan backend SBOM (osv-scanner)	2026-10-07T20:46:52.9797481Z       },
security	Scan backend SBOM (osv-scanner)	2026-10-07T20:46:52.9798140Z       "packages": [
security	Scan backend SBOM (osv-scanner)	2026-10-07T20:46:52.9798602Z         {
security	Scan backend SBOM (osv-scanner)	2026-10-07T20:46:52.9799009Z           "package": {
security	Scan backend SBOM (osv-scanner)	2026-10-07T20:46:52.9799549Z             "name": "lz4-java",
security	Scan backend SBOM (osv-scanner)	2026-10-07T20:46:52.9800123Z             "version": "1.8.1",
security	Scan backend SBOM (osv-scanner)	2026-10-07T20:46:52.9801054Z             "ecosystem": "Maven"
security	Scan backend SBOM (osv-scanner)	2026-10-07T20:46:52.9801563Z           },
security	Scan backend SBOM (osv-scanner)	2026-10-07T20:46:52.9802003Z           "groups": [
security	Scan backend SBOM (osv-scanner)	2026-10-07T20:46:52.9802442Z             {
security	Scan backend SBOM (osv-scanner)	2026-10-07T20:46:52.9802839Z               "ids": [
security	Scan backend SBOM (osv-scanner)	2026-10-07T20:46:52.9803348Z                 "GHSA-343h-94h5-c4wr"
security	Scan backend SBOM (osv-scanner)	2026-10-07T20:46:52.9803860Z               ],
security	Scan backend SBOM (osv-scanner)	2026-10-07T20:46:52.9804258Z               "aliases": [
security	Scan backend SBOM (osv-scanner)	2026-10-07T20:46:52.9804761Z                 "CVE-2026-106449",
security	Scan backend SBOM (osv-scanner)	2026-10-07T20:46:52.9805305Z                 "GHSA-343h-94h5-c4wr"
security	Scan backend SBOM (osv-scanner)	2026-10-07T20:46:52.9805814Z               ],
security	Scan backend SBOM (osv-scanner)	2026-10-07T20:46:52.9806263Z               "max_severity": "3.7"
security	Scan backend SBOM (osv-scanner)	2026-10-07T20:46:52.9806749Z             },
security	Scan backend SBOM (osv-scanner)	2026-10-07T20:46:52.9807130Z             {
security	Scan backend SBOM (osv-scanner)	2026-10-07T20:46:52.9807513Z               "ids": [
security	Scan backend SBOM (osv-scanner)	2026-10-07T20:46:52.9808242Z                 "GHSA-4v53-57pg-c464"
security	Scan backend SBOM (osv-scanner)	2026-10-07T20:46:52.9808757Z               ],
security	Scan backend SBOM (osv-scanner)	2026-10-07T20:46:52.9809162Z               "aliases": [
security	Scan backend SBOM (osv-scanner)	2026-10-07T20:46:52.9809654Z                 "CVE-2026-106452",
security	Scan backend SBOM (osv-scanner)	2026-10-07T20:46:52.9810204Z                 "GHSA-4v53-57pg-c464"
security	Scan backend SBOM (osv-scanner)	2026-10-07T20:46:52.9810697Z               ],
security	Scan backend SBOM (osv-scanner)	2026-10-07T20:46:52.9811147Z               "max_severity": "5.3"
security	Scan backend SBOM (osv-scanner)	2026-10-07T20:46:52.9811623Z             },
security	Scan backend SBOM (osv-scanner)	2026-10-07T20:46:52.9811999Z             {
security	Scan backend SBOM (osv-scanner)	2026-10-07T20:46:52.9812381Z               "ids": [
security	Scan backend SBOM (osv-scanner)	2026-10-07T20:46:52.9812876Z                 "GHSA-6cx8-rjf8-pr8g"
security	Scan backend SBOM (osv-scanner)	2026-10-07T20:46:52.9813215Z               ],
security	Scan backend SBOM (osv-scanner)	2026-10-07T20:46:52.9813450Z               "aliases": [
security	Scan backend SBOM (osv-scanner)	2026-10-07T20:46:52.9813734Z                 "CVE-2026-106453",
security	Scan backend SBOM (osv-scanner)	2026-10-07T20:46:52.9814051Z                 "GHSA-6cx8-rjf8-pr8g"
security	Scan backend SBOM (osv-scanner)	2026-10-07T20:46:52.9814338Z               ],
security	Scan backend SBOM (osv-scanner)	2026-10-07T20:46:52.9814611Z               "max_severity": "5.3"
security	Scan backend SBOM (osv-scanner)	2026-10-07T20:46:52.9814895Z             },
security	Scan backend SBOM (osv-scanner)	2026-10-07T20:46:52.9815116Z             {
security	Scan backend SBOM (osv-scanner)	2026-10-07T20:46:52.9815338Z               "ids": [
security	Scan backend SBOM (osv-scanner)	2026-10-07T20:46:52.9815626Z                 "GHSA-gm45-99xc-r7wv"
security	Scan backend SBOM (osv-scanner)	2026-10-07T20:46:52.9815922Z               ],
security	Scan backend SBOM (osv-scanner)	2026-10-07T20:46:52.9816166Z               "aliases": [
security	Scan backend SBOM (osv-scanner)	2026-10-07T20:46:52.9816457Z                 "CVE-2026-106450",
security	Scan backend SBOM (osv-scanner)	2026-10-07T20:46:52.9816770Z                 "GHSA-gm45-99xc-r7wv"
security	Scan backend SBOM (osv-scanner)	2026-10-07T20:46:52.9817055Z               ],
security	Scan backend SBOM (osv-scanner)	2026-10-07T20:46:52.9817312Z               "max_severity": "5.3"
security	Scan backend SBOM (osv-scanner)	2026-10-07T20:46:52.9817597Z             },
security	Scan backend SBOM (osv-scanner)	2026-10-07T20:46:52.9817820Z             {
security	Scan backend SBOM (osv-scanner)	2026-10-07T20:46:52.9818328Z               "ids": [
security	Scan backend SBOM (osv-scanner)	2026-10-07T20:46:52.9818616Z                 "GHSA-mcr4-qmvw-px4g"
security	Scan backend SBOM (osv-scanner)	2026-10-07T20:46:52.9818904Z               ],
security	Scan backend SBOM (osv-scanner)	2026-10-07T20:46:52.9819137Z               "aliases": [
security	Scan backend SBOM (osv-scanner)	2026-10-07T20:46:52.9819614Z                 "CVE-2026-106451",
security	Scan backend SBOM (osv-scanner)	2026-10-07T20:46:52.9819969Z                 "GHSA-mcr4-qmvw-px4g"
security	Scan backend SBOM (osv-scanner)	2026-10-07T20:46:52.9820253Z               ],
security	Scan backend SBOM (osv-scanner)	2026-10-07T20:46:52.9820521Z               "max_severity": "7.3"
security	Scan backend SBOM (osv-scanner)	2026-10-07T20:46:52.9820797Z             }
security	Scan backend SBOM (osv-scanner)	2026-10-07T20:46:52.9821008Z           ],
security	Scan backend SBOM (osv-scanner)	2026-10-07T20:46:52.9821261Z           "vulnerabilities": [
security	Scan backend SBOM (osv-scanner)	2026-10-07T20:46:52.9821533Z             {
security	Scan backend SBOM (osv-scanner)	2026-10-07T20:46:52.9821768Z               "affected": [
security	Scan backend SBOM (osv-scanner)	2026-10-07T20:46:52.9822030Z                 {
security	Scan backend SBOM (osv-scanner)	2026-10-07T20:46:52.9822306Z                   "database_specific": {
security	Scan backend SBOM (osv-scanner)	2026-10-07T20:46:52.9822721Z                     "last_known_affected_version_range": "\u003c= 1.11.3",
security	Scan backend SBOM (osv-scanner)	2026-10-07T20:46:52.9823607Z                     "source": "https://github.com/github/advisory-<elided>-reviewed/2026/10/GHSA-343h-94h5-c4wr/GHSA-343h-94h5-c4wr.json"
security	Scan backend SBOM (osv-scanner)	2026-10-07T20:46:52.9824334Z                   },
security	Scan backend SBOM (osv-scanner)	2026-10-07T20:46:52.9824613Z                   "package": {
security	Scan backend SBOM (osv-scanner)	2026-10-07T20:46:52.9825120Z                     "ecosystem": "Maven",
security	Scan backend SBOM (osv-scanner)	2026-10-07T20:46:52.9825479Z                     "name": "at.yawk.lz4:lz4-java",
security	Scan backend SBOM (osv-scanner)	2026-10-07T20:46:52.9825888Z                     "purl": "pkg:maven/at.yawk.lz4/lz4-java"
security	Scan backend SBOM (osv-scanner)	2026-10-07T20:46:52.9826225Z                   },
security	Scan backend SBOM (osv-scanner)	2026-10-07T20:46:52.9826473Z                   "ranges": [
security	Scan backend SBOM (osv-scanner)	2026-10-07T20:46:52.9826739Z                     {
security	Scan backend SBOM (osv-scanner)	2026-10-07T20:46:52.9827008Z                       "events": [
security	Scan backend SBOM (osv-scanner)	2026-10-07T20:46:52.9827427Z                         {
security	Scan backend SBOM (osv-scanner)	2026-10-07T20:46:52.9827730Z                           "introduced": "0"
security	Scan backend SBOM (osv-scanner)	2026-10-07T20:46:52.9828313Z                         },
security	Scan backend SBOM (osv-scanner)	2026-10-07T20:46:52.9828589Z                         {
security	Scan backend SBOM (osv-scanner)	2026-10-07T20:46:52.9828889Z                           "fixed": "1.11.4"
security	Scan backend SBOM (osv-scanner)	2026-10-07T20:46:52.9829224Z                         }
security	Scan backend SBOM (osv-scanner)	2026-10-07T20:46:52.9829471Z                       ],
security	Scan backend SBOM (osv-scanner)	2026-10-07T20:46:52.9829763Z                       "type": "ECOSYSTEM"
security	Scan backend SBOM (osv-scanner)	2026-10-07T20:46:52.9830058Z                     }
security	Scan backend SBOM (osv-scanner)	2026-10-07T20:46:52.9830304Z                   ],
security	Scan backend SBOM (osv-scanner)	2026-10-07T20:46:52.9830560Z                   "versions": [
security	Scan backend SBOM (osv-scanner)	2026-10-07T20:46:52.9830833Z                     "1.10.0",
security	Scan backend SBOM (osv-scanner)	2026-10-07T20:46:52.9831104Z                     "1.10.1",
security	Scan backend SBOM (osv-scanner)	2026-10-07T20:46:52.9831364Z                     "1.10.2",
security	Scan backend SBOM (osv-scanner)	2026-10-07T20:46:52.9831614Z                     "1.10.3",
security	Scan backend SBOM (osv-scanner)	2026-10-07T20:46:52.9831871Z                     "1.10.4",
security	Scan backend SBOM (osv-scanner)	2026-10-07T20:46:52.9832128Z                     "1.11.0",
security	Scan backend SBOM (osv-scanner)	2026-10-07T20:46:52.9832387Z                     "1.11.1",
security	Scan backend SBOM (osv-scanner)	2026-10-07T20:46:52.9832644Z                     "1.11.2",
security	Scan backend SBOM (osv-scanner)	2026-10-07T20:46:52.9832899Z                     "1.11.3",
security	Scan backend SBOM (osv-scanner)	2026-10-07T20:46:52.9833163Z                     "1.8.1",
security	Scan backend SBOM (osv-scanner)	2026-10-07T20:46:52.9833418Z                     "1.9.0"
security	Scan backend SBOM (osv-scanner)	2026-10-07T20:46:52.9833674Z                   ]
security	Scan backend SBOM (osv-scanner)	2026-10-07T20:46:52.9833905Z                 },
security	Scan backend SBOM (osv-scanner)	2026-10-07T20:46:52.9834132Z                 {
security	Scan backend SBOM (osv-scanner)	2026-10-07T20:46:52.9834399Z                   "database_specific": {
security	Scan backend SBOM (osv-scanner)	2026-10-07T20:46:52.9835202Z                     "source": "https://github.com/github/advisory-<elided>-reviewed/2026/10/GHSA-343h-94h5-c4wr/GHSA-343h-94h5-c4wr.json"
security	Scan backend SBOM (osv-scanner)	2026-10-07T20:46:52.9835904Z                   },
security	Scan backend SBOM (osv-scanner)	2026-10-07T20:46:52.9836170Z                   "package": {
security	Scan backend SBOM (osv-scanner)	2026-10-07T20:46:52.9836474Z                     "ecosystem": "Maven",
security	Scan backend SBOM (osv-scanner)	2026-10-07T20:46:52.9836824Z                     "name": "org.lz4:lz4-java",
security	Scan backend SBOM (osv-scanner)	2026-10-07T20:46:52.9837213Z                     "purl": "pkg:maven/org.lz4/lz4-java"
security	Scan backend SBOM (osv-scanner)	2026-10-07T20:46:52.9837540Z                   },
security	Scan backend SBOM (osv-scanner)	2026-10-07T20:46:52.9837787Z                   "ranges": [
security	Scan backend SBOM (osv-scanner)	2026-10-07T20:46:52.9838321Z                     {
security	Scan backend SBOM (osv-scanner)	2026-10-07T20:46:52.9838601Z                       "events": [
security	Scan backend SBOM (osv-scanner)	2026-10-07T20:46:52.9838884Z                         {
security	Scan backend SBOM (osv-scanner)	2026-10-07T20:46:52.9839174Z                           "introduced": "0"
security	Scan backend SBOM (osv-scanner)	2026-10-07T20:46:52.9839482Z                         },
security	Scan backend SBOM (osv-scanner)	2026-10-07T20:46:52.9839736Z                         {
security	Scan backend SBOM (osv-scanner)	2026-10-07T20:46:52.9840041Z                           "last_affected": "1.8.1"
security	Scan backend SBOM (osv-scanner)	2026-10-07T20:46:52.9840379Z                         }
security	Scan backend SBOM (osv-scanner)	2026-10-07T20:46:52.9840629Z                       ],
security	Scan backend SBOM (osv-scanner)	2026-10-07T20:46:52.9840907Z                       "type": "ECOSYSTEM"
security	Scan backend SBOM (osv-scanner)	2026-10-07T20:46:52.9841198Z                     }
security	Scan backend SBOM (osv-scanner)	2026-10-07T20:46:52.9841432Z                   ],
security	Scan backend SBOM (osv-scanner)	2026-10-07T20:46:52.9841688Z                   "versions": [
security	Scan backend SBOM (osv-scanner)	2026-10-07T20:46:52.9841957Z                     "1.4",
security	Scan backend SBOM (osv-scanner)	2026-10-07T20:46:52.9842211Z                     "1.4.0",
security	Scan backend SBOM (osv-scanner)	2026-10-07T20:46:52.9842475Z                     "1.4.1",
security	Scan backend SBOM (osv-scanner)	2026-10-07T20:46:52.9842724Z                     "1.5.0",
security	Scan backend SBOM (osv-scanner)	2026-10-07T20:46:52.9842979Z                     "1.5.1",
security	Scan backend SBOM (osv-scanner)	2026-10-07T20:46:52.9843231Z                     "1.6.0",
security	Scan backend SBOM (osv-scanner)	2026-10-07T20:46:52.9843490Z                     "1.7.0",
security	Scan backend SBOM (osv-scanner)	2026-10-07T20:46:52.9843741Z                     "1.7.1",
security	Scan backend SBOM (osv-scanner)	2026-10-07T20:46:52.9843999Z                     "1.8.0",
security	Scan backend SBOM (osv-scanner)	2026-10-07T20:46:52.9844253Z                     "1.8.1"
security	Scan backend SBOM (osv-scanner)	2026-10-07T20:46:52.9844505Z                   ]
security	Scan backend SBOM (osv-scanner)	2026-10-07T20:46:52.9844734Z                 }
security	Scan backend SBOM (osv-scanner)	2026-10-07T20:46:52.9844965Z               ],
security	Scan backend SBOM (osv-scanner)	2026-10-07T20:46:52.9845354Z               "aliases": [
security	Scan backend SBOM (osv-scanner)	2026-10-07T20:46:52.9845642Z                 "CVE-2026-106449"
security	Scan backend SBOM (osv-scanner)	2026-10-07T20:46:52.9845910Z               ],
security	Scan backend SBOM (osv-scanner)	2026-10-07T20:46:52.9846173Z               "database_specific": {
security	Scan backend SBOM (osv-scanner)	2026-10-07T20:46:52.9846465Z                 "cwe_ids": [
security	Scan backend SBOM (osv-scanner)	2026-10-07T20:46:52.9846722Z                   "CWE-674"
security	Scan backend SBOM (osv-scanner)	2026-10-07T20:46:52.9846981Z                 ],
security	Scan backend SBOM (osv-scanner)	2026-10-07T20:46:52.9847260Z                 "github_reviewed": true,
security	Scan backend SBOM (osv-scanner)	2026-10-07T20:46:52.9847766Z                 "github_reviewed_at": "2026-10-07T20:35:46Z",
security	Scan backend SBOM (osv-scanner)	2026-10-07T20:46:52.9848587Z                 "nvd_published_at": "2026-10-06T20:17:26Z",
security	Scan backend SBOM (osv-scanner)	2026-10-07T20:46:52.9848983Z                 "severity": "LOW"
security	Scan backend SBOM (osv-scanner)	2026-10-07T20:46:52.9849266Z               },
security	Scan backend SBOM (osv-scanner)	2026-10-07T20:46:52.9856150Z               "details": "### Summary\n\nWhen `LZ4BlockInputStream` is configured with `stopOnEmptyBlock = false` (the mode for reading concatenated block streams), it handles each empty block by calling `refill()` recursively. A long run of empty blocks exhausts the thread stack and throws `StackOverflowError` out of `read()` or `skip()`.\n\n### Details\n\nIn `net.jpountz.lz4.LZ4BlockInputStream.refill()`:\n\n```java\nif (originalLen == 0 \u0026\u0026 compressedLen == 0) {\n  if (check != 0) {\n    throw new IOException(\"Stream is corrupted\");\n  }\n  if (!stopOnEmptyBlock) {\n    refill();\n  } else {\n    finished = true;\n  }\n  return;\n}\n```\n\nEach well-formed empty block is 21 bytes and adds one stack frame, with no limit on nesting depth. In local testing, around 10,000 to 100,000 consecutive empty blocks (about 210 KB to 2.1 MB, depending on JIT state and thread stack size) threw `StackOverflowError`. `StackOverflowError` is an `Error`, not an `IOException`, so callers that only handle I/O errors for corrupt input don't catch it.\n\n### Impact\n\nApplications that decode attacker-controlled `LZ4Block` streams with `LZ4BlockInputStream.newBuilder().withStopOnEmptyBlock(false)` or the deprecated `LZ4BlockInputStream(InputStream, boolean)` constructor can have the decoding thread fail with `StackOverflowError`. The default configuration (`stopOnEmptyBlock = true`) is not affected. There is no memory corruption. Availability impact only.\n\n### Patch\n\nFixed in lz4-java 1.11.4. Empty blocks are now skipped in a loop instead of by recursion, so any number of consecutive empty blocks uses constant stack space.\n\nFor older versions, the workaround is to use the default `stopOnEmptyBlock = true` for untrusted input, or catch `StackOverflowError` around the read loop.",
security	Scan backend SBOM (osv-scanner)	2026-10-07T20:46:52.9862688Z               "id": "GHSA-343h-94h5-c4wr",
security	Scan backend SBOM (osv-scanner)	2026-10-07T20:46:52.9863082Z               "modified": "2026-10-07T20:45:07.306709237Z",
security	Scan backend SBOM (osv-scanner)	2026-10-07T20:46:52.9863479Z               "published": "2026-10-07T20:35:46Z",
security	Scan backend SBOM (osv-scanner)	2026-10-07T20:46:52.9863810Z               "references": [
security	Scan backend SBOM (osv-scanner)	2026-10-07T20:46:52.9864080Z                 {
security	Scan backend SBOM (osv-scanner)	2026-10-07T20:46:52.9864347Z                   "type": "WEB",
security	Scan backend SBOM (osv-scanner)	2026-10-07T20:46:52.9864855Z                   "url": "https://github.com/yawkat/lz4-java/security/advisories/GHSA-343h-94h5-c4wr"
security	Scan backend SBOM (osv-scanner)	2026-10-07T20:46:52.9865335Z                 },
security	Scan backend SBOM (osv-scanner)	2026-10-07T20:46:52.9865565Z                 {
security	Scan backend SBOM (osv-scanner)	2026-10-07T20:46:52.9865833Z                   "type": "ADVISORY",
security	Scan backend SBOM (osv-scanner)	2026-10-07T20:46:52.9866274Z                   "url": "https://nvd.nist.gov/vuln/detail/CVE-2026-106449"
security	Scan backend SBOM (osv-scanner)	2026-10-07T20:46:52.9866650Z                 },
security	Scan backend SBOM (osv-scanner)	2026-10-07T20:46:52.9866875Z                 {
security	Scan backend SBOM (osv-scanner)	2026-10-07T20:46:52.9867135Z                   "type": "WEB",
security	Scan backend SBOM (osv-scanner)	2026-10-07T20:46:52.9867688Z                   "url": "https://github.com/yawkat/lz4-<elided>"
security	Scan backend SBOM (osv-scanner)	2026-10-07T20:46:52.9868418Z                 },
security	Scan backend SBOM (osv-scanner)	2026-10-07T20:46:52.9868659Z                 {
security	Scan backend SBOM (osv-scanner)	2026-10-07T20:46:52.9868934Z                   "type": "PACKAGE",
security	Scan backend SBOM (osv-scanner)	2026-10-07T20:46:52.9869320Z                   "url": "https://github.com/yawkat/lz4-java"
security	Scan backend SBOM (osv-scanner)	2026-10-07T20:46:52.9869666Z                 },
security	Scan backend SBOM (osv-scanner)	2026-10-07T20:46:52.9869898Z                 {
security	Scan backend SBOM (osv-scanner)	2026-10-07T20:46:52.9870153Z                   "type": "WEB",
security	Scan backend SBOM (osv-scanner)	2026-10-07T20:46:52.9870804Z                   "url": "https://github.com/yawkat/lz4-java/releases/tag/v1.11.4"
security	Scan backend SBOM (osv-scanner)	2026-10-07T20:46:52.9871202Z                 }
security	Scan backend SBOM (osv-scanner)	2026-10-07T20:46:52.9871426Z               ],
security	Scan backend SBOM (osv-scanner)	2026-10-07T20:46:52.9871692Z               "schema_version": "1.9.0",
security	Scan backend SBOM (osv-scanner)	2026-10-07T20:46:52.9871986Z               "severity": [
security	Scan backend SBOM (osv-scanner)	2026-10-07T20:46:52.9872243Z                 {
security	Scan backend SBOM (osv-scanner)	2026-10-07T20:46:52.9872592Z                   "score": "CVSS:3.1/AV:N/AC:H/PR:N/UI:N/S:U/C:N/I:N/A:L",
security	Scan backend SBOM (osv-scanner)	2026-10-07T20:46:52.9873146Z                   "type": "CVSS_V3"
security	Scan backend SBOM (osv-scanner)	2026-10-07T20:46:52.9873422Z                 }
security	Scan backend SBOM (osv-scanner)	2026-10-07T20:46:52.9873642Z               ],
security	Scan backend SBOM (osv-scanner)	2026-10-07T20:46:52.9874317Z               "summary": "yawkat LZ4 Java: LZ4BlockInputStream with stopOnEmptyBlock=false recurses once per empty block, causing StackOverflowError"
security	Scan backend SBOM (osv-scanner)	2026-10-07T20:46:52.9874970Z             },
security	Scan backend SBOM (osv-scanner)	2026-10-07T20:46:52.9875184Z             {
security	Scan backend SBOM (osv-scanner)	2026-10-07T20:46:52.9875415Z               "affected": [
security	Scan backend SBOM (osv-scanner)	2026-10-07T20:46:52.9875682Z                 {
security	Scan backend SBOM (osv-scanner)	2026-10-07T20:46:52.9875954Z                   "database_specific": {
security	Scan backend SBOM (osv-scanner)	2026-10-07T20:46:52.9876354Z                     "last_known_affected_version_range": "\u003c= 1.11.1",
security	Scan backend SBOM (osv-scanner)	2026-10-07T20:46:52.9877233Z                     "source": "https://github.com/github/advisory-<elided>-reviewed/2026/10/GHSA-4v53-57pg-c464/GHSA-4v53-57pg-c464.json"
security	Scan backend SBOM (osv-scanner)	2026-10-07T20:46:52.9878139Z                   },
security	Scan backend SBOM (osv-scanner)	2026-10-07T20:46:52.9878433Z                   "package": {
security	Scan backend SBOM (osv-scanner)	2026-10-07T20:46:52.9878738Z                     "ecosystem": "Maven",
security	Scan backend SBOM (osv-scanner)	2026-10-07T20:46:52.9879092Z                     "name": "at.yawk.lz4:lz4-java",
security	Scan backend SBOM (osv-scanner)	2026-10-07T20:46:52.9879493Z                     "purl": "pkg:maven/at.yawk.lz4/lz4-java"
security	Scan backend SBOM (osv-scanner)	2026-10-07T20:46:52.9879823Z                   },
security	Scan backend SBOM (osv-scanner)	2026-10-07T20:46:52.9880063Z                   "ranges": [
security	Scan backend SBOM (osv-scanner)	2026-10-07T20:46:52.9880327Z                     {
security	Scan backend SBOM (osv-scanner)	2026-10-07T20:46:52.9880599Z                       "events": [
security	Scan backend SBOM (osv-scanner)	2026-10-07T20:46:52.9880876Z                         {
security	Scan backend SBOM (osv-scanner)	2026-10-07T20:46:52.9881164Z                           "introduced": "0"
security	Scan backend SBOM (osv-scanner)	2026-10-07T20:46:52.9881466Z                         },
security	Scan backend SBOM (osv-scanner)	2026-10-07T20:46:52.9881721Z                         {
security	Scan backend SBOM (osv-scanner)	2026-10-07T20:46:52.9882008Z                           "fixed": "1.11.2"
security	Scan backend SBOM (osv-scanner)	2026-10-07T20:46:52.9882294Z                         }
security	Scan backend SBOM (osv-scanner)	2026-10-07T20:46:52.9882540Z                       ],
security	Scan backend SBOM (osv-scanner)	2026-10-07T20:46:52.9882830Z                       "type": "ECOSYSTEM"
security	Scan backend SBOM (osv-scanner)	2026-10-07T20:46:52.9883134Z                     }
security	Scan backend SBOM (osv-scanner)	2026-10-07T20:46:52.9883363Z                   ],
security	Scan backend SBOM (osv-scanner)	2026-10-07T20:46:52.9883627Z                   "versions": [
security	Scan backend SBOM (osv-scanner)	2026-10-07T20:46:52.9883902Z                     "1.10.0",
security	Scan backend SBOM (osv-scanner)	2026-10-07T20:46:52.9884162Z                     "1.10.1",
security	Scan backend SBOM (osv-scanner)	2026-10-07T20:46:52.9884423Z                     "1.10.2",
security	Scan backend SBOM (osv-scanner)	2026-10-07T20:46:52.9884680Z                     "1.10.3",
security	Scan backend SBOM (osv-scanner)	2026-10-07T20:46:52.9884938Z                     "1.10.4",
security	Scan backend SBOM (osv-scanner)	2026-10-07T20:46:52.9885187Z                     "1.11.0",
security	Scan backend SBOM (osv-scanner)	2026-10-07T20:46:52.9885446Z                     "1.11.1",
security	Scan backend SBOM (osv-scanner)	2026-10-07T20:46:52.9885704Z                     "1.8.1",
security	Scan backend SBOM (osv-scanner)	2026-10-07T20:46:52.9885972Z                     "1.9.0"
security	Scan backend SBOM (osv-scanner)	2026-10-07T20:46:52.9886221Z                   ]
security	Scan backend SBOM (osv-scanner)	2026-10-07T20:46:52.9886447Z                 },
security	Scan backend SBOM (osv-scanner)	2026-10-07T20:46:52.9886670Z                 {
security	Scan backend SBOM (osv-scanner)	2026-10-07T20:46:52.9886953Z                   "database_specific": {
security	Scan backend SBOM (osv-scanner)	2026-10-07T20:46:52.9887747Z                     "source": "https://github.com/github/advisory-<elided>-reviewed/2026/10/GHSA-4v53-57pg-c464/GHSA-4v53-57pg-c464.json"
security	Scan backend SBOM (osv-scanner)	2026-10-07T20:46:52.9888788Z                   },
security	Scan backend SBOM (osv-scanner)	2026-10-07T20:46:52.9889065Z                   "package": {
security	Scan backend SBOM (osv-scanner)	2026-10-07T20:46:52.9889371Z                     "ecosystem": "Maven",
security	Scan backend SBOM (osv-scanner)	2026-10-07T20:46:52.9889708Z                     "name": "org.lz4:lz4-java",
security	Scan backend SBOM (osv-scanner)	2026-10-07T20:46:52.9890088Z                     "purl": "pkg:maven/org.lz4/lz4-java"
security	Scan backend SBOM (osv-scanner)	2026-10-07T20:46:52.9890412Z                   },
security	Scan backend SBOM (osv-scanner)	2026-10-07T20:46:52.9890654Z                   "ranges": [
security	Scan backend SBOM (osv-scanner)	2026-10-07T20:46:52.9890915Z                     {
security	Scan backend SBOM (osv-scanner)	2026-10-07T20:46:52.9891388Z                       "events": [
security	Scan backend SBOM (osv-scanner)	2026-10-07T20:46:52.9891669Z                         {
security	Scan backend SBOM (osv-scanner)	2026-10-07T20:46:52.9891955Z                           "introduced": "0"
security	Scan backend SBOM (osv-scanner)	2026-10-07T20:46:52.9892249Z                         },
security	Scan backend SBOM (osv-scanner)	2026-10-07T20:46:52.9892505Z                         {
security	Scan backend SBOM (osv-scanner)	2026-10-07T20:46:52.9892804Z                           "last_affected": "1.8.1"
security	Scan backend SBOM (osv-scanner)	2026-10-07T20:46:52.9893113Z                         }
security	Scan backend SBOM (osv-scanner)	2026-10-07T20:46:52.9893357Z                       ],
security	Scan backend SBOM (osv-scanner)	2026-10-07T20:46:52.9893758Z                       "type": "ECOSYSTEM"
security	Scan backend SBOM (osv-scanner)	2026-10-07T20:46:52.9894049Z                     }
security	Scan backend SBOM (osv-scanner)	2026-10-07T20:46:52.9894276Z                   ],
security	Scan backend SBOM (osv-scanner)	2026-10-07T20:46:52.9894545Z                   "versions": [
security	Scan backend SBOM (osv-scanner)	2026-10-07T20:46:52.9894816Z                     "1.4",
security	Scan backend SBOM (osv-scanner)	2026-10-07T20:46:52.9895075Z                     "1.4.0",
security	Scan backend SBOM (osv-scanner)	2026-10-07T20:46:52.9895332Z                     "1.4.1",
security	Scan backend SBOM (osv-scanner)	2026-10-07T20:46:52.9895589Z                     "1.5.0",
security	Scan backend SBOM (osv-scanner)	2026-10-07T20:46:52.9895847Z                     "1.5.1",
security	Scan backend SBOM (osv-scanner)	2026-10-07T20:46:52.9896102Z                     "1.6.0",
security	Scan backend SBOM (osv-scanner)	2026-10-07T20:46:52.9896354Z                     "1.7.0",
security	Scan backend SBOM (osv-scanner)	2026-10-07T20:46:52.9896611Z                     "1.7.1",
security	Scan backend SBOM (osv-scanner)	2026-10-07T20:46:52.9896859Z                     "1.8.0",
security	Scan backend SBOM (osv-scanner)	2026-10-07T20:46:52.9897114Z                     "1.8.1"
security	Scan backend SBOM (osv-scanner)	2026-10-07T20:46:52.9897356Z                   ]
security	Scan backend SBOM (osv-scanner)	2026-10-07T20:46:52.9897585Z                 }
security	Scan backend SBOM (osv-scanner)	2026-10-07T20:46:52.9897806Z               ],
security	Scan backend SBOM (osv-scanner)	2026-10-07T20:46:52.9898271Z               "aliases": [
security	Scan backend SBOM (osv-scanner)	2026-10-07T20:46:52.9898572Z                 "CVE-2026-106452"
security	Scan backend SBOM (osv-scanner)	2026-10-07T20:46:52.9898843Z               ],
security	Scan backend SBOM (osv-scanner)	2026-10-07T20:46:52.9899104Z               "database_specific": {
security	Scan backend SBOM (osv-scanner)	2026-10-07T20:46:52.9899390Z                 "cwe_ids": [
security	Scan backend SBOM (osv-scanner)	2026-10-07T20:46:52.9899652Z                   "CWE-789"
security	Scan backend SBOM (osv-scanner)	2026-10-07T20:46:52.9899905Z                 ],
security	Scan backend SBOM (osv-scanner)	2026-10-07T20:46:52.9900176Z                 "github_reviewed": true,
security	Scan backend SBOM (osv-scanner)	2026-10-07T20:46:52.9900551Z                 "github_reviewed_at": "2026-10-07T16:17:50Z",
security	Scan backend SBOM (osv-scanner)	2026-10-07T20:46:52.9900958Z                 "nvd_published_at": "2026-10-06T20:17:27Z",
security	Scan backend SBOM (osv-scanner)	2026-10-07T20:46:52.9901326Z                 "severity": "MODERATE"
security	Scan backend SBOM (osv-scanner)	2026-10-07T20:46:52.9901613Z               },
security	Scan backend SBOM (osv-scanner)	2026-10-07T20:46:52.9908584Z               "details": "### Summary\n\n`LZ4BlockInputStream` grows its compressed-input buffer to the attacker-controlled `compressedLen` value from the legacy `LZ4Block` stream header before reading any payload bytes. A header-only input can therefore trigger a near-2 GiB allocation and exhaust the JVM heap.\n\n### Details\n\nIn `net.jpountz.lz4.LZ4BlockInputStream`, `refill()` validates that `compressedLen` is nonnegative but does not cap it before allocation:\n\n```java\ncase COMPRESSION_METHOD_LZ4:\n  if (compressedBuffer.length \u003c compressedLen) {\n    compressedBuffer = new byte[Math.max(compressedLen, compressedBuffer.length * 3 / 2)];\n  }\n  readFully(compressedBuffer, compressedLen);\n```\n\nThe paired `LZ4BlockOutputStream` never emits such a block. If compression is not smaller than the original block, it writes the block as RAW:\n\n```java\nif (compressedLength \u003e= o) {\n  compressMethod = COMPRESSION_METHOD_RAW;\n  compressedLength = o;\n} else {\n  compressMethod = COMPRESSION_METHOD_LZ4;\n}\n```\n\nExisting readers generally accept noncanonical LZ4-method blocks where `compressedLen \u003e= originalLen`, but no canonical writer found produces them.\n\n### Impact\n\nApplications that pass attacker-controlled legacy `LZ4Block` streams to `LZ4BlockInputStream` can suffer heap exhaustion from a header-only input. The impact is availability-only and requires no valid compressed payload.\n\n### Patch\n\nAs of lz4-java 1.11.2, lz4-java rejects lz4 blocks where the compressed length is larger than uncompressed. Readers would generally emit these as raw blocks instead. You can use the new `acceptOversizedBlocks` flag to restore the old behavior, but this reintroduces the DoS vector.",
security	Scan backend SBOM (osv-scanner)	2026-10-07T20:46:52.9914796Z               "id": "GHSA-4v53-57pg-c464",
security	Scan backend SBOM (osv-scanner)	2026-10-07T20:46:52.9915174Z               "modified": "2026-10-07T16:30:04.845963758Z",
security	Scan backend SBOM (osv-scanner)	2026-10-07T20:46:52.9915698Z               "published": "2026-10-07T16:17:50Z",
security	Scan backend SBOM (osv-scanner)	2026-10-07T20:46:52.9916015Z               "references": [
security	Scan backend SBOM (osv-scanner)	2026-10-07T20:46:52.9916283Z                 {
security	Scan backend SBOM (osv-scanner)	2026-10-07T20:46:52.9916543Z                   "type": "WEB",
security	Scan backend SBOM (osv-scanner)	2026-10-07T20:46:52.9917052Z                   "url": "https://github.com/yawkat/lz4-java/security/advisories/GHSA-4v53-57pg-c464"
security	Scan backend SBOM (osv-scanner)	2026-10-07T20:46:52.9917517Z                 },
security	Scan backend SBOM (osv-scanner)	2026-10-07T20:46:52.9918055Z                 {
security	Scan backend SBOM (osv-scanner)	2026-10-07T20:46:52.9918356Z                   "type": "ADVISORY",
security	Scan backend SBOM (osv-scanner)	2026-10-07T20:46:52.9918775Z                   "url": "https://nvd.nist.gov/vuln/detail/CVE-2026-106452"
security	Scan backend SBOM (osv-scanner)	2026-10-07T20:46:52.9919144Z                 },
security	Scan backend SBOM (osv-scanner)	2026-10-07T20:46:52.9919363Z                 {
security	Scan backend SBOM (osv-scanner)	2026-10-07T20:46:52.9919616Z                   "type": "WEB",
security	Scan backend SBOM (osv-scanner)	2026-10-07T20:46:52.9920140Z                   "url": "https://github.com/yawkat/lz4-<elided>"
security	Scan backend SBOM (osv-scanner)	2026-10-07T20:46:52.9920627Z                 },
security	Scan backend SBOM (osv-scanner)	2026-10-07T20:46:52.9920847Z                 {
security	Scan backend SBOM (osv-scanner)	2026-10-07T20:46:52.9921113Z                   "type": "PACKAGE",
security	Scan backend SBOM (osv-scanner)	2026-10-07T20:46:52.9921484Z                   "url": "https://github.com/yawkat/lz4-java"
security	Scan backend SBOM (osv-scanner)	2026-10-07T20:46:52.9921814Z                 },
security	Scan backend SBOM (osv-scanner)	2026-10-07T20:46:52.9922034Z                 {
security	Scan backend SBOM (osv-scanner)	2026-10-07T20:46:52.9922282Z                   "type": "WEB",
security	Scan backend SBOM (osv-scanner)	2026-10-07T20:46:52.9922697Z                   "url": "https://github.com/yawkat/lz4-java/releases/tag/v1.11.2"
security	Scan backend SBOM (osv-scanner)	2026-10-07T20:46:52.9923093Z                 }
security	Scan backend SBOM (osv-scanner)	2026-10-07T20:46:52.9923318Z               ],
security	Scan backend SBOM (osv-scanner)	2026-10-07T20:46:52.9923581Z               "schema_version": "1.9.0",
security	Scan backend SBOM (osv-scanner)	2026-10-07T20:46:52.9923881Z               "severity": [
security	Scan backend SBOM (osv-scanner)	2026-10-07T20:46:52.9924129Z                 {
security	Scan backend SBOM (osv-scanner)	2026-10-07T20:46:52.9924477Z                   "score": "CVSS:3.1/AV:N/AC:L/PR:N/UI:N/S:U/C:N/I:N/A:L",
security	Scan backend SBOM (osv-scanner)	2026-10-07T20:46:52.9924871Z                   "type": "CVSS_V3"
security	Scan backend SBOM (osv-scanner)	2026-10-07T20:46:52.9925146Z                 }
security	Scan backend SBOM (osv-scanner)	2026-10-07T20:46:52.9925369Z               ],
security	Scan backend SBOM (osv-scanner)	2026-10-07T20:46:52.9943884Z               "summary": "yawkat LZ4 Java: LZ4BlockInputStream allocates an unvalidated compressed length from the stream header"
security	Scan backend SBOM (osv-scanner)	2026-10-07T20:46:52.9944570Z             },
security	Scan backend SBOM (osv-scanner)	2026-10-07T20:46:52.9944805Z             {
security	Scan backend SBOM (osv-scanner)	2026-10-07T20:46:52.9945048Z               "affected": [
security	Scan backend SBOM (osv-scanner)	2026-10-07T20:46:52.9945315Z                 {
security	Scan backend SBOM (osv-scanner)	2026-10-07T20:46:52.9945599Z                   "database_specific": {
security	Scan backend SBOM (osv-scanner)	2026-10-07T20:46:52.9946040Z                     "last_known_affected_version_range": "\u003c= 1.11.1",
security	Scan backend SBOM (osv-scanner)	2026-10-07T20:46:52.9946998Z                     "source": "https://github.com/github/advisory-<elided>-reviewed/2026/10/GHSA-6cx8-rjf8-pr8g/GHSA-6cx8-rjf8-pr8g.json"
security	Scan backend SBOM (osv-scanner)	2026-10-07T20:46:52.9947721Z                   },
security	Scan backend SBOM (osv-scanner)	2026-10-07T20:46:52.9948268Z                   "package": {
security	Scan backend SBOM (osv-scanner)	2026-10-07T20:46:52.9948591Z                     "ecosystem": "Maven",
security	Scan backend SBOM (osv-scanner)	2026-10-07T20:46:52.9948952Z                     "name": "at.yawk.lz4:lz4-java",
security	Scan backend SBOM (osv-scanner)	2026-10-07T20:46:52.9949353Z                     "purl": "pkg:maven/at.yawk.lz4/lz4-java"
security	Scan backend SBOM (osv-scanner)	2026-10-07T20:46:52.9949693Z                   },
security	Scan backend SBOM (osv-scanner)	2026-10-07T20:46:52.9949936Z                   "ranges": [
security	Scan backend SBOM (osv-scanner)	2026-10-07T20:46:52.9950205Z                     {
security	Scan backend SBOM (osv-scanner)	2026-10-07T20:46:52.9950472Z                       "events": [
security	Scan backend SBOM (osv-scanner)	2026-10-07T20:46:52.9950753Z                         {
security	Scan backend SBOM (osv-scanner)	2026-10-07T20:46:52.9951039Z                           "introduced": "0"
security	Scan backend SBOM (osv-scanner)	2026-10-07T20:46:52.9951348Z                         },
security	Scan backend SBOM (osv-scanner)	2026-10-07T20:46:52.9951602Z                         {
security	Scan backend SBOM (osv-scanner)	2026-10-07T20:46:52.9951894Z                           "fixed": "1.11.2"
security	Scan backend SBOM (osv-scanner)	2026-10-07T20:46:52.9952191Z                         }
security	Scan backend SBOM (osv-scanner)	2026-10-07T20:46:52.9952444Z                       ],
security	Scan backend SBOM (osv-scanner)	2026-10-07T20:46:52.9952733Z                       "type": "ECOSYSTEM"
security	Scan backend SBOM (osv-scanner)	2026-10-07T20:46:52.9953030Z                     }
security	Scan backend SBOM (osv-scanner)	2026-10-07T20:46:52.9953263Z                   ],
security	Scan backend SBOM (osv-scanner)	2026-10-07T20:46:52.9953528Z                   "versions": [
security	Scan backend SBOM (osv-scanner)	2026-10-07T20:46:52.9953811Z                     "1.10.0",
security	Scan backend SBOM (osv-scanner)	2026-10-07T20:46:52.9954070Z                     "1.10.1",
security	Scan backend SBOM (osv-scanner)	2026-10-07T20:46:52.9954332Z                     "1.10.2",
security	Scan backend SBOM (osv-scanner)	2026-10-07T20:46:52.9954776Z                     "1.10.3",
security	Scan backend SBOM (osv-scanner)	2026-10-07T20:46:52.9955030Z                     "1.10.4",
security	Scan backend SBOM (osv-scanner)	2026-10-07T20:46:52.9955280Z                     "1.11.0",
security	Scan backend SBOM (osv-scanner)	2026-10-07T20:46:52.9955535Z                     "1.11.1",
security	Scan backend SBOM (osv-scanner)	2026-10-07T20:46:52.9955792Z                     "1.8.1",
security	Scan backend SBOM (osv-scanner)	2026-10-07T20:46:52.9956054Z                     "1.9.0"
security	Scan backend SBOM (osv-scanner)	2026-10-07T20:46:52.9956300Z                   ]
security	Scan backend SBOM (osv-scanner)	2026-10-07T20:46:52.9956647Z                 },
security	Scan backend SBOM (osv-scanner)	2026-10-07T20:46:52.9956875Z                 {
security	Scan backend SBOM (osv-scanner)	2026-10-07T20:46:52.9957145Z                   "database_specific": {
security	Scan backend SBOM (osv-scanner)	2026-10-07T20:46:52.9958171Z                     "source": "https://github.com/github/advisory-<elided>-reviewed/2026/10/GHSA-6cx8-rjf8-pr8g/GHSA-6cx8-rjf8-pr8g.json"
security	Scan backend SBOM (osv-scanner)	2026-10-07T20:46:52.9958906Z                   },
security	Scan backend SBOM (osv-scanner)	2026-10-07T20:46:52.9959178Z                   "package": {
security	Scan backend SBOM (osv-scanner)	2026-10-07T20:46:52.9959486Z                     "ecosystem": "Maven",
security	Scan backend SBOM (osv-scanner)	2026-10-07T20:46:52.9959831Z                     "name": "org.lz4:lz4-java",
security	Scan backend SBOM (osv-scanner)	2026-10-07T20:46:52.9960214Z                     "purl": "pkg:maven/org.lz4/lz4-java"
security	Scan backend SBOM (osv-scanner)	2026-10-07T20:46:52.9960535Z                   },
security	Scan backend SBOM (osv-scanner)	2026-10-07T20:46:52.9960782Z                   "ranges": [
security	Scan backend SBOM (osv-scanner)	2026-10-07T20:46:52.9961047Z                     {
security	Scan backend SBOM (osv-scanner)	2026-10-07T20:46:52.9961313Z                       "events": [
security	Scan backend SBOM (osv-scanner)	2026-10-07T20:46:52.9961588Z                         {
security	Scan backend SBOM (osv-scanner)	2026-10-07T20:46:52.9961875Z                           "introduced": "0"
security	Scan backend SBOM (osv-scanner)	2026-10-07T20:46:52.9962179Z                         },
security	Scan backend SBOM (osv-scanner)	2026-10-07T20:46:52.9962433Z                         {
security	Scan backend SBOM (osv-scanner)	2026-10-07T20:46:52.9962736Z                           "last_affected": "1.8.1"
security	Scan backend SBOM (osv-scanner)	2026-10-07T20:46:52.9963044Z                         }
security	Scan backend SBOM (osv-scanner)	2026-10-07T20:46:52.9963296Z                       ],
security	Scan backend SBOM (osv-scanner)	2026-10-07T20:46:52.9963586Z                       "type": "ECOSYSTEM"
security	Scan backend SBOM (osv-scanner)	2026-10-07T20:46:52.9963882Z                     }
security	Scan backend SBOM (osv-scanner)	2026-10-07T20:46:52.9964112Z                   ],
security	Scan backend SBOM (osv-scanner)	2026-10-07T20:46:52.9964379Z                   "versions": [
security	Scan backend SBOM (osv-scanner)	2026-10-07T20:46:52.9964659Z                     "1.4",
security	Scan backend SBOM (osv-scanner)	2026-10-07T20:46:52.9964920Z                     "1.4.0",
security	Scan backend SBOM (osv-scanner)	2026-10-07T20:46:52.9965175Z                     "1.4.1",
security	Scan backend SBOM (osv-scanner)	2026-10-07T20:46:52.9965428Z                     "1.5.0",
security	Scan backend SBOM (osv-scanner)	2026-10-07T20:46:52.9965679Z                     "1.5.1",
security	Scan backend SBOM (osv-scanner)	2026-10-07T20:46:52.9965930Z                     "1.6.0",
security	Scan backend SBOM (osv-scanner)	2026-10-07T20:46:52.9966175Z                     "1.7.0",
security	Scan backend SBOM (osv-scanner)	2026-10-07T20:46:52.9966425Z                     "1.7.1",
security	Scan backend SBOM (osv-scanner)	2026-10-07T20:46:52.9966687Z                     "1.8.0",
security	Scan backend SBOM (osv-scanner)	2026-10-07T20:46:52.9966936Z                     "1.8.1"
security	Scan backend SBOM (osv-scanner)	2026-10-07T20:46:52.9967310Z                   ]
security	Scan backend SBOM (osv-scanner)	2026-10-07T20:46:52.9967537Z                 }
security	Scan backend SBOM (osv-scanner)	2026-10-07T20:46:52.9967764Z               ],
security	Scan backend SBOM (osv-scanner)	2026-10-07T20:46:52.9968250Z               "aliases": [
security	Scan backend SBOM (osv-scanner)	2026-10-07T20:46:52.9968551Z                 "CVE-2026-106453"
security	Scan backend SBOM (osv-scanner)	2026-10-07T20:46:52.9968825Z               ],
security	Scan backend SBOM (osv-scanner)	2026-10-07T20:46:52.9969092Z               "database_specific": {
security	Scan backend SBOM (osv-scanner)	2026-10-07T20:46:52.9969386Z                 "cwe_ids": [
security	Scan backend SBOM (osv-scanner)	2026-10-07T20:46:52.9969670Z                   "CWE-789"
security	Scan backend SBOM (osv-scanner)	2026-10-07T20:46:52.9969933Z                 ],
security	Scan backend SBOM (osv-scanner)	2026-10-07T20:46:52.9970205Z                 "github_reviewed": true,
security	Scan backend SBOM (osv-scanner)	2026-10-07T20:46:52.9970582Z                 "github_reviewed_at": "2026-10-07T16:17:47Z",
security	Scan backend SBOM (osv-scanner)	2026-10-07T20:46:52.9971003Z                 "nvd_published_at": "2026-10-06T20:17:27Z",
security	Scan backend SBOM (osv-scanner)	2026-10-07T20:46:52.9971367Z                 "severity": "MODERATE"
security	Scan backend SBOM (osv-scanner)	2026-10-07T20:46:52.9971656Z               },
security	Scan backend SBOM (osv-scanner)	2026-10-07T20:46:52.9978822Z               "details": "### Summary\n\n`LZ4DecompressorWithLength.decompress(byte[], int)` allocates whatever size the 4-byte length header declares, before it reads a single byte of compressed data. A 5-byte input whose header says `0x40000000` makes the JVM commit a gigabyte and can cause heap exhaustion.\n\n### Details\n\n`net.jpountz.lz4.LZ4DecompressorWithLength` reads the header and passes it straight on:\n\n```java\nfinal int destLen = getDecompressedLength(src, srcOff);\nreturn fastDecompressor.decompress(src, srcOff + 4, destLen);\n```\n\nand `net.jpountz.lz4.LZ4FastDecompressor` allocates it:\n\n```java\npublic final byte[] decompress(byte[] src, int srcOff, int destLen) {\n  final byte[] decompressed = new byte[destLen];\n  decompress(src, srcOff, decompressed, 0, destLen);\n  return decompressed;\n}\n```\n\n`getDecompressedLength` performs no validation: no comparison against `src.length`, no ceiling, no rejection of negatives. `LZ4SafeDecompressor.decompress(byte[], int, int, int)` has the same shape with `maxDestLen`.\n\nThe sibling overload that callers pass their own buffer to, `decompress(src, srcOff, dest, destOff, destLen)`, is fine, because there `destLen` is chosen by the caller rather than by the input. The bug is specific to the convenience overloads that take the size from the header, and that difference is the whole finding.\n\n### Impact\n\nAny application that decompresses attacker-supplied LZ4 frames through the with-length convenience API can be made to allocate up to 2 GiB per call from a 5-byte message. On a service that decompresses request bodies, a few concurrent 5-byte requests exhaust the heap. No privileges are needed, only the ability to get bytes into the decompressor. Confidentiality and integrity are untouched.",
security	Scan backend SBOM (osv-scanner)	2026-10-07T20:46:52.9985390Z               "id": "GHSA-6cx8-rjf8-pr8g",
security	Scan backend SBOM (osv-scanner)	2026-10-07T20:46:52.9985778Z               "modified": "2026-10-07T16:30:05.557286626Z",
security	Scan backend SBOM (osv-scanner)	2026-10-07T20:46:52.9986169Z               "published": "2026-10-07T16:17:47Z",
security	Scan backend SBOM (osv-scanner)	2026-10-07T20:46:52.9986502Z               "references": [
security	Scan backend SBOM (osv-scanner)	2026-10-07T20:46:52.9986776Z                 {
security	Scan backend SBOM (osv-scanner)	2026-10-07T20:46:52.9987040Z                   "type": "WEB",
security	Scan backend SBOM (osv-scanner)	2026-10-07T20:46:52.9987556Z                   "url": "https://github.com/yawkat/lz4-java/security/advisories/GHSA-6cx8-rjf8-pr8g"
security	Scan backend SBOM (osv-scanner)	2026-10-07T20:46:52.9988239Z                 },
security	Scan backend SBOM (osv-scanner)	2026-10-07T20:46:52.9988475Z                 {
security	Scan backend SBOM (osv-scanner)	2026-10-07T20:46:52.9988740Z                   "type": "ADVISORY",
security	Scan backend SBOM (osv-scanner)	2026-10-07T20:46:52.9989164Z                   "url": "https://nvd.nist.gov/vuln/detail/CVE-2026-106453"
security	Scan backend SBOM (osv-scanner)	2026-10-07T20:46:52.9989535Z                 },
security	Scan backend SBOM (osv-scanner)	2026-10-07T20:46:52.9989770Z                 {
security	Scan backend SBOM (osv-scanner)	2026-10-07T20:46:52.9990024Z                   "type": "WEB",
security	Scan backend SBOM (osv-scanner)	2026-10-07T20:46:52.9990555Z                   "url": "https://github.com/yawkat/lz4-<elided>"
security	Scan backend SBOM (osv-scanner)	2026-10-07T20:46:52.9991053Z                 },
security	Scan backend SBOM (osv-scanner)	2026-10-07T20:46:52.9991267Z                 {
security	Scan backend SBOM (osv-scanner)	2026-10-07T20:46:52.9991516Z                   "type": "PACKAGE",
security	Scan backend SBOM (osv-scanner)	2026-10-07T20:46:52.9991888Z                   "url": "https://github.com/yawkat/lz4-java"
security	Scan backend SBOM (osv-scanner)	2026-10-07T20:46:52.9992221Z                 },
security	Scan backend SBOM (osv-scanner)	2026-10-07T20:46:52.9992436Z                 {
security	Scan backend SBOM (osv-scanner)	2026-10-07T20:46:52.9992677Z                   "type": "WEB",
security	Scan backend SBOM (osv-scanner)	2026-10-07T20:46:52.9993089Z                   "url": "https://github.com/yawkat/lz4-java/releases/tag/v1.11.2"
security	Scan backend SBOM (osv-scanner)	2026-10-07T20:46:52.9993475Z                 }
security	Scan backend SBOM (osv-scanner)	2026-10-07T20:46:52.9993692Z               ],
security	Scan backend SBOM (osv-scanner)	2026-10-07T20:46:52.9993951Z               "schema_version": "1.9.0",
security	Scan backend SBOM (osv-scanner)	2026-10-07T20:46:52.9994241Z               "severity": [
security	Scan backend SBOM (osv-scanner)	2026-10-07T20:46:52.9994493Z                 {
security	Scan backend SBOM (osv-scanner)	2026-10-07T20:46:52.9994830Z                   "score": "CVSS:3.1/AV:N/AC:L/PR:N/UI:N/S:U/C:N/I:N/A:L",
security	Scan backend SBOM (osv-scanner)	2026-10-07T20:46:52.9995211Z                   "type": "CVSS_V3"
security	Scan backend SBOM (osv-scanner)	2026-10-07T20:46:52.9995478Z                 }
security	Scan backend SBOM (osv-scanner)	2026-10-07T20:46:52.9995688Z               ],
security	Scan backend SBOM (osv-scanner)	2026-10-07T20:46:52.9996533Z               "summary": "yawkat LZ4 Java: LZ4DecompressorWithLength allocates the unvalidated size from the 4-byte length header, so a 5-byte input triggers a 1 GiB allocation and OutOfMemoryError"
security	Scan backend SBOM (osv-scanner)	2026-10-07T20:46:52.9997333Z             },
security	Scan backend SBOM (osv-scanner)	2026-10-07T20:46:52.9997547Z             {
security	Scan backend SBOM (osv-scanner)	2026-10-07T20:46:52.9997767Z               "affected": [
security	Scan backend SBOM (osv-scanner)	2026-10-07T20:46:52.9998261Z                 {
security	Scan backend SBOM (osv-scanner)	2026-10-07T20:46:52.9998533Z                   "database_specific": {
security	Scan backend SBOM (osv-scanner)	2026-10-07T20:46:52.9998943Z                     "last_known_affected_version_range": "\u003c= 1.11.3",
security	Scan backend SBOM (osv-scanner)	2026-10-07T20:46:52.9999814Z                     "source": "https://github.com/github/advisory-<elided>-reviewed/2026/10/GHSA-gm45-99xc-r7wv/GHSA-gm45-99xc-r7wv.json"
security	Scan backend SBOM (osv-scanner)	2026-10-07T20:46:53.0000663Z                   },
security	Scan backend SBOM (osv-scanner)	2026-10-07T20:46:53.0000939Z                   "package": {
security	Scan backend SBOM (osv-scanner)	2026-10-07T20:46:53.0001240Z                     "ecosystem": "Maven",
security	Scan backend SBOM (osv-scanner)	2026-10-07T20:46:53.0001595Z                     "name": "at.yawk.lz4:lz4-java",
security	Scan backend SBOM (osv-scanner)	2026-10-07T20:46:53.0001992Z                     "purl": "pkg:maven/at.yawk.lz4/lz4-java"
security	Scan backend SBOM (osv-scanner)	2026-10-07T20:46:53.0002323Z                   },
security	Scan backend SBOM (osv-scanner)	2026-10-07T20:46:53.0002682Z                   "ranges": [
security	Scan backend SBOM (osv-scanner)	2026-10-07T20:46:53.0002946Z                     {
security	Scan backend SBOM (osv-scanner)	2026-10-07T20:46:53.0003212Z                       "events": [
security	Scan backend SBOM (osv-scanner)	2026-10-07T20:46:53.0003492Z                         {
security	Scan backend SBOM (osv-scanner)	2026-10-07T20:46:53.0003777Z                           "introduced": "0"
security	Scan backend SBOM (osv-scanner)	2026-10-07T20:46:53.0004080Z                         },
security	Scan backend SBOM (osv-scanner)	2026-10-07T20:46:53.0004331Z                         {
security	Scan backend SBOM (osv-scanner)	2026-10-07T20:46:53.0004612Z                           "fixed": "1.11.4"
security	Scan backend SBOM (osv-scanner)	2026-10-07T20:46:53.0004897Z                         }
security	Scan backend SBOM (osv-scanner)	2026-10-07T20:46:53.0005144Z                       ],
security	Scan backend SBOM (osv-scanner)	2026-10-07T20:46:53.0005440Z                       "type": "ECOSYSTEM"
security	Scan backend SBOM (osv-scanner)	2026-10-07T20:46:53.0005724Z                     }
security	Scan backend SBOM (osv-scanner)	2026-10-07T20:46:53.0005962Z                   ],
security	Scan backend SBOM (osv-scanner)	2026-10-07T20:46:53.0006221Z                   "versions": [
security	Scan backend SBOM (osv-scanner)	2026-10-07T20:46:53.0006489Z                     "1.10.0",
security	Scan backend SBOM (osv-scanner)	2026-10-07T20:46:53.0006741Z                     "1.10.1",
security	Scan backend SBOM (osv-scanner)	2026-10-07T20:46:53.0006998Z                     "1.10.2",
security	Scan backend SBOM (osv-scanner)	2026-10-07T20:46:53.0007271Z                     "1.10.3",
security	Scan backend SBOM (osv-scanner)	2026-10-07T20:46:53.0007531Z                     "1.10.4",
security	Scan backend SBOM (osv-scanner)	2026-10-07T20:46:53.0007781Z                     "1.11.0",
security	Scan backend SBOM (osv-scanner)	2026-10-07T20:46:53.0008270Z                     "1.11.1",
security	Scan backend SBOM (osv-scanner)	2026-10-07T20:46:53.0008531Z                     "1.11.2",
security	Scan backend SBOM (osv-scanner)	2026-10-07T20:46:53.0008786Z                     "1.11.3",
security	Scan backend SBOM (osv-scanner)	2026-10-07T20:46:53.0009038Z                     "1.8.1",
security	Scan backend SBOM (osv-scanner)	2026-10-07T20:46:53.0009302Z                     "1.9.0"
security	Scan backend SBOM (osv-scanner)	2026-10-07T20:46:53.0009560Z                   ]
security	Scan backend SBOM (osv-scanner)	2026-10-07T20:46:53.0009787Z                 },
security	Scan backend SBOM (osv-scanner)	2026-10-07T20:46:53.0010025Z                 {
security	Scan backend SBOM (osv-scanner)	2026-10-07T20:46:53.0010297Z                   "database_specific": {
security	Scan backend SBOM (osv-scanner)	2026-10-07T20:46:53.0011106Z                     "source": "https://github.com/github/advisory-<elided>-reviewed/2026/10/GHSA-gm45-99xc-r7wv/GHSA-gm45-99xc-r7wv.json"
security	Scan backend SBOM (osv-scanner)	2026-10-07T20:46:53.0011812Z                   },
security	Scan backend SBOM (osv-scanner)	2026-10-07T20:46:53.0012077Z                   "package": {
security	Scan backend SBOM (osv-scanner)	2026-10-07T20:46:53.0012390Z                     "ecosystem": "Maven",
security	Scan backend SBOM (osv-scanner)	2026-10-07T20:46:53.0012743Z                     "name": "org.lz4:lz4-java",
security	Scan backend SBOM (osv-scanner)	2026-10-07T20:46:53.0013132Z                     "purl": "pkg:maven/org.lz4/lz4-java"
security	Scan backend SBOM (osv-scanner)	2026-10-07T20:46:53.0013450Z                   },
security	Scan backend SBOM (osv-scanner)	2026-10-07T20:46:53.0013702Z                   "ranges": [
security	Scan backend SBOM (osv-scanner)	2026-10-07T20:46:53.0013977Z                     {
security	Scan backend SBOM (osv-scanner)	2026-10-07T20:46:53.0014240Z                       "events": [
security	Scan backend SBOM (osv-scanner)	2026-10-07T20:46:53.0014525Z                         {
security	Scan backend SBOM (osv-scanner)	2026-10-07T20:46:53.0014820Z                           "introduced": "0"
security	Scan backend SBOM (osv-scanner)	2026-10-07T20:46:53.0015131Z                         },
security	Scan backend SBOM (osv-scanner)	2026-10-07T20:46:53.0015394Z                         {
security	Scan backend SBOM (osv-scanner)	2026-10-07T20:46:53.0015701Z                           "last_affected": "1.8.1"
security	Scan backend SBOM (osv-scanner)	2026-10-07T20:46:53.0016020Z                         }
security	Scan backend SBOM (osv-scanner)	2026-10-07T20:46:53.0016266Z                       ],
security	Scan backend SBOM (osv-scanner)	2026-10-07T20:46:53.0016546Z                       "type": "ECOSYSTEM"
security	Scan backend SBOM (osv-scanner)	2026-10-07T20:46:53.0016841Z                     }
security	Scan backend SBOM (osv-scanner)	2026-10-07T20:46:53.0017079Z                   ],
security	Scan backend SBOM (osv-scanner)	2026-10-07T20:46:53.0017344Z                   "versions": [
security	Scan backend SBOM (osv-scanner)	2026-10-07T20:46:53.0017611Z                     "1.4",
security	Scan backend SBOM (osv-scanner)	2026-10-07T20:46:53.0018101Z                     "1.4.0",
security	Scan backend SBOM (osv-scanner)	2026-10-07T20:46:53.0018393Z                     "1.4.1",
security	Scan backend SBOM (osv-scanner)	2026-10-07T20:46:53.0018652Z                     "1.5.0",
security	Scan backend SBOM (osv-scanner)	2026-10-07T20:46:53.0018901Z                     "1.5.1",
security	Scan backend SBOM (osv-scanner)	2026-10-07T20:46:53.0019158Z                     "1.6.0",
security	Scan backend SBOM (osv-scanner)	2026-10-07T20:46:53.0019410Z                     "1.7.0",
security	Scan backend SBOM (osv-scanner)	2026-10-07T20:46:53.0019658Z                     "1.7.1",
security	Scan backend SBOM (osv-scanner)	2026-10-07T20:46:53.0019911Z                     "1.8.0",
security	Scan backend SBOM (osv-scanner)	2026-10-07T20:46:53.0020311Z                     "1.8.1"
security	Scan backend SBOM (osv-scanner)	2026-10-07T20:46:53.0020566Z                   ]
security	Scan backend SBOM (osv-scanner)	2026-10-07T20:46:53.0020796Z                 }
security	Scan backend SBOM (osv-scanner)	2026-10-07T20:46:53.0021021Z               ],
security	Scan backend SBOM (osv-scanner)	2026-10-07T20:46:53.0021254Z               "aliases": [
security	Scan backend SBOM (osv-scanner)	2026-10-07T20:46:53.0021538Z                 "CVE-2026-106450"
security	Scan backend SBOM (osv-scanner)	2026-10-07T20:46:53.0021811Z               ],
security	Scan backend SBOM (osv-scanner)	2026-10-07T20:46:53.0022078Z               "database_specific": {
security	Scan backend SBOM (osv-scanner)	2026-10-07T20:46:53.0022498Z                 "cwe_ids": [
security	Scan backend SBOM (osv-scanner)	2026-10-07T20:46:53.0022765Z                   "CWE-770"
security	Scan backend SBOM (osv-scanner)	2026-10-07T20:46:53.0023017Z                 ],
security	Scan backend SBOM (osv-scanner)	2026-10-07T20:46:53.0023292Z                 "github_reviewed": true,
security	Scan backend SBOM (osv-scanner)	2026-10-07T20:46:53.0023674Z                 "github_reviewed_at": "2026-10-07T20:35:40Z",
security	Scan backend SBOM (osv-scanner)	2026-10-07T20:46:53.0024091Z                 "nvd_published_at": "2026-10-06T20:17:27Z",
security	Scan backend SBOM (osv-scanner)	2026-10-07T20:46:53.0024455Z                 "severity": "MODERATE"
security	Scan backend SBOM (osv-scanner)	2026-10-07T20:46:53.0024747Z               },
security	Scan backend SBOM (osv-scanner)	2026-10-07T20:46:53.0042379Z               "id": "GHSA-gm45-99xc-r7wv",
security	Scan backend SBOM (osv-scanner)	2026-10-07T20:46:53.0042766Z               "modified": "2026-10-07T20:45:05.906321924Z",
security	Scan backend SBOM (osv-scanner)	2026-10-07T20:46:53.0043155Z               "published": "2026-10-07T20:35:40Z",
security	Scan backend SBOM (osv-scanner)	2026-10-07T20:46:53.0043482Z               "references": [
security	Scan backend SBOM (osv-scanner)	2026-10-07T20:46:53.0043753Z                 {
security	Scan backend SBOM (osv-scanner)	2026-10-07T20:46:53.0044021Z                   "type": "WEB",
security	Scan backend SBOM (osv-scanner)	2026-10-07T20:46:53.0044525Z                   "url": "https://github.com/yawkat/lz4-java/security/advisories/GHSA-gm45-99xc-r7wv"
security	Scan backend SBOM (osv-scanner)	2026-10-07T20:46:53.0044989Z                 },
security	Scan backend SBOM (osv-scanner)	2026-10-07T20:46:53.0045221Z                 {
security	Scan backend SBOM (osv-scanner)	2026-10-07T20:46:53.0045482Z                   "type": "ADVISORY",
security	Scan backend SBOM (osv-scanner)	2026-10-07T20:46:53.0045905Z                   "url": "https://nvd.nist.gov/vuln/detail/CVE-2026-106450"
security	Scan backend SBOM (osv-scanner)	2026-10-07T20:46:53.0046425Z                 },
security	Scan backend SBOM (osv-scanner)	2026-10-07T20:46:53.0046653Z                 {
security	Scan backend SBOM (osv-scanner)	2026-10-07T20:46:53.0046906Z                   "type": "WEB",
security	Scan backend SBOM (osv-scanner)	2026-10-07T20:46:53.0047445Z                   "url": "https://github.com/yawkat/lz4-<elided>"
security	Scan backend SBOM (osv-scanner)	2026-10-07T20:46:53.0048059Z                 },
security	Scan backend SBOM (osv-scanner)	2026-10-07T20:46:53.0048292Z                 {
security	Scan backend SBOM (osv-scanner)	2026-10-07T20:46:53.0048553Z                   "type": "PACKAGE",
security	Scan backend SBOM (osv-scanner)	2026-10-07T20:46:53.0049057Z                   "url": "https://github.com/yawkat/lz4-java"
security	Scan backend SBOM (osv-scanner)	2026-10-07T20:46:53.0049395Z                 },
security	Scan backend SBOM (osv-scanner)	2026-10-07T20:46:53.0049622Z                 {
security	Scan backend SBOM (osv-scanner)	2026-10-07T20:46:53.0049873Z                   "type": "WEB",
security	Scan backend SBOM (osv-scanner)	2026-10-07T20:46:53.0050288Z                   "url": "https://github.com/yawkat/lz4-java/releases/tag/v1.11.4"
security	Scan backend SBOM (osv-scanner)	2026-10-07T20:46:53.0050686Z                 }
security	Scan backend SBOM (osv-scanner)	2026-10-07T20:46:53.0050907Z               ],
security	Scan backend SBOM (osv-scanner)	2026-10-07T20:46:53.0051176Z               "schema_version": "1.9.0",
security	Scan backend SBOM (osv-scanner)	2026-10-07T20:46:53.0051473Z               "severity": [
security	Scan backend SBOM (osv-scanner)	2026-10-07T20:46:53.0051744Z                 {
security	Scan backend SBOM (osv-scanner)	2026-10-07T20:46:53.0052090Z                   "score": "CVSS:3.1/AV:N/AC:L/PR:N/UI:N/S:U/C:N/I:N/A:L",
security	Scan backend SBOM (osv-scanner)	2026-10-07T20:46:53.0052481Z                   "type": "CVSS_V3"
security	Scan backend SBOM (osv-scanner)	2026-10-07T20:46:53.0052750Z                 }
security	Scan backend SBOM (osv-scanner)	2026-10-07T20:46:53.0052968Z               ],
security	Scan backend SBOM (osv-scanner)	2026-10-07T20:46:53.0053664Z               "summary": "yawkat LZ4 Java: LZ4FrameInputStream reallocates block buffers for every frame, allowing CPU and GC amplification from small inputs"
security	Scan backend SBOM (osv-scanner)	2026-10-07T20:46:53.0054335Z             },
security	Scan backend SBOM (osv-scanner)	2026-10-07T20:46:53.0054545Z             {
security	Scan backend SBOM (osv-scanner)	2026-10-07T20:46:53.0054773Z               "affected": [
security	Scan backend SBOM (osv-scanner)	2026-10-07T20:46:53.0055026Z                 {
security	Scan backend SBOM (osv-scanner)	2026-10-07T20:46:53.0055288Z                   "database_specific": {
security	Scan backend SBOM (osv-scanner)	2026-10-07T20:46:53.0055683Z                     "last_known_affected_version_range": "\u003c= 1.11.3",
security	Scan backend SBOM (osv-scanner)	2026-10-07T20:46:53.0056549Z                     "source": "https://github.com/github/advisory-<elided>-reviewed/2026/10/GHSA-mcr4-qmvw-px4g/GHSA-mcr4-qmvw-px4g.json"
security	Scan backend SBOM (osv-scanner)	2026-10-07T20:46:53.0057259Z                   },
security	Scan backend SBOM (osv-scanner)	2026-10-07T20:46:53.0057525Z                   "package": {
security	Scan backend SBOM (osv-scanner)	2026-10-07T20:46:53.0057823Z                     "ecosystem": "Maven",
security	Scan backend SBOM (osv-scanner)	2026-10-07T20:46:53.0058297Z                     "name": "at.yawk.lz4:lz4-java",
security	Scan backend SBOM (osv-scanner)	2026-10-07T20:46:53.0058687Z                     "purl": "pkg:maven/at.yawk.lz4/lz4-java"
security	Scan backend SBOM (osv-scanner)	2026-10-07T20:46:53.0059012Z                   },
security	Scan backend SBOM (osv-scanner)	2026-10-07T20:46:53.0059257Z                   "ranges": [
security	Scan backend SBOM (osv-scanner)	2026-10-07T20:46:53.0059511Z                     {
security	Scan backend SBOM (osv-scanner)	2026-10-07T20:46:53.0059774Z                       "events": [
security	Scan backend SBOM (osv-scanner)	2026-10-07T20:46:53.0060050Z                         {
security	Scan backend SBOM (osv-scanner)	2026-10-07T20:46:53.0060335Z                           "introduced": "0"
security	Scan backend SBOM (osv-scanner)	2026-10-07T20:46:53.0060632Z                         },
security	Scan backend SBOM (osv-scanner)	2026-10-07T20:46:53.0060883Z                         {
security	Scan backend SBOM (osv-scanner)	2026-10-07T20:46:53.0061160Z                           "fixed": "1.11.4"
security	Scan backend SBOM (osv-scanner)	2026-10-07T20:46:53.0061446Z                         }
security	Scan backend SBOM (osv-scanner)	2026-10-07T20:46:53.0061696Z                       ],
security	Scan backend SBOM (osv-scanner)	2026-10-07T20:46:53.0061976Z                       "type": "ECOSYSTEM"
security	Scan backend SBOM (osv-scanner)	2026-10-07T20:46:53.0062264Z                     }
security	Scan backend SBOM (osv-scanner)	2026-10-07T20:46:53.0062488Z                   ],
security	Scan backend SBOM (osv-scanner)	2026-10-07T20:46:53.0062745Z                   "versions": [
security	Scan backend SBOM (osv-scanner)	2026-10-07T20:46:53.0063015Z                     "1.10.0",
security	Scan backend SBOM (osv-scanner)	2026-10-07T20:46:53.0063269Z                     "1.10.1",
security	Scan backend SBOM (osv-scanner)	2026-10-07T20:46:53.0063520Z                     "1.10.2",
security	Scan backend SBOM (osv-scanner)	2026-10-07T20:46:53.0063778Z                     "1.10.3",
security	Scan backend SBOM (osv-scanner)	2026-10-07T20:46:53.0064027Z                     "1.10.4",
security	Scan backend SBOM (osv-scanner)	2026-10-07T20:46:53.0064273Z                     "1.11.0",
security	Scan backend SBOM (osv-scanner)	2026-10-07T20:46:53.0064518Z                     "1.11.1",
security	Scan backend SBOM (osv-scanner)	2026-10-07T20:46:53.0064774Z                     "1.11.2",
security	Scan backend SBOM (osv-scanner)	2026-10-07T20:46:53.0065023Z                     "1.11.3",
security	Scan backend SBOM (osv-scanner)	2026-10-07T20:46:53.0065272Z                     "1.8.1",
security	Scan backend SBOM (osv-scanner)	2026-10-07T20:46:53.0065529Z                     "1.9.0"
security	Scan backend SBOM (osv-scanner)	2026-10-07T20:46:53.0065776Z                   ]
security	Scan backend SBOM (osv-scanner)	2026-10-07T20:46:53.0066000Z                 },
security	Scan backend SBOM (osv-scanner)	2026-10-07T20:46:53.0066345Z                 {
security	Scan backend SBOM (osv-scanner)	2026-10-07T20:46:53.0066608Z                   "database_specific": {
security	Scan backend SBOM (osv-scanner)	2026-10-07T20:46:53.0067399Z                     "source": "https://github.com/github/advisory-<elided>-reviewed/2026/10/GHSA-mcr4-qmvw-px4g/GHSA-mcr4-qmvw-px4g.json"
security	Scan backend SBOM (osv-scanner)	2026-10-07T20:46:53.0068219Z                   },
security	Scan backend SBOM (osv-scanner)	2026-10-07T20:46:53.0068476Z                   "package": {
security	Scan backend SBOM (osv-scanner)	2026-10-07T20:46:53.0068776Z                     "ecosystem": "Maven",
security	Scan backend SBOM (osv-scanner)	2026-10-07T20:46:53.0069277Z                     "name": "org.lz4:lz4-java",
security	Scan backend SBOM (osv-scanner)	2026-10-07T20:46:53.0069652Z                     "purl": "pkg:maven/org.lz4/lz4-java"
security	Scan backend SBOM (osv-scanner)	2026-10-07T20:46:53.0069963Z                   },
security	Scan backend SBOM (osv-scanner)	2026-10-07T20:46:53.0070196Z                   "ranges": [
security	Scan backend SBOM (osv-scanner)	2026-10-07T20:46:53.0070450Z                     {
security	Scan backend SBOM (osv-scanner)	2026-10-07T20:46:53.0070710Z                       "events": [
security	Scan backend SBOM (osv-scanner)	2026-10-07T20:46:53.0070976Z                         {
security	Scan backend SBOM (osv-scanner)	2026-10-07T20:46:53.0071270Z                           "introduced": "1.7.0"
security	Scan backend SBOM (osv-scanner)	2026-10-07T20:46:53.0071573Z                         },
security	Scan backend SBOM (osv-scanner)	2026-10-07T20:46:53.0071826Z                         {
security	Scan backend SBOM (osv-scanner)	2026-10-07T20:46:53.0072118Z                           "last_affected": "1.8.1"
security	Scan backend SBOM (osv-scanner)	2026-10-07T20:46:53.0072425Z                         }
security	Scan backend SBOM (osv-scanner)	2026-10-07T20:46:53.0072668Z                       ],
security	Scan backend SBOM (osv-scanner)	2026-10-07T20:46:53.0072948Z                       "type": "ECOSYSTEM"
security	Scan backend SBOM (osv-scanner)	2026-10-07T20:46:53.0073235Z                     }
security	Scan backend SBOM (osv-scanner)	2026-10-07T20:46:53.0073466Z                   ],
security	Scan backend SBOM (osv-scanner)	2026-10-07T20:46:53.0073727Z                   "versions": [
security	Scan backend SBOM (osv-scanner)	2026-10-07T20:46:53.0073996Z                     "1.7.0",
security	Scan backend SBOM (osv-scanner)	2026-10-07T20:46:53.0074246Z                     "1.7.1",
security	Scan backend SBOM (osv-scanner)	2026-10-07T20:46:53.0074497Z                     "1.8.0",
security	Scan backend SBOM (osv-scanner)	2026-10-07T20:46:53.0074750Z                     "1.8.1"
security	Scan backend SBOM (osv-scanner)	2026-10-07T20:46:53.0074992Z                   ]
security	Scan backend SBOM (osv-scanner)	2026-10-07T20:46:53.0075218Z                 }
security	Scan backend SBOM (osv-scanner)	2026-10-07T20:46:53.0075438Z               ],
security	Scan backend SBOM (osv-scanner)	2026-10-07T20:46:53.0075666Z               "aliases": [
security	Scan backend SBOM (osv-scanner)	2026-10-07T20:46:53.0075940Z                 "CVE-2026-106451"
security	Scan backend SBOM (osv-scanner)	2026-10-07T20:46:53.0076203Z               ],
security	Scan backend SBOM (osv-scanner)	2026-10-07T20:46:53.0076466Z               "database_specific": {
security	Scan backend SBOM (osv-scanner)	2026-10-07T20:46:53.0076751Z                 "cwe_ids": [
security	Scan backend SBOM (osv-scanner)	2026-10-07T20:46:53.0077004Z                   "CWE-367",
security	Scan backend SBOM (osv-scanner)	2026-10-07T20:46:53.0077259Z                   "CWE-377"
security	Scan backend SBOM (osv-scanner)	2026-10-07T20:46:53.0077507Z                 ],
security	Scan backend SBOM (osv-scanner)	2026-10-07T20:46:53.0077777Z                 "github_reviewed": true,
security	Scan backend SBOM (osv-scanner)	2026-10-07T20:46:53.0078269Z                 "github_reviewed_at": "2026-10-07T20:35:51Z",
security	Scan backend SBOM (osv-scanner)	2026-10-07T20:46:53.0078677Z                 "nvd_published_at": "2026-10-06T20:17:27Z",
security	Scan backend SBOM (osv-scanner)	2026-10-07T20:46:53.0079028Z                 "severity": "HIGH"
security	Scan backend SBOM (osv-scanner)	2026-10-07T20:46:53.0079299Z               },
security	Scan backend SBOM (osv-scanner)	2026-10-07T20:46:53.0091987Z               "details": "### Summary\n\nWhen no system-installed `liblz4-java` is found, `net.jpountz.util.Native.load()` extracts the bundled native library to `java.io.tmpdir` and loads it with `System.load`. The path of the extracted library can be predicted before it is created, and the library file is opened without exclusive creation. Another local user who can write to the same temporary directory can therefore create the file first and control the code that is loaded.\n\n### Details\n\n```java\ntempLibLock = File.createTempFile(\"liblz4-java-\", \".\" + os().libExtension + \".lck\");\ntempLib = new File(tempLibLock.getAbsolutePath().replaceFirst(\".lck$\", \"\"));\n// copy to tempLib\ntry (FileOutputStream out = new FileOutputStream(tempLib)) { ... }\n...\nSystem.load(tempLib.getAbsolutePath());\n```\n\nOnly the `.lck` file is created safely, with a random name and exclusive creation. The library path is the `.lck` name without the `.lck` suffix, and nothing reserves it. `new FileOutputStream(tempLib)` opens it with `O_CREAT|O_TRUNC` and follows symlinks.\n\nIn a shared, world-writable temporary directory, another user can watch for the `.lck` file and create the corresponding library file before it is opened. If they win that race, they own the file. The victim then writes into the attacker-owned file, and the attacker can overwrite it again before `System.load`.\n\nWhether this can be exploited depends on the host:\n\n- With `fs.protected_regular = 0`, the attacker can pre-create a world-writable file, and their code is then loaded into the victim's JVM.\n- With `fs.protected_regular \u003e= 1` (the default on many systemd-based distributions), the victim's open fails. The library then fails to load and the library falls back to the Java implementations, so the attacker can only cause a denial of service.\n- A symlink variant is blocked by `fs.protected_symlinks = 1`.\n- Temporary directories without the sticky bit, or shared across users in containers, are exploitable whatever these settings are.\n\nThis behaviour was introduced upstream in commit c3ddae5 (lz4-java 1.7.0), which swapped which of the two files is created with `createTempFile`.\n\n### Impact\n\nA local user who can write to the same temporary directory as a victim process that uses the bundled JNI library may be able to execute code as the victim. Exploitation requires a shared temporary directory, host settings that permit it, and winning a race.\n\nThe issue does not apply if `liblz4-java` is found on `java.library.path`, if `java.io.tmpdir` is private to the user (for example systemd `PrivateTmp`, or a per-user temporary directory), or if only the Java implementations are used.\n\n### Patch\n\nFixed in lz4-java 1.11.4. The native library is now extracted directly into a file created by `File.createTempFile`, which has a random name and is created exclusively, so a file or symlink planted in advance cannot be reused. The `.lck` lock files are no longer used. Instead, the startup cleanup removes stale `liblz4-java-*` temporary files (including `.lck` files left by older versions) only once they are more than one hour old.\n\nFor older versions, the workaround is to set `java.io.tmpdir` to a directory writable only by the application user, or install `liblz4-java` on `java.library.path`.",
security	Scan backend SBOM (osv-scanner)	2026-10-07T20:46:53.0103523Z               "id": "GHSA-mcr4-qmvw-px4g",
security	Scan backend SBOM (osv-scanner)	2026-10-07T20:46:53.0103907Z               "modified": "2026-10-07T20:45:06.908713391Z",
security	Scan backend SBOM (osv-scanner)	2026-10-07T20:46:53.0104294Z               "published": "2026-10-07T20:35:51Z",
security	Scan backend SBOM (osv-scanner)	2026-10-07T20:46:53.0104618Z               "references": [
security	Scan backend SBOM (osv-scanner)	2026-10-07T20:46:53.0104883Z                 {
security	Scan backend SBOM (osv-scanner)	2026-10-07T20:46:53.0105137Z                   "type": "WEB",
security	Scan backend SBOM (osv-scanner)	2026-10-07T20:46:53.0105641Z                   "url": "https://github.com/yawkat/lz4-java/security/advisories/GHSA-mcr4-qmvw-px4g"
security	Scan backend SBOM (osv-scanner)	2026-10-07T20:46:53.0106114Z                 },
security	Scan backend SBOM (osv-scanner)	2026-10-07T20:46:53.0106337Z                 {
security	Scan backend SBOM (osv-scanner)	2026-10-07T20:46:53.0106593Z                   "type": "ADVISORY",
security	Scan backend SBOM (osv-scanner)	2026-10-07T20:46:53.0107010Z                   "url": "https://nvd.nist.gov/vuln/detail/CVE-2026-106451"
security	Scan backend SBOM (osv-scanner)	2026-10-07T20:46:53.0107382Z                 },
security	Scan backend SBOM (osv-scanner)	2026-10-07T20:46:53.0107603Z                 {
security	Scan backend SBOM (osv-scanner)	2026-10-07T20:46:53.0107854Z                   "type": "WEB",
security	Scan backend SBOM (osv-scanner)	2026-10-07T20:46:53.0108503Z                   "url": "https://github.com/yawkat/lz4-<elided>"
security	Scan backend SBOM (osv-scanner)	2026-10-07T20:46:53.0108996Z                 },
security	Scan backend SBOM (osv-scanner)	2026-10-07T20:46:53.0109218Z                 {
security	Scan backend SBOM (osv-scanner)	2026-10-07T20:46:53.0109472Z                   "type": "PACKAGE",
security	Scan backend SBOM (osv-scanner)	2026-10-07T20:46:53.0109840Z                   "url": "https://github.com/yawkat/lz4-java"
security	Scan backend SBOM (osv-scanner)	2026-10-07T20:46:53.0110174Z                 },
security	Scan backend SBOM (osv-scanner)	2026-10-07T20:46:53.0110387Z                 {
security	Scan backend SBOM (osv-scanner)	2026-10-07T20:46:53.0110637Z                   "type": "WEB",
security	Scan backend SBOM (osv-scanner)	2026-10-07T20:46:53.0111052Z                   "url": "https://github.com/yawkat/lz4-java/releases/tag/v1.11.4"
security	Scan backend SBOM (osv-scanner)	2026-10-07T20:46:53.0111452Z                 }
security	Scan backend SBOM (osv-scanner)	2026-10-07T20:46:53.0111665Z               ],
security	Scan backend SBOM (osv-scanner)	2026-10-07T20:46:53.0111923Z               "schema_version": "1.9.0",
security	Scan backend SBOM (osv-scanner)	2026-10-07T20:46:53.0112220Z               "severity": [
security	Scan backend SBOM (osv-scanner)	2026-10-07T20:46:53.0112467Z                 {
security	Scan backend SBOM (osv-scanner)	2026-10-07T20:46:53.0112866Z                   "score": "CVSS:4.0/AV:L/AC:H/AT:P/PR:L/UI:N/VC:H/VI:H/VA:H/SC:N/SI:N/SA:N",
security	Scan backend SBOM (osv-scanner)	2026-10-07T20:46:53.0113312Z                   "type": "CVSS_V4"
security	Scan backend SBOM (osv-scanner)	2026-10-07T20:46:53.0113585Z                 }
security	Scan backend SBOM (osv-scanner)	2026-10-07T20:46:53.0113955Z               ],
security	Scan backend SBOM (osv-scanner)	2026-10-07T20:46:53.0114632Z               "summary": "yawkat LZ4 Java: Native library extraction to a shared temporary directory is vulnerable to file replacement by another local user"
security	Scan backend SBOM (osv-scanner)	2026-10-07T20:46:53.0115284Z             }
security	Scan backend SBOM (osv-scanner)	2026-10-07T20:46:53.0115498Z           ]
security	Scan backend SBOM (osv-scanner)	2026-10-07T20:46:53.0115704Z         }
security	Scan backend SBOM (osv-scanner)	2026-10-07T20:46:53.0115903Z       ]
security	Scan backend SBOM (osv-scanner)	2026-10-07T20:46:53.0116102Z     }
security	Scan backend SBOM (osv-scanner)	2026-10-07T20:46:53.0116419Z   ],
security	Scan backend SBOM (osv-scanner)	2026-10-07T20:46:53.0116642Z   "experimental_config": {
security	Scan backend SBOM (osv-scanner)	2026-10-07T20:46:53.0116904Z     "licenses": {
security	Scan backend SBOM (osv-scanner)	2026-10-07T20:46:53.0117141Z       "summary": false,
security	Scan backend SBOM (osv-scanner)	2026-10-07T20:46:53.0117389Z       "allowlist": null
security	Scan backend SBOM (osv-scanner)	2026-10-07T20:46:53.0117619Z     }
security	Scan backend SBOM (osv-scanner)	2026-10-07T20:46:53.0117817Z   }
security	Scan backend SBOM (osv-scanner)	2026-10-07T20:46:53.0118138Z }
security	Enforce backend CVSS >= 7 threshold	﻿2026-10-07T20:46:53.0150117Z ##[group]Run # osv-scanner has no severity-threshold flag (verified against its CLI flags and
security	Enforce backend CVSS >= 7 threshold	2026-10-07T20:46:53.0150831Z ^[[36;1m# osv-scanner has no severity-threshold flag (verified against its CLI flags and^[[0m
security	Enforce backend CVSS >= 7 threshold	2026-10-07T20:46:53.0151434Z ^[[36;1m# docs/output.md); its own findings-present exit code would over-gate on^[[0m
security	Enforce backend CVSS >= 7 threshold	2026-10-07T20:46:53.0152023Z ^[[36;1m# LOW/MODERATE. `max_severity` is osv-scanner's own already CVSS-resolved score,^[[0m
security	Enforce backend CVSS >= 7 threshold	2026-10-07T20:46:53.0152622Z ^[[36;1m# serialized as a JSON *string* (e.g. "7.8", "9", or "" when absent) — coerce to a^[[0m
security	Enforce backend CVSS >= 7 threshold	2026-10-07T20:46:53.0153223Z ^[[36;1m# number before comparing; when absent, fall back to database_specific.severity^[[0m
security	Enforce backend CVSS >= 7 threshold	2026-10-07T20:46:53.0153838Z ^[[36;1m# (looked up per-vulnerability-id, since that field lives on `.vulnerabilities[]`,^[[0m
security	Enforce backend CVSS >= 7 threshold	2026-10-07T20:46:53.0154459Z ^[[36;1m# not on `.groups[]`) in {HIGH, CRITICAL}. [[IgnoredVulns]]-suppressed results are^[[0m
security	Enforce backend CVSS >= 7 threshold	2026-10-07T20:46:53.0155040Z ^[[36;1m# already stripped from this JSON by osv-scanner itself before this filter runs.^[[0m
security	Enforce backend CVSS >= 7 threshold	2026-10-07T20:46:53.0155510Z ^[[36;1mfailures=$(jq '^[[0m
security	Enforce backend CVSS >= 7 threshold	2026-10-07T20:46:53.0155764Z ^[[36;1m  [^[[0m
security	Enforce backend CVSS >= 7 threshold	2026-10-07T20:46:53.0156019Z ^[[36;1m    .results[]? .packages[]? as $pkg |^[[0m
security	Enforce backend CVSS >= 7 threshold	2026-10-07T20:46:53.0156388Z ^[[36;1m    ($pkg.vulnerabilities // []) as $vulns |^[[0m
security	Enforce backend CVSS >= 7 threshold	2026-10-07T20:46:53.0156738Z ^[[36;1m    $pkg.groups[]? |^[[0m
security	Enforce backend CVSS >= 7 threshold	2026-10-07T20:46:53.0157011Z ^[[36;1m    . as $group |^[[0m
security	Enforce backend CVSS >= 7 threshold	2026-10-07T20:46:53.0157262Z ^[[36;1m    (^[[0m
security	Enforce backend CVSS >= 7 threshold	2026-10-07T20:46:53.0157526Z ^[[36;1m      (($group.max_severity // "") as $ms |^[[0m
security	Enforce backend CVSS >= 7 threshold	2026-10-07T20:46:53.0157894Z ^[[36;1m        if $ms == "" then null else ($ms | tonumber) end^[[0m
security	Enforce backend CVSS >= 7 threshold	2026-10-07T20:46:53.0158411Z ^[[36;1m      )^[[0m
security	Enforce backend CVSS >= 7 threshold	2026-10-07T20:46:53.0158635Z ^[[36;1m    ) as $score |^[[0m
security	Enforce backend CVSS >= 7 threshold	2026-10-07T20:46:53.0158882Z ^[[36;1m    (^[[0m
security	Enforce backend CVSS >= 7 threshold	2026-10-07T20:46:53.0159127Z ^[[36;1m      if $score != null then ($score >= 7)^[[0m
security	Enforce backend CVSS >= 7 threshold	2026-10-07T20:46:53.0159435Z ^[[36;1m      else^[[0m
security	Enforce backend CVSS >= 7 threshold	2026-10-07T20:46:53.0159775Z ^[[36;1m        ([$vulns[] | select(.id as $id | $group.ids | index($id) != null)^[[0m
security	Enforce backend CVSS >= 7 threshold	2026-10-07T20:46:53.0160218Z ^[[36;1m          | .database_specific.severity // ""]^[[0m
security	Enforce backend CVSS >= 7 threshold	2026-10-07T20:46:53.0160582Z ^[[36;1m          | any(. == "HIGH" or . == "CRITICAL"))^[[0m
security	Enforce backend CVSS >= 7 threshold	2026-10-07T20:46:53.0160895Z ^[[36;1m      end^[[0m
security	Enforce backend CVSS >= 7 threshold	2026-10-07T20:46:53.0161126Z ^[[36;1m    ) as $fails |^[[0m
security	Enforce backend CVSS >= 7 threshold	2026-10-07T20:46:53.0161384Z ^[[36;1m    select($fails) |^[[0m
security	Enforce backend CVSS >= 7 threshold	2026-10-07T20:46:53.0161771Z ^[[36;1m    {package: $pkg.package.name, ecosystem: $pkg.package.ecosystem,^[[0m
security	Enforce backend CVSS >= 7 threshold	2026-10-07T20:46:53.0162242Z ^[[36;1m     ids: $group.ids, max_severity: $group.max_severity}^[[0m
security	Enforce backend CVSS >= 7 threshold	2026-10-07T20:46:53.0162587Z ^[[36;1m  ]^[[0m
security	Enforce backend CVSS >= 7 threshold	2026-10-07T20:46:53.0162817Z ^[[36;1m' /tmp/osv-scan.json)^[[0m
security	Enforce backend CVSS >= 7 threshold	2026-10-07T20:46:53.0163087Z ^[[36;1mecho "$failures"^[[0m
security	Enforce backend CVSS >= 7 threshold	2026-10-07T20:46:53.0163374Z ^[[36;1mcount=$(echo "$failures" | jq 'length')^[[0m
security	Enforce backend CVSS >= 7 threshold	2026-10-07T20:46:53.0163706Z ^[[36;1mif [ "$count" -gt 0 ]; then^[[0m
security	Enforce backend CVSS >= 7 threshold	2026-10-07T20:46:53.0164235Z ^[[36;1m  echo "Found $count unsuppressed backend advisory group(s) with CVSS >= 7 (or HIGH/CRITICAL severity)" >&2^[[0m
security	Enforce backend CVSS >= 7 threshold	2026-10-07T20:46:53.0164769Z ^[[36;1m  exit 1^[[0m
security	Enforce backend CVSS >= 7 threshold	2026-10-07T20:46:53.0164987Z ^[[36;1mfi^[[0m
security	Enforce backend CVSS >= 7 threshold	2026-10-07T20:46:53.0227231Z shell: /usr/bin/bash -e {0}
security	Enforce backend CVSS >= 7 threshold	2026-10-07T20:46:53.0227510Z env:
security	Enforce backend CVSS >= 7 threshold	2026-10-07T20:46:53.0227834Z   JAVA_HOME: /opt/hostedtoolcache/Java_Temurin-Hotspot_jdk/21.0.12-1/x64
security	Enforce backend CVSS >= 7 threshold	2026-10-07T20:46:53.0228811Z   JAVA_HOME_21_X64: /opt/hostedtoolcache/Java_Temurin-Hotspot_jdk/21.0.12-1/x64
security	Enforce backend CVSS >= 7 threshold	2026-10-07T20:46:53.0229232Z   MAVEN_ARGS: -ntp
security	Enforce backend CVSS >= 7 threshold	2026-10-07T20:46:53.0229463Z ##[endgroup]
security	Enforce backend CVSS >= 7 threshold	2026-10-07T20:46:53.0346171Z [
security	Enforce backend CVSS >= 7 threshold	2026-10-07T20:46:53.0346584Z   {
security	Enforce backend CVSS >= 7 threshold	2026-10-07T20:46:53.0347034Z     "package": "lz4-java",
security	Enforce backend CVSS >= 7 threshold	2026-10-07T20:46:53.0347365Z     "ecosystem": "Maven",
security	Enforce backend CVSS >= 7 threshold	2026-10-07T20:46:53.0347643Z     "ids": [
security	Enforce backend CVSS >= 7 threshold	2026-10-07T20:46:53.0348164Z       "GHSA-mcr4-qmvw-px4g"
security	Enforce backend CVSS >= 7 threshold	2026-10-07T20:46:53.0348466Z     ],
security	Enforce backend CVSS >= 7 threshold	2026-10-07T20:46:53.0348707Z     "max_severity": "7.3"
security	Enforce backend CVSS >= 7 threshold	2026-10-07T20:46:53.0348969Z   }
security	Enforce backend CVSS >= 7 threshold	2026-10-07T20:46:53.0349167Z ]
security	Enforce backend CVSS >= 7 threshold	2026-10-07T20:46:53.0378928Z Found 1 unsuppressed backend advisory group(s) with CVSS >= 7 (or HIGH/CRITICAL severity)
security	Enforce backend CVSS >= 7 threshold	2026-10-07T20:46:53.0389990Z ##[error]Process completed with exit code 1.
security	Frontend audit (root)	﻿2026-10-07T20:46:53.0459064Z ##[group]Run npx audit-ci --config .audit-ci.jsonc
security	Frontend audit (root)	2026-10-07T20:46:53.0459492Z ^[[36;1mnpx audit-ci --config .audit-ci.jsonc^[[0m
security	Frontend audit (root)	2026-10-07T20:46:53.0519657Z shell: /usr/bin/bash -e {0}
security	Frontend audit (root)	2026-10-07T20:46:53.0519928Z env:
security	Frontend audit (root)	2026-10-07T20:46:53.0520264Z   JAVA_HOME: /opt/hostedtoolcache/Java_Temurin-Hotspot_jdk/21.0.12-1/x64
security	Frontend audit (root)	2026-10-07T20:46:53.0520802Z   JAVA_HOME_21_X64: /opt/hostedtoolcache/Java_Temurin-Hotspot_jdk/21.0.12-1/x64
security	Frontend audit (root)	2026-10-07T20:46:53.0521209Z   MAVEN_ARGS: -ntp
security	Frontend audit (root)	2026-10-07T20:46:53.0521444Z ##[endgroup]
security	Frontend audit (root)	2026-10-07T20:46:54.2949191Z ^[[36mNPM audit report results:^[[0m
security	Frontend audit (root)	2026-10-07T20:46:54.2949783Z {
security	Frontend audit (root)	2026-10-07T20:46:54.2950230Z   "advisories": {
security	Frontend audit (root)	2026-10-07T20:46:54.2950658Z     "@jest/console": {
security	Frontend audit (root)	2026-10-07T20:46:54.2951147Z       "name": "@jest/console",
security	Frontend audit (root)	2026-10-07T20:46:54.2951625Z       "severity": "high",
security	Frontend audit (root)	2026-10-07T20:46:54.2952067Z       "isDirect": false,
security	Frontend audit (root)	2026-10-07T20:46:54.2952356Z       "via": [
security	Frontend audit (root)	2026-10-07T20:46:54.2952599Z         "jest-message-util"
security	Frontend audit (root)	2026-10-07T20:46:54.2952856Z       ],
security	Frontend audit (root)	2026-10-07T20:46:54.2953118Z       "effects": [
security	Frontend audit (root)	2026-10-07T20:46:54.2953350Z         "@jest/core",
security	Frontend audit (root)	2026-10-07T20:46:54.2953614Z         "@jest/reporters",
security	Frontend audit (root)	2026-10-07T20:46:54.2953878Z         "@jest/test-result",
security	Frontend audit (root)	2026-10-07T20:46:54.2954148Z         "jest-runner"
security	Frontend audit (root)	2026-10-07T20:46:54.2954377Z       ],
security	Frontend audit (root)	2026-10-07T20:46:54.2954625Z       "range": "25.4.0 - 30.2.0",
security	Frontend audit (root)	2026-10-07T20:46:54.2954895Z       "nodes": [
security	Frontend audit (root)	2026-10-07T20:46:54.2955156Z         "node_modules/@jest/console"
security	Frontend audit (root)	2026-10-07T20:46:54.2955438Z       ],
security	Frontend audit (root)	2026-10-07T20:46:54.2955678Z       "fixAvailable": true
security	Frontend audit (root)	2026-10-07T20:46:54.2955932Z     },
security	Frontend audit (root)	2026-10-07T20:46:54.2956151Z     "@jest/core": {
security	Frontend audit (root)	2026-10-07T20:46:54.2956398Z       "name": "@jest/core",
security	Frontend audit (root)	2026-10-07T20:46:54.2956663Z       "severity": "high",
security	Frontend audit (root)	2026-10-07T20:46:54.2956930Z       "isDirect": false,
security	Frontend audit (root)	2026-10-07T20:46:54.2957176Z       "via": [
security	Frontend audit (root)	2026-10-07T20:46:54.2957406Z         "@jest/console",
security	Frontend audit (root)	2026-10-07T20:46:54.2957660Z         "@jest/reporters",
security	Frontend audit (root)	2026-10-07T20:46:54.2958161Z         "@jest/test-result",
security	Frontend audit (root)	2026-10-07T20:46:54.2958470Z         "@jest/transform",
security	Frontend audit (root)	2026-10-07T20:46:54.2958731Z         "jest-config",
security	Frontend audit (root)	2026-10-07T20:46:54.2958995Z         "jest-haste-map",
security	Frontend audit (root)	2026-10-07T20:46:54.2959262Z         "jest-message-util",
security	Frontend audit (root)	2026-10-07T20:46:54.2959531Z         "jest-resolve",
security	Frontend audit (root)	2026-10-07T20:46:54.2959843Z         "jest-resolve-dependencies",
security	Frontend audit (root)	2026-10-07T20:46:54.2960139Z         "jest-runner",
security	Frontend audit (root)	2026-10-07T20:46:54.2960384Z         "jest-runtime",
security	Frontend audit (root)	2026-10-07T20:46:54.2960633Z         "jest-snapshot",
security	Frontend audit (root)	2026-10-07T20:46:54.2960892Z         "jest-watcher",
security	Frontend audit (root)	2026-10-07T20:46:54.2961126Z         "micromatch"
security	Frontend audit (root)	2026-10-07T20:46:54.2961362Z       ],
security	Frontend audit (root)	2026-10-07T20:46:54.2961576Z       "effects": [
security	Frontend audit (root)	2026-10-07T20:46:54.2961803Z         "jest",
security	Frontend audit (root)	2026-10-07T20:46:54.2962020Z         "jest-cli"
security	Frontend audit (root)	2026-10-07T20:46:54.2962239Z       ],
security	Frontend audit (root)	2026-10-07T20:46:54.2962453Z       "range": "<=30.2.0",
security	Frontend audit (root)	2026-10-07T20:46:54.2962695Z       "nodes": [
security	Frontend audit (root)	2026-10-07T20:46:54.2962956Z         "node_modules/@jest/core"
security	Frontend audit (root)	2026-10-07T20:46:54.2963221Z       ],
security	Frontend audit (root)	2026-10-07T20:46:54.2963444Z       "fixAvailable": true
security	Frontend audit (root)	2026-10-07T20:46:54.2963682Z     },
security	Frontend audit (root)	2026-10-07T20:46:54.2964159Z     "@jest/environment": {
security	Frontend audit (root)	2026-10-07T20:46:54.2964446Z       "name": "@jest/environment",
security	Frontend audit (root)	2026-10-07T20:46:54.2964736Z       "severity": "high",
security	Frontend audit (root)	2026-10-07T20:46:54.2964989Z       "isDirect": false,
security	Frontend audit (root)	2026-10-07T20:46:54.2965232Z       "via": [
security	Frontend audit (root)	2026-10-07T20:46:54.2965472Z         "@jest/fake-timers"
security	Frontend audit (root)	2026-10-07T20:46:54.2965940Z       ],
security	Frontend audit (root)	2026-10-07T20:46:54.2966290Z       "effects": [
security	Frontend audit (root)	2026-10-07T20:46:54.2966647Z         "@jest/globals",
security	Frontend audit (root)	2026-10-07T20:46:54.2966907Z         "jest-circus",
security	Frontend audit (root)	2026-10-07T20:46:54.2967149Z         "jest-runner"
security	Frontend audit (root)	2026-10-07T20:46:54.2967380Z       ],
security	Frontend audit (root)	2026-10-07T20:46:54.2967604Z       "range": "<=30.2.0",
security	Frontend audit (root)	2026-10-07T20:46:54.2967855Z       "nodes": [
security	Frontend audit (root)	2026-10-07T20:46:54.2968419Z         "node_modules/@jest/environment"
security	Frontend audit (root)	2026-10-07T20:46:54.2968763Z       ],
security	Frontend audit (root)	2026-10-07T20:46:54.2969016Z       "fixAvailable": true
security	Frontend audit (root)	2026-10-07T20:46:54.2969285Z     },
security	Frontend audit (root)	2026-10-07T20:46:54.2969805Z     "@jest/expect": {
security	Frontend audit (root)	2026-10-07T20:46:54.2970091Z       "name": "@jest/expect",
security	Frontend audit (root)	2026-10-07T20:46:54.2970403Z       "severity": "high",
security	Frontend audit (root)	2026-10-07T20:46:54.2970677Z       "isDirect": false,
security	Frontend audit (root)	2026-10-07T20:46:54.2970941Z       "via": [
security	Frontend audit (root)	2026-10-07T20:46:54.2971192Z         "expect",
security	Frontend audit (root)	2026-10-07T20:46:54.2971454Z         "jest-snapshot"
security	Frontend audit (root)	2026-10-07T20:46:54.2971706Z       ],
security	Frontend audit (root)	2026-10-07T20:46:54.2971938Z       "effects": [
security	Frontend audit (root)	2026-10-07T20:46:54.2972199Z         "@jest/globals",
security	Frontend audit (root)	2026-10-07T20:46:54.2972468Z         "jest-circus"
security	Frontend audit (root)	2026-10-07T20:46:54.2972711Z       ],
security	Frontend audit (root)	2026-10-07T20:46:54.2972945Z       "range": "<=30.2.0",
security	Frontend audit (root)	2026-10-07T20:46:54.2973213Z       "nodes": [
security	Frontend audit (root)	2026-10-07T20:46:54.2973497Z         "node_modules/@jest/expect"
security	Frontend audit (root)	2026-10-07T20:46:54.2973786Z       ],
security	Frontend audit (root)	2026-10-07T20:46:54.2974025Z       "fixAvailable": true
security	Frontend audit (root)	2026-10-07T20:46:54.2974290Z     },
security	Frontend audit (root)	2026-10-07T20:46:54.2974527Z     "@jest/fake-timers": {
security	Frontend audit (root)	2026-10-07T20:46:54.2974852Z       "name": "@jest/fake-timers",
security	Frontend audit (root)	2026-10-07T20:46:54.2975187Z       "severity": "high",
security	Frontend audit (root)	2026-10-07T20:46:54.2975471Z       "isDirect": false,
security	Frontend audit (root)	2026-10-07T20:46:54.2975727Z       "via": [
security	Frontend audit (root)	2026-10-07T20:46:54.2976006Z         "jest-message-util"
security	Frontend audit (root)	2026-10-07T20:46:54.2976285Z       ],
security	Frontend audit (root)	2026-10-07T20:46:54.2976514Z       "effects": [
security	Frontend audit (root)	2026-10-07T20:46:54.2976786Z         "@jest/environment",
security	Frontend audit (root)	2026-10-07T20:46:54.2977111Z         "jest-environment-node",
security	Frontend audit (root)	2026-10-07T20:46:54.2977416Z         "jest-runtime"
security	Frontend audit (root)	2026-10-07T20:46:54.2977748Z       ],
security	Frontend audit (root)	2026-10-07T20:46:54.2978170Z       "range": "<=30.2.0",
security	Frontend audit (root)	2026-10-07T20:46:54.2978452Z       "nodes": [
security	Frontend audit (root)	2026-10-07T20:46:54.2978744Z         "node_modules/@jest/fake-timers"
security	Frontend audit (root)	2026-10-07T20:46:54.2979044Z       ],
security	Frontend audit (root)	2026-10-07T20:46:54.2979288Z       "fixAvailable": true
security	Frontend audit (root)	2026-10-07T20:46:54.2979562Z     },
security	Frontend audit (root)	2026-10-07T20:46:54.2979797Z     "@jest/globals": {
security	Frontend audit (root)	2026-10-07T20:46:54.2980113Z       "name": "@jest/globals",
security	Frontend audit (root)	2026-10-07T20:46:54.2980424Z       "severity": "high",
security	Frontend audit (root)	2026-10-07T20:46:54.2980686Z       "isDirect": false,
security	Frontend audit (root)	2026-10-07T20:46:54.2981159Z       "via": [
security	Frontend audit (root)	2026-10-07T20:46:54.2981571Z         "@jest/environment",
security	Frontend audit (root)	2026-10-07T20:46:54.2982078Z         "@jest/expect"
security	Frontend audit (root)	2026-10-07T20:46:54.2982497Z       ],
security	Frontend audit (root)	2026-10-07T20:46:54.2982875Z       "effects": [
security	Frontend audit (root)	2026-10-07T20:46:54.2983251Z         "jest-runtime"
security	Frontend audit (root)	2026-10-07T20:46:54.2983684Z       ],
security	Frontend audit (root)	2026-10-07T20:46:54.2984130Z       "range": "<=30.2.0",
security	Frontend audit (root)	2026-10-07T20:46:54.2984667Z       "nodes": [
security	Frontend audit (root)	2026-10-07T20:46:54.2985204Z         "node_modules/@jest/globals"
security	Frontend audit (root)	2026-10-07T20:46:54.2985731Z       ],
security	Frontend audit (root)	2026-10-07T20:46:54.2986151Z       "fixAvailable": true
security	Frontend audit (root)	2026-10-07T20:46:54.2986650Z     },
security	Frontend audit (root)	2026-10-07T20:46:54.2987040Z     "@jest/reporters": {
security	Frontend audit (root)	2026-10-07T20:46:54.2987545Z       "name": "@jest/reporters",
security	Frontend audit (root)	2026-10-07T20:46:54.2989271Z       "severity": "high",
security	Frontend audit (root)	2026-10-07T20:46:54.2989624Z       "isDirect": false,
security	Frontend audit (root)	2026-10-07T20:46:54.2990033Z       "via": [
security	Frontend audit (root)	2026-10-07T20:46:54.2990280Z         "@jest/console",
security	Frontend audit (root)	2026-10-07T20:46:54.2990555Z         "@jest/test-result",
security	Frontend audit (root)	2026-10-07T20:46:54.2990825Z         "@jest/transform",
security	Frontend audit (root)	2026-10-07T20:46:54.2991107Z         "jest-message-util"
security	Frontend audit (root)	2026-10-07T20:46:54.2991364Z       ],
security	Frontend audit (root)	2026-10-07T20:46:54.2991799Z       "effects": [
security	Frontend audit (root)	2026-10-07T20:46:54.2992034Z         "@jest/core"
security	Frontend audit (root)	2026-10-07T20:46:54.2992263Z       ],
security	Frontend audit (root)	2026-10-07T20:46:54.2992482Z       "range": "<=30.2.0",
security	Frontend audit (root)	2026-10-07T20:46:54.2992731Z       "nodes": [
security	Frontend audit (root)	2026-10-07T20:46:54.2993000Z         "node_modules/@jest/reporters"
security	Frontend audit (root)	2026-10-07T20:46:54.2993286Z       ],
security	Frontend audit (root)	2026-10-07T20:46:54.2993508Z       "fixAvailable": true
security	Frontend audit (root)	2026-10-07T20:46:54.2993750Z     },
security	Frontend audit (root)	2026-10-07T20:46:54.2993971Z     "@jest/test-result": {
security	Frontend audit (root)	2026-10-07T20:46:54.2994261Z       "name": "@jest/test-result",
security	Frontend audit (root)	2026-10-07T20:46:54.2994552Z       "severity": "high",
security	Frontend audit (root)	2026-10-07T20:46:54.2994810Z       "isDirect": false,
security	Frontend audit (root)	2026-10-07T20:46:54.2995060Z       "via": [
security	Frontend audit (root)	2026-10-07T20:46:54.2995290Z         "@jest/console"
security	Frontend audit (root)	2026-10-07T20:46:54.2995527Z       ],
security	Frontend audit (root)	2026-10-07T20:46:54.2995809Z       "effects": [
security	Frontend audit (root)	2026-10-07T20:46:54.2996275Z         "@jest/test-sequencer",
security	Frontend audit (root)	2026-10-07T20:46:54.2996947Z         "jest-circus",
security	Frontend audit (root)	2026-10-07T20:46:54.2997364Z         "jest-cli",
security	Frontend audit (root)	2026-10-07T20:46:54.2997770Z         "jest-runtime",
security	Frontend audit (root)	2026-10-07T20:46:54.2998428Z         "jest-watcher"
security	Frontend audit (root)	2026-10-07T20:46:54.2998829Z       ],
security	Frontend audit (root)	2026-10-07T20:46:54.2999234Z       "range": "25.4.0 - 30.2.0",
security	Frontend audit (root)	2026-10-07T20:46:54.2999706Z       "nodes": [
security	Frontend audit (root)	2026-10-07T20:46:54.3000168Z         "node_modules/@jest/test-result"
security	Frontend audit (root)	2026-10-07T20:46:54.3000666Z       ],
security	Frontend audit (root)	2026-10-07T20:46:54.3001041Z       "fixAvailable": true
security	Frontend audit (root)	2026-10-07T20:46:54.3001469Z     },
security	Frontend audit (root)	2026-10-07T20:46:54.3001861Z     "@jest/test-sequencer": {
security	Frontend audit (root)	2026-10-07T20:46:54.3002413Z       "name": "@jest/test-sequencer",
security	Frontend audit (root)	2026-10-07T20:46:54.3002941Z       "severity": "high",
security	Frontend audit (root)	2026-10-07T20:46:54.3003386Z       "isDirect": false,
security	Frontend audit (root)	2026-10-07T20:46:54.3003806Z       "via": [
security	Frontend audit (root)	2026-10-07T20:46:54.3004201Z         "@jest/test-result",
security	Frontend audit (root)	2026-10-07T20:46:54.3004660Z         "jest-haste-map"
security	Frontend audit (root)	2026-10-07T20:46:54.3005082Z       ],
security	Frontend audit (root)	2026-10-07T20:46:54.3005447Z       "effects": [
security	Frontend audit (root)	2026-10-07T20:46:54.3005849Z         "jest-config"
security	Frontend audit (root)	2026-10-07T20:46:54.3006238Z       ],
security	Frontend audit (root)	2026-10-07T20:46:54.3006649Z       "range": "<=30.2.0",
security	Frontend audit (root)	2026-10-07T20:46:54.3007097Z       "nodes": [
security	Frontend audit (root)	2026-10-07T20:46:54.3007580Z         "node_modules/@jest/test-sequencer"
security	Frontend audit (root)	2026-10-07T20:46:54.3008254Z       ],
security	Frontend audit (root)	2026-10-07T20:46:54.3008640Z       "fixAvailable": true
security	Frontend audit (root)	2026-10-07T20:46:54.3009058Z     },
security	Frontend audit (root)	2026-10-07T20:46:54.3009416Z     "@jest/transform": {
security	Frontend audit (root)	2026-10-07T20:46:54.3009885Z       "name": "@jest/transform",
security	Frontend audit (root)	2026-10-07T20:46:54.3010354Z       "severity": "high",
security	Frontend audit (root)	2026-10-07T20:46:54.3010800Z       "isDirect": false,
security	Frontend audit (root)	2026-10-07T20:46:54.3011219Z       "via": [
security	Frontend audit (root)	2026-10-07T20:46:54.3011641Z         "babel-plugin-istanbul",
security	Frontend audit (root)	2026-10-07T20:46:54.3012179Z         "jest-haste-map",
security	Frontend audit (root)	2026-10-07T20:46:54.3012631Z         "micromatch"
security	Frontend audit (root)	2026-10-07T20:46:54.3013020Z       ],
security	Frontend audit (root)	2026-10-07T20:46:54.3013438Z       "effects": [
security	Frontend audit (root)	2026-10-07T20:46:54.3013845Z         "@jest/reporters",
security	Frontend audit (root)	2026-10-07T20:46:54.3014289Z         "babel-jest",
security	Frontend audit (root)	2026-10-07T20:46:54.3014745Z         "jest-runner",
security	Frontend audit (root)	2026-10-07T20:46:54.3015195Z         "jest-runtime",
security	Frontend audit (root)	2026-10-07T20:46:54.3015635Z         "jest-snapshot"
security	Frontend audit (root)	2026-10-07T20:46:54.3016022Z       ],
security	Frontend audit (root)	2026-10-07T20:46:54.3016235Z       "range": "*",
security	Frontend audit (root)	2026-10-07T20:46:54.3016467Z       "nodes": [
security	Frontend audit (root)	2026-10-07T20:46:54.3016739Z         "node_modules/@jest/transform"
security	Frontend audit (root)	2026-10-07T20:46:54.3017057Z       ],
security	Frontend audit (root)	2026-10-07T20:46:54.3017282Z       "fixAvailable": true
security	Frontend audit (root)	2026-10-07T20:46:54.3017531Z     },
security	Frontend audit (root)	2026-10-07T20:46:54.3017745Z     "babel-jest": {
security	Frontend audit (root)	2026-10-07T20:46:54.3018268Z       "name": "babel-jest",
security	Frontend audit (root)	2026-10-07T20:46:54.3018551Z       "severity": "high",
security	Frontend audit (root)	2026-10-07T20:46:54.3018812Z       "isDirect": false,
security	Frontend audit (root)	2026-10-07T20:46:54.3019061Z       "via": [
security	Frontend audit (root)	2026-10-07T20:46:54.3019289Z         "@jest/transform",
security	Frontend audit (root)	2026-10-07T20:46:54.3019579Z         "babel-plugin-istanbul"
security	Frontend audit (root)	2026-10-07T20:46:54.3019842Z       ],
security	Frontend audit (root)	2026-10-07T20:46:54.3020055Z       "effects": [
security	Frontend audit (root)	2026-10-07T20:46:54.3020282Z         "jest-config"
security	Frontend audit (root)	2026-10-07T20:46:54.3020521Z       ],
security	Frontend audit (root)	2026-10-07T20:46:54.3020759Z       "range": ">=24.2.0-alpha.0",
security	Frontend audit (root)	2026-10-07T20:46:54.3021215Z       "nodes": [
security	Frontend audit (root)	2026-10-07T20:46:54.3021477Z         "node_modules/babel-jest"
security	Frontend audit (root)	2026-10-07T20:46:54.3021745Z       ],
security	Frontend audit (root)	2026-10-07T20:46:54.3021961Z       "fixAvailable": true
security	Frontend audit (root)	2026-10-07T20:46:54.3022199Z     },
security	Frontend audit (root)	2026-10-07T20:46:54.3022403Z     "braces": {
security	Frontend audit (root)	2026-10-07T20:46:54.3022632Z       "name": "braces",
security	Frontend audit (root)	2026-10-07T20:46:54.3022886Z       "severity": "high",
security	Frontend audit (root)	2026-10-07T20:46:54.3023132Z       "isDirect": false,
security	Frontend audit (root)	2026-10-07T20:46:54.3023380Z       "via": [
security	Frontend audit (root)	2026-10-07T20:46:54.3023595Z         {
security	Frontend audit (root)	2026-10-07T20:46:54.3023813Z           "source": 1240992,
security	Frontend audit (root)	2026-10-07T20:46:54.3024083Z           "name": "braces",
security	Frontend audit (root)	2026-10-07T20:46:54.3024382Z           "dependency": "braces",
security	Frontend audit (root)	2026-10-07T20:46:54.3024959Z           "title": "braces vulnerable to stack-exhaustion denial of service through deeply nested patterns",
security	Frontend audit (root)	2026-10-07T20:46:54.3025613Z           "url": "https://github.com/advisories/GHSA-vfj7-8cjw-p6xm",
security	Frontend audit (root)	2026-10-07T20:46:54.3026132Z           "severity": "high",
security	Frontend audit (root)	2026-10-07T20:46:54.3026400Z           "cwe": [
security	Frontend audit (root)	2026-10-07T20:46:54.3026643Z             "CWE-674"
security	Frontend audit (root)	2026-10-07T20:46:54.3026884Z           ],
security	Frontend audit (root)	2026-10-07T20:46:54.3027105Z           "cvss": {
security	Frontend audit (root)	2026-10-07T20:46:54.3027347Z             "score": 7.5,
security	Frontend audit (root)	2026-10-07T20:46:54.3027749Z             "vectorString": "CVSS:3.1/AV:N/AC:L/PR:N/UI:N/S:U/C:N/I:N/A:H"
security	Frontend audit (root)	2026-10-07T20:46:54.3028454Z           },
security	Frontend audit (root)	2026-10-07T20:46:54.3028695Z           "range": "<=3.0.3"
security	Frontend audit (root)	2026-10-07T20:46:54.3028956Z         }
security	Frontend audit (root)	2026-10-07T20:46:54.3029163Z       ],
security	Frontend audit (root)	2026-10-07T20:46:54.3029373Z       "effects": [
security	Frontend audit (root)	2026-10-07T20:46:54.3029611Z         "micromatch"
security	Frontend audit (root)	2026-10-07T20:46:54.3029847Z       ],
security	Frontend audit (root)	2026-10-07T20:46:54.3030064Z       "range": "*",
security	Frontend audit (root)	2026-10-07T20:46:54.3030292Z       "nodes": [
security	Frontend audit (root)	2026-10-07T20:46:54.3030538Z         "node_modules/braces"
security	Frontend audit (root)	2026-10-07T20:46:54.3030801Z       ],
security	Frontend audit (root)	2026-10-07T20:46:54.3031018Z       "fixAvailable": true
security	Frontend audit (root)	2026-10-07T20:46:54.3031272Z     },
security	Frontend audit (root)	2026-10-07T20:46:54.3031496Z     "expect": {
security	Frontend audit (root)	2026-10-07T20:46:54.3031727Z       "name": "expect",
security	Frontend audit (root)	2026-10-07T20:46:54.3031982Z       "severity": "high",
security	Frontend audit (root)	2026-10-07T20:46:54.3032240Z       "isDirect": false,
security	Frontend audit (root)	2026-10-07T20:46:54.3032484Z       "via": [
security	Frontend audit (root)	2026-10-07T20:46:54.3032720Z         "jest-message-util"
security	Frontend audit (root)	2026-10-07T20:46:54.3032967Z       ],
security	Frontend audit (root)	2026-10-07T20:46:54.3033179Z       "effects": [
security	Frontend audit (root)	2026-10-07T20:46:54.3033417Z         "@jest/expect",
security	Frontend audit (root)	2026-10-07T20:46:54.3033663Z         "jest-snapshot"
security	Frontend audit (root)	2026-10-07T20:46:54.3033897Z       ],
security	Frontend audit (root)	2026-10-07T20:46:54.3034148Z       "range": "21.0.0-beta.1 - 30.2.0",
security	Frontend audit (root)	2026-10-07T20:46:54.3034440Z       "nodes": [
security	Frontend audit (root)	2026-10-07T20:46:54.3034673Z         "node_modules/expect"
security	Frontend audit (root)	2026-10-07T20:46:54.3034930Z       ],
security	Frontend audit (root)	2026-10-07T20:46:54.3035152Z       "fixAvailable": true
security	Frontend audit (root)	2026-10-07T20:46:54.3035403Z     },
security	Frontend audit (root)	2026-10-07T20:46:54.3035607Z     "jest": {
security	Frontend audit (root)	2026-10-07T20:46:54.3035829Z       "name": "jest",
security	Frontend audit (root)	2026-10-07T20:46:54.3036074Z       "severity": "high",
security	Frontend audit (root)	2026-10-07T20:46:54.3036330Z       "isDirect": true,
security	Frontend audit (root)	2026-10-07T20:46:54.3036567Z       "via": [
security	Frontend audit (root)	2026-10-07T20:46:54.3036794Z         "@jest/core",
security	Frontend audit (root)	2026-10-07T20:46:54.3037040Z         "jest-cli"
security	Frontend audit (root)	2026-10-07T20:46:54.3037265Z       ],
security	Frontend audit (root)	2026-10-07T20:46:54.3037481Z       "effects": [],
security	Frontend audit (root)	2026-10-07T20:46:54.3037764Z       "range": "24.2.0-alpha.0 - 30.2.0",
security	Frontend audit (root)	2026-10-07T20:46:54.3038378Z       "nodes": [
security	Frontend audit (root)	2026-10-07T20:46:54.3038636Z         "node_modules/jest"
security	Frontend audit (root)	2026-10-07T20:46:54.3038893Z       ],
security	Frontend audit (root)	2026-10-07T20:46:54.3039115Z       "fixAvailable": true
security	Frontend audit (root)	2026-10-07T20:46:54.3039372Z     },
security	Frontend audit (root)	2026-10-07T20:46:54.3039584Z     "jest-circus": {
security	Frontend audit (root)	2026-10-07T20:46:54.3039833Z       "name": "jest-circus",
security	Frontend audit (root)	2026-10-07T20:46:54.3040101Z       "severity": "high",
security	Frontend audit (root)	2026-10-07T20:46:54.3040355Z       "isDirect": false,
security	Frontend audit (root)	2026-10-07T20:46:54.3040599Z       "via": [
security	Frontend audit (root)	2026-10-07T20:46:54.3040829Z         "@jest/environment",
security	Frontend audit (root)	2026-10-07T20:46:54.3041095Z         "@jest/expect",
security	Frontend audit (root)	2026-10-07T20:46:54.3041341Z         "@jest/test-result",
security	Frontend audit (root)	2026-10-07T20:46:54.3041608Z         "jest-message-util",
security	Frontend audit (root)	2026-10-07T20:46:54.3041875Z         "jest-runtime",
security	Frontend audit (root)	2026-10-07T20:46:54.3042125Z         "jest-snapshot"
security	Frontend audit (root)	2026-10-07T20:46:54.3042512Z       ],
security	Frontend audit (root)	2026-10-07T20:46:54.3042726Z       "effects": [
security	Frontend audit (root)	2026-10-07T20:46:54.3042963Z         "jest-config"
security	Frontend audit (root)	2026-10-07T20:46:54.3043191Z       ],
security	Frontend audit (root)	2026-10-07T20:46:54.3043437Z       "range": "20.1.0-alpha.1 - 30.2.0",
security	Frontend audit (root)	2026-10-07T20:46:54.3043731Z       "nodes": [
security	Frontend audit (root)	2026-10-07T20:46:54.3043994Z         "node_modules/jest-circus"
security	Frontend audit (root)	2026-10-07T20:46:54.3044267Z       ],
security	Frontend audit (root)	2026-10-07T20:46:54.3044483Z       "fixAvailable": true
security	Frontend audit (root)	2026-10-07T20:46:54.3044732Z     },
security	Frontend audit (root)	2026-10-07T20:46:54.3044943Z     "jest-cli": {
security	Frontend audit (root)	2026-10-07T20:46:54.3045173Z       "name": "jest-cli",
security	Frontend audit (root)	2026-10-07T20:46:54.3045429Z       "severity": "high",
security	Frontend audit (root)	2026-10-07T20:46:54.3045682Z       "isDirect": false,
security	Frontend audit (root)	2026-10-07T20:46:54.3045944Z       "via": [
security	Frontend audit (root)	2026-10-07T20:46:54.3046166Z         "@jest/core",
security	Frontend audit (root)	2026-10-07T20:46:54.3046416Z         "@jest/test-result",
security	Frontend audit (root)	2026-10-07T20:46:54.3046677Z         "jest-config"
security	Frontend audit (root)	2026-10-07T20:46:54.3047037Z       ],
security	Frontend audit (root)	2026-10-07T20:46:54.3047245Z       "effects": [
security	Frontend audit (root)	2026-10-07T20:46:54.3047472Z         "jest"
security	Frontend audit (root)	2026-10-07T20:46:54.3047691Z       ],
security	Frontend audit (root)	2026-10-07T20:46:54.3048328Z       "range": "23.5.0 - 30.2.0",
security	Frontend audit (root)	2026-10-07T20:46:54.3048779Z       "nodes": [
security	Frontend audit (root)	2026-10-07T20:46:54.3049055Z         "node_modules/jest-cli"
security	Frontend audit (root)	2026-10-07T20:46:54.3049322Z       ],
security	Frontend audit (root)	2026-10-07T20:46:54.3049542Z       "fixAvailable": true
security	Frontend audit (root)	2026-10-07T20:46:54.3049797Z     },
security	Frontend audit (root)	2026-10-07T20:46:54.3050013Z     "jest-config": {
security	Frontend audit (root)	2026-10-07T20:46:54.3050267Z       "name": "jest-config",
security	Frontend audit (root)	2026-10-07T20:46:54.3050536Z       "severity": "high",
security	Frontend audit (root)	2026-10-07T20:46:54.3050803Z       "isDirect": false,
security	Frontend audit (root)	2026-10-07T20:46:54.3051052Z       "via": [
security	Frontend audit (root)	2026-10-07T20:46:54.3051307Z         "@jest/test-sequencer",
security	Frontend audit (root)	2026-10-07T20:46:54.3051579Z         "babel-jest",
security	Frontend audit (root)	2026-10-07T20:46:54.3051825Z         "jest-circus",
security	Frontend audit (root)	2026-10-07T20:46:54.3052107Z         "jest-environment-node",
security	Frontend audit (root)	2026-10-07T20:46:54.3052383Z         "jest-resolve",
security	Frontend audit (root)	2026-10-07T20:46:54.3052638Z         "jest-runner",
security	Frontend audit (root)	2026-10-07T20:46:54.3052875Z         "micromatch"
security	Frontend audit (root)	2026-10-07T20:46:54.3053101Z       ],
security	Frontend audit (root)	2026-10-07T20:46:54.3053314Z       "effects": [
security	Frontend audit (root)	2026-10-07T20:46:54.3053548Z         "jest-cli"
security	Frontend audit (root)	2026-10-07T20:46:54.3053765Z       ],
security	Frontend audit (root)	2026-10-07T20:46:54.3054035Z       "range": "18.1.0 - 19.0.4 || 23.5.0 - 30.2.0",
security	Frontend audit (root)	2026-10-07T20:46:54.3054348Z       "nodes": [
security	Frontend audit (root)	2026-10-07T20:46:54.3054613Z         "node_modules/jest-config"
security	Frontend audit (root)	2026-10-07T20:46:54.3054885Z       ],
security	Frontend audit (root)	2026-10-07T20:46:54.3055101Z       "fixAvailable": true
security	Frontend audit (root)	2026-10-07T20:46:54.3055532Z     },
security	Frontend audit (root)	2026-10-07T20:46:54.3055962Z     "jest-environment-node": {
security	Frontend audit (root)	2026-10-07T20:46:54.3056607Z       "name": "jest-environment-node",
security	Frontend audit (root)	2026-10-07T20:46:54.3056981Z       "severity": "high",
security	Frontend audit (root)	2026-10-07T20:46:54.3057256Z       "isDirect": false,
security	Frontend audit (root)	2026-10-07T20:46:54.3057521Z       "via": [
security	Frontend audit (root)	2026-10-07T20:46:54.3057792Z         "@jest/environment",
security	Frontend audit (root)	2026-10-07T20:46:54.3058446Z         "@jest/fake-timers"
security	Frontend audit (root)	2026-10-07T20:46:54.3058952Z       ],
security	Frontend audit (root)	2026-10-07T20:46:54.3059425Z       "effects": [
security	Frontend audit (root)	2026-10-07T20:46:54.3059852Z         "jest-runner"
security	Frontend audit (root)	2026-10-07T20:46:54.3060112Z       ],
security	Frontend audit (root)	2026-10-07T20:46:54.3060393Z       "range": "24.2.0-alpha.0 - 30.2.0",
security	Frontend audit (root)	2026-10-07T20:46:54.3060700Z       "nodes": [
security	Frontend audit (root)	2026-10-07T20:46:54.3060984Z         "node_modules/jest-environment-node"
security	Frontend audit (root)	2026-10-07T20:46:54.3061287Z       ],
security	Frontend audit (root)	2026-10-07T20:46:54.3061512Z       "fixAvailable": true
security	Frontend audit (root)	2026-10-07T20:46:54.3061762Z     },
security	Frontend audit (root)	2026-10-07T20:46:54.3061976Z     "jest-haste-map": {
security	Frontend audit (root)	2026-10-07T20:46:54.3062260Z       "name": "jest-haste-map",
security	Frontend audit (root)	2026-10-07T20:46:54.3062539Z       "severity": "high",
security	Frontend audit (root)	2026-10-07T20:46:54.3062797Z       "isDirect": false,
security	Frontend audit (root)	2026-10-07T20:46:54.3063039Z       "via": [
security	Frontend audit (root)	2026-10-07T20:46:54.3063265Z         "micromatch"
security	Frontend audit (root)	2026-10-07T20:46:54.3063494Z       ],
security	Frontend audit (root)	2026-10-07T20:46:54.3063706Z       "effects": [
security	Frontend audit (root)	2026-10-07T20:46:54.3063962Z         "@jest/test-sequencer",
security	Frontend audit (root)	2026-10-07T20:46:54.3064238Z         "jest-resolve",
security	Frontend audit (root)	2026-10-07T20:46:54.3064488Z         "jest-runtime"
security	Frontend audit (root)	2026-10-07T20:46:54.3064721Z       ],
security	Frontend audit (root)	2026-10-07T20:46:54.3064959Z       "range": "18.1.0 - 30.2.0",
security	Frontend audit (root)	2026-10-07T20:46:54.3065227Z       "nodes": [
security	Frontend audit (root)	2026-10-07T20:46:54.3065683Z         "node_modules/jest-haste-map"
security	Frontend audit (root)	2026-10-07T20:46:54.3065968Z       ],
security	Frontend audit (root)	2026-10-07T20:46:54.3066192Z       "fixAvailable": true
security	Frontend audit (root)	2026-10-07T20:46:54.3066444Z     },
security	Frontend audit (root)	2026-10-07T20:46:54.3066665Z     "jest-message-util": {
security	Frontend audit (root)	2026-10-07T20:46:54.3066959Z       "name": "jest-message-util",
security	Frontend audit (root)	2026-10-07T20:46:54.3067285Z       "severity": "high",
security	Frontend audit (root)	2026-10-07T20:46:54.3067545Z       "isDirect": false,
security	Frontend audit (root)	2026-10-07T20:46:54.3067790Z       "via": [
security	Frontend audit (root)	2026-10-07T20:46:54.3068261Z         "micromatch"
security	Frontend audit (root)	2026-10-07T20:46:54.3068500Z       ],
security	Frontend audit (root)	2026-10-07T20:46:54.3068710Z       "effects": [
security	Frontend audit (root)	2026-10-07T20:46:54.3068939Z         "@jest/console",
security	Frontend audit (root)	2026-10-07T20:46:54.3069197Z         "@jest/fake-timers",
security	Frontend audit (root)	2026-10-07T20:46:54.3069467Z         "@jest/reporters",
security	Frontend audit (root)	2026-10-07T20:46:54.3069716Z         "expect",
security	Frontend audit (root)	2026-10-07T20:46:54.3069941Z         "jest-circus",
security	Frontend audit (root)	2026-10-07T20:46:54.3070328Z         "jest-runner",
security	Frontend audit (root)	2026-10-07T20:46:54.3070567Z         "jest-runtime",
security	Frontend audit (root)	2026-10-07T20:46:54.3070815Z         "jest-snapshot"
security	Frontend audit (root)	2026-10-07T20:46:54.3071047Z       ],
security	Frontend audit (root)	2026-10-07T20:46:54.3071317Z       "range": "18.5.0-alpha.7da3df39 - 30.2.0",
security	Frontend audit (root)	2026-10-07T20:46:54.3071634Z       "nodes": [
security	Frontend audit (root)	2026-10-07T20:46:54.3071908Z         "node_modules/jest-message-util"
security	Frontend audit (root)	2026-10-07T20:46:54.3072193Z       ],
security	Frontend audit (root)	2026-10-07T20:46:54.3072413Z       "fixAvailable": true
security	Frontend audit (root)	2026-10-07T20:46:54.3072662Z     },
security	Frontend audit (root)	2026-10-07T20:46:54.3072870Z     "jest-resolve": {
security	Frontend audit (root)	2026-10-07T20:46:54.3073122Z       "name": "jest-resolve",
security	Frontend audit (root)	2026-10-07T20:46:54.3073396Z       "severity": "high",
security	Frontend audit (root)	2026-10-07T20:46:54.3073652Z       "isDirect": false,
security	Frontend audit (root)	2026-10-07T20:46:54.3073893Z       "via": [
security	Frontend audit (root)	2026-10-07T20:46:54.3074122Z         "jest-haste-map"
security	Frontend audit (root)	2026-10-07T20:46:54.3074360Z       ],
security	Frontend audit (root)	2026-10-07T20:46:54.3074570Z       "effects": [
security	Frontend audit (root)	2026-10-07T20:46:54.3074796Z         "@jest/core",
security	Frontend audit (root)	2026-10-07T20:46:54.3075037Z         "jest-config",
security	Frontend audit (root)	2026-10-07T20:46:54.3075288Z         "jest-runner",
security	Frontend audit (root)	2026-10-07T20:46:54.3075532Z         "jest-runtime"
security	Frontend audit (root)	2026-10-07T20:46:54.3075761Z       ],
security	Frontend audit (root)	2026-10-07T20:46:54.3076113Z       "range": "18.1.0 - 19.0.2 || 24.2.0-alpha.0 - 24.5.0 || 27.1.0 - 30.2.0",
security	Frontend audit (root)	2026-10-07T20:46:54.3076505Z       "nodes": [
security	Frontend audit (root)	2026-10-07T20:46:54.3076767Z         "node_modules/jest-resolve"
security	Frontend audit (root)	2026-10-07T20:46:54.3077046Z       ],
security	Frontend audit (root)	2026-10-07T20:46:54.3077265Z       "fixAvailable": true
security	Frontend audit (root)	2026-10-07T20:46:54.3077512Z     },
security	Frontend audit (root)	2026-10-07T20:46:54.3077760Z     "jest-resolve-dependencies": {
security	Frontend audit (root)	2026-10-07T20:46:54.3078366Z       "name": "jest-resolve-dependencies",
security	Frontend audit (root)	2026-10-07T20:46:54.3078708Z       "severity": "high",
security	Frontend audit (root)	2026-10-07T20:46:54.3078971Z       "isDirect": false,
security	Frontend audit (root)	2026-10-07T20:46:54.3079211Z       "via": [
security	Frontend audit (root)	2026-10-07T20:46:54.3079441Z         "jest-snapshot"
security	Frontend audit (root)	2026-10-07T20:46:54.3079679Z       ],
security	Frontend audit (root)	2026-10-07T20:46:54.3079902Z       "effects": [],
security	Frontend audit (root)	2026-10-07T20:46:54.3080167Z       "range": "23.3.0 - 30.2.0",
security	Frontend audit (root)	2026-10-07T20:46:54.3080435Z       "nodes": [
security	Frontend audit (root)	2026-10-07T20:46:54.3080729Z         "node_modules/jest-resolve-dependencies"
security	Frontend audit (root)	2026-10-07T20:46:54.3081037Z       ],
security	Frontend audit (root)	2026-10-07T20:46:54.3081263Z       "fixAvailable": true
security	Frontend audit (root)	2026-10-07T20:46:54.3081511Z     },
security	Frontend audit (root)	2026-10-07T20:46:54.3081726Z     "jest-runner": {
security	Frontend audit (root)	2026-10-07T20:46:54.3081971Z       "name": "jest-runner",
security	Frontend audit (root)	2026-10-07T20:46:54.3082247Z       "severity": "high",
security	Frontend audit (root)	2026-10-07T20:46:54.3082502Z       "isDirect": false,
security	Frontend audit (root)	2026-10-07T20:46:54.3082743Z       "via": [
security	Frontend audit (root)	2026-10-07T20:46:54.3082966Z         "@jest/console",
security	Frontend audit (root)	2026-10-07T20:46:54.3083222Z         "@jest/environment",
security	Frontend audit (root)	2026-10-07T20:46:54.3083488Z         "@jest/test-result",
security	Frontend audit (root)	2026-10-07T20:46:54.3083749Z         "@jest/transform",
security	Frontend audit (root)	2026-10-07T20:46:54.3084030Z         "jest-environment-node",
security	Frontend audit (root)	2026-10-07T20:46:54.3097249Z         "jest-haste-map",
security	Frontend audit (root)	2026-10-07T20:46:54.3097582Z         "jest-message-util",
security	Frontend audit (root)	2026-10-07T20:46:54.3098154Z         "jest-resolve",
security	Frontend audit (root)	2026-10-07T20:46:54.3098453Z         "jest-runtime",
security	Frontend audit (root)	2026-10-07T20:46:54.3098708Z         "jest-watcher"
security	Frontend audit (root)	2026-10-07T20:46:54.3098974Z       ],
security	Frontend audit (root)	2026-10-07T20:46:54.3099202Z       "effects": [
security	Frontend audit (root)	2026-10-07T20:46:54.3099454Z         "jest-config"
security	Frontend audit (root)	2026-10-07T20:46:54.3099989Z       ],
security	Frontend audit (root)	2026-10-07T20:46:54.3100251Z       "range": "21.0.0-alpha.1 - 30.2.0",
security	Frontend audit (root)	2026-10-07T20:46:54.3100575Z       "nodes": [
security	Frontend audit (root)	2026-10-07T20:46:54.3100863Z         "node_modules/jest-runner"
security	Frontend audit (root)	2026-10-07T20:46:54.3101150Z       ],
security	Frontend audit (root)	2026-10-07T20:46:54.3101382Z       "fixAvailable": true
security	Frontend audit (root)	2026-10-07T20:46:54.3101644Z     },
security	Frontend audit (root)	2026-10-07T20:46:54.3101870Z     "jest-runtime": {
security	Frontend audit (root)	2026-10-07T20:46:54.3102132Z       "name": "jest-runtime",
security	Frontend audit (root)	2026-10-07T20:46:54.3102415Z       "severity": "high",
security	Frontend audit (root)	2026-10-07T20:46:54.3102690Z       "isDirect": false,
security	Frontend audit (root)	2026-10-07T20:46:54.3102951Z       "via": [
security	Frontend audit (root)	2026-10-07T20:46:54.3103195Z         "@jest/environment",
security	Frontend audit (root)	2026-10-07T20:46:54.3103481Z         "@jest/fake-timers",
security	Frontend audit (root)	2026-10-07T20:46:54.3103757Z         "@jest/globals",
security	Frontend audit (root)	2026-10-07T20:46:54.3104019Z         "@jest/test-result",
security	Frontend audit (root)	2026-10-07T20:46:54.3104291Z         "@jest/transform",
security	Frontend audit (root)	2026-10-07T20:46:54.3104707Z         "jest-haste-map",
security	Frontend audit (root)	2026-10-07T20:46:54.3104982Z         "jest-message-util",
security	Frontend audit (root)	2026-10-07T20:46:54.3105266Z         "jest-resolve",
security	Frontend audit (root)	2026-10-07T20:46:54.3105524Z         "jest-snapshot"
security	Frontend audit (root)	2026-10-07T20:46:54.3105769Z       ],
security	Frontend audit (root)	2026-10-07T20:46:54.3105990Z       "effects": [
security	Frontend audit (root)	2026-10-07T20:46:54.3106233Z         "jest-circus",
security	Frontend audit (root)	2026-10-07T20:46:54.3106475Z         "jest-runner"
security	Frontend audit (root)	2026-10-07T20:46:54.3106708Z       ],
security	Frontend audit (root)	2026-10-07T20:46:54.3106949Z       "range": "18.1.0 - 30.2.0",
security	Frontend audit (root)	2026-10-07T20:46:54.3107220Z       "nodes": [
security	Frontend audit (root)	2026-10-07T20:46:54.3107483Z         "node_modules/jest-runtime"
security	Frontend audit (root)	2026-10-07T20:46:54.3107761Z       ],
security	Frontend audit (root)	2026-10-07T20:46:54.3108231Z       "fixAvailable": true
security	Frontend audit (root)	2026-10-07T20:46:54.3108494Z     },
security	Frontend audit (root)	2026-10-07T20:46:54.3108723Z     "jest-snapshot": {
security	Frontend audit (root)	2026-10-07T20:46:54.3109112Z       "name": "jest-snapshot",
security	Frontend audit (root)	2026-10-07T20:46:54.3109418Z       "severity": "high",
security	Frontend audit (root)	2026-10-07T20:46:54.3109673Z       "isDirect": false,
security	Frontend audit (root)	2026-10-07T20:46:54.3109919Z       "via": [
security	Frontend audit (root)	2026-10-07T20:46:54.3110173Z         "@jest/transform",
security	Frontend audit (root)	2026-10-07T20:46:54.3110428Z         "expect",
security	Frontend audit (root)	2026-10-07T20:46:54.3110679Z         "jest-message-util"
security	Frontend audit (root)	2026-10-07T20:46:54.3110932Z       ],
security	Frontend audit (root)	2026-10-07T20:46:54.3111148Z       "effects": [
security	Frontend audit (root)	2026-10-07T20:46:54.3111607Z         "jest-circus",
security	Frontend audit (root)	2026-10-07T20:46:54.3111982Z         "jest-resolve-dependencies",
security	Frontend audit (root)	2026-10-07T20:46:54.3112281Z         "jest-runtime"
security	Frontend audit (root)	2026-10-07T20:46:54.3112706Z       ],
security	Frontend audit (root)	2026-10-07T20:46:54.3113005Z       "range": "23.3.0 - 30.2.0",
security	Frontend audit (root)	2026-10-07T20:46:54.3113312Z       "nodes": [
security	Frontend audit (root)	2026-10-07T20:46:54.3113585Z         "node_modules/jest-snapshot"
security	Frontend audit (root)	2026-10-07T20:46:54.3114027Z       ],
security	Frontend audit (root)	2026-10-07T20:46:54.3114275Z       "fixAvailable": true
security	Frontend audit (root)	2026-10-07T20:46:54.3114521Z     },
security	Frontend audit (root)	2026-10-07T20:46:54.3114738Z     "jest-watcher": {
security	Frontend audit (root)	2026-10-07T20:46:54.3115148Z       "name": "jest-watcher",
security	Frontend audit (root)	2026-10-07T20:46:54.3115469Z       "severity": "high",
security	Frontend audit (root)	2026-10-07T20:46:54.3115728Z       "isDirect": false,
security	Frontend audit (root)	2026-10-07T20:46:54.3115975Z       "via": [
security	Frontend audit (root)	2026-10-07T20:46:54.3116350Z         "@jest/test-result"
security	Frontend audit (root)	2026-10-07T20:46:54.3116614Z       ],
security	Frontend audit (root)	2026-10-07T20:46:54.3116851Z       "effects": [
security	Frontend audit (root)	2026-10-07T20:46:54.3117097Z         "jest-runner"
security	Frontend audit (root)	2026-10-07T20:46:54.3117393Z       ],
security	Frontend audit (root)	2026-10-07T20:46:54.3117692Z       "range": "25.4.0 - 30.2.0",
security	Frontend audit (root)	2026-10-07T20:46:54.3118105Z       "nodes": [
security	Frontend audit (root)	2026-10-07T20:46:54.3118538Z         "node_modules/jest-watcher"
security	Frontend audit (root)	2026-10-07T20:46:54.3119003Z       ],
security	Frontend audit (root)	2026-10-07T20:46:54.3119235Z       "fixAvailable": true
security	Frontend audit (root)	2026-10-07T20:46:54.3119491Z     },
security	Frontend audit (root)	2026-10-07T20:46:54.3119709Z     "micromatch": {
security	Frontend audit (root)	2026-10-07T20:46:54.3120101Z       "name": "micromatch",
security	Frontend audit (root)	2026-10-07T20:46:54.3120378Z       "severity": "high",
security	Frontend audit (root)	2026-10-07T20:46:54.3120688Z       "isDirect": false,
security	Frontend audit (root)	2026-10-07T20:46:54.3121769Z       "via": [
security	Frontend audit (root)	2026-10-07T20:46:54.3122185Z         "braces"
security	Frontend audit (root)	2026-10-07T20:46:54.3122618Z       ],
security	Frontend audit (root)	2026-10-07T20:46:54.3122966Z       "effects": [
security	Frontend audit (root)	2026-10-07T20:46:54.3123370Z         "@jest/core",
security	Frontend audit (root)	2026-10-07T20:46:54.3123806Z         "@jest/transform",
security	Frontend audit (root)	2026-10-07T20:46:54.3124283Z         "jest-config",
security	Frontend audit (root)	2026-10-07T20:46:54.3124762Z         "jest-haste-map",
security	Frontend audit (root)	2026-10-07T20:46:54.3125492Z         "jest-message-util"
security	Frontend audit (root)	2026-10-07T20:46:54.3125966Z       ],
security	Frontend audit (root)	2026-10-07T20:46:54.3126356Z       "range": ">=0.2.0",
security	Frontend audit (root)	2026-10-07T20:46:54.3126766Z       "nodes": [
security	Frontend audit (root)	2026-10-07T20:46:54.3127174Z         "node_modules/micromatch"
security	Frontend audit (root)	2026-10-07T20:46:54.3127453Z       ],
security	Frontend audit (root)	2026-10-07T20:46:54.3127691Z       "fixAvailable": true
security	Frontend audit (root)	2026-10-07T20:46:54.3128242Z     }
security	Frontend audit (root)	2026-10-07T20:46:54.3128461Z   },
security	Frontend audit (root)	2026-10-07T20:46:54.3128677Z   "metadata": {
security	Frontend audit (root)	2026-10-07T20:46:54.3128937Z     "vulnerabilities": {
security	Frontend audit (root)	2026-10-07T20:46:54.3129205Z       "info": 0,
security	Frontend audit (root)	2026-10-07T20:46:54.3129429Z       "low": 0,
security	Frontend audit (root)	2026-10-07T20:46:54.3129664Z       "moderate": 5,
security	Frontend audit (root)	2026-10-07T20:46:54.3129908Z       "high": 27,
security	Frontend audit (root)	2026-10-07T20:46:54.3130144Z       "critical": 0,
security	Frontend audit (root)	2026-10-07T20:46:54.3130374Z       "total": 32
security	Frontend audit (root)	2026-10-07T20:46:54.3130593Z     },
security	Frontend audit (root)	2026-10-07T20:46:54.3130823Z     "dependencies": {
security	Frontend audit (root)	2026-10-07T20:46:54.3131263Z       "prod": 83,
security	Frontend audit (root)	2026-10-07T20:46:54.3131505Z       "dev": 562,
security	Frontend audit (root)	2026-10-07T20:46:54.3131744Z       "optional": 28,
security	Frontend audit (root)	2026-10-07T20:46:54.3131997Z       "peer": 3,
security	Frontend audit (root)	2026-10-07T20:46:54.3132245Z       "peerOptional": 0,
security	Frontend audit (root)	2026-10-07T20:46:54.3132509Z       "total": 647
security	Frontend audit (root)	2026-10-07T20:46:54.3132740Z     }
security	Frontend audit (root)	2026-10-07T20:46:54.3132947Z   }
security	Frontend audit (root)	2026-10-07T20:46:54.3133149Z }
security	Frontend audit (root)	2026-10-07T20:46:54.3133563Z ^[[32mPassed npm security audit.^[[0m
security	Frontend audit (frontend/)	﻿2026-10-07T20:46:54.3166863Z ##[group]Run npx audit-ci --config .audit-ci.jsonc
security	Frontend audit (frontend/)	2026-10-07T20:46:54.3167273Z ^[[36;1mnpx audit-ci --config .audit-ci.jsonc^[[0m
security	Frontend audit (frontend/)	2026-10-07T20:46:54.3230032Z shell: /usr/bin/bash -e {0}
security	Frontend audit (frontend/)	2026-10-07T20:46:54.3230310Z env:
security	Frontend audit (frontend/)	2026-10-07T20:46:54.3230639Z   JAVA_HOME: /opt/hostedtoolcache/Java_Temurin-Hotspot_jdk/21.0.12-1/x64
security	Frontend audit (frontend/)	2026-10-07T20:46:54.3231189Z   JAVA_HOME_21_X64: /opt/hostedtoolcache/Java_Temurin-Hotspot_jdk/21.0.12-1/x64
security	Frontend audit (frontend/)	2026-10-07T20:46:54.3231605Z   MAVEN_ARGS: -ntp
security	Frontend audit (frontend/)	2026-10-07T20:46:54.3231832Z ##[endgroup]
security	Frontend audit (frontend/)	2026-10-07T20:46:55.2613221Z ^[[36mNPM audit report results:^[[0m
security	Frontend audit (frontend/)	2026-10-07T20:46:55.2613836Z {
security	Frontend audit (frontend/)	2026-10-07T20:46:55.2614216Z   "advisories": {},
security	Frontend audit (frontend/)	2026-10-07T20:46:55.2614658Z   "metadata": {
security	Frontend audit (frontend/)	2026-10-07T20:46:55.2615078Z     "vulnerabilities": {
security	Frontend audit (frontend/)	2026-10-07T20:46:55.2615516Z       "info": 0,
security	Frontend audit (frontend/)	2026-10-07T20:46:55.2615891Z       "low": 0,
security	Frontend audit (frontend/)	2026-10-07T20:46:55.2616274Z       "moderate": 0,
security	Frontend audit (frontend/)	2026-10-07T20:46:55.2616675Z       "high": 0,
security	Frontend audit (frontend/)	2026-10-07T20:46:55.2617072Z       "critical": 0,
security	Frontend audit (frontend/)	2026-10-07T20:46:55.2617359Z       "total": 0
security	Frontend audit (frontend/)	2026-10-07T20:46:55.2617585Z     },
security	Frontend audit (frontend/)	2026-10-07T20:46:55.2617815Z     "dependencies": {
security	Frontend audit (frontend/)	2026-10-07T20:46:55.2618450Z       "prod": 166,
security	Frontend audit (frontend/)	2026-10-07T20:46:55.2618693Z       "dev": 841,
security	Frontend audit (frontend/)	2026-10-07T20:46:55.2618932Z       "optional": 106,
security	Frontend audit (frontend/)	2026-10-07T20:46:55.2619377Z       "peer": 0,
security	Frontend audit (frontend/)	2026-10-07T20:46:55.2619808Z       "peerOptional": 0,
security	Frontend audit (frontend/)	2026-10-07T20:46:55.2620252Z       "total": 1006
security	Frontend audit (frontend/)	2026-10-07T20:46:55.2620641Z     }
security	Frontend audit (frontend/)	2026-10-07T20:46:55.2620982Z   }
security	Frontend audit (frontend/)	2026-10-07T20:46:55.2621313Z }
security	Frontend audit (frontend/)	2026-10-07T20:46:55.2621889Z ^[[32mPassed npm security audit.^[[0m
security	helio-mcp audit (helio-mcp/)	﻿2026-10-07T20:46:55.2792194Z ##[group]Run npx audit-ci --config helio-mcp/.audit-ci.jsonc --directory helio-mcp
security	helio-mcp audit (helio-mcp/)	2026-10-07T20:46:55.2792845Z ^[[36;1mnpx audit-ci --config helio-mcp/.audit-ci.jsonc --directory helio-mcp^[[0m
security	helio-mcp audit (helio-mcp/)	2026-10-07T20:46:55.2856387Z shell: /usr/bin/bash -e {0}
security	helio-mcp audit (helio-mcp/)	2026-10-07T20:46:55.2856667Z env:
security	helio-mcp audit (helio-mcp/)	2026-10-07T20:46:55.2857013Z   JAVA_HOME: /opt/hostedtoolcache/Java_Temurin-Hotspot_jdk/21.0.12-1/x64
security	helio-mcp audit (helio-mcp/)	2026-10-07T20:46:55.2857565Z   JAVA_HOME_21_X64: /opt/hostedtoolcache/Java_Temurin-Hotspot_jdk/21.0.12-1/x64
security	helio-mcp audit (helio-mcp/)	2026-10-07T20:46:55.2858350Z   MAVEN_ARGS: -ntp
security	helio-mcp audit (helio-mcp/)	2026-10-07T20:46:55.2858600Z ##[endgroup]
security	helio-mcp audit (helio-mcp/)	2026-10-07T20:46:56.0393672Z ^[[36mNPM audit report results:^[[0m
security	helio-mcp audit (helio-mcp/)	2026-10-07T20:46:56.0394314Z {
security	helio-mcp audit (helio-mcp/)	2026-10-07T20:46:56.0394753Z   "advisories": {},
security	helio-mcp audit (helio-mcp/)	2026-10-07T20:46:56.0395226Z   "metadata": {
security	helio-mcp audit (helio-mcp/)	2026-10-07T20:46:56.0395657Z     "vulnerabilities": {
security	helio-mcp audit (helio-mcp/)	2026-10-07T20:46:56.0396137Z       "info": 0,
security	helio-mcp audit (helio-mcp/)	2026-10-07T20:46:56.0396563Z       "low": 0,
security	helio-mcp audit (helio-mcp/)	2026-10-07T20:46:56.0396981Z       "moderate": 0,
security	helio-mcp audit (helio-mcp/)	2026-10-07T20:46:56.0397434Z       "high": 0,
security	helio-mcp audit (helio-mcp/)	2026-10-07T20:46:56.0400145Z       "critical": 0,
security	helio-mcp audit (helio-mcp/)	2026-10-07T20:46:56.0400706Z       "total": 0
security	helio-mcp audit (helio-mcp/)	2026-10-07T20:46:56.0401496Z     },
security	helio-mcp audit (helio-mcp/)	2026-10-07T20:46:56.0401961Z     "dependencies": {
security	helio-mcp audit (helio-mcp/)	2026-10-07T20:46:56.0402449Z       "prod": 94,
security	helio-mcp audit (helio-mcp/)	2026-10-07T20:46:56.0402837Z       "dev": 32,
security	helio-mcp audit (helio-mcp/)	2026-10-07T20:46:56.0403204Z       "optional": 27,
security	helio-mcp audit (helio-mcp/)	2026-10-07T20:46:56.0403602Z       "peer": 0,
security	helio-mcp audit (helio-mcp/)	2026-10-07T20:46:56.0403983Z       "peerOptional": 0,
security	helio-mcp audit (helio-mcp/)	2026-10-07T20:46:56.0404408Z       "total": 125
security	helio-mcp audit (helio-mcp/)	2026-10-07T20:46:56.0404779Z     }
security	helio-mcp audit (helio-mcp/)	2026-10-07T20:46:56.0405185Z   }
security	helio-mcp audit (helio-mcp/)	2026-10-07T20:46:56.0405519Z }
security	helio-mcp audit (helio-mcp/)	2026-10-07T20:46:56.0406208Z ^[[32mPassed npm security audit.^[[0m
security	Upload sbt hang diagnostics	﻿2026-10-07T20:46:56.0596439Z ##[group]Run actions/upload-artifact@v4
security	Upload sbt hang diagnostics	2026-10-07T20:46:56.0596791Z with:
security	Upload sbt hang diagnostics	2026-10-07T20:46:56.0597025Z   name: sbt-diagnostics-security
security	Upload sbt hang diagnostics	2026-10-07T20:46:56.0597361Z   path: /home/runner/work/_temp/sbt-diagnostics
security	Upload sbt hang diagnostics	2026-10-07T20:46:56.0597703Z   if-no-files-found: ignore
security	Upload sbt hang diagnostics	2026-10-07T20:46:56.0598252Z   retention-days: 14
security	Upload sbt hang diagnostics	2026-10-07T20:46:56.0598507Z   compression-level: 6
security	Upload sbt hang diagnostics	2026-10-07T20:46:56.0598748Z   overwrite: false
security	Upload sbt hang diagnostics	2026-10-07T20:46:56.0598995Z   include-hidden-files: false
security	Upload sbt hang diagnostics	2026-10-07T20:46:56.0599266Z env:
security	Upload sbt hang diagnostics	2026-10-07T20:46:56.0599589Z   JAVA_HOME: /opt/hostedtoolcache/Java_Temurin-Hotspot_jdk/21.0.12-1/x64
security	Upload sbt hang diagnostics	2026-10-07T20:46:56.0600119Z   JAVA_HOME_21_X64: /opt/hostedtoolcache/Java_Temurin-Hotspot_jdk/21.0.12-1/x64
security	Upload sbt hang diagnostics	2026-10-07T20:46:56.0600536Z   MAVEN_ARGS: -ntp
security	Upload sbt hang diagnostics	2026-10-07T20:46:56.0600763Z ##[endgroup]
security	Upload sbt hang diagnostics	2026-10-07T20:46:56.2223604Z (node:3272) [DEP0040] DeprecationWarning: The `punycode` module is deprecated. Please use a userland alternative instead.
security	Upload sbt hang diagnostics	2026-10-07T20:46:56.2224485Z (Use `node --trace-deprecation ...` to show where the warning was created)
security	Upload sbt hang diagnostics	2026-10-07T20:46:56.2275250Z With the provided path, there will be 1 file uploaded
security	Upload sbt hang diagnostics	2026-10-07T20:46:56.2283450Z Artifact name is valid!
security	Upload sbt hang diagnostics	2026-10-07T20:46:56.2289166Z Root directory input is valid!
security	Upload sbt hang diagnostics	2026-10-07T20:46:56.4395976Z Beginning upload of artifact content to blob storage
security	Upload sbt hang diagnostics	2026-10-07T20:46:56.4586389Z (node:3272) [DEP0169] DeprecationWarning: `url.parse()` behavior is not standardized and prone to errors that have security implications. Use the WHATWG URL API instead. CVEs are not issued for `url.parse()` vulnerabilities.
security	Upload sbt hang diagnostics	2026-10-07T20:46:56.4841346Z Uploaded bytes 848
security	Upload sbt hang diagnostics	2026-10-07T20:46:56.5001396Z Finished uploading artifact content to blob storage!
security	Upload sbt hang diagnostics	2026-10-07T20:46:56.5004829Z Finalizing artifact upload
security	Upload sbt hang diagnostics	2026-10-07T20:46:56.7309172Z Artifact sbt-diagnostics-security.zip successfully finalized. Artifact ID 11509659430
security	Upload sbt hang diagnostics	2026-10-07T20:46:56.7311626Z Artifact sbt-diagnostics-security has been successfully uploaded! Final size is 848 bytes. Artifact ID is 11509659430
security	Upload sbt hang diagnostics	2026-10-07T20:46:56.7317242Z Artifact download URL: https://github.<elided>
security	Post Run sbt/setup-sbt@v1	﻿2026-10-07T20:46:56.7678612Z Post job cleanup.
security	Post Run sbt/setup-sbt@v1	2026-10-07T20:46:56.7682667Z ##[start-action display=sbt 2.x disk cache;id=__fce8162d-ddb5-4953-a077-3e8265d02b83.disk-cache]
security	Post Run sbt/setup-sbt@v1	2026-10-07T20:46:56.7684932Z ##[end-action id=__fce8162d-ddb5-4953-a077-3e8265d02b83.disk-cache;outcome=skipped;conclusion=skipped;duration_ms=0]
security	Post Run sbt/setup-sbt@v1	2026-10-07T20:46:56.7686965Z ##[start-action display=Cache sbt distribution;id=__fce8162d-ddb5-4953-a077-3e8265d02b83.cache-dir]
security	Post Run sbt/setup-sbt@v1	2026-10-07T20:46:56.7689291Z ##[end-action id=__fce8162d-ddb5-4953-a077-3e8265d02b83.cache-dir;outcome=skipped;conclusion=skipped;duration_ms=0]
security	Post Run actions/setup-java@v6	﻿2026-10-07T20:46:56.7771366Z Post job cleanup.
security	Post Run actions/checkout@v7	﻿2026-10-07T20:46:56.8598950Z Post job cleanup.
security	Post Run actions/checkout@v7	2026-10-07T20:46:56.9473834Z [command]/usr/bin/git version
security	Post Run actions/checkout@v7	2026-10-07T20:46:56.9519529Z git version 2.55.0
security	Post Run actions/checkout@v7	2026-10-07T20:46:56.9556012Z Temporarily overriding HOME='/home/runner/work/_temp/6d4cd5f6-3ad2-46d4-992b-4ac1b94d6e2c' before making global git config changes
security	Post Run actions/checkout@v7	2026-10-07T20:46:56.9557685Z Adding repository directory to the temporary git global config as a safe directory
security	Post Run actions/checkout@v7	2026-10-07T20:46:56.9562272Z [command]/usr/bin/git config --global --add safe.directory /home/runner/work/helio/helio
security	Post Run actions/checkout@v7	2026-10-07T20:46:56.9595371Z Removing SSH command configuration
security	Post Run actions/checkout@v7	2026-10-07T20:46:56.9602317Z [command]/usr/bin/git config --local --name-only --get-regexp core\.sshCommand
security	Post Run actions/checkout@v7	2026-10-07T20:46:56.9641457Z [command]/usr/bin/git submodule foreach --recursive sh -c "git config --local --name-only --get-regexp 'core\.sshCommand' && git config --local --unset-all 'core.sshCommand' || :"
security	Post Run actions/checkout@v7	2026-10-07T20:46:56.9929748Z Removing HTTP extra header
security	Post Run actions/checkout@v7	2026-10-07T20:46:56.9931425Z [command]/usr/bin/git config --local --name-only --get-regexp http\.https\:\/\/github\.com\/\.extraheader
security	Post Run actions/checkout@v7	2026-10-07T20:46:56.9968189Z [command]/usr/bin/git submodule foreach --recursive sh -c "git config --local --name-only --get-regexp 'http\.https\:\/\/github\.com\/\.extraheader' && git config --local --unset-all 'http.https://github.com/.extraheader' || :"
security	Post Run actions/checkout@v7	2026-10-07T20:46:57.0235839Z Removing includeIf entries pointing to credentials config files
security	Post Run actions/checkout@v7	2026-10-07T20:46:57.0249149Z [command]/usr/bin/git config --local --name-only --get-regexp ^includeIf\.gitdir:
security	Post Run actions/checkout@v7	2026-10-07T20:46:57.0288597Z includeif.gitdir:/home/runner/work/helio/helio/.git.path
security	Post Run actions/checkout@v7	2026-10-07T20:46:57.0289308Z includeif.gitdir:/home/runner/work/helio/helio/.git/worktrees/*.path
security	Post Run actions/checkout@v7	2026-10-07T20:46:57.0289843Z includeif.gitdir:/github/workspace/.git.path
security	Post Run actions/checkout@v7	2026-10-07T20:46:57.0290336Z includeif.gitdir:/github/workspace/.git/worktrees/*.path
security	Post Run actions/checkout@v7	2026-10-07T20:46:57.0299330Z [command]/usr/bin/git config --local --get-all includeif.gitdir:/home/runner/work/helio/helio/.git.path
security	Post Run actions/checkout@v7	2026-10-07T20:46:57.0323113Z /home/runner/work/_temp/git-credentials-d9d45ba6-d9cf-4937-a94a-9e9448a31c1a.config
security	Post Run actions/checkout@v7	2026-10-07T20:46:57.0334108Z [command]/usr/bin/git config --local --unset includeif.gitdir:/home/runner/work/helio/helio/.git.path \/home\/runner\/work\/_temp\/git\-credentials\-d9d45ba6\-d9cf\-4937\-a94a\-9e9448a31c1a\.config
security	Post Run actions/checkout@v7	2026-10-07T20:46:57.0378146Z [command]/usr/bin/git config --local --get-all includeif.gitdir:/home/runner/work/helio/helio/.git/worktrees/*.path
security	Post Run actions/checkout@v7	2026-10-07T20:46:57.0413429Z /home/runner/work/_temp/git-credentials-d9d45ba6-d9cf-4937-a94a-9e9448a31c1a.config
security	Post Run actions/checkout@v7	2026-10-07T20:46:57.0423924Z [command]/usr/bin/git config --local --unset includeif.gitdir:/home/runner/work/helio/helio/.git/worktrees/*.path \/home\/runner\/work\/_temp\/git\-credentials\-d9d45ba6\-d9cf\-4937\-a94a\-9e9448a31c1a\.config
security	Post Run actions/checkout@v7	2026-10-07T20:46:57.0467198Z [command]/usr/bin/git config --local --get-all includeif.gitdir:/github/workspace/.git.path
security	Post Run actions/checkout@v7	2026-10-07T20:46:57.0495248Z /github/runner_temp/git-credentials-d9d45ba6-d9cf-4937-a94a-9e9448a31c1a.config
security	Post Run actions/checkout@v7	2026-10-07T20:46:57.0502653Z [command]/usr/bin/git config --local --unset includeif.gitdir:/github/workspace/.git.path \/github\/runner_temp\/git\-credentials\-d9d45ba6\-d9cf\-4937\-a94a\-9e9448a31c1a\.config
security	Post Run actions/checkout@v7	2026-10-07T20:46:57.0540715Z [command]/usr/bin/git config --local --get-all includeif.gitdir:/github/workspace/.git/worktrees/*.path
security	Post Run actions/checkout@v7	2026-10-07T20:46:57.0571818Z /github/runner_temp/git-credentials-d9d45ba6-d9cf-4937-a94a-9e9448a31c1a.config
security	Post Run actions/checkout@v7	2026-10-07T20:46:57.0581000Z [command]/usr/bin/git config --local --unset includeif.gitdir:/github/workspace/.git/worktrees/*.path \/github\/runner_temp\/git\-credentials\-d9d45ba6\-d9cf\-4937\-a94a\-9e9448a31c1a\.config
security	Post Run actions/checkout@v7	2026-10-07T20:46:57.0620984Z [command]/usr/bin/git submodule foreach --recursive git config --local --show-origin --name-only --get-regexp remote.origin.url
security	Post Run actions/checkout@v7	2026-10-07T20:46:57.0889873Z Removing credentials config '/home/runner/work/_temp/git-credentials-d9d45ba6-d9cf-4937-a94a-9e9448a31c1a.config'
security	Complete job	﻿2026-10-07T20:46:57.1060030Z Cleaning up orphan processes
security	Complete job	2026-10-07T20:46:57.1406549Z ##[warning]Node.js 20 is deprecated. The following actions target Node.js 20 but are being forced to run on Node.js 24: actions/upload-artifact@v4. For more information see: https://github.blog/changelog/2025-09-19-deprecation-of-node-20-on-github-actions-runners/
